Timestamp,PM2.5 (µg/m³),PM10 (µg/m³),NO (µg/m³),NO2 (µg/m³),NOx (ppb),NH3 (µg/m³),SO2 (µg/m³),CO (mg/m³),Ozone (µg/m³),Benzene (µg/m³),Toluene (µg/m³),Xylene (µg/m³),O Xylene (µg/m³),Eth-Benzene (µg/m³),MP-Xylene (µg/m³),AT (°C),RH (%),WS (m/s),WD (deg),RF (mm),TOT-RF (mm),SR (W/mt2),BP (mmHg),VWS (m/s)
2023-01-01 00:00:00,97.44,235.17749999999998,7.0275,10.77,17.795,10.567499999999999,16.235,0.96,41.042500000000004,0.5725,,,,0.1925,0.225,12.6525,98.005,0.435,233.715,0.0,0.0,,750.0,
2023-01-01 01:00:00,92.47,221.41,6.5975,10.1125,16.7075,10.5475,16.14,0.9175,36.7325,0.55,,,,0.1825,0.2225,12.81,98.34,0.3575,219.1625,0.0,0.0,,750.0,
2023-01-01 02:00:00,87.99,233.535,6.425,9.8525,16.2775,10.3675,16.3975,0.8374999999999999,38.1875,0.4975,,,,0.1675,0.2025,12.7775,98.01,0.33499999999999996,227.55,0.0,0.0,,750.0,
2023-01-01 03:00:00,78.78,206.4175,6.2925,9.645,15.94,10.2575,16.677500000000002,0.8,35.8975,0.48,,,,0.1575,0.195,12.725000000000001,98.745,0.3775,226.825,0.0,0.0,,750.0,
2023-01-01 04:00:00,78.08,202.9725,5.62,8.615,14.235,9.8825,16.0775,0.725,40.94,0.4375,,,,0.14500000000000002,0.175,12.71,99.185,0.52,251.72500000000002,0.0,0.0,,750.0,
2023-01-01 05:00:00,64.75,177.1675,5.35,8.2,13.5475,9.5625,16.17,0.6825,37.8975,0.41,,,,0.1375,0.1675,12.745,98.77,0.29500000000000004,200.555,0.0,0.0,,750.0,
2023-01-01 06:00:00,71.26,187.66000000000003,5.0475,7.745,12.795,9.55,16.557499999999997,0.6625000000000001,34.82,0.4,,,,0.1325,0.16,12.77,97.9425,0.1975,146.5975,0.0,0.0,,750.0,
2023-01-01 07:00:00,66.25,175.8975,5.0475,7.74,12.7875,9.395,16.125,0.645,37.35,0.3825,,,,0.13,0.1525,12.6375,97.375,0.28,181.955,0.0,0.0,1.2149999999999999,750.0,
2023-01-01 08:00:00,65.73,173.67749999999998,5.6825,8.7075,14.3875,9.622499999999999,16.49,0.65,35.53,0.39,,,,0.13,0.16,12.9375,96.4625,0.245,191.2875,0.0,0.0,7.5125,750.0,
2023-01-01 09:00:00,67.79,177.9425,6.57,10.072500000000002,16.6425,9.8975,16.557499999999997,0.6775,33.68,0.41,,,,0.1375,0.1625,13.895,92.39,0.2225,195.57,0.0,0.0,25.65,750.0,
2023-01-01 10:00:00,73.04,187.2125,8.555,13.115,21.6725,10.4,16.802500000000002,0.7525,36.7675,0.45,,,,0.15,0.18,14.6275,87.80000000000001,0.425,202.3125,0.0,0.0,46.9775,750.0,
2023-01-01 11:00:00,88.38,203.055,11.2875,17.302500000000002,28.59,11.3425,16.8875,0.805,36.754999999999995,0.4825,,,,0.16,0.195,15.805,83.7,0.41500000000000004,216.56,0.0,0.0,78.9825,750.0,
2023-01-01 12:00:00,86.38,219.83999999999997,13.395,20.5325,33.927499999999995,12.4,16.9625,0.885,53.010000000000005,0.5275000000000001,,,,0.175,0.2125,17.490000000000002,77.045,0.39,157.49,0.0,0.0,156.6875,750.0,
2023-01-01 13:00:00,91.52,223.97,14.004999999999999,21.4675,35.475,12.4,17.195,0.9275,67.5575,0.5525,,,,0.1825,0.22,18.935,71.9325,0.5325,208.81,0.0,0.0,150.5475,750.0,
2023-01-01 14:00:00,90.34,253.85750000000002,12.5125,19.1825,31.69,12.125,18.4,0.8775,72.1775,0.525,,,,0.17250000000000001,0.21,18.7825,72.6625,0.4675,206.4425,0.0,0.0,94.06,750.0,
2023-01-01 15:00:00,86.77,241.6725,10.8775,16.674999999999997,27.55,11.32,18.9525,0.81,67.58500000000001,0.485,,,,0.1625,0.195,17.54,77.4375,0.395,230.8,0.0,0.0,50.25,750.0,
2023-01-01 16:00:00,72.66,215.1575,8.4625,12.9725,21.435000000000002,10.350000000000001,19.0,0.765,44.655,0.455,,,,0.15,0.1825,15.809999999999999,86.16,0.1175,135.5075,0.0,0.0,17.7575,750.0,
2023-01-01 17:00:00,74.16,213.5025,7.015000000000001,10.8125,17.8675,9.6025,18.795,0.74,18.6325,0.45,,,,0.15,0.1775,13.2075,94.695,0.07500000000000001,101.5375,0.0,0.0,0.78,750.0,
2023-01-01 18:00:00,65.87,168.165,5.9975000000000005,9.192499999999999,15.185,8.935,18.485,0.805,2.9575,0.48,,,,0.16,0.1925,11.7275,98.1575,0.1575,216.4925,0.0,0.0,,750.0,
2023-01-01 19:00:00,56.91,160.3275,6.235,9.555,15.7925,8.95,17.5125,0.8225,7.7875,0.4925,,,,0.1625,0.195,11.9825,99.7375,0.2425,236.46,0.0,0.0,,750.0,
2023-01-01 20:00:00,57.36,162.91,6.195,9.495000000000001,15.690000000000001,8.825,16.9625,0.675,26.835,0.405,,,,0.135,0.1625,12.879999999999999,98.8025,0.275,185.69750000000002,0.0,0.0,,750.0,
2023-01-01 21:00:00,44.06,141.215,5.6875,8.717500000000001,14.3975,8.7425,17.29,0.63,24.74,0.38,,,,0.125,0.1525,12.8875,95.91,0.18,151.7425,0.0,0.0,,750.0,
2023-01-01 22:00:00,54.04,141.055,5.7275,8.780000000000001,14.505,8.67,17.1025,0.58,27.7525,0.3525,,,,0.1175,0.14,12.3875,94.3925,0.265,210.0575,0.0,0.0,,750.0,
2023-01-01 23:00:00,50.64,120.6125,6.2825,9.629999999999999,15.91,8.735,16.64,0.565,22.5425,0.3425,,,,0.11499999999999999,0.1375,11.8025,95.115,0.28,200.9625,0.0,0.0,,750.0,
2023-01-02 00:00:00,50.71,127.53750000000001,6.705,10.2725,16.9725,8.8725,16.6375,0.585,21.509999999999998,0.35,,,,0.12,0.14,11.535,94.5575,0.33999999999999997,202.81,0.0,0.0,,750.0,
2023-01-02 01:00:00,54.04,138.8775,6.35,9.73,16.080000000000002,8.9175,16.3525,0.5725,20.94,0.345,,,,0.11499999999999999,0.14,11.3325,94.5375,0.23,148.04749999999999,0.0,0.0,,750.0,
2023-01-02 02:00:00,53.66,128.1775,6.3275,9.7025,16.03,8.83,16.27,0.545,21.4825,0.325,,,,0.1075,0.13,10.940000000000001,94.5775,0.22749999999999998,167.38,0.0,0.0,,750.0,
2023-01-02 03:00:00,51.69,127.155,7.012499999999999,10.7425,17.755,8.959999999999999,16.18,0.5375000000000001,20.6925,0.32,,,,0.1075,0.13,10.7275,94.1825,0.295,202.215,0.0,0.0,,750.0,
2023-01-02 04:00:00,52.26,120.1275,6.4275,9.8525,16.28,8.942499999999999,15.8675,0.53,21.895,0.32,,,,0.10250000000000001,0.13,10.59,93.7475,0.2025,182.725,0.0,0.0,,750.0,
2023-01-02 05:00:00,50.54,116.465,5.74,8.7975,14.535,8.5875,15.93,0.51,22.265,0.3075,,,,0.1,0.12,10.3075,93.7825,0.1525,141.6325,0.0,0.0,,750.0,
2023-01-02 06:00:00,47.63,113.51249999999999,5.2025,7.9775,13.185,8.4825,15.97,0.5025,19.665,0.305,,,,0.1,0.12,10.1375,95.035,0.195,183.8825,0.0,0.0,,750.0,
2023-01-02 07:00:00,45.85,107.45,5.7775,8.8525,14.629999999999999,8.575,15.645,0.5025,23.6475,0.3025,,,,0.1,0.12,10.355,94.19500000000001,0.2825,235.135,0.0,0.0,4.5725,750.0,
2023-01-02 08:00:00,49.055,115.5175,7.1675,10.985,18.1575,8.99,15.5475,0.5375000000000001,23.91,0.3225,,,,0.1075,0.1275,10.940000000000001,90.725,0.42,246.8425,0.0,0.0,21.259999999999998,750.0,
2023-01-02 09:00:00,54.88,133.95,8.8325,13.54,22.3725,9.655000000000001,15.3775,0.5775,23.2325,0.345,,,,0.1175,0.1375,11.71,86.83500000000001,0.4075,194.25,0.0,0.0,47.535,750.0,
2023-01-02 10:00:00,60.44,149.16,9.135,14.004999999999999,23.14,11.9625,12.515,0.595,28.5475,0.3575,,,,0.12,0.14250000000000002,12.817499999999999,82.0425,0.47250000000000003,222.07750000000001,0.0,0.0,92.1675,750.0,
2023-01-02 11:00:00,62.33,165.13,7.0975,10.88,17.9725,11.77,7.467499999999999,0.58,37.055,0.3475,,,,0.1175,0.1375,14.629999999999999,74.875,0.585,198.8225,0.0,0.0,177.63,750.0,
2023-01-02 12:00:00,61.53,137.8425,6.375,9.7675,16.14,11.754999999999999,6.375,0.5425,48.777499999999996,0.3225,,,,0.11,0.13,16.22,68.8325,0.6725,212.7575,0.0,0.0,250.695,750.0,
2023-01-02 13:00:00,54.88,132.2725,6.9425,10.645,17.59,12.275,6.4625,0.5625,69.045,0.3425,,,,0.1125,0.1375,16.91,66.29249999999999,0.5449999999999999,193.325,0.0,0.0,188.11,750.0,
2023-01-02 14:00:00,57.75,137.365,8.755,13.4225,22.177500000000002,13.5425,6.98,0.62,74.985,0.37,,,,0.1225,0.1475,16.6025,68.10249999999999,0.5675,244.375,0.0,0.0,93.8125,750.0,
2023-01-02 15:00:00,68.25,170.46,7.2475000000000005,11.11,18.3575,12.7375,6.9275,0.5575,78.6625,0.33,,,,0.1125,0.1325,15.285,72.4075,0.365,203.85750000000002,0.0,0.0,41.1275,750.0,
2023-01-02 16:00:00,59.29,174.1825,5.805,8.9,14.7025,11.955,6.675,0.5425,52.1625,0.3275,,,,0.10500000000000001,0.1325,13.692499999999999,83.0675,0.1625,162.8275,0.0,0.0,16.2475,750.0,
2023-01-02 17:00:00,61.11,168.28750000000002,7.2875,11.175,18.4625,12.355,6.045,0.63,30.6325,0.3825,,,,0.125,0.1525,10.9825,92.985,0.17,190.95999999999998,0.0,0.0,1.005,750.0,
2023-01-02 18:00:00,70.38,196.1125,9.1575,14.035,23.192500000000003,11.8475,7.09,0.7625,13.3975,0.4575,,,,0.1525,0.185,9.23,97.6425,0.135,182.565,0.0,0.0,,750.0,
2023-01-02 19:00:00,66.53,202.2775,8.3975,12.875,21.2725,10.9225,7.949999999999999,0.8474999999999999,2.6,0.5075000000000001,,,,0.1675,0.2025,8.307500000000001,99.1275,0.1625,202.015,0.0,0.0,,750.0,
2023-01-02 20:00:00,66.33,186.9625,7.7275,11.85,19.58,10.0175,8.835,0.935,,0.5575,,,,0.1875,0.225,7.585,99.9225,0.135,190.325,0.0,0.0,,750.0,
2023-01-02 21:00:00,66.08,185.89499999999998,5.4625,8.3725,13.8325,9.0425,9.875,0.9575,,0.575,,,,0.1925,0.23,6.9925,100.0,0.0975,141.625,0.0,0.0,,750.0,
2023-01-02 22:00:00,59.43,162.78,6.3475,9.73,16.08,8.97,10.09,1.0075,,0.605,,,,0.2,0.245,6.5825,100.0,0.105,162.5925,0.0,0.0,,750.0,
2023-01-02 23:00:00,67.27,172.79,6.5225,9.9925,16.515,9.0875,9.99,0.975,,0.5825,,,,0.195,0.23249999999999998,6.2675,100.0,0.17250000000000001,235.1075,0.0,0.0,,750.0,
2023-01-03 00:00:00,63.7,170.505,4.955,7.595000000000001,12.5525,8.807500000000001,10.2675,0.8525,,0.51,,,,0.17,0.20500000000000002,5.9625,100.0,0.14,219.7625,0.0,0.0,,750.0,
2023-01-03 01:00:00,57.51,161.5025,4.27,6.55,10.8175,8.5375,10.3625,0.8175,,0.49,,,,0.1625,0.1975,5.8575,100.0,0.17,220.29500000000002,0.0,0.0,,750.0,
2023-01-03 02:00:00,51.62,152.4425,5.2425,8.035,13.280000000000001,8.72,10.879999999999999,0.955,,0.57,,,,0.1925,0.22999999999999998,5.6225000000000005,100.0,0.1775,232.1625,0.0,0.0,,750.0,
2023-01-03 03:00:00,58.24,162.5925,3.6425,5.585,9.2325,8.205,11.004999999999999,0.965,,0.5775,,,,0.1925,0.2325,5.715,100.0,0.165,212.8475,0.0,0.0,,750.0,
2023-01-03 04:00:00,50.78,136.32,2.1374999999999997,3.2725,5.405,7.5625,10.905,0.98,,0.5874999999999999,,,,0.1975,0.2325,6.2175,100.0,0.135,207.98000000000002,0.0,0.0,,750.0,
2023-01-03 05:00:00,47.46,140.08249999999998,3.7125,5.6899999999999995,9.3975,7.762499999999999,11.255,0.9299999999999999,,0.5549999999999999,,,,0.185,0.2225,7.6675,100.0,0.1275,169.6325,0.0,0.0,,750.0,
2023-01-03 06:00:00,42.52,127.9025,8.03,12.3075,20.3375,9.129999999999999,11.635,0.6825,1.05,0.41,,,,0.1375,0.1625,7.94,100.0,0.2725,210.3475,0.0,0.0,,750.0,
2023-01-03 07:00:00,23.41,70.99,9.1375,14.015,23.1525,9.325,11.96,0.7275,0.11,0.435,,,,0.14500000000000002,0.175,7.7475,100.0,0.3575,210.715,0.0,0.0,2.2575000000000003,750.0,
2023-01-03 08:00:00,29.29,77.7975,9.095,13.945,23.0425,9.4725,12.025,0.835,,0.4975,,,,0.1675,0.2,7.8675,100.0,0.4075,230.5825,0.0,0.0,10.54,750.0,
2023-01-03 09:00:00,35.52,104.2225,10.719999999999999,16.432499999999997,27.1525,10.1175,12.825,1.0725,,0.645,,,,0.215,0.2575,8.3575,100.0,0.4675,264.8375,0.0,0.0,19.4575,750.0,
2023-01-03 10:00:00,52.43,158.2075,12.9775,19.8875,32.8625,11.925,12.7925,1.18,,0.7075,,,,0.235,0.2825,8.809999999999999,100.0,0.475,269.0225,0.0,0.0,26.85,750.0,
2023-01-03 11:00:00,65.66,204.9075,15.3725,23.56,38.9275,14.7225,7.195,1.1424999999999998,1.05,0.6875,,,,0.23,0.275,9.334999999999999,99.9575,0.4875,267.905,0.0,0.0,32.79,750.0,
2023-01-03 12:00:00,61.35,201.555,15.157499999999999,23.2325,38.39,14.2575,5.0925,0.9650000000000001,6.9575,0.5775,,,,0.1925,0.2275,10.0025,98.57,0.4475,257.3325,0.0,0.0,26.94,750.0,
2023-01-03 13:00:00,60.41,190.9325,13.780000000000001,21.125,34.9025,13.2825,4.8175,0.74,17.572499999999998,0.4425,,,,0.1475,0.1775,10.4925,94.9375,0.4225,241.3875,0.0,0.0,26.775,750.0,
2023-01-03 14:00:00,50.64,148.66500000000002,10.8575,16.64,27.4975,13.0875,4.7,0.7775000000000001,9.905,0.4675,,,,0.155,0.185,10.287500000000001,94.7575,0.4375,239.5925,0.0,0.0,15.219999999999999,750.0,
2023-01-03 15:00:00,59.99,159.39,8.87,13.5975,22.465,12.43,4.455,0.76,10.035,0.4575,,,,0.1525,0.1825,10.065000000000001,96.0,0.42000000000000004,227.165,0.0,0.0,8.9625,750.0,
2023-01-03 16:00:00,66.57,159.66,7.6450000000000005,11.7175,19.3575,11.6525,4.2925,0.725,10.36,0.435,,,,0.14500000000000002,0.175,9.7575,97.54,0.335,181.8025,0.0,0.0,1.9975,750.0,
2023-01-03 17:00:00,54.88,127.3075,64.83,99.3775,164.2075,12.21,4.4975000000000005,0.76,8.24,0.45499999999999996,,,,0.1525,0.185,9.504999999999999,98.70750000000001,0.39,245.52,0.0,0.0,,750.0,
2023-01-03 18:00:00,55.3,135.91250000000002,180.0925,276.05,456.1425,11.182500000000001,5.7675,0.8075,4.3325,0.4825,,,,0.1625,0.195,9.4525,99.7825,0.2425,206.58499999999998,0.0,0.0,,750.0,
2023-01-03 19:00:00,52.39,139.38,164.695,252.45,417.14,10.39,6.8725000000000005,0.805,6.1575,0.485,,,,0.1575,0.1975,9.3975,99.9575,0.35750000000000004,227.31,0.0,0.0,,750.0,
2023-01-03 20:00:00,45.5,129.89249999999998,162.63333333333333,249.29,308.9425,9.2925,8.06,0.7825,5.2825,0.4675,,,,0.1575,0.1875,9.2275,100.0,0.2225,165.3225,0.0,0.0,,750.0,
2023-01-03 21:00:00,33.18,94.85000000000001,98.62,151.17000000000002,124.89500000000001,9.247499999999999,8.5275,0.8125,4.4399999999999995,0.4875,,,,0.165,0.1975,9.175,100.0,0.3725,222.505,0.0,0.0,,750.0,
2023-01-03 22:00:00,34.96,99.505,112.31,172.1475,284.4575,8.5725,8.9475,0.7175,7.175,0.4325,,,,0.14250000000000002,0.17250000000000001,9.05,99.8275,0.2075,169.625,0.0,0.0,,750.0,
2023-01-03 23:00:00,28.07,80.2125,113.175,173.47750000000002,286.6525,8.2075,9.6775,0.675,7.754999999999999,0.40249999999999997,,,,0.135,0.1625,9.08,99.20500000000001,0.2325,203.9,0.0,0.0,,750.0,
2023-01-04 00:00:00,33.35,85.695,110.48,169.35,279.83,7.98,10.32,0.5800000000000001,10.1975,0.35,,,,0.11499999999999999,0.14,9.084999999999999,98.0875,0.2375,197.4975,0.0,0.0,,750.0,
2023-01-04 01:00:00,30.03,83.4425,99.82249999999999,153.01,252.835,7.81,10.495,0.48,12.8325,0.29000000000000004,,,,0.095,0.11499999999999999,8.4925,97.0975,0.1875,168.115,0.0,0.0,,750.0,
2023-01-04 02:00:00,40.18,98.89750000000001,102.38250000000001,156.935,259.32,7.6775,10.385,0.46,10.6675,0.28,,,,0.09,0.11,8.39,99.0575,0.14,119.5825,0.0,0.0,,750.0,
2023-01-04 03:00:00,30.31,88.57249999999999,107.6275,164.975,272.605,7.944999999999999,10.68,0.4475,18.275,0.2675,,,,0.09,0.10500000000000001,8.6075,97.2575,0.3825,246.02,0.0,0.0,,750.0,
2023-01-04 04:00:00,35.21,103.7025,104.64750000000001,160.405,265.0525,7.915,11.05,0.42,20.822499999999998,0.255,,,,0.0875,0.1,8.5475,96.2775,0.2725,197.59,0.0,0.0,,750.0,
2023-01-04 05:00:00,40.77,102.92,113.3075,173.685,286.9925,7.7675,11.39,0.4,19.2325,0.24,,,,0.08,0.1,8.4475,96.15,0.2425,203.9975,0.0,0.0,,750.0,
2023-01-04 06:00:00,40.32,100.8375,109.4025,167.6975,277.1,7.725,11.7975,0.4,17.455,0.24,,,,0.08,0.1,8.41,96.7325,0.2375,195.81,0.0,0.0,,750.0,
2023-01-04 07:00:00,37.41,105.86749999999999,114.11,174.91,289.025,7.9575,11.98,0.41,15.719999999999999,0.2475,,,,0.08,0.1,8.325,95.8425,0.36,227.21,0.0,0.0,2.9633333333333334,750.0,
2023-01-04 08:00:00,46.27,118.39500000000001,113.24000000000001,173.58499999999998,143.4125,8.9525,12.78,0.45999999999999996,13.17,0.28,,,,0.095,0.1075,8.7575,93.4075,0.39,237.1525,0.0,0.0,13.185,750.0,
2023-01-04 09:00:00,65.87,163.8725,,,0.0,9.35,13.6125,0.47,17.9925,0.28500000000000003,,,,0.095,0.1125,9.5625,89.81,0.4475,236.8025,0.0,0.0,31.814999999999998,750.0,
2023-01-04 10:00:00,58.31,153.785,,,0.0,11.22,11.932500000000001,0.515,22.3425,0.31,,,,0.10250000000000001,0.125,10.53,86.9975,0.4475,199.9775,0.0,0.0,46.2675,750.0,
2023-01-04 11:00:00,59.11,158.09,,,0.0,11.5625,6.9425,0.4875,32.055,0.295,,,,0.1,0.1125,11.73,83.0175,0.5075000000000001,212.78,0.0,0.0,67.2525,750.0,
2023-01-04 12:00:00,61.32,147.9525,,,0.0,11.6525,5.9575,0.4725,42.29,0.2875,,,,0.0975,0.1125,12.675,79.025,0.615,244.9025,0.0,0.0,95.67750000000001,750.0,
2023-01-04 13:00:00,58.45,143.5325,,,0.0,12.245,5.827500000000001,0.4825,45.525000000000006,0.2925,,,,0.1,0.1175,13.4825,76.475,0.5575,246.005,0.0,0.0,76.97,750.0,
2023-01-04 14:00:00,61.04,153.96249999999998,,,0.0,12.2975,5.965,0.485,43.8225,0.295,,,,0.1,0.1175,13.3975,76.6175,0.595,236.725,0.0,0.0,76.28999999999999,750.0,
2023-01-04 15:00:00,61.53,148.4175,,,0.0,11.7975,5.99,0.4875,39.89,0.2925,,,,0.1,0.1175,12.6225,79.7525,0.5900000000000001,224.16250000000002,0.0,0.0,51.65,750.0,
2023-01-04 16:00:00,50.51,138.1725,,,0.0,11.57,5.9475,0.5275000000000001,28.645,0.3175,,,,0.10250000000000001,0.1275,11.455,84.5,0.425,246.6825,0.0,0.0,18.0275,750.0,
2023-01-04 17:00:00,56.84,133.10250000000002,17.2325,26.4075,43.6375,9.835,6.9025,0.49,28.725,0.2975,,,,0.1,0.1175,10.115,90.33500000000001,0.35,209.465,0.0,0.0,1.225,750.0,
2023-01-04 18:00:00,50.22,123.5325,18.7575,28.747500000000002,47.5025,9.0775,7.63,0.5325,31.127499999999998,0.32,,,,0.10500000000000001,0.1325,10.165,90.785,0.425,236.61,0.0,0.0,,750.0,
2023-01-04 19:00:00,54.11,129.7825,16.275000000000002,24.9525,41.2225,9.3425,8.4925,0.6225,32.855,0.3775,,,,0.125,0.15,10.1625,90.54249999999999,0.505,255.1175,0.0,0.0,,750.0,
2023-01-04 20:00:00,61.21,150.05249999999998,17.305,26.5225,43.825,8.73,9.23,0.585,28.7,0.35250000000000004,,,,0.11499999999999999,0.14250000000000002,9.432500000000001,91.3725,0.38,235.2725,0.0,0.0,,750.0,
2023-01-04 21:00:00,55.89,135.2175,13.51,20.7025,34.212500000000006,8.0625,9.74,0.5725,14.815,0.345,,,,0.12,0.14,7.4425,96.6425,0.1825,192.155,0.0,0.0,,750.0,
2023-01-04 22:00:00,51.06,125.92500000000001,14.037500000000001,21.5175,35.5525,7.5875,10.155000000000001,0.5974999999999999,12.435,0.3575,,,,0.12,0.14250000000000002,6.68,99.245,0.2175,197.15,0.0,0.0,,750.0,
2023-01-04 23:00:00,44.83,122.695,11.8925,18.23,30.125,7.2075,10.3275,0.5874999999999999,7.9125,0.35,,,,0.12,0.14,6.3225,99.9825,0.275,213.565,0.0,0.0,,750.0,
2023-01-05 00:00:00,41.16,111.2675,18.65,28.5875,47.24,7.6925,10.5525,0.5925,14.7225,0.3525,,,,0.12,0.14,7.3025,100.0,0.3025,213.63,0.0,0.0,,750.0,
2023-01-05 01:00:00,39.13,123.61250000000001,19.6625,30.14,49.805,8.335,10.7575,0.6,18.432499999999997,0.36,,,,0.12,0.14,7.61,99.96000000000001,0.2925,225.57,0.0,0.0,,750.0,
2023-01-05 02:00:00,49.84,131.3825,12.01,18.41,30.42,8.6725,10.89,0.595,19.3125,0.355,,,,0.12,0.14,7.795,98.5625,0.335,223.98250000000002,0.0,0.0,,750.0,
2023-01-05 03:00:00,49.14,149.3175,12.115,18.567500000000003,30.6775,8.235,11.455,0.5725,21.3375,0.345,,,,0.11499999999999999,0.14,7.775,97.265,0.365,218.945,0.0,0.0,,750.0,
2023-01-05 04:00:00,55.82,135.615,10.07,15.4275,25.497500000000002,7.8925,12.5725,0.5325,22.805,0.3225,,,,0.10500000000000001,0.1275,7.5725,96.7325,0.2725,177.3025,0.0,0.0,,750.0,
2023-01-05 05:00:00,48.72,120.275,9.379999999999999,14.372499999999999,23.7525,7.6925,12.285,0.49,23.875,0.2925,,,,0.1,0.12,7.390000000000001,95.69,0.4325,240.3675,0.0,0.0,,750.0,
2023-01-05 06:00:00,46.83,115.5225,10.065000000000001,15.43,25.495,7.6625,12.5425,0.4725,22.5975,0.2875,,,,0.0975,0.11,7.265000000000001,95.345,0.425,235.2075,0.0,0.0,,750.0,
2023-01-05 07:00:00,53.09,114.4375,10.075,15.4475,25.5225,7.7425,12.4275,0.47,20.505,0.28500000000000003,,,,0.095,0.11,6.865,94.2775,0.49,263.0925,0.0,0.0,3.75,750.0,
2023-01-05 08:00:00,42.63,118.31,7.4025,11.35,18.7575,8.085,12.059999999999999,0.5225,16.512500000000003,0.315,,,,0.10500000000000001,0.125,7.1425,92.405,0.5675,262.6875,0.0,0.0,21.162499999999998,750.0,
2023-01-05 09:00:00,48.19,124.86250000000001,8.620000000000001,13.21,21.8325,8.3025,12.055,0.5775,18.002499999999998,0.35,,,,0.1175,0.14,7.745,87.5875,0.61,240.39499999999998,0.0,0.0,53.9975,750.0,
2023-01-05 10:00:00,54.18,130.3425,10.280000000000001,15.754999999999999,26.037499999999998,8.84,12.795,0.63,17.46,0.3825,,,,0.125,0.155,9.2825,81.6725,0.55,236.7075,0.0,0.0,118.75,750.0,
2023-01-05 11:00:00,56.59,141.16500000000002,10.965,16.8075,27.7725,9.2875,12.5825,0.6625000000000001,30.4725,0.4,,,,0.1325,0.16,12.08,70.1225,0.71,240.39,0.0,0.0,286.195,750.0,
2023-01-05 12:00:00,66.92,161.10000000000002,15.205,23.31,38.5175,8.785,13.4,0.6275,47.2025,0.3725,,,,0.125,0.1475,14.355,62.2475,0.605,216.89249999999998,0.0,0.0,288.3275,750.0,
2023-01-05 13:00:00,56.63,140.1275,8.655,13.27,21.925,8.31,14.9575,0.5575,59.5875,0.33499999999999996,,,,0.11499999999999999,0.135,15.8625,57.1125,0.555,210.7475,0.0,0.0,216.5275,750.0,
2023-01-05 14:00:00,47.04,135.025,16.175,24.795,40.9675,8.1525,15.265,0.525,68.9575,0.315,,,,0.10500000000000001,0.125,15.38,59.004999999999995,0.46749999999999997,217.6875,0.0,0.0,92.5075,750.0,
2023-01-05 15:00:00,40.95,117.08500000000001,7.475,11.4625,18.94,7.907500000000001,14.9,0.505,69.0,0.305,,,,0.1,0.12,14.25,65.3275,0.39,201.515,0.0,0.0,37.12,750.0,
2023-01-05 16:00:00,39.34,120.7075,10.3375,15.844999999999999,26.18,7.625,15.375,0.5025,51.1075,0.3025,,,,0.1,0.12,12.6325,78.3475,0.1625,144.76999999999998,0.0,0.0,15.7425,750.0,
2023-01-05 17:00:00,44.48,122.42999999999999,12.71,19.4775,32.1875,7.2375,15.135000000000002,0.5075000000000001,31.87,0.305,,,,0.1,0.12,9.3325,90.155,0.13,175.6575,0.0,0.0,1.55,750.0,
2023-01-05 18:00:00,45.81,107.905,5.575,8.55,14.125,6.7325,15.3125,0.5275000000000001,14.62,0.3175,,,,0.10500000000000001,0.1275,7.0,96.36,0.1325,202.3075,0.0,0.0,,750.0,
2023-01-05 19:00:00,39.83,109.28999999999999,5.575,8.545,14.120000000000001,7.1425,14.6325,0.605,6.8325,0.3625,,,,0.12,0.14500000000000002,6.1175,98.4825,0.155,228.285,0.0,0.0,,750.0,
2023-01-05 20:00:00,48.41,127.8825,1.4325,2.1975,3.63,7.5275,14.565,0.82,1.1866666666666668,0.4925,,,,0.1625,0.1975,5.575,99.4225,0.1525,224.6325,0.0,0.0,,750.0,
2023-01-05 21:00:00,71.75,186.03,0.69,1.06,0.4375,7.83,14.02,1.03,,0.62,,,,0.20500000000000002,0.2475,5.0024999999999995,99.8875,0.215,246.1025,0.0,0.0,,750.0,
2023-01-05 22:00:00,83.79,192.1475,0.295,0.4475,0.74,7.775,13.945,1.1375,,0.6825,,,,0.2275,0.2725,4.6675,100.0,0.1625,202.155,0.0,0.0,,750.0,
2023-01-05 23:00:00,87.43,218.8175,2.1,3.2199999999999998,5.32,7.76,13.594999999999999,1.1524999999999999,,0.69,,,,0.23,0.275,4.4825,100.0,0.1325,211.055,0.0,0.0,,750.0,
2023-01-06 00:00:00,85.33,210.8725,3.1233333333333335,4.786666666666666,5.935,7.1475,13.055,1.135,,0.685,,,,0.23,0.2725,4.5275,100.0,0.1825,243.89249999999998,0.0,0.0,,750.0,
2023-01-06 01:00:00,75.46,192.805,3.98,6.1025,10.084999999999999,7.827500000000001,12.445,1.2650000000000001,,0.76,,,,0.2525,0.305,6.6775,100.0,0.155,164.675,0.0,0.0,,750.0,
2023-01-06 02:00:00,86.66,226.4825,5.185,7.945,13.1275,9.685,12.4625,1.13,,0.675,,,,0.2275,0.27,7.4825,100.0,0.2875,233.4425,0.0,0.0,,750.0,
2023-01-06 03:00:00,67.38,199.58,12.54,19.22,31.7575,9.2125,13.13,0.865,1.1875,0.515,,,,0.17250000000000001,0.20750000000000002,7.24,100.0,0.345,193.89,0.0,0.0,,750.0,
2023-01-06 04:00:00,37.13,134.5525,20.29,31.1,51.394999999999996,7.98,11.5775,0.7625,3.535,0.4575,,,,0.1525,0.1825,6.9375,100.0,0.3325,209.89,0.0,0.0,,750.0,
2023-01-06 05:00:00,31.74,103.91499999999999,12.3475,18.924999999999997,31.2725,7.715,11.43,0.675,7.085,0.40249999999999997,,,,0.135,0.1625,6.91,100.0,0.485,224.5875,0.0,0.0,,750.0,
2023-01-06 06:00:00,30.55,103.32,13.36,20.4825,33.8425,7.395,11.965,0.6125,7.335,0.37,,,,0.12,0.1475,6.88,100.0,0.3275,231.94,0.0,0.0,,750.0,
2023-01-06 07:00:00,25.62,112.8675,10.78,16.5225,27.3025,7.725,11.99,0.5775,7.125,0.34750000000000003,,,,0.1175,0.14,6.9,100.0,0.3875,220.885,0.0,0.0,3.3666666666666667,750.0,
2023-01-06 08:00:00,24.22,127.655,11.65,17.855,29.505,8.184999999999999,11.925,0.575,6.205,0.34750000000000003,,,,0.1175,0.14,7.115,100.0,0.495,248.82999999999998,0.0,0.0,17.689999999999998,750.0,
2023-01-06 09:00:00,23.03,147.54250000000002,11.3775,17.439999999999998,28.819999999999997,8.8875,12.3475,0.6074999999999999,5.547499999999999,0.3675,,,,0.12,0.1475,7.81,96.425,0.475,208.935,0.0,0.0,46.68,750.0,
2023-01-06 10:00:00,31.74,164.51749999999998,18.475,28.317500000000003,46.795,10.7925,10.4375,0.655,11.1,0.3925,,,,0.1325,0.1575,9.2475,88.225,0.62,257.6725,0.0,0.0,71.0075,750.0,
2023-01-06 11:00:00,43.75,189.805,15.030000000000001,23.035,38.0625,11.780000000000001,5.5024999999999995,0.68,20.2925,0.41,,,,0.1375,0.1625,10.977500000000001,81.1125,0.5599999999999999,211.185,0.0,0.0,140.425,750.0,
2023-01-06 12:00:00,77.7,198.45,32.0475,49.125,81.1725,12.5725,5.0024999999999995,0.6725,49.14,0.405,,,,0.135,0.1625,14.0875,68.5175,0.7225,239.36249999999998,0.0,0.0,259.0725,750.0,
2023-01-06 13:00:00,83.54,197.54000000000002,26.1525,40.0875,66.235,14.1725,6.07,0.66,78.2125,0.3975,,,,0.1325,0.16,15.895,62.8725,0.6,206.9975,0.0,0.0,202.7725,750.0,
2023-01-06 14:00:00,94.32,227.9275,37.692499999999995,57.7775,95.47,13.0375,6.890000000000001,0.615,97.22749999999999,0.3675,,,,0.12,0.14750000000000002,15.985,63.06,0.64,240.4575,0.0,0.0,95.4875,750.0,
2023-01-06 15:00:00,77.84,203.52249999999998,24.795,38.004999999999995,31.4,10.7375,7.525,0.5225,79.095,0.3125,,,,0.1,0.1225,14.940000000000001,66.5125,0.5549999999999999,230.785,0.0,0.0,37.4075,750.0,
2023-01-06 16:00:00,53.38,139.6925,20.4725,31.3825,51.855000000000004,9.0125,9.102500000000001,0.5225,39.837500000000006,0.315,,,,0.1,0.125,13.3875,75.0125,0.365,205.075,0.0,0.0,15.685,750.0,
2023-01-06 17:00:00,51.83,127.1075,24.8875,38.1525,63.037499999999994,11.8,8.23,0.6225,49.942499999999995,0.3725,,,,0.125,0.14750000000000002,10.8925,86.42,0.37,217.7275,0.0,0.0,1.71,750.0,
2023-01-06 18:00:00,59.26,155.715,17.6075,26.9875,44.5925,11.8925,7.3625,0.7825,22.615,0.47,,,,0.155,0.1875,8.41,94.0975,0.22,234.525,0.0,0.0,,750.0,
2023-01-06 19:00:00,69.33,166.435,14.605,22.387500000000003,36.9925,10.875,8.58,0.9725,8.445,0.5825,,,,0.195,0.235,7.0425,98.385,0.1975,193.0725,0.0,0.0,,750.0,
2023-01-06 20:00:00,78.26,192.255,10.2175,15.657499999999999,25.875,10.24,9.345,1.0725,5.4125000000000005,0.645,,,,0.2125,0.26,6.5425,99.6925,0.1975,206.9325,0.0,0.0,,750.0,
2023-01-06 21:00:00,71.86,197.965,13.91,21.33,35.2425,9.6,9.697500000000002,0.97,8.905,0.58,,,,0.1925,0.23,6.8625,100.0,0.2575,193.4725,0.0,0.0,,750.0,
2023-01-06 22:00:00,64.5,184.97750000000002,37.0325,56.76499999999999,93.7975,9.0025,9.9225,0.98,1.8099999999999998,0.585,,,,0.1975,0.235,5.8975,100.0,0.2875,212.8425,0.0,0.0,,750.0,
2023-01-06 23:00:00,71.26,190.6325,22.8125,34.9675,57.78,8.7725,9.8925,1.005,0.04,0.605,,,,0.2,0.24,5.1075,100.0,0.245,206.9025,0.0,0.0,,750.0,
2023-01-07 00:00:00,71.89,182.785,24.1525,37.02,61.17,9.265,10.2275,0.945,0.24,0.565,,,,0.1875,0.225,5.3225,100.0,0.225,195.48000000000002,0.0,0.0,,750.0,
2023-01-07 01:00:00,67.48,196.37,18.7575,28.752499999999998,47.510000000000005,10.02,10.345,0.8825000000000001,0.13333333333333333,0.5275000000000001,,,,0.175,0.2125,5.36,100.0,0.265,211.1225,0.0,0.0,,750.0,
2023-01-07 02:00:00,58.66,187.6625,18.675,28.625,47.295,9.6975,10.7975,0.85,1.7633333333333334,0.51,,,,0.17,0.2025,5.63,100.0,0.4275,251.44,0.0,0.0,,750.0,
2023-01-07 03:00:00,53.41,168.6425,24.137500000000003,36.9975,61.135,9.26,10.8825,0.81,3.2525,0.4825,,,,0.1625,0.195,5.865,100.0,0.59,257.185,0.0,0.0,,750.0,
2023-01-07 04:00:00,34.23,108.66499999999999,35.730000000000004,54.77,90.5,8.975,11.105,0.755,6.5525,0.4525,,,,0.15,0.1825,5.705,100.0,0.745,263.58500000000004,0.0,0.0,,750.0,
2023-01-07 05:00:00,34.47,95.3825,24.32,37.2775,61.602500000000006,8.155000000000001,10.985,0.7024999999999999,10.6975,0.4225,,,,0.14,0.17,5.98,100.0,0.735,266.935,0.0,0.0,,750.0,
2023-01-07 06:00:00,30.94,91.035,8.036666666666667,12.32,15.2675,8.1125,11.3475,0.6799999999999999,13.58,0.4075,,,,0.1375,0.165,6.3100000000000005,100.0,0.52,230.42,0.0,0.0,,750.0,
2023-01-07 07:00:00,28.7,94.3775,5.58,8.555,14.135,8.135,11.129999999999999,0.6675,16.655,0.4025,,,,0.1325,0.16,6.4,100.0,0.5425,237.7675,0.0,0.0,3.716666666666667,750.0,
2023-01-07 08:00:00,35.24,129.5625,9.58,14.685,24.265,8.469999999999999,11.29,0.7124999999999999,16.5275,0.425,,,,0.14250000000000002,0.17250000000000001,6.72,100.0,0.5,223.6275,0.0,0.0,25.125,750.0,
2023-01-07 09:00:00,36.64,139.4525,25.270000000000003,38.735,64.0025,9.465,11.3325,0.7875,15.7425,0.47,,,,0.155,0.19,7.157500000000001,100.0,0.5225,232.1075,0.0,0.0,44.6725,750.0,
2023-01-07 10:00:00,41.47,165.01749999999998,15.870000000000001,24.3275,40.2025,10.3125,12.182500000000001,0.9,11.495000000000001,0.5375,,,,0.1775,0.215,7.9,97.195,0.545,243.4925,0.0,0.0,43.4225,750.0,
2023-01-07 11:00:00,51.24,175.7325,14.03,21.5075,35.54,10.745,12.6275,0.9475,18.7675,0.565,,,,0.1875,0.225,9.120000000000001,88.2325,0.8125,270.0025,0.0,0.0,135.20499999999998,750.0,
2023-01-07 12:00:00,54.98,175.095,21.5675,33.06,54.6225,11.475,11.5425,0.91,45.345,0.545,,,,0.18,0.22,12.615,73.055,0.7225,231.54999999999998,0.0,0.0,278.6075,750.0,
2023-01-07 13:00:00,61.88,151.5675,21.575,33.0725,54.65,12.46,9.255,0.86,60.98,0.5175000000000001,,,,0.17,0.20500000000000002,14.71,65.5675,0.6525,235.26,0.0,0.0,210.255,750.0,
2023-01-07 14:00:00,71.19,161.98250000000002,22.7275,34.8425,57.57,13.51,9.8725,0.845,77.4675,0.505,,,,0.17,0.2,14.53,66.6075,0.66,228.585,0.0,0.0,97.225,750.0,
2023-01-07 15:00:00,73.71,184.16,30.83,47.254999999999995,78.08500000000001,13.2475,9.844999999999999,0.8,77.61500000000001,0.4725,,,,0.16,0.1925,13.7775,69.2025,0.5825,259.4225,0.0,0.0,40.97,750.0,
2023-01-07 16:00:00,68.0,183.675,23.005000000000003,35.2625,58.2675,11.8475,10.3325,0.7525,55.6275,0.45,,,,0.15,0.18,12.3025,77.855,0.2825,179.345,0.0,0.0,16.6125,750.0,
2023-01-07 17:00:00,69.82,162.26999999999998,16.565,25.3925,41.955,11.7125,10.1675,0.8175,38.465,0.4925,,,,0.16,0.195,9.065000000000001,90.41499999999999,0.215,202.4375,0.0,0.0,1.6549999999999998,750.0,
2023-01-07 18:00:00,72.41,170.955,20.134999999999998,30.8675,51.004999999999995,12.1275,10.7475,1.075,13.46,0.65,,,,0.2175,0.26,6.8875,97.1925,0.1825,211.3775,0.0,0.0,,750.0,
2023-01-07 19:00:00,90.82,217.85,25.3275,38.82,64.1475,13.27,10.695,1.4775,1.87,0.8875,,,,0.2975,0.35750000000000004,6.1075,99.21,0.2175,238.7075,0.0,0.0,,750.0,
2023-01-07 20:00:00,112.17,269.7325,21.4375,32.8625,54.3025,13.844999999999999,11.4225,1.845,,1.1075,,,,0.37,0.4425,5.9275,99.99,0.1875,207.35250000000002,0.0,0.0,,750.0,
2023-01-07 21:00:00,135.8,316.79999999999995,25.115,38.5,63.615,12.8625,11.7975,1.89,,1.135,,,,0.38,0.4525,5.75,100.0,0.225,234.855,0.0,0.0,,750.0,
2023-01-07 22:00:00,129.6,305.79499999999996,19.6925,30.18,49.865,11.86,11.8975,1.7575,,1.0525,,,,0.35,0.4225,5.48,100.0,0.16749999999999998,210.5225,0.0,0.0,,750.0,
2023-01-07 23:00:00,115.71,275.88,13.32,20.415,33.735,10.280000000000001,11.5675,1.69,,1.0125,,,,0.34,0.4075,5.17,100.0,0.2125,242.2225,0.0,0.0,,750.0,
2023-01-08 00:00:00,105.84,256.13,2.5549999999999997,3.915,3.2375,9.3425,11.43,1.615,,0.97,,,,0.3225,0.3875,5.7025,100.0,0.1525,187.41000000000003,0.0,0.0,,750.0,
2023-01-08 01:00:00,102.41,246.8825,,,0.0,10.254999999999999,11.35,1.5675000000000001,,0.9475,,,,0.3175,0.38,6.905,100.0,0.235,203.14,0.0,0.0,,750.0,
2023-01-08 02:00:00,92.16,226.2125,,,0.0,10.575,11.6025,1.54,,0.9275,,,,0.3075,0.3725,6.6225,100.0,0.20500000000000002,211.5,0.0,0.0,,750.0,
2023-01-08 03:00:00,79.62,187.4775,,,0.0,9.68,11.6975,1.5075,,0.91,,,,0.2975,0.3625,6.1125,100.0,0.1525,152.0675,0.0,0.0,,750.0,
2023-01-08 04:00:00,67.52,166.6275,,,0.0,9.807500000000001,11.905000000000001,1.44,,0.865,,,,0.29,0.3425,6.13,100.0,0.245,224.85750000000002,0.0,0.0,,750.0,
2023-01-08 05:00:00,63.73,148.405,,,0.0,9.82,12.1425,1.4249999999999998,,0.855,,,,0.28500000000000003,0.34,5.6975,100.0,0.1925,210.005,0.0,0.0,,750.0,
2023-01-08 06:00:00,63.63,141.715,,,0.0,9.275,12.0525,1.38,,0.83,,,,0.2775,0.3325,5.8975,100.0,0.1975,173.845,0.0,0.0,,750.0,
2023-01-08 07:00:00,61.49,132.9375,,,0.0,9.342500000000001,12.425,1.28,4.78,0.77,,,,0.2575,0.3075,6.4875,100.0,0.3125,217.9375,0.0,0.0,1.8466666666666667,750.0,
2023-01-08 08:00:00,61.07,145.8025,,,0.0,10.5825,12.385,1.2525,2.73,0.75,,,,0.2525,0.3025,7.115,100.0,0.2875,249.6925,0.0,0.0,9.317499999999999,750.0,
2023-01-08 09:00:00,55.05,149.8125,,,0.0,12.22,12.6975,1.45,0.2966666666666667,0.875,,,,0.2925,0.34750000000000003,7.67,100.0,0.24,191.57999999999998,0.0,0.0,18.4925,750.0,
2023-01-08 10:00:00,83.89,242.28,,,0.0,13.1375,13.165,1.5425,0.26,0.925,,,,0.3075,0.375,8.31,100.0,0.30500000000000005,236.495,0.0,0.0,28.807499999999997,750.0,
2023-01-08 11:00:00,84.84,267.59,,,0.0,14.7425,13.254999999999999,1.7725,1.9533333333333331,1.065,,,,0.35750000000000004,0.4275,9.0825,99.5425,0.4225,231.42499999999998,0.0,0.0,62.0525,750.0,
2023-01-08 12:00:00,101.22,311.6275,,,0.0,18.305,13.43,1.99,20.07,1.1949999999999998,,,,0.3975,0.4775,12.445,83.465,0.47250000000000003,203.6725,0.0,0.0,197.835,750.0,
2023-01-08 13:00:00,138.28,357.265,,,0.0,18.6725,16.005,1.9324999999999999,53.2275,1.16,,,,0.385,0.4625,14.44,72.7375,0.5974999999999999,262.5875,0.0,0.0,178.8025,750.0,
2023-01-08 14:00:00,163.17,375.9,0.81,1.24,1.03,16.4575,16.2025,1.6575,61.735,0.99,,,,0.3275,0.395,14.434999999999999,72.7375,0.5875,256.325,0.0,0.0,93.0325,750.0,
2023-01-08 15:00:00,,,15.4575,23.7025,39.16,13.3375,16.975,1.285,58.85,0.7575000000000001,,,,0.2525,0.305,13.58,76.245,0.4975,264.245,0.0,0.0,42.004999999999995,750.0,
2023-01-08 16:00:00,,,6.7025,10.2725,16.97,11.6175,16.315,1.1549999999999998,41.95,0.6924999999999999,,,,0.23,0.28,12.1275,85.42750000000001,0.17,137.6825,0.0,0.0,17.255,750.0,
2023-01-08 17:00:00,,,0.61,0.93,0.38,10.405000000000001,16.76,1.125,17.009999999999998,0.6825,,,,0.23,0.2725,9.55,94.665,0.22,202.6075,0.0,0.0,1.48,750.0,
2023-01-08 18:00:00,,,0.47500000000000003,0.715,0.595,9.157499999999999,15.7425,1.1925,4.3925,0.72,,,,0.235,0.2875,7.695,98.5075,0.20500000000000002,187.8375,0.0,0.0,,750.0,
2023-01-08 19:00:00,,,1.075,1.645,1.3575,8.8275,15.4625,1.2650000000000001,0.7,0.7575000000000001,,,,0.255,0.305,6.4925,99.65,0.1575,243.2125,0.0,0.0,,750.0,
2023-01-08 20:00:00,,,4.795,7.345000000000001,6.0675,9.067499999999999,14.3,1.405,,0.86,,,,0.28750000000000003,0.34750000000000003,5.92,99.9975,0.20000000000000004,248.28,0.0,0.0,,750.0,
2023-01-08 21:00:00,60.14000000000001,172.89,2.9000000000000004,4.4475,7.352499999999999,9.4925,15.4225,1.6400000000000001,,0.98,,,,0.33,0.3925,5.8725000000000005,100.0,0.135,160.9475,0.0,0.0,,750.0,
2023-01-08 22:00:00,66.25,194.1925,3.815,5.8475,9.66,9.0425,14.735,1.625,,0.9775,,,,0.325,0.3925,5.1274999999999995,100.0,0.1725,214.8,0.0,0.0,,750.0,
2023-01-08 23:00:00,66.17,195.2,0.53,0.81,0.6675,8.1525,14.085,1.5925,,0.9575,,,,0.3175,0.3825,5.6175,100.0,0.21000000000000002,225.4425,0.0,0.0,,750.0,
2023-01-09 00:00:00,60.25,181.39,0.33,0.51,0.63,8.4525,13.6725,1.6325,,0.98,,,,0.3275,0.39,5.7275,100.0,0.2725,218.74,0.0,0.0,,750.0,
2023-01-09 01:00:00,47.1,127.475,2.3025,3.5275,5.83,8.495,13.5775,1.4825,,0.8925000000000001,,,,0.295,0.355,5.5475,100.0,0.2375,200.44,0.0,0.0,,750.0,
2023-01-09 02:00:00,36.88,97.7225,0.7725,1.185,1.9575,8.545,13.2725,1.4075,,0.845,,,,0.28,0.34,5.9975,100.0,0.2825,183.905,0.0,0.0,,750.0,
2023-01-09 03:00:00,31.04,90.2175,5.3125,8.1425,13.46,8.775,14.32,1.345,,0.8075,,,,0.27,0.3225,5.915,100.0,0.365,207.335,0.0,0.0,,750.0,
2023-01-09 04:00:00,29.32,81.6525,4.93,7.555000000000001,12.485000000000001,8.6775,13.6525,1.31,,0.79,,,,0.2625,0.315,6.1425,100.0,0.25,205.29500000000002,0.0,0.0,,750.0,
2023-01-09 05:00:00,28.5,78.39750000000001,1.6766666666666667,2.566666666666667,3.1825,8.1975,13.21,1.3050000000000002,0.08,0.785,,,,0.26,0.315,6.3475,100.0,0.3425,209.0975,0.0,0.0,,750.0,
2023-01-09 06:00:00,27.03,76.18,1.55,2.3775,3.93,7.7025,12.805,1.26,,0.7575000000000001,,,,0.2525,0.3025,6.5225,100.0,0.315,227.58499999999998,0.0,0.0,,750.0,
2023-01-09 07:00:00,24.46,78.3475,1.4,2.1475,3.545,7.7,12.9975,1.25,0.17,0.75,,,,0.25,0.3,6.6225000000000005,100.0,0.3075,232.9825,0.0,0.0,1.2033333333333331,750.0,
2023-01-09 08:00:00,24.76,74.72749999999999,1.9425,2.9775,4.9175,8.01,13.469999999999999,1.2825,0.045,0.7725,,,,0.2575,0.31,6.805,100.0,0.325,221.8275,0.0,0.0,8.1875,750.0,
2023-01-09 09:00:00,27.32,83.6275,4.77,7.3175,12.092500000000001,8.247499999999999,13.1775,1.33,,0.7975000000000001,,,,0.2675,0.32,7.2125,100.0,0.3375,228.265,0.0,0.0,16.5925,750.0,
2023-01-09 10:00:00,30.43,96.42999999999999,6.2875000000000005,9.635,15.9225,9.15,12.25,1.33,2.8800000000000003,0.7975,,,,0.2675,0.3225,7.782500000000001,100.0,0.3525,229.195,0.0,0.0,27.6525,750.0,
2023-01-09 11:00:00,31.14,107.2175,12.649999999999999,19.395,32.045,10.32,9.0975,1.2650000000000001,5.91,0.7625,,,,0.255,0.305,8.6775,99.9625,0.29500000000000004,177.4675,0.0,0.0,50.5725,750.0,
2023-01-09 12:00:00,29.63,101.94,13.765,21.1025,34.8675,10.91,9.64,1.2675,12.3975,0.76,,,,0.2525,0.305,10.38,93.02250000000001,0.38,230.91000000000003,0.0,0.0,72.4075,750.0,
2023-01-09 13:00:00,31.63,104.0,16.08,24.65,40.7275,11.2025,10.0025,1.33,21.615000000000002,0.7975000000000001,,,,0.2675,0.32,13.120000000000001,79.94,0.4675,215.425,0.0,0.0,169.57999999999998,750.0,
2023-01-09 14:00:00,47.96,138.425,18.642500000000002,28.575,47.2175,11.98,10.8375,1.4375,47.2825,0.865,,,,0.2875,0.345,14.2175,74.19500000000001,0.605,260.46500000000003,0.0,0.0,94.7525,750.0,
2023-01-09 15:00:00,59.22,159.38,17.7625,27.23,44.99,12.0825,11.79,1.3975,63.0575,0.8400000000000001,,,,0.28250000000000003,0.3375,13.57,76.2825,0.42,225.1525,0.0,0.0,37.7425,750.0,
2023-01-09 16:00:00,49.2,153.915,18.11,27.7625,45.875,10.6175,12.795,1.3425,50.870000000000005,0.8025,,,,0.27,0.32,12.59,83.365,0.225,191.755,0.0,0.0,16.28,750.0,
2023-01-09 17:00:00,47.67,139.845,16.490000000000002,25.2775,41.769999999999996,9.725,13.3925,1.395,22.085,0.8325,,,,0.2775,0.3325,9.715,93.6925,0.1225,146.53,0.0,0.0,1.7049999999999998,750.0,
2023-01-09 18:00:00,46.28,134.955,15.787500000000001,24.2,39.9875,9.8525,13.7175,1.745,4.3100000000000005,1.05,,,,0.3475,0.4225,7.7725,97.72749999999999,0.06,99.545,0.0,0.0,,750.0,
2023-01-09 19:00:00,62.41,162.57750000000001,16.5975,25.445,42.040000000000006,11.3425,14.275,2.525,,1.5175,,,,0.5075000000000001,0.61,7.02,99.5675,0.195,188.7025,0.0,0.0,,750.0,
2023-01-09 20:00:00,106.58,295.58000000000004,7.7575,11.8925,19.6475,11.61,14.5425,3.0025,,1.8025,,,,0.6,0.72,6.515,100.0,0.17,212.655,0.0,0.0,,750.0,
2023-01-09 21:00:00,103.59,282.83500000000004,0.275,0.415,0.345,11.0475,15.102500000000001,3.3449999999999998,,2.005,,,,0.6725,0.8025,6.0,100.0,0.1775,223.6125,0.0,0.0,,750.0,
2023-01-09 22:00:00,105.04,292.9425,,,0.0,9.815,14.65,3.4375,,2.06,,,,0.6875,0.825,6.195,100.0,0.175,188.8425,0.0,0.0,,750.0,
2023-01-09 23:00:00,104.45,294.505,2.63,4.035,3.335,8.525,14.01,2.8725,,1.72,,,,0.5700000000000001,0.6875,7.9025,100.0,0.20249999999999999,183.72,0.0,0.0,,750.0,
2023-01-10 00:00:00,80.53,248.05249999999998,12.7325,19.52,32.2525,10.585,13.785,1.8025,,1.0775000000000001,,,,0.36,0.43,8.407499999999999,100.0,0.5425,284.05,0.0,0.0,,750.0,
2023-01-10 01:00:00,33.47,108.9825,14.245,21.8325,36.0775,10.2675,13.622499999999999,1.4175,0.043333333333333335,0.85,,,,0.28250000000000003,0.3425,8.11,100.0,0.475,262.64,0.0,0.0,,750.0,
2023-01-10 02:00:00,29.17,85.785,10.3625,15.885,26.25,8.9225,13.9525,1.3050000000000002,0.435,0.785,,,,0.2625,0.315,7.955,100.0,0.395,264.09749999999997,0.0,0.0,,750.0,
2023-01-10 03:00:00,23.58,71.7975,5.4575,8.370000000000001,13.8275,7.8925,14.035,1.245,1.2275,0.745,,,,0.2475,0.2975,7.945,100.0,0.3975,243.245,0.0,0.0,,750.0,
2023-01-10 04:00:00,24.07,72.5725,7.5874999999999995,11.629999999999999,19.22,7.6075,14.219999999999999,1.2175,2.2525,0.73,,,,0.24,0.29,7.8775,100.0,0.40249999999999997,253.0225,0.0,0.0,,750.0,
2023-01-10 05:00:00,24.8,71.53,4.8825,7.485,12.370000000000001,7.62,14.4975,1.23,3.5949999999999998,0.73,,,,0.24,0.29,7.7325,100.0,0.3625,239.52,0.0,0.0,,750.0,
2023-01-10 06:00:00,22.49,77.7375,7.6075,11.66,19.265,7.755,14.535,1.2275,2.8649999999999998,0.73,,,,0.24,0.2925,7.73,100.0,0.325,215.3875,0.0,0.0,,750.0,
2023-01-10 07:00:00,20.96,75.1975,8.27,12.68,20.95,7.7975,14.16,1.2475,2.195,0.745,,,,0.2475,0.3,7.765,100.0,0.3325,223.4475,0.0,0.0,2.7933333333333334,750.0,
2023-01-10 08:00:00,21.63,71.79,7.8175,11.985,19.8,8.3675,14.7375,1.3250000000000002,1.095,0.7975,,,,0.265,0.32,7.9475,100.0,0.39749999999999996,238.905,0.0,0.0,11.817499999999999,750.0,
2023-01-10 09:00:00,25.77,72.435,2.7375,4.1975,6.9350000000000005,9.09,14.877500000000001,1.4449999999999998,0.3475,0.87,,,,0.2875,0.34750000000000003,8.3025,100.0,0.41000000000000003,223.49,0.0,0.0,24.965,750.0,
2023-01-10 10:00:00,26.69,93.095,7.2125,11.0525,18.265,10.42,15.195,1.6225,0.3175,0.975,,,,0.325,0.3925,8.8775,100.0,0.5125,251.68,0.0,0.0,35.13,750.0,
2023-01-10 11:00:00,41.29,127.89500000000001,9.432500000000001,14.459999999999999,23.892500000000002,11.175,15.2025,1.69,1.6125,1.0150000000000001,,,,0.3375,0.405,9.795,99.535,0.5075,239.1275,0.0,0.0,59.185,750.0,
2023-01-10 12:00:00,38.7,135.06,13.885000000000002,21.2875,35.175,12.595,15.9825,1.84,5.8825,1.105,,,,0.37,0.44,11.55,91.66499999999999,0.47250000000000003,234.35,0.0,0.0,82.7875,750.0,
2023-01-10 13:00:00,53.11,170.36,15.252500000000001,23.377499999999998,38.629999999999995,13.95,16.04,1.93,11.98,1.16,,,,0.3875,0.4625,13.2775,84.355,0.7025,251.795,0.0,0.0,137.5625,750.0,
2023-01-10 14:00:00,73.75,193.9325,13.825,21.1875,35.01,12.7925,15.905000000000001,1.6825,20.0975,1.01,,,,0.335,0.40249999999999997,14.2325,80.58,0.6,254.8425,0.0,0.0,104.815,750.0,
2023-01-10 15:00:00,53.7,149.45499999999998,11.875,18.2025,30.08,10.997499999999999,16.384999999999998,1.4975,27.3525,0.9025000000000001,,,,0.2975,0.3575,13.6875,83.47749999999999,0.49,253.9325,0.0,0.0,42.6575,750.0,
2023-01-10 16:00:00,49.39,136.255,6.6075,10.1275,16.74,10.1625,16.32,1.4375,26.585,0.8625,,,,0.2875,0.3425,13.3375,86.39750000000001,0.2475,209.625,0.0,0.0,24.805,750.0,
2023-01-10 17:00:00,45.88,132.2775,6.805,10.4275,17.2325,9.5525,16.42,1.48,12.545,0.89,,,,0.295,0.355,10.825,93.5375,0.2,192.7825,0.0,0.0,1.9,750.0,
2023-01-10 18:00:00,42.84,126.16,9.72,14.8975,24.6175,9.8875,16.0625,1.72,1.7950000000000002,1.0325,,,,0.345,0.415,8.65,98.33250000000001,0.23,211.6325,0.0,0.0,,750.0,
2023-01-10 19:00:00,55.27,150.22,7.915,12.13,20.0425,10.0375,16.0025,2.13,,1.2825,,,,0.4275,0.5125,7.925,99.87,0.21250000000000002,186.595,0.0,0.0,,750.0,
2023-01-10 20:00:00,57.33,170.0175,1.79,2.74,1.1325,9.54,16.5275,3.1325000000000003,,1.8875,,,,0.63,0.7525,7.325,100.0,0.1575,199.6075,0.0,0.0,,750.0,
2023-01-10 21:00:00,88.43,244.48250000000002,,,0.0,8.567499999999999,16.99,3.865,0.04,2.3225,,,,0.775,0.9275,6.720000000000001,100.0,0.095,143.0,0.0,0.0,,750.0,
2023-01-10 22:00:00,97.12,255.2975,,,0.0,7.795,17.177500000000002,4.645,0.3275,2.79,,,,0.9299999999999999,1.1175,6.36,100.0,0.14,193.20499999999998,0.0,0.0,,750.0,
2023-01-10 23:00:00,170.02,433.8375,,,0.0,7.495,16.665,4.8,0.2075,2.8825000000000003,,,,0.9575,1.1524999999999999,6.47,100.0,0.1225,180.55,0.0,0.0,,750.0,
2023-01-11 00:00:00,140.07,375.52,,,0.0,7.3975,16.1175,4.1175,,2.4675,,,,0.8225,0.985,7.5725,100.0,0.22000000000000003,218.56,0.0,0.0,,750.0,
2023-01-11 01:00:00,94.16,264.615,,,0.0,7.695,16.04,3.2725,,1.96,,,,0.6525,0.7825,8.235,100.0,0.25,220.70250000000001,0.0,0.0,,750.0,
2023-01-11 02:00:00,61.97,189.1175,,,0.0,7.635,15.7375,2.55,,1.5274999999999999,,,,0.5075000000000001,0.61,8.3825,100.0,0.22999999999999998,248.075,0.0,0.0,,750.0,
2023-01-11 03:00:00,44.06,129.8425,,,0.0,7.7825,15.532499999999999,2.1225,,1.2725,,,,0.4225,0.5075000000000001,8.4125,100.0,0.20750000000000002,203.10750000000002,0.0,0.0,,749.945,
2023-01-11 04:00:00,30.28,97.725,,,0.0,7.9725,15.4725,2.4175,,1.4575,,,,0.4875,0.585,8.4825,100.0,0.245,188.48,0.0,0.0,,749.7625,
2023-01-11 05:00:00,42.36,120.005,3.6266666666666665,5.56,6.8925,10.385,15.365,2.1399999999999997,0.505,1.28,,,,0.425,0.51,8.1225,100.0,0.38,235.94500000000002,0.0,0.0,,749.895,
2023-01-11 06:00:00,36.73,118.74,5.8100000000000005,8.905,14.7175,9.665,14.82,1.495,3.8725,0.8975,,,,0.3,0.3575,7.8825,100.0,0.27,168.7275,0.0,0.0,,750.0,
2023-01-11 07:00:00,26.06,85.21,4.922499999999999,7.5475,12.4675,8.3925,15.0575,1.2825,5.295,0.7675000000000001,,,,0.2575,0.3075,7.9775,100.0,0.2275,175.23,0.0,0.0,1.7966666666666669,750.0,
2023-01-11 08:00:00,24.19,92.9975,5.5025,8.434999999999999,13.9375,8.33,15.3475,1.2149999999999999,4.285,0.73,,,,0.2425,0.2925,8.315,100.0,0.2875,215.67000000000002,0.0,0.0,7.7,750.0,
2023-01-11 09:00:00,23.5,97.0875,6.012499999999999,9.217500000000001,15.237499999999999,8.4775,14.995000000000001,1.1975,3.95,0.7175,,,,0.24,0.28500000000000003,8.6325,100.0,0.24,187.58249999999998,0.0,0.0,18.7275,750.0,
2023-01-11 10:00:00,23.27,102.85749999999999,2.54,3.895,6.4375,8.5075,15.2675,1.225,4.8025,0.7375,,,,0.2425,0.295,8.9875,100.0,0.3025,167.1175,0.0,0.0,27.29,750.0,
2023-01-11 11:00:00,23.98,103.6675,3.6325000000000003,5.5675,9.2025,8.795,15.495000000000001,1.325,6.9525,0.7975,,,,0.265,0.3175,9.725,98.94,0.3525,202.12,0.0,0.0,43.3775,750.0,
2023-01-11 12:00:00,28.04,93.44,4.5575,6.9875,11.5475,11.252500000000001,12.0075,1.435,16.15,0.8625,,,,0.28500000000000003,0.345,11.057500000000001,90.6275,0.35250000000000004,207.8475,0.0,0.0,63.587500000000006,750.0,
2023-01-11 13:00:00,33.24,113.48249999999999,2.2199999999999998,3.4025,5.62,11.407499999999999,8.1025,1.4175,20.5525,0.85,,,,0.28,0.34,13.432500000000001,80.8875,0.39749999999999996,160.1575,0.0,0.0,142.2,750.0,
2023-01-11 14:00:00,46.33,116.06,4.105,6.297499999999999,10.4,10.605,9.21,1.41,29.130000000000003,0.845,,,,0.285,0.335,14.685,76.1725,0.395,167.2175,0.0,0.0,95.3525,749.765,
2023-01-11 15:00:00,42.76,106.24000000000001,5.41,8.29,13.705,9.905,11.47,1.455,30.5375,0.875,,,,0.29,0.3475,13.7875,80.08250000000001,0.3825,171.0925,0.0,0.0,46.0325,749.385,
2023-01-11 16:00:00,44.67,121.9325,5.5925,8.57,14.1625,11.125,10.71,1.365,44.5675,0.8225,,,,0.275,0.3275,12.475,86.105,0.1925,149.0275,0.0,0.0,19.62,749.16,
2023-01-11 17:00:00,43.6,117.71249999999999,2.6075,3.9975,6.605,9.525,10.925,1.3275000000000001,19.105,0.795,,,,0.2675,0.3175,9.875,93.89,0.0975,108.02250000000001,0.0,0.0,1.9266666666666667,749.245,
2023-01-11 18:00:00,41.77,116.875,0.4,0.62,0.255,8.1325,11.2575,1.2725,7.06,0.7675000000000001,,,,0.2575,0.3075,8.167499999999999,98.2775,0.19,221.055,0.0,0.0,,749.4925000000001,
2023-01-11 19:00:00,39.8,108.865,0.29500000000000004,0.45499999999999996,0.375,7.82,11.629999999999999,1.2650000000000001,2.725,0.7625,,,,0.255,0.305,7.4125,99.73,0.14,182.53,0.0,0.0,,749.755,
2023-01-11 20:00:00,38.95,115.5275,3.34,5.12,8.4625,7.385,12.055,1.36,0.33999999999999997,0.8175,,,,0.2725,0.3275,6.5525,100.0,0.125,190.29000000000002,0.0,0.0,,749.985,
2023-01-11 21:00:00,42.55,118.97,0.89,1.3666666666666665,1.7,7.0725,12.82,1.42,,0.8525,,,,0.28500000000000003,0.3425,6.1975,100.0,0.14500000000000002,211.14499999999998,0.0,0.0,,750.0,
2023-01-11 22:00:00,42.44,124.99249999999999,0.83,1.2725,2.105,7.025,12.7375,1.5725,,0.9475,,,,0.315,0.38,6.1075,100.0,0.0975,123.97749999999999,0.0,0.0,,750.0,
2023-01-11 23:00:00,49.6,129.16500000000002,0.42,0.64,0.2675,6.795,12.67,1.6524999999999999,,0.995,,,,0.3325,0.3975,5.922499999999999,100.0,0.1875,223.2825,0.0,0.0,,749.985,
2023-01-12 00:00:00,49.73,135.7725,0.2,0.305,0.255,6.9025,12.5125,1.6675,0.08499999999999999,1.0,,,,0.335,0.40249999999999997,6.5375,100.0,0.18,186.52,0.0,0.0,,749.5975,
2023-01-12 01:00:00,40.61,115.785,0.11,0.16,0.0675,7.3125,12.6775,1.57,0.12,0.9424999999999999,,,,0.3125,0.38,7.495,100.0,0.325,228.26749999999998,0.0,0.0,,749.3775,
2023-01-12 02:00:00,33.81,99.785,0.5633333333333334,0.8633333333333333,1.0675,7.3175,12.77,1.52,0.02,0.9175,,,,0.3025,0.365,7.71,100.0,0.1875,155.8125,0.0,0.0,,749.3,
2023-01-12 03:00:00,31.08,89.4625,0.04,0.06,0.025,7.1575,13.0425,1.4849999999999999,,0.8925000000000001,,,,0.2975,0.3575,8.1775,100.0,0.31,204.99,0.0,0.0,,748.8225,
2023-01-12 04:00:00,30.09,93.08000000000001,0.055,0.08,0.0675,7.4025,13.58,1.45,,0.8674999999999999,,,,0.2875,0.345,8.6125,100.0,0.4025,217.935,0.0,0.0,,748.4425,
2023-01-12 05:00:00,29.97,91.3825,0.1,0.155,0.1275,8.865,13.7575,1.455,,0.875,,,,0.29,0.35,8.82,100.0,0.1725,178.11,0.0,0.0,,748.485,
2023-01-12 06:00:00,27.2,86.095,1.0466666666666666,1.6033333333333333,1.9875,9.335,13.805,1.4249999999999998,,0.855,,,,0.28500000000000003,0.3425,8.855,100.0,0.29,183.71,0.0,0.0,,748.62,
2023-01-12 07:00:00,25.28,94.08250000000001,1.0725,1.645,2.715,8.895,14.2,1.4,0.28500000000000003,0.84,,,,0.28,0.3375,8.7875,100.0,0.2825,195.785,0.0,0.0,1.77,748.9425,
2023-01-12 08:00:00,26.4,79.7325,2.6350000000000002,4.0375,6.67,8.51,14.81,1.495,0.485,0.9,,,,0.2975,0.3625,9.1175,100.0,0.285,199.1575,0.0,0.0,14.3625,749.415,
2023-01-12 09:00:00,31.79,87.2,2.145,3.2825,5.425,8.7375,14.805,1.6075000000000002,0.5275,0.9675,,,,0.3225,0.3825,9.495000000000001,100.0,0.3625,231.6875,0.0,0.0,22.0425,749.94,
2023-01-12 10:00:00,36.48,112.7075,1.3,1.995,3.295,8.6075,15.1575,1.56,1.665,0.94,,,,0.315,0.3775,10.0075,100.0,0.28500000000000003,230.1975,0.0,0.0,28.5875,750.0,
2023-01-12 11:00:00,29.8,92.80000000000001,1.395,2.1375,3.535,8.54,14.99,1.5375,3.285,0.925,,,,0.305,0.37,11.0825,99.435,0.3425,204.16,0.0,0.0,55.1925,749.8625,
2023-01-12 12:00:00,34.19,108.645,3.0549999999999997,4.68,7.735,8.895,15.764999999999999,1.4675,12.715,0.885,,,,0.29,0.35,13.915,86.2425,0.4775,230.6125,0.0,0.0,162.475,749.08,
2023-01-12 13:00:00,37.34,108.37,3.955,6.0575,10.004999999999999,9.8025,16.447499999999998,1.49,36.3425,0.895,,,,0.2975,0.3575,17.4625,71.9925,0.3925,156.4275,0.0,0.0,173.96,748.2325000000001,
2023-01-12 14:00:00,48.41,130.37,1.47,2.255,3.73,9.81,16.9675,1.4525,55.49,0.8725,,,,0.29,0.35,18.2025,69.7625,0.3825,154.385,0.0,0.0,91.105,747.59,
2023-01-12 15:00:00,49.14,143.71499999999997,1.6875,2.5825,4.2675,9.4225,17.0975,1.3450000000000002,64.63,0.805,,,,0.27,0.3225,17.39,73.14,0.26,143.47,0.0,0.0,40.11,747.2125,
2023-01-12 16:00:00,43.6,128.1375,3.5075000000000003,5.3774999999999995,8.885,8.9575,17.62,1.29,48.675,0.7725,,,,0.26,0.31,15.68,83.105,0.1625,120.675,0.0,0.0,17.8175,747.2625,
2023-01-12 17:00:00,42.55,122.635,3.245,4.9775,8.225,8.2425,17.9375,1.2275,20.965,0.7324999999999999,,,,0.24,0.2925,13.0125,92.265,0.045,84.0075,0.0,0.0,2.21,747.365,
2023-01-12 18:00:00,41.35,112.8175,1.465,2.245,3.7125,7.3774999999999995,17.6575,1.295,5.3025,0.7775000000000001,,,,0.2575,0.31,11.29,97.11500000000001,0.1275,166.96,0.0,0.0,,747.61,
2023-01-12 19:00:00,40.95,114.18249999999999,0.3666666666666667,0.5566666666666666,0.6925,6.8149999999999995,17.517500000000002,1.3525,0.35250000000000004,0.815,,,,0.2725,0.3275,10.82,98.99,0.135,165.20499999999998,0.0,0.0,,747.9525,
2023-01-12 20:00:00,40.63,118.1875,0.065,0.095,0.0775,7.0375,17.302500000000002,1.7275,0.21000000000000002,1.0375,,,,0.3475,0.415,10.3675,99.8925,0.165,150.695,0.0,0.0,,748.2249999999999,
2023-01-12 21:00:00,65.31,180.93,,,0.0,6.99,17.5675,1.84,0.1325,1.1,,,,0.3675,0.44,9.6725,100.0,0.11750000000000001,138.2425,0.0,0.0,,748.5024999999999,
2023-01-12 22:00:00,61.76,168.3875,,,0.0,6.9725,17.105,1.9075,0.24,1.145,,,,0.3825,0.455,9.4125,100.0,0.14250000000000002,125.38499999999999,0.0,0.0,,748.5074999999999,
2023-01-12 23:00:00,63.19,174.22,0.28500000000000003,0.435,0.3575,6.8175,16.585,1.8275000000000001,0.14,1.0925,,,,0.365,0.435,8.942499999999999,100.0,0.18,210.4675,0.0,0.0,,748.4375,
2023-01-13 00:00:00,58.91,165.845,,,0.0,6.3575,16.105,1.7325,0.125,1.0375,,,,0.345,0.415,8.545,100.0,0.2025,225.83499999999998,0.0,0.0,,748.28,
2023-01-13 01:00:00,57.08,155.84,0.17,0.26,0.11,6.2075000000000005,15.635000000000002,1.6624999999999999,0.03333333333333333,1.0,,,,0.335,0.3975,8.37,100.0,0.14,173.78,0.0,0.0,,748.2275,
2023-01-13 02:00:00,54.05,146.5075,,,0.0,6.2025,15.897499999999999,1.6025,0.03,0.9624999999999999,,,,0.32,0.3825,8.315,100.0,0.1925,169.22500000000002,0.0,0.0,,747.7775,
2023-01-13 03:00:00,48.45,135.87,,,0.0,5.92,15.8025,1.625,0.06,0.98,,,,0.3275,0.39,8.2625,100.0,0.16749999999999998,181.87,0.0,0.0,,747.54,
2023-01-13 04:00:00,47.29,134.57,,,0.0,5.9799999999999995,15.690000000000001,1.5975000000000001,0.04,0.9624999999999999,,,,0.32,0.3825,8.907499999999999,100.0,0.155,140.53,0.0,0.0,,747.4100000000001,
2023-01-13 05:00:00,45.53,138.085,,,0.0,6.0925,15.8975,1.545,0.03,0.9275,,,,0.3075,0.3725,9.307500000000001,100.0,0.1575,128.3875,0.0,0.0,,747.675,
2023-01-13 06:00:00,46.75,134.84,,,0.0,6.24,16.145,1.505,0.03,0.905,,,,0.3,0.36,8.9775,100.0,0.1575,119.51,0.0,0.0,,748.1175000000001,
2023-01-13 07:00:00,45.7,140.3475,,,0.0,6.4125,16.215,1.475,0.04,0.8875,,,,0.2925,0.355,9.39,100.0,0.11750000000000001,140.84,0.0,0.0,6.29,748.6800000000001,
2023-01-13 08:00:00,45.17,139.7825,,,0.0,6.775,15.8425,1.5525,0.3766666666666667,0.9325,,,,0.31,0.3725,11.1475,100.0,0.125,159.26999999999998,0.0,0.0,27.5175,749.5625,
2023-01-13 09:00:00,46.6,151.26,0.06,0.09,0.0375,8.4375,16.6925,1.6925,1.2725,1.0175,,,,0.34,0.4075,12.225,100.0,0.245,189.555,0.0,0.0,28.3125,749.98,
2023-01-13 10:00:00,56.66,179.6275,4.8149999999999995,7.3825,12.2,11.2625,16.84,1.7650000000000001,5.3625,1.0575,,,,0.3525,0.425,13.43,100.0,0.20249999999999999,164.0275,0.0,0.0,38.042500000000004,750.0,
2023-01-13 11:00:00,56.97,202.1,4.5725,7.01,11.5825,12.594999999999999,15.8,1.7,9.344999999999999,1.0225,,,,0.34,0.41,14.504999999999999,97.8675,0.235,175.0,0.0,0.0,42.26,749.9375,
2023-01-13 12:00:00,58.38,194.745,6.859999999999999,10.515,17.377499999999998,14.285,11.4725,1.8675,17.185000000000002,1.1225,,,,0.3725,0.45,16.2425,87.6525,0.27749999999999997,156.2,0.0,0.0,56.1125,749.1725,
2023-01-13 13:00:00,82.11,231.39999999999998,5.6925,8.725,14.42,12.28,12.56,1.595,31.067500000000003,0.9525,,,,0.3175,0.38,18.69,76.5875,0.4425,188.39249999999998,0.0,0.0,105.74249999999999,748.435,
2023-01-13 14:00:00,67.47,192.95250000000001,3.96,6.0649999999999995,10.025,11.567499999999999,12.185,1.4249999999999998,51.3975,0.855,,,,0.28250000000000003,0.34,20.0075,71.965,0.4525,213.3525,0.0,0.0,100.91,748.02,
2023-01-13 15:00:00,60.9,169.965,6.455,9.8925,16.3475,9.7475,12.6075,1.3325,54.6425,0.7975,,,,0.2675,0.3175,19.192500000000003,73.42,0.3875,163.01,0.0,0.0,41.425,747.7149999999999,
2023-01-13 16:00:00,56.36,152.9025,7.0825000000000005,10.85,17.935,9.0175,14.27,1.2775,50.39,0.77,,,,0.26,0.31,17.765,80.07249999999999,0.3,181.41,0.0,0.0,18.3925,747.735,
2023-01-13 17:00:00,55.57,151.13750000000002,6.390000000000001,9.7975,16.182499999999997,8.3275,15.215,1.2475,23.645,0.75,,,,0.2475,0.3025,14.955,91.5925,0.18000000000000002,174.17000000000002,0.0,0.0,3.305,748.0350000000001,
2023-01-13 18:00:00,54.41,145.7175,1.6150000000000002,2.4775,4.09,7.4475,15.440000000000001,1.2149999999999999,6.7725,0.73,,,,0.24,0.29,12.809999999999999,96.9125,0.10250000000000001,175.83,0.0,0.0,,748.3875,
2023-01-13 19:00:00,48.95,137.8425,2.6475,4.0575,6.702500000000001,6.8925,15.1525,1.225,3.0375,0.7324999999999999,,,,0.2425,0.2925,11.8375,98.725,0.1,119.3825,0.0,0.0,,748.765,
2023-01-13 20:00:00,48.51,136.9925,3.035,4.6525,7.6899999999999995,6.6175,15.094999999999999,1.3775,1.2275,0.8300000000000001,,,,0.275,0.33,11.215,99.75,0.095,117.67,0.0,0.0,,749.0525,
2023-01-13 21:00:00,50.67,139.2775,3.64,5.585,9.225,6.8675,15.045,1.6075,0.8,0.965,,,,0.3225,0.3875,10.915,100.0,0.2475,212.2825,0.0,0.0,,749.3725,
2023-01-13 22:00:00,64.11,164.865,2.4475,3.7449999999999997,6.192500000000001,6.615,14.815,1.6275,0.68,0.9775,,,,0.325,0.3925,10.41,100.0,0.11499999999999999,124.7475,0.0,0.0,,749.4575,
2023-01-13 23:00:00,59.39,165.4175,2.3625,3.625,5.99,6.575,14.6575,1.7175,0.7675,1.0325,,,,0.3425,0.4125,9.9625,100.0,0.155,186.35,0.0,0.0,,749.1525,
2023-01-14 00:00:00,63.29,167.06,4.195,6.43,10.6275,6.5825,14.5625,1.7175,0.7925,1.03,,,,0.34,0.41,9.594999999999999,100.0,0.11666666666666668,158.36,0.0,0.0,,748.8675000000001,
2023-01-14 01:00:00,65.86,169.9175,2.5475,3.9025,6.4475,6.5649999999999995,14.5075,1.665,0.52,0.9975,,,,0.3325,0.4,9.4725,100.0,0.13,120.005,0.0,0.0,,748.6675,
2023-01-14 02:00:00,62.2,161.13,4.9625,7.6049999999999995,12.5625,6.6675,14.395,1.5975000000000001,0.44,0.96,,,,0.32,0.3825,9.225,100.0,0.125,157.86,0.0,0.0,,748.3875,
2023-01-14 03:00:00,60.98,156.59,20.5325,31.475,52.0075,6.529999999999999,14.1025,1.5425,0.19,0.9275,,,,0.31,0.3725,8.83,100.0,0.23500000000000001,201.4375,0.0,0.0,,748.2275,
2023-01-14 04:00:00,56.8,157.66,33.9725,52.0775,86.05250000000001,6.5175,14.0825,1.46,0.14,0.88,,,,0.29,0.35,8.625,100.0,0.2075,200.4475,0.0,0.0,,748.165,
2023-01-14 05:00:00,55.08,142.565,19.185,29.4075,48.585,6.2225,14.0975,1.4075,0.0875,0.845,,,,0.28,0.34,8.4775,100.0,0.215,186.16750000000002,0.0,0.0,,748.485,
2023-01-14 06:00:00,51.37,135.5325,12.162500000000001,18.645,30.805,5.9,14.215,1.43,0.04,0.8574999999999999,,,,0.28500000000000003,0.3425,8.4125,100.0,0.23249999999999998,232.79250000000002,0.0,0.0,,749.0775,
2023-01-14 07:00:00,49.43,136.9525,11.64,17.845,29.4825,5.925,13.915,1.45,0.045,0.87,,,,0.2875,0.3475,8.6,100.0,0.225,199.0075,0.0,0.0,9.32,749.5575,
2023-01-14 08:00:00,53.7,140.51500000000001,10.655000000000001,16.33,26.98,5.865,14.1675,1.4925,0.9025,0.8975,,,,0.2975,0.36,10.5375,100.0,0.32,249.1075,0.0,0.0,34.480000000000004,749.96,
2023-01-14 09:00:00,47.67,132.83999999999997,24.845,38.0875,62.9325,11.192499999999999,14.1375,1.49,15.192499999999999,0.895,,,,0.2975,0.355,12.81,98.1925,0.6025,269.90500000000003,0.0,0.0,54.405,750.0,
2023-01-14 10:00:00,60.31,177.565,18.107499999999998,27.759999999999998,45.8675,10.6725,15.07,1.245,45.6225,0.745,,,,0.2475,0.2975,17.7525,76.285,0.6325000000000001,246.91750000000002,0.0,0.0,207.17000000000002,750.0,
2023-01-14 11:00:00,55.34,160.9175,7.3100000000000005,11.2,18.509999999999998,8.875,16.655,1.0050000000000001,70.0675,0.6025,,,,0.2,0.24,22.4625,58.692499999999995,0.74,245.225,0.0,0.0,281.71,750.0,
2023-01-14 12:00:00,47.21,144.965,7.265000000000001,11.1325,18.4,8.105,18.4925,0.825,85.0575,0.49,,,,0.1625,0.195,24.7725,52.6075,0.655,217.5475,0.0,0.0,260.6175,749.75,
2023-01-14 13:00:00,39.23,122.8475,9.2775,14.2175,23.497500000000002,7.6125,21.5,0.675,94.1625,0.4075,,,,0.1375,0.16,24.76,52.1425,0.7425,231.4625,0.0,0.0,190.1725,749.1500000000001,
2023-01-14 14:00:00,32.23,104.065,11.4525,17.552500000000002,29.0075,7.7525,23.7575,0.6825,94.045,0.4125,,,,0.135,0.165,23.275,60.4525,0.885,244.3825,0.0,0.0,98.92500000000001,748.74,
2023-01-14 15:00:00,34.99,114.69,11.4675,17.58,29.05,7.955,22.134999999999998,0.77,75.555,0.46,,,,0.1525,0.185,20.7275,69.62,0.895,275.835,0.0,0.0,43.167500000000004,748.6475,
2023-01-14 16:00:00,35.99,124.0825,10.7625,16.497500000000002,27.259999999999998,8.1425,22.3975,0.8375,49.927499999999995,0.505,,,,0.1675,0.2025,18.1525,77.985,0.7424999999999999,253.6925,0.0,0.0,20.7375,748.6775,
2023-01-14 17:00:00,33.64,109.965,13.11,20.095,33.205,8.5725,21.4375,0.8674999999999999,28.305,0.5175000000000001,,,,0.17250000000000001,0.20750000000000002,15.4925,87.88499999999999,0.735,251.8525,0.0,0.0,3.33,748.985,
2023-01-14 18:00:00,38.2,133.17249999999999,11.1275,17.055,28.18,8.845,20.8425,0.9025000000000001,21.6825,0.54,,,,0.18,0.22,14.2425,92.99,0.69,258.28,0.0,0.0,,749.475,
2023-01-14 19:00:00,41.03,131.5675,26.064999999999998,39.9525,66.02,8.850000000000001,19.9325,0.9025000000000001,25.395,0.5375000000000001,,,,0.1775,0.215,14.3875,92.91,0.795,233.39499999999998,0.0,0.0,,749.96,
2023-01-14 20:00:00,39.73,137.5025,26.755,41.010000000000005,67.765,8.629999999999999,19.105,0.845,33.9675,0.5025,,,,0.17,0.2025,14.93,89.2975,0.81,258.4425,0.0,0.0,,750.0,
2023-01-14 21:00:00,37.38,130.5,27.71,42.4725,70.1825,7.907500000000001,18.9625,0.75,37.195,0.45,,,,0.1475,0.1775,14.95,87.9675,0.74,264.58500000000004,0.0,0.0,,750.0,
2023-01-14 22:00:00,34.94,115.295,32.5525,49.895,82.44749999999999,8.035,18.45,0.7024999999999999,42.504999999999995,0.425,,,,0.14,0.17,14.94,87.72,0.865,269.91499999999996,0.0,0.0,,750.0,
2023-01-14 23:00:00,42.5,136.1675,30.98,47.485,78.465,8.155000000000001,18.345,0.6825,36.730000000000004,0.41,,,,0.14,0.1625,14.192499999999999,89.8,0.5475,246.51999999999998,0.0,0.0,,750.0,
2023-01-15 00:00:00,41.68,141.73250000000002,31.32,48.0075,79.325,8.4775,18.2575,0.67,28.244999999999997,0.405,,,,0.1325,0.16,12.9475,94.5525,0.54,227.5675,0.0,0.0,,749.995,
2023-01-15 01:00:00,36.35,137.65,31.29,47.9625,79.25,8.455,17.9875,0.6275,38.415,0.375,,,,0.125,0.15,13.2075,90.4175,0.6975,259.9325,0.0,0.0,,749.7775,
2023-01-15 02:00:00,41.33,136.5525,27.68,42.43,70.1075,8.2275,17.585,0.585,31.085,0.3525,,,,0.12,0.14,11.735,94.68,0.3325,193.57,0.0,0.0,,749.4925000000001,
2023-01-15 03:00:00,37.57,128.6375,28.5025,43.69,72.1925,7.8175,17.3075,0.5725,26.68,0.3475,,,,0.12,0.14,11.0125,97.8725,0.5700000000000001,217.2775,0.0,0.0,,749.245,
2023-01-15 04:00:00,32.78,117.5925,25.4125,38.9525,64.365,7.685,16.9775,0.56,27.3925,0.34,,,,0.11,0.14,11.705,93.4875,0.5575,259.6225,0.0,0.0,,749.1225,
2023-01-15 05:00:00,34.82,118.995,37.195,57.0175,94.215,7.5675,16.46,0.56,24.134999999999998,0.34,,,,0.11,0.14,11.535,94.08,0.665,257.965,0.0,0.0,,749.3125,
2023-01-15 06:00:00,32.87,109.7775,33.6,51.5025,85.1075,7.4825,16.5125,0.55,25.1725,0.3325,,,,0.1075,0.135,11.225,94.6725,0.7424999999999999,247.98000000000002,0.0,0.0,,749.8675000000001,
2023-01-15 07:00:00,30.28,117.46249999999999,34.69,53.175,87.86500000000001,7.2,16.12,0.5025,28.634999999999998,0.3025,,,,0.1,0.12,10.785,92.745,0.5475,243.41,0.0,0.0,9.71,750.0,
2023-01-15 08:00:00,27.97,90.7525,42.730000000000004,65.4975,108.22749999999999,7.3175,16.005,0.5025,29.3675,0.3,,,,0.1,0.12,10.8675,90.15,0.7775,252.42,0.0,0.0,43.9575,750.0,
2023-01-15 09:00:00,28.12,95.38749999999999,40.542500000000004,62.144999999999996,102.685,7.445,15.89,0.5,31.012500000000003,0.3,,,,0.1,0.12,11.907499999999999,84.8275,0.845,264.11,0.0,0.0,72.7825,750.0,
2023-01-15 10:00:00,30.97,106.6775,42.825,65.6375,108.4625,7.37,16.32,0.47,42.83,0.2825,,,,0.095,0.1125,14.844999999999999,73.495,0.685,247.7425,0.0,0.0,223.515,750.0,
2023-01-15 11:00:00,31.33,102.14500000000001,38.605,59.18,97.79,7.2975,16.8425,0.425,58.925,0.255,,,,0.08499999999999999,0.10250000000000001,18.3875,59.9675,0.8,248.94,0.0,0.0,301.1975,750.0,
2023-01-15 12:00:00,23.81,83.58500000000001,39.2875,60.225,99.5075,6.8925,17.6725,0.3325,73.77,0.1975,,,,0.065,0.0775,19.65,51.2575,0.975,261.6325,0.0,0.0,290.1875,749.9275,
2023-01-15 13:00:00,18.29,76.1775,37.7525,57.8725,95.625,6.5625,18.78,0.27,86.5625,0.1625,,,,0.055,0.065,20.0775,44.9475,1.055,247.32250000000002,0.0,0.0,229.5675,749.275,
2023-01-15 14:00:00,14.09,63.41,39.9025,61.165,101.0675,6.4625,20.0875,0.2275,95.67,0.14,,,,0.0425,0.052500000000000005,19.195,44.3225,0.855,247.315,0.0,0.0,113.575,748.815,
2023-01-15 15:00:00,9.13,51.03,43.79,67.1225,110.9175,6.315,21.2225,0.2,101.225,0.12,,,,0.04,0.0475,17.5625,47.6175,0.7025,245.965,0.0,0.0,30.28,748.375,
2023-01-15 16:00:00,11.97,60.089999999999996,34.042500000000004,52.1775,86.22,6.875,19.9325,0.18,108.6525,0.1075,,,,0.035,0.04,16.005,51.9475,0.5025,211.2425,0.0,0.0,14.5825,748.32,
2023-01-15 17:00:00,7.46,47.1275,38.0425,58.3125,96.355,7.422499999999999,14.3425,0.1625,94.2175,0.095,,,,0.0325,0.0375,13.28,64.44,0.37,167.9,0.0,0.0,2.545,748.6575,
2023-01-15 18:00:00,6.93,41.8125,50.6125,77.58,128.1875,7.3225,10.7425,0.2475,65.8325,0.15,,,,0.0475,0.0575,10.0225,80.4825,0.20500000000000002,164.4925,0.0,0.0,,748.9175,
2023-01-15 19:00:00,10.19,53.162499999999994,54.3475,83.3075,137.6575,8.4175,11.31,0.49,43.4125,0.295,,,,0.1,0.11750000000000001,7.904999999999999,88.5525,0.2075,172.87,0.0,0.0,,749.6475,
2023-01-15 20:00:00,21.46,79.535,50.915,78.0425,128.96,9.2975,11.6725,0.6975,31.65,0.42,,,,0.1375,0.165,6.9875,93.8775,0.1875,224.7475,0.0,0.0,,749.965,
2023-01-15 21:00:00,28.41,90.8825,57.415,88.0,145.415,9.870000000000001,11.98,0.835,26.0725,0.4975,,,,0.17,0.2,6.545,96.145,0.215,205.35500000000002,0.0,0.0,,750.0,
2023-01-15 22:00:00,31.81,105.625,57.9475,88.825,146.775,9.9275,12.11,0.8474999999999999,20.8375,0.5075000000000001,,,,0.17,0.2,5.9725,97.52,0.225,223.2125,0.0,0.0,,750.0,
2023-01-15 23:00:00,29.67,101.9125,51.4225,78.82,130.2425,9.4625,11.977500000000001,0.7475,22.009999999999998,0.4475,,,,0.14750000000000002,0.1775,5.885,99.08,0.28250000000000003,222.2925,0.0,0.0,,750.0,
2023-01-16 00:00:00,29.25,98.1275,51.4725,78.89750000000001,130.3725,9.295,11.9475,0.6225,17.18,0.375,,,,0.125,0.15000000000000002,5.71,99.815,0.28500000000000003,230.2825,0.0,0.0,,750.0,
2023-01-16 01:00:00,28.22,82.405,51.3425,78.705,130.05,8.765,11.745,0.515,14.15,0.31,,,,0.10250000000000001,0.1225,5.505,100.0,0.245,222.6825,0.0,0.0,,749.8525,
2023-01-16 02:00:00,22.26,73.33,48.905,74.965,123.8775,7.7475,11.6125,0.43,14.2225,0.2575,,,,0.0875,0.10250000000000001,5.155,100.0,0.23249999999999998,214.0,0.0,0.0,,749.7149999999999,
2023-01-16 03:00:00,20.81,62.739999999999995,45.4325,69.64,115.07249999999999,6.905,11.4475,0.37,15.8825,0.22,,,,0.07250000000000001,0.09,5.18,100.0,0.2475,234.57,0.0,0.0,,749.5125,
2023-01-16 04:00:00,19.28,61.45,45.4225,69.6275,115.0475,6.6125,11.3925,0.3375,17.7375,0.2025,,,,0.07,0.08,5.4175,100.0,0.2,208.0375,0.0,0.0,,749.6125,
2023-01-16 05:00:00,15.79,61.205,47.495,72.8075,120.30749999999999,6.67,11.3625,0.3125,20.705,0.19,,,,0.06,0.07,5.175,100.0,0.2425,226.375,0.0,0.0,,749.845,
2023-01-16 06:00:00,16.72,64.0275,50.155,76.8825,127.0375,6.77,11.565,0.3,15.125,0.175,,,,0.06,0.07,4.654999999999999,100.0,0.2425,193.4375,0.0,0.0,,750.0,
2023-01-16 07:00:00,16.17,58.6875,46.2675,70.92,117.1875,6.8525,11.3225,0.3075,13.504999999999999,0.1825,,,,0.0625,0.07250000000000001,4.9725,100.0,0.32,246.095,0.0,0.0,9.175,750.0,
2023-01-16 08:00:00,17.09,60.85,51.53,78.985,130.515,7.8149999999999995,11.4625,0.4075,24.985,0.2475,,,,0.085,0.095,6.8425,99.97749999999999,0.3075,227.0875,0.0,0.0,28.84,750.0,
2023-01-16 09:00:00,20.35,85.5525,54.185,83.0575,137.245,9.545,12.09,0.4975,48.135,0.3,,,,0.1,0.12,10.620000000000001,74.24249999999999,0.45999999999999996,254.8025,0.0,0.0,46.02,750.0,
2023-01-16 10:00:00,28.94,115.5625,49.9725,76.595,126.5675,9.6475,14.61,0.3825,78.6725,0.23,,,,0.0775,0.0925,15.614999999999998,55.620000000000005,0.51,220.87,0.0,0.0,225.4175,750.0,
2023-01-16 11:00:00,19.36,98.77499999999999,40.3425,61.8375,102.175,9.5775,15.6475,0.2975,110.515,0.18,,,,0.060000000000000005,0.0725,19.244999999999997,45.7225,0.6425,233.35500000000002,0.0,0.0,310.475,750.0,
2023-01-16 12:00:00,18.33,91.88,39.045,59.8525,98.9,7.94,15.06,0.2475,99.125,0.1475,,,,0.05,0.06,20.365000000000002,43.165,0.6799999999999999,223.79500000000002,0.0,0.0,300.2875,750.0,
2023-01-16 13:00:00,15.71,72.9725,34.64,53.095,87.7325,7.5925,16.1275,0.2175,98.1275,0.135,,,,0.04,0.05,20.8025,41.7825,0.66,220.54250000000002,0.0,0.0,215.62,750.0,
2023-01-16 14:00:00,12.41,62.11,32.935,50.485,83.42,7.31,16.725,0.215,93.785,0.135,,,,0.04,0.05,19.9975,45.0625,0.505,221.3775,0.0,0.0,115.875,749.9975,
2023-01-16 15:00:00,14.03,61.35,26.495,40.615,67.11,7.4175,16.73,0.2125,103.19749999999999,0.1325,,,,0.04,0.05,17.9275,51.72,0.4225,202.4025,0.0,0.0,40.47,749.6825,
2023-01-16 16:00:00,15.31,66.1525,27.5125,42.1725,69.685,7.635,15.34,0.1925,90.34,0.11499999999999999,,,,0.04,0.045,16.0225,62.144999999999996,0.25,177.1725,0.0,0.0,19.6875,749.5875,
2023-01-16 17:00:00,15.01,65.4925,28.759999999999998,44.0775,72.8375,7.36,14.129999999999999,0.21000000000000002,67.9375,0.1275,,,,0.04,0.052500000000000005,12.3675,79.5075,0.0875,97.455,0.0,0.0,3.8850000000000002,749.8975,
2023-01-16 18:00:00,15.18,59.292500000000004,28.8425,44.207499999999996,73.0475,7.215,12.4675,0.2875,54.6325,0.175,,,,0.055,0.0675,9.0725,91.05,0.1575,176.5875,0.0,0.0,,750.0,
2023-01-16 19:00:00,13.94,61.3025,42.8025,65.61,108.4125,9.967500000000001,12.435,0.825,20.6375,0.4975,,,,0.1675,0.1975,7.592499999999999,95.39750000000001,0.235,228.35,0.0,0.0,,750.0,
2023-01-16 20:00:00,43.22,148.4075,38.18,58.53,96.7125,12.645,12.39,1.1025,18.7675,0.6625000000000001,,,,0.22,0.26,6.93,97.4525,0.2125,225.22,0.0,0.0,,750.0,
2023-01-16 21:00:00,40.8,144.9025,36.0,55.185,91.185,11.465,12.425,1.08,18.185000000000002,0.6475,,,,0.2175,0.26,6.72,98.825,0.2325,222.8375,0.0,0.0,,750.0,
2023-01-16 22:00:00,40.61,122.9375,31.7375,48.6475,80.3825,10.3275,12.3125,0.9450000000000001,22.1825,0.5675,,,,0.1875,0.225,6.78,99.56,0.1625,163.52249999999998,0.0,0.0,,750.0,
2023-01-16 23:00:00,33.56,107.7775,29.712500000000002,45.5425,75.2575,8.7125,12.265,0.6950000000000001,31.455,0.4175,,,,0.135,0.1675,6.44,99.89,0.20500000000000002,210.10750000000002,0.0,0.0,,750.0,
2023-01-17 00:00:00,28.54,91.6225,27.9225,42.8025,70.725,7.8675,12.067499999999999,0.56,27.810000000000002,0.34,,,,0.1125,0.135,6.0,100.0,0.2675,245.05,0.0,0.0,,750.0,
2023-01-17 01:00:00,25.83,83.13,29.7225,45.5625,75.2875,7.925,12.307500000000001,0.5425,15.0425,0.3225,,,,0.11,0.13,5.9275,100.0,0.27,240.395,0.0,0.0,,750.0,
2023-01-17 02:00:00,24.63,82.45,25.765,39.4925,65.2525,7.65,11.962499999999999,0.535,13.545,0.32,,,,0.10250000000000001,0.13,5.824999999999999,100.0,0.245,233.085,0.0,0.0,,750.0,
2023-01-17 03:00:00,28.16,84.8275,28.9225,44.3275,73.2475,7.645,11.995000000000001,0.52,12.0275,0.315,,,,0.1,0.125,5.672499999999999,100.0,0.28500000000000003,237.365,0.0,0.0,,750.0,
2023-01-17 04:00:00,26.33,85.44,25.57,39.19,64.75750000000001,7.77,12.035,0.5175000000000001,9.38,0.315,,,,0.1,0.125,5.4675,100.0,0.2825,234.2125,0.0,0.0,,749.95,
2023-01-17 05:00:00,28.79,89.30000000000001,34.455,52.815,87.275,7.5600000000000005,11.8125,0.5075000000000001,6.6925,0.3075,,,,0.1,0.12,5.0875,100.0,0.2875,243.225,0.0,0.0,,750.0,
2023-01-17 06:00:00,30.03,88.6225,23.9575,36.725,60.6775,7.4825,11.7725,0.5225,5.9175,0.315,,,,0.10250000000000001,0.125,4.8325,100.0,0.29000000000000004,246.29500000000002,0.0,0.0,,750.0,
2023-01-17 07:00:00,30.03,98.5975,23.065,35.355000000000004,58.42,7.855,11.629999999999999,0.5675,5.8125,0.34500000000000003,,,,0.1125,0.14,5.234999999999999,100.0,0.2825,239.0175,0.0,0.0,8.89,750.0,
2023-01-17 08:00:00,32.47,106.9,24.71,37.5375,62.585,8.682500000000001,11.57,0.6699999999999999,18.6775,0.40249999999999997,,,,0.135,0.165,7.1775,100.0,0.3275,229.8825,0.0,0.0,30.197499999999998,750.0,
2023-01-17 09:00:00,37.65,121.86,27.2475,41.765,69.0125,10.344999999999999,12.0525,0.6775,52.317499999999995,0.4075,,,,0.1375,0.16,9.4275,90.5375,0.5025,256.025,0.0,0.0,49.2575,750.0,
2023-01-17 10:00:00,35.68,132.82500000000002,31.37,48.0825,79.45,10.7475,14.2475,0.6025,80.405,0.3575,,,,0.12,0.14500000000000002,15.1675,60.97,0.5175,202.5975,0.0,0.0,221.33,750.0,
2023-01-17 11:00:00,35.7,133.4625,33.9675,52.0675,86.03999999999999,8.9875,16.23,0.4275,102.33,0.2575,,,,0.085,0.1,19.385,47.135,0.6875,221.2875,0.0,0.0,317.9525,750.0,
2023-01-17 12:00:00,26.46,108.76,26.955,41.315,68.275,7.8525,17.0325,0.37,119.2925,0.22,,,,0.07,0.09,20.240000000000002,44.527499999999996,0.675,231.255,0.0,0.0,287.57,750.0,
2023-01-17 13:00:00,22.89,90.6325,16.465,25.2375,41.705,10.605,17.98,0.3025,101.35249999999999,0.18,,,,0.06,0.07,21.395,38.08,0.715,213.69,0.0,0.0,228.33,750.0,
2023-01-17 14:00:00,18.82,69.58749999999999,21.2,32.495,53.69,11.355,18.895,0.23249999999999998,96.0025,0.14,,,,0.045,0.055,20.225,40.239999999999995,0.56,214.04,0.0,0.0,119.6025,749.9375,
2023-01-17 15:00:00,15.14,63.022499999999994,22.105,33.8825,55.987500000000004,13.3475,17.02,0.20500000000000002,113.08500000000001,0.1275,,,,0.04,0.05,18.4225,45.215,0.565,209.7425,0.0,0.0,37.4125,749.63,
2023-01-17 16:00:00,14.91,69.01,27.5325,42.2025,69.7375,12.6425,13.1625,0.21,82.3,0.13,,,,0.04,0.05,16.475,53.665,0.33999999999999997,218.435,0.0,0.0,17.99,749.6575,
2023-01-17 17:00:00,17.26,65.7225,32.597500000000004,49.965,82.56,12.7225,12.557500000000001,0.2675,69.555,0.16,,,,0.055,0.065,12.6225,72.0575,0.1925,167.4625,0.0,0.0,3.5999999999999996,749.9625,
2023-01-17 18:00:00,19.32,60.75,27.067500000000003,41.489999999999995,68.5625,13.7275,11.805,0.43000000000000005,47.655,0.2575,,,,0.0875,0.10500000000000001,9.879999999999999,83.9225,0.16,179.595,0.0,0.0,,750.0,
2023-01-17 19:00:00,23.14,93.895,31.6075,48.447500000000005,80.055,16.48,12.1775,0.745,27.935,0.45,,,,0.14750000000000002,0.18,8.2,90.94,0.22499999999999998,222.495,0.0,0.0,,750.0,
2023-01-17 20:00:00,38.6,131.85,33.1475,50.8075,83.9525,19.785,12.4175,1.0899999999999999,13.865,0.655,,,,0.2175,0.26,7.4675,95.3175,0.1975,223.24749999999997,0.0,0.0,,750.0,
2023-01-17 21:00:00,51.09,160.1975,33.135,50.79,83.9225,19.42,12.4525,1.19,9.73,0.7175,,,,0.2375,0.28500000000000003,7.234999999999999,97.5875,0.19,207.2025,0.0,0.0,,750.0,
2023-01-17 22:00:00,54.24,159.55,31.6325,48.4875,80.1225,16.9125,12.58,1.09,13.545,0.6525000000000001,,,,0.2175,0.2625,7.1575,99.015,0.2225,236.22,0.0,0.0,,750.0,
2023-01-17 23:00:00,46.64,142.775,26.105,40.0125,66.1175,16.052500000000002,12.475,1.04,8.0825,0.625,,,,0.20500000000000002,0.2525,6.8075,99.7525,0.1675,197.09249999999997,0.0,0.0,,750.0,
2023-01-18 00:00:00,45.59,136.37,25.877499999999998,39.6675,65.545,15.49,12.645,0.95,6.83,0.5700000000000001,,,,0.1925,0.2275,6.7075000000000005,100.0,0.2225,224.7775,0.0,0.0,,750.0,
2023-01-18 01:00:00,44.6,136.84,27.0225,41.4225,68.4425,14.75,12.62,0.87,3.11,0.52,,,,0.17250000000000001,0.2075,6.66,100.0,0.2825,242.7225,0.0,0.0,,750.0,
2023-01-18 02:00:00,40.87,127.3925,22.5075,34.5,57.005,14.254999999999999,12.4925,0.7975,3.3200000000000003,0.4775,,,,0.1575,0.1925,6.2975,100.0,0.2325,227.97,0.0,0.0,,750.0,
2023-01-18 03:00:00,42.1,118.8625,22.134999999999998,33.932500000000005,56.067499999999995,13.7,12.3725,0.685,4.615,0.4075,,,,0.135,0.1625,6.0725,100.0,0.285,242.595,0.0,0.0,,750.0,
2023-01-18 04:00:00,34.99,111.1075,23.84,36.5475,60.387499999999996,13.34,12.2475,0.6375,6.02,0.38,,,,0.125,0.15,5.9375,100.0,0.2525,235.66,0.0,0.0,,750.0,
2023-01-18 05:00:00,34.99,109.91,25.115,38.495,63.61,13.295,12.075,0.6174999999999999,7.9375,0.375,,,,0.12,0.15,5.585,100.0,0.29,252.7325,0.0,0.0,,750.0,
2023-01-18 06:00:00,37.04,113.0325,18.1525,27.825000000000003,45.9775,12.8475,12.0325,0.5925,4.135,0.3525,,,,0.12,0.14,5.185,100.0,0.1775,196.805,0.0,0.0,,750.0,
2023-01-18 07:00:00,36.69,102.305,18.8325,28.8675,47.695,11.5775,11.9575,0.6,1.2225,0.36,,,,0.12,0.14500000000000002,4.75,100.0,0.095,126.4075,0.0,0.0,9.2675,750.0,
2023-01-18 08:00:00,35.99,100.86250000000001,19.3375,29.645,48.9825,11.530000000000001,11.89,0.67,2.0575,0.41,,,,0.1325,0.1625,6.859999999999999,100.0,0.1625,167.1275,0.0,0.0,30.375,750.0,
2023-01-18 09:00:00,36.81,111.85,34.12,52.2975,86.42,16.357499999999998,12.1975,0.92,24.0475,0.55,,,,0.1825,0.22,9.85,99.435,0.385,239.115,0.0,0.0,51.2,750.0,
2023-01-18 10:00:00,52.27,180.3775,36.77,56.3675,93.1375,18.615000000000002,13.2025,0.76,58.3825,0.4525,,,,0.15000000000000002,0.18,15.0225,67.035,0.505,222.105,0.0,0.0,226.01749999999998,750.0,
2023-01-18 11:00:00,40.19,156.25,31.285,47.957499999999996,79.2425,15.16,15.7225,0.4775,76.6275,0.285,,,,0.095,0.1125,20.1025,47.37,0.5725,221.395,0.0,0.0,309.3825,750.0,
2023-01-18 12:00:00,28.85,108.11500000000001,30.9775,47.480000000000004,78.4575,11.879999999999999,16.7375,0.3125,81.52250000000001,0.1875,,,,0.0625,0.07250000000000001,21.5975,43.305,0.6725,205.395,0.0,0.0,298.6625,750.0,
2023-01-18 13:00:00,18.19,79.8725,29.04,44.5125,73.5525,11.27,18.485,0.3,84.3925,0.18,,,,0.06,0.07,22.1475,43.0725,0.6325000000000001,223.0225,0.0,0.0,218.8875,750.0,
2023-01-18 14:00:00,23.37,77.0425,35.6575,54.655,90.3125,11.07,19.63,0.29,87.17,0.17250000000000001,,,,0.06,0.07,20.855,45.8625,0.5525,211.765,0.0,0.0,114.46499999999999,750.0,
2023-01-18 15:00:00,19.24,76.735,35.5725,54.5275,90.0975,10.915,20.405,0.2775,86.15,0.17,,,,0.06,0.0675,19.16,50.1125,0.3825,212.52,0.0,0.0,41.1275,750.0,
2023-01-18 16:00:00,18.63,75.2175,38.964999999999996,59.725,98.6875,10.62,19.947499999999998,0.2625,71.6875,0.16,,,,0.05,0.0625,17.04,61.4475,0.1875,148.895,0.0,0.0,19.365,750.0,
2023-01-18 17:00:00,19.99,71.31,40.417500000000004,61.9525,102.3625,10.41,19.38,0.2575,51.792500000000004,0.1575,,,,0.05,0.06,12.965,80.2425,0.0675,77.2675,0.0,0.0,3.33,750.0,
2023-01-18 18:00:00,14.72,70.975,42.945,65.8275,108.77250000000001,10.67,18.5425,0.325,45.71,0.195,,,,0.0675,0.08,9.805,90.515,0.15,153.7025,0.0,0.0,,750.0,
2023-01-18 19:00:00,23.58,78.08,43.825,67.1725,110.9975,13.7225,17.9025,0.59,25.5475,0.35750000000000004,,,,0.1175,0.1425,8.377500000000001,94.7525,0.12,160.12,0.0,0.0,,750.0,
2023-01-18 20:00:00,33.33,104.4625,57.765,88.545,146.3125,23.4225,17.4325,1.475,1.3025,0.8925,,,,0.2975,0.3575,7.6775,97.2675,0.14,208.2225,0.0,0.0,,750.0,
2023-01-18 21:00:00,63.19,195.27749999999997,51.46,78.8875,130.3475,25.715,16.395000000000003,1.865,0.2225,1.1225,,,,0.3725,0.4475,7.3125,98.625,0.1325,165.74,0.0,0.0,,750.0,
2023-01-18 22:00:00,66.67,210.4925,50.3675,77.2075,127.57499999999999,22.509999999999998,15.8275,1.8525,0.705,1.1125,,,,0.3725,0.445,6.9,99.2675,0.09,157.7625,0.0,0.0,,750.0,
2023-01-18 23:00:00,63.08,186.4325,36.345,55.72,92.065,18.2075,14.985,1.58,2.33,0.9475,,,,0.3175,0.38,6.5125,99.85499999999999,0.125,172.235,0.0,0.0,,750.0,
2023-01-19 00:00:00,55.38,159.915,30.8975,47.36,78.255,16.490000000000002,14.572500000000002,1.4575,2.415,0.875,,,,0.29,0.34750000000000003,6.282500000000001,100.0,0.18,209.845,0.0,0.0,,750.0,
2023-01-19 01:00:00,53.42,152.015,6.984999999999999,10.7075,17.69,17.965,14.5,1.565,0.14,0.9425,,,,0.3125,0.3775,6.085,100.0,0.2425,261.2225,0.0,0.0,,750.0,
2023-01-19 02:00:00,51.47,146.48749999999998,14.4475,22.1475,36.5925,18.9575,14.015,1.6025,,0.9625,,,,0.3175,0.3875,6.1775,100.0,0.2175,266.40999999999997,0.0,0.0,,750.0,
2023-01-19 03:00:00,53.4,160.6225,17.37,26.625,43.995,17.6825,13.58,1.315,0.045,0.79,,,,0.2625,0.315,5.9175,100.0,0.2275,253.22,0.0,0.0,,750.0,
2023-01-19 04:00:00,45.86,137.81,28.795,44.14,72.935,15.2725,13.495000000000001,1.0075,1.1425,0.6,,,,0.2,0.2425,5.68,100.0,0.235,254.5525,0.0,0.0,,750.0,
2023-01-19 05:00:00,40.97,118.2475,32.589999999999996,49.955,82.5475,12.895,13.115,0.84,2.0825,0.505,,,,0.165,0.20500000000000002,5.37,100.0,0.22749999999999998,237.23,0.0,0.0,,750.0,
2023-01-19 06:00:00,37.51,113.6575,34.135,52.32,86.455,11.7875,12.955,0.7725,0.5966666666666667,0.46499999999999997,,,,0.1525,0.185,5.135,100.0,0.20500000000000002,238.8025,0.0,0.0,,750.0,
2023-01-19 07:00:00,37.76,105.84,31.625,48.4725,80.1,11.81,12.57,0.755,2.6925,0.45,,,,0.15,0.1825,5.4175,100.0,0.21000000000000002,252.395,0.0,0.0,7.855,750.0,
2023-01-19 08:00:00,36.14,119.5,25.9875,39.8325,65.82,12.955,12.502500000000001,0.84,10.14,0.5025,,,,0.1675,0.2,7.605,100.0,0.2175,240.10000000000002,0.0,0.0,26.245,750.0,
2023-01-19 09:00:00,48.24,138.08749999999998,32.0725,49.1625,81.24,15.6175,13.295,0.7475,37.9975,0.445,,,,0.14750000000000002,0.18,9.7025,96.1625,0.285,126.47749999999999,0.0,0.0,45.5975,750.0,
2023-01-19 10:00:00,36.62,136.0725,28.767500000000002,44.0975,72.8675,14.2975,15.2875,0.5900000000000001,66.68,0.35,,,,0.1175,0.14,16.1525,59.015,0.3975,187.48250000000002,0.0,0.0,221.0525,750.0,
2023-01-19 11:00:00,28.75,103.02,29.775,45.6425,75.42,14.59,16.544999999999998,0.4625,77.0925,0.2775,,,,0.09,0.11,21.43,44.7725,0.43500000000000005,170.6575,0.0,0.0,305.1275,750.0,
2023-01-19 12:00:00,27.59,104.9825,34.305,52.582499999999996,86.88499999999999,12.25,16.302500000000002,0.4475,56.1725,0.27,,,,0.0875,0.1075,23.1225,40.59,0.4475,179.0075,0.0,0.0,287.0375,750.0,
2023-01-19 13:00:00,28.37,100.915,33.6625,51.6,85.26249999999999,14.43,17.0225,0.3925,112.6,0.23249999999999998,,,,0.07500000000000001,0.0925,23.43,40.08,0.495,155.91,0.0,0.0,216.20499999999998,750.0,
2023-01-19 14:00:00,24.15,90.14500000000001,33.13,50.7825,83.91,14.1975,15.1175,0.3975,102.8175,0.24,,,,0.08,0.095,22.122500000000002,42.83,0.39999999999999997,157.3625,0.0,0.0,108.56,750.0,
2023-01-19 15:00:00,25.28,86.68,33.515,51.3725,84.8875,14.305,15.255,0.3825,102.9325,0.2275,,,,0.07500000000000001,0.0925,20.405,48.445,0.28500000000000003,170.5125,0.0,0.0,43.1675,750.0,
2023-01-19 16:00:00,24.59,91.9325,26.38,40.435,66.81,13.26,14.97,0.35,80.12,0.21,,,,0.07,0.0825,17.8975,63.65,0.1275,141.9625,0.0,0.0,18.622500000000002,750.0,
2023-01-19 17:00:00,23.58,82.965,30.41,46.6125,77.02,11.5625,15.6525,0.35,63.0575,0.21,,,,0.07,0.08,14.0925,80.84,0.07250000000000001,84.465,0.0,0.0,2.985,750.0,
2023-01-19 18:00:00,22.49,75.325,50.36,77.19,127.5475,11.51,15.555,0.41,57.165,0.245,,,,0.0825,0.1,11.18,88.6,0.1525,168.195,0.0,0.0,,750.0,
2023-01-19 19:00:00,26.17,87.085,50.325,77.1425,127.47,13.8025,15.5475,0.6825,28.43,0.4075,,,,0.1375,0.1625,9.975,93.8675,0.1325,180.7775,0.0,0.0,,750.0,
2023-01-19 20:00:00,42.67,137.7725,60.56,92.825,153.385,22.9075,15.45,1.425,2.1425,0.8625,,,,0.29,0.345,9.125,96.44,0.0975,141.49,0.0,0.0,,750.0,
2023-01-19 21:00:00,53.05,172.45499999999998,60.7675,93.1475,153.92,28.475,15.309999999999999,1.8825,0.22,1.1275,,,,0.375,0.4525,8.565,98.0375,0.17,242.8975,0.0,0.0,,750.0,
2023-01-19 22:00:00,62.83,191.3675,62.25000000000001,95.4175,157.665,24.8175,15.0925,2.1825,0.425,1.31,,,,0.44,0.525,8.1225,98.9725,0.175,277.6025,0.0,0.0,,750.0,
2023-01-19 23:00:00,72.07,208.76,54.97,84.2575,139.225,25.8025,14.942499999999999,2.45,0.66,1.4675,,,,0.49,0.585,7.8175,99.5375,0.12000000000000001,195.8025,0.0,0.0,,750.0,
2023-01-20 00:00:00,87.25,258.305,36.85,56.4875,93.33500000000001,21.622500000000002,14.125,1.9175,0.745,1.1475,,,,0.3825,0.4575,7.5375,99.9575,0.135,162.1025,0.0,0.0,,750.0,
2023-01-20 01:00:00,72.26,210.015,38.5325,59.06,97.5975,18.127499999999998,13.91,1.7625,0.2625,1.06,,,,0.35250000000000004,0.425,7.1274999999999995,100.0,0.1225,210.4325,0.0,0.0,,750.0,
2023-01-20 02:00:00,67.98,204.0825,37.7,57.792500000000004,95.4925,19.9,14.0525,2.005,0.03,1.2025,,,,0.4,0.48,6.8025,100.0,0.1125,191.095,0.0,0.0,,750.0,
2023-01-20 03:00:00,68.75,199.39249999999998,36.9275,56.6025,93.5325,19.165,13.9025,2.0625,0.02,1.2375,,,,0.4125,0.4975,6.495,100.0,0.1675,237.59,0.0,0.0,,750.0,
2023-01-20 04:00:00,69.19,208.15,29.295,44.902499999999996,74.195,18.2575,13.56,1.97,,1.1825,,,,0.395,0.4725,6.105,100.0,0.1375,219.0025,0.0,0.0,,750.0,
2023-01-20 05:00:00,69.53,189.1675,33.23,50.935,84.1625,17.24,13.094999999999999,1.545,,0.925,,,,0.31,0.37,5.67,100.0,0.19,261.77750000000003,0.0,0.0,,750.0,
2023-01-20 06:00:00,55.04,159.61,29.335,44.962500000000006,74.2975,15.065000000000001,12.8075,1.1225,0.985,0.6725,,,,0.2225,0.27,5.2250000000000005,100.0,0.175,228.05,0.0,0.0,,750.0,
2023-01-20 07:00:00,42.17,126.06,32.345,49.5775,81.9225,12.68,12.49,0.8525,3.0300000000000002,0.5075000000000001,,,,0.17,0.2025,5.6525,100.0,0.07,87.3425,0.0,0.0,7.3100000000000005,750.0,
2023-01-20 08:00:00,35.72,101.0625,30.822499999999998,47.245,78.065,11.825,12.4375,0.8825000000000001,1.325,0.53,,,,0.18,0.2125,7.845000000000001,100.0,0.1875,191.215,0.0,0.0,25.3375,750.0,
2023-01-20 09:00:00,39.88,122.945,40.58,62.205,102.785,15.305,13.0425,1.16,15.955,0.6975,,,,0.22999999999999998,0.28,11.285,100.0,0.175,140.35500000000002,0.0,0.0,43.7875,750.0,
2023-01-20 10:00:00,62.05,187.7,45.1275,69.1725,114.305,19.1,14.32,1.085,71.6925,0.6525,,,,0.215,0.26,16.64,73.465,0.4425,155.375,0.0,0.0,240.71,750.0,
2023-01-20 11:00:00,44.41,160.53500000000003,36.05,55.2575,91.305,17.2325,13.49,0.595,109.685,0.3575,,,,0.12,0.14250000000000002,22.947499999999998,46.445,0.4625,166.975,0.0,0.0,302.28499999999997,750.0,
2023-01-20 12:00:00,30.58,113.485,23.6275,36.2175,59.8425,15.6,13.3625,0.5275,108.2375,0.3175,,,,0.105,0.1275,24.125,43.927499999999995,0.53,166.1225,0.0,0.0,270.68,750.0,
2023-01-20 13:00:00,31.9,110.5975,35.3875,54.2425,89.63,13.95,14.8575,0.4275,105.9525,0.2575,,,,0.08499999999999999,0.10250000000000001,24.5175,42.36,0.47,176.31,0.0,0.0,207.06,750.0,
2023-01-20 14:00:00,25.07,86.08500000000001,34.7825,53.3125,88.0925,12.16,16.5275,0.3825,103.09,0.2275,,,,0.07500000000000001,0.0925,23.11,45.0225,0.5225,181.1675,0.0,0.0,109.67750000000001,750.0,
2023-01-20 15:00:00,24.55,73.3425,36.8475,56.4775,93.325,11.682500000000001,17.705,0.385,95.9225,0.225,,,,0.07500000000000001,0.09,21.55,50.585,0.2925,168.88,0.0,0.0,44.9975,750.0,
2023-01-20 16:00:00,22.15,80.505,32.345,49.58,81.9225,11.645,18.747500000000002,0.3825,83.1275,0.225,,,,0.07250000000000001,0.09,19.675,58.785,0.26,191.37,0.0,0.0,16.7425,749.9025,
2023-01-20 17:00:00,22.05,84.795,25.3125,38.8025,64.115,11.59,18.85,0.40249999999999997,57.9575,0.24,,,,0.08,0.095,16.8375,74.4575,0.28500000000000003,193.34,0.0,0.0,2.585,749.9925000000001,
2023-01-20 18:00:00,27.09,96.135,31.335,48.035000000000004,79.37,11.3275,19.0475,0.4,32.1475,0.24,,,,0.08,0.0975,15.035,87.72,0.3925,176.92000000000002,0.05500000000000001,0.05500000000000001,,750.0,
2023-01-20 19:00:00,26.12,98.1075,49.8875,76.465,126.355,12.7525,19.302500000000002,0.745,9.6225,0.4475,,,,0.15,0.1775,13.545,96.83500000000001,0.27249999999999996,163.97,0.425,0.425,,750.0,
2023-01-20 20:00:00,45.07,135.48999999999998,43.57,66.7825,110.3525,12.7525,19.1525,0.86,3.8499999999999996,0.5125,,,,0.17,0.20500000000000002,12.8375,98.915,0.24750000000000003,175.26749999999998,0.0025,0.0025,,750.0,
2023-01-20 21:00:00,37.91,119.905,38.3925,58.845,97.24,11.85,18.5775,0.88,2.755,0.525,,,,0.175,0.21,12.0825,99.64750000000001,0.23,149.76749999999998,0.0,0.0,,750.0,
2023-01-20 22:00:00,39.69,113.9125,36.6125,56.1225,92.735,12.355,18.055,0.9675,0.9,0.5775,,,,0.1925,0.23,11.62,100.0,0.2225,196.855,0.0,0.0,,750.0,
2023-01-20 23:00:00,45.28,123.485,31.8275,48.78,80.6075,12.515,17.645,1.085,1.2825,0.6525000000000001,,,,0.2175,0.2625,10.8225,100.0,0.14250000000000002,155.83499999999998,0.0,0.0,,750.0,
2023-01-21 00:00:00,47.12,131.97,26.195,40.1575,66.35249999999999,12.305,17.252499999999998,1.08,1.7675,0.65,,,,0.215,0.2575,10.32,100.0,0.195,183.24,0.0,0.0,,750.0,
2023-01-21 01:00:00,45.84,129.32999999999998,24.0075,36.7975,60.805,12.315,16.5975,0.9525,3.0525,0.5675,,,,0.1875,0.2275,9.8475,100.0,0.18,215.66000000000003,0.0,0.0,,750.0,
2023-01-21 02:00:00,45.8,126.5,21.2325,32.5475,53.7825,10.96,16.1175,0.8474999999999999,0.8325,0.5075000000000001,,,,0.1675,0.2025,8.9625,100.0,0.15000000000000002,199.0675,0.0,0.0,,750.0,
2023-01-21 03:00:00,39.56,105.53999999999999,20.9025,32.037499999999994,52.94,9.965,15.77,0.83,0.27,0.4975,,,,0.1675,0.2,8.6275,100.0,0.1575,203.3325,0.0,0.0,,750.0,
2023-01-21 04:00:00,39.42,103.755,21.96,33.66,55.620000000000005,9.465,15.475,0.76,0.155,0.4525,,,,0.15,0.1825,8.3025,100.0,0.21,258.6175,0.0,0.0,,750.0,
2023-01-21 05:00:00,33.66,97.405,19.0925,29.265,48.3575,9.1675,15.405000000000001,0.6725,0.395,0.40249999999999997,,,,0.135,0.1625,8.0,100.0,0.20500000000000002,228.9975,0.0,0.0,,750.0,
2023-01-21 06:00:00,34.0,92.2525,15.4775,23.72,39.195,9.2875,15.205,0.6425000000000001,1.23,0.3875,,,,0.13,0.1575,7.9975,100.0,0.255,290.005,0.0,0.0,,750.0,
2023-01-21 07:00:00,31.04,88.9775,18.87,28.925,47.8025,9.7925,14.4625,0.69,4.8175,0.415,,,,0.14,0.1675,8.81,100.0,0.23,263.9875,0.0,0.0,8.61,750.0,
2023-01-21 08:00:00,34.92,103.19,17.4225,26.705,44.1275,9.5975,14.2725,0.67,0.4825,0.4,,,,0.1325,0.16,10.285,100.0,0.155,131.8225,0.0,0.0,27.8075,750.0,
2023-01-21 09:00:00,34.23,99.2175,21.3075,32.665,53.97,11.182500000000001,14.66,0.84,9.4375,0.505,,,,0.1675,0.2025,13.275,100.0,0.2,180.965,0.0,0.0,47.4125,750.0,
2023-01-21 10:00:00,43.13,120.265,26.4,40.4675,66.8675,14.015,15.8375,0.8125,38.3675,0.4875,,,,0.16,0.1925,16.982499999999998,91.2775,0.2925,142.3725,0.0,0.0,229.8775,750.0,
2023-01-21 11:00:00,38.22,129.3125,28.802500000000002,44.155,72.9625,14.26,17.6325,0.705,80.1,0.42,,,,0.1375,0.1675,22.96,55.4025,0.45,172.35750000000002,0.0,0.0,302.28499999999997,750.0,
2023-01-21 12:00:00,39.8,115.5925,30.5475,46.82,77.36500000000001,15.6,16.425,0.535,99.89,0.325,,,,0.1075,0.1275,25.9125,45.3975,0.5049999999999999,167.5425,0.0,0.0,294.1725,750.0,
2023-01-21 13:00:00,30.07,96.905,34.0625,52.21,86.275,13.9875,16.565,0.40249999999999997,100.4525,0.2425,,,,0.0825,0.095,26.9375,39.6375,0.4225,176.1275,0.0,0.0,228.2425,750.0,
2023-01-21 14:00:00,21.65,76.995,28.1425,43.14,71.2775,11.985,16.2625,0.2775,96.8,0.165,,,,0.0575,0.065,25.7275,40.72,0.35,179.6725,0.0,0.0,116.755,749.8199999999999,
2023-01-21 15:00:00,17.51,63.2425,24.165,37.040000000000006,61.205,10.8775,15.942499999999999,0.215,85.0675,0.13,,,,0.04,0.05,23.7025,46.24,0.3325,195.85500000000002,0.0,0.0,37.2275,749.355,
2023-01-21 16:00:00,12.62,50.675000000000004,23.072499999999998,35.3675,58.4425,10.067499999999999,14.855,0.1875,66.91,0.1125,,,,0.04,0.04,20.9325,56.0675,0.1875,184.7825,0.0,0.0,17.02,749.0025,
2023-01-21 17:00:00,12.54,45.370000000000005,29.6125,45.3925,75.0025,10.102500000000001,13.3675,0.2125,63.917500000000004,0.13,,,,0.0425,0.05,16.735,76.0375,0.0675,93.85249999999999,0.0,0.0,3.3,749.0025,
2023-01-21 18:00:00,12.83,44.3475,31.355,48.0625,79.415,10.17,13.627500000000001,0.27,52.335,0.1625,,,,0.055,0.065,13.5375,87.965,0.0875,136.01,0.0,0.0,,749.2275,
2023-01-21 19:00:00,17.18,60.074999999999996,24.5925,37.7,62.295,9.9675,14.7325,0.2575,39.0,0.155,,,,0.052500000000000005,0.0625,11.844999999999999,92.47749999999999,0.1425,177.435,0.0,0.0,,749.65,
2023-01-21 20:00:00,12.66,48.557500000000005,28.502499999999998,43.6875,72.1925,10.905000000000001,15.012500000000001,0.41000000000000003,25.427500000000002,0.25,,,,0.08499999999999999,0.10250000000000001,11.0425,94.4225,0.14750000000000002,201.155,0.0,0.0,,749.9525,
2023-01-21 21:00:00,14.47,46.57,30.7175,47.0875,77.8075,15.085,15.645,1.0699999999999998,1.525,0.6475,,,,0.2175,0.26,10.815,97.09,0.1325,193.1275,0.0,0.0,,750.0,
2023-01-21 22:00:00,26.61,70.36500000000001,24.445,37.4725,61.915,22.455,16.5025,2.7925,1.3875,1.6825,,,,0.5625,0.675,10.68,98.76,0.20750000000000002,244.525,0.0,0.0,,750.0,
2023-01-21 23:00:00,72.09,211.8225,23.93,36.685,60.612500000000004,26.835,16.36,3.2325,1.2225,1.935,,,,0.645,0.7749999999999999,10.4075,99.45,0.1925,238.10250000000002,0.0,0.0,,750.0,
2023-01-22 00:00:00,82.63,237.88,31.68,48.56,80.235,21.189999999999998,15.8425,2.055,4.95,1.2325000000000002,,,,0.41000000000000003,0.4875,10.34,99.9525,0.2025,197.085,0.0,0.0,,749.9525,
2023-01-22 01:00:00,49.06,150.01500000000001,41.65,63.835,105.485,15.7475,15.495,1.0725,7.6725,0.6375,,,,0.21250000000000002,0.255,10.0175,100.0,0.115,171.46249999999998,0.0,0.0,,749.88,
2023-01-22 02:00:00,35.43,111.595,38.6975,59.3175,98.02,13.3075,15.33,0.7,9.54,0.4175,,,,0.1375,0.165,9.3925,100.0,0.1325,181.01749999999998,0.0,0.0,,749.635,
2023-01-22 03:00:00,31.39,96.22749999999999,34.9375,53.5525,88.49000000000001,11.754999999999999,15.0975,0.65,4.3175,0.3925,,,,0.13,0.1575,8.995000000000001,100.0,0.20750000000000002,281.04,0.0,0.0,,749.3875,
2023-01-22 04:00:00,29.23,84.455,35.815,54.8975,90.715,10.64,15.325,0.645,3.785,0.385,,,,0.13,0.155,8.8425,100.0,0.28,293.1075,0.0,0.0,,749.1575,
2023-01-22 05:00:00,31.56,90.9625,38.1375,58.455,96.5925,10.6675,15.715,0.71,7.635,0.425,,,,0.14,0.17,8.844999999999999,100.0,0.245,256.76,0.0,0.0,,749.3774999999999,
2023-01-22 06:00:00,31.94,105.555,36.230000000000004,55.54,91.77,10.405,15.625,0.705,7.4125,0.4225,,,,0.14,0.17,8.71,100.0,0.2375,244.6325,0.0,0.0,,749.7674999999999,
2023-01-22 07:00:00,39.94,117.54,32.7575,50.2125,82.9675,10.56,15.305,0.665,3.5725,0.4025,,,,0.1325,0.16,8.98,100.0,0.1875,223.7325,0.0,0.0,8.2575,750.0,
2023-01-22 08:00:00,36.02,114.42,31.2825,47.9525,79.235,9.915,15.0875,0.645,0.9925,0.3875,,,,0.1275,0.155,11.23,100.0,0.22,172.2375,0.045,0.045,31.564999999999998,750.0,
2023-01-22 09:00:00,34.17,102.42750000000001,34.285,52.5525,86.84,10.7375,15.6075,0.69,13.9,0.41500000000000004,,,,0.135,0.165,14.0275,99.965,0.3,171.32,0.035,0.035,42.692499999999995,750.0,
2023-01-22 10:00:00,30.07,89.925,35.46,54.3575,89.8175,11.76,16.994999999999997,0.595,44.34,0.36,,,,0.12,0.14,19.1825,75.32249999999999,0.315,167.4025,0.0,0.0,151.13,750.0,
2023-01-22 11:00:00,27.01,83.0925,33.47,51.307500000000005,84.78,10.785,18.8825,0.4575,58.735,0.28,,,,0.095,0.11,25.02,53.292500000000004,0.355,133.0975,0.0,0.0,263.53999999999996,750.0,
2023-01-22 12:00:00,19.72,71.2425,33.33,51.0875,84.4175,11.035,20.895,0.405,73.44,0.2425,,,,0.0825,0.095,27.15,44.5175,0.395,186.2525,0.0,0.0,210.9,750.0,
2023-01-22 13:00:00,19.89,82.0925,27.4075,42.010000000000005,69.415,10.1875,22.7425,0.32,60.19,0.195,,,,0.065,0.07500000000000001,23.072499999999998,61.769999999999996,0.23249999999999998,155.19,0.0325,0.0325,42.615,749.9775,
2023-01-22 14:00:00,17.45,66.08500000000001,26.8275,41.120000000000005,67.945,9.84,24.575,0.2475,59.3,0.15,,,,0.05,0.06,23.84,55.462500000000006,0.3075,167.0925,0.037500000000000006,0.037500000000000006,86.78750000000001,749.73,
2023-01-22 15:00:00,11.19,49.6075,33.9875,52.095,86.0825,10.0,24.9375,0.2725,49.4875,0.165,,,,0.057499999999999996,0.0675,22.875,60.4725,0.23249999999999998,172.3975,0.0175,0.0175,36.2875,749.41,
2023-01-22 16:00:00,13.15,56.97,29.575,45.33,74.905,10.7725,25.045,0.305,35.7325,0.185,,,,0.0625,0.07250000000000001,20.14,71.35,0.2125,163.8475,0.0025,0.0025,5.0325,749.4325,
2023-01-22 17:00:00,12.35,54.825,30.9575,47.4525,78.41,12.475,25.072499999999998,0.47000000000000003,18.265,0.28500000000000003,,,,0.095,0.1125,17.6475,84.0025,0.32,178.19,0.0225,0.0225,3.255,749.3075,
2023-01-22 18:00:00,16.23,67.41,29.802500000000002,45.682500000000005,75.4875,14.1375,24.872500000000002,0.5375000000000001,16.655,0.32,,,,0.10500000000000001,0.13,16.2775,89.9325,0.445,141.0725,0.11,0.11,,749.98,
2023-01-22 19:00:00,17.05,76.6525,27.2475,41.7625,69.00999999999999,13.442499999999999,24.3675,0.65,2.3433333333333333,0.39249999999999996,,,,0.1325,0.1575,14.61,97.3675,0.26749999999999996,196.1675,0.0075,0.0075,,749.9825,
2023-01-22 20:00:00,23.56,62.2475,27.2075,41.705,68.9125,12.6875,23.405,0.7175,,0.4325,,,,0.14250000000000002,0.1725,14.3725,99.135,0.2875,212.26500000000001,0.0,0.0,,750.0,
2023-01-22 21:00:00,21.02,57.69,31.7625,48.6875,80.45,13.0,22.8075,0.905,,0.5375,,,,0.1825,0.215,14.0375,99.77499999999999,0.2475,180.8925,0.0,0.0,,750.0,
2023-01-22 22:00:00,23.23,64.57249999999999,36.47,55.902499999999996,92.37,12.504999999999999,22.1125,0.9624999999999999,,0.5774999999999999,,,,0.1925,0.23,13.6175,100.0,0.23249999999999998,178.5125,0.0,0.0,,750.0,
2023-01-22 23:00:00,24.11,64.23,31.3275,48.0175,79.3425,11.295,22.0275,0.9575,,0.575,,,,0.1925,0.2275,13.91,100.0,0.35,178.94,0.030000000000000002,0.030000000000000002,,750.0,
2023-01-23 00:00:00,23.81,71.29499999999999,27.1025,41.542500000000004,68.645,11.525,24.0225,1.04,,0.625,,,,0.20500000000000002,0.25,13.2925,100.0,0.175,198.8625,0.02,0.02,,749.9975,
2023-01-23 01:00:00,26.65,71.14750000000001,24.98,38.2875,63.265,11.055,22.2,1.07,,0.645,,,,0.215,0.255,12.535,100.0,0.23,253.73250000000002,0.0,0.0,,749.9575,
2023-01-23 02:00:00,25.09,68.8625,28.105,43.082499999999996,71.1925,11.5875,21.8725,0.8475,0.06,0.5025000000000001,,,,0.16749999999999998,0.2025,12.56,100.0,0.21000000000000002,225.8025,0.0,0.0,,750.0,
2023-01-23 03:00:00,21.04,65.0675,28.8175,44.1725,72.99000000000001,10.885,21.169999999999998,0.535,,0.32,,,,0.1075,0.125,11.59,100.0,0.1875,191.485,0.0,0.0,,749.915,
2023-01-23 04:00:00,16.36,53.8975,24.310000000000002,37.2625,61.567499999999995,9.3425,20.715,0.41000000000000003,,0.245,,,,0.0825,0.0975,11.115,100.0,0.2125,183.14249999999998,0.0,0.0,,749.9449999999999,
2023-01-23 05:00:00,13.69,41.677499999999995,22.3675,34.2875,56.6575,8.9425,19.93,0.385,,0.225,,,,0.07500000000000001,0.09,10.745000000000001,100.0,0.22499999999999998,247.7375,0.0,0.0,,749.765,
2023-01-23 06:00:00,10.31,46.54,14.9175,22.8675,37.7825,8.772499999999999,19.3675,0.395,,0.2375,,,,0.08,0.0925,10.709999999999999,100.0,0.265,265.96500000000003,0.0,0.0,,749.9825,
2023-01-23 07:00:00,15.2,54.144999999999996,10.440000000000001,16.0075,26.4475,8.787500000000001,18.8225,0.4525,,0.275,,,,0.0925,0.1075,11.06,100.0,0.24,199.1975,0.0,0.0,8.385,750.0,
2023-01-23 08:00:00,20.37,57.4375,10.8225,16.5875,27.405,9.575,18.825,0.5775,0.04,0.35000000000000003,,,,0.1125,0.14,12.985,100.0,0.24500000000000002,237.48000000000002,0.0,0.0,25.7175,750.0,
2023-01-23 09:00:00,23.52,67.80000000000001,12.4375,19.064999999999998,31.5025,12.0925,18.9375,0.7375,10.065000000000001,0.4425,,,,0.14500000000000002,0.175,15.5225,100.0,0.1925,155.1225,0.0,0.0,39.7975,750.0,
2023-01-23 10:00:00,30.91,99.4875,17.85,27.36,45.21,12.7075,19.81,0.6325000000000001,33.45,0.3775,,,,0.1275,0.15250000000000002,20.127499999999998,80.785,0.25,143.0875,0.0,0.0,218.6,750.0,
2023-01-23 11:00:00,22.15,76.0725,16.5475,25.3675,41.9125,10.995000000000001,20.8725,0.3175,62.2675,0.1875,,,,0.065,0.075,26.835,43.160000000000004,0.5275,221.7725,0.0,0.0,260.57,750.0,
2023-01-23 12:00:00,11.38,56.0725,16.0975,24.67,40.765,9.035,20.9375,0.1225,58.0025,0.075,,,,0.025,0.03,26.035,48.7275,0.3275,200.3575,0.0,0.0,82.17500000000001,749.9625,
2023-01-23 13:00:00,3.57,17.759999999999998,20.9775,32.16,53.14,9.82,21.7425,0.165,59.1225,0.1,,,,0.035,0.04,26.0,48.345,0.23500000000000001,140.6375,0.0,0.0,114.565,749.35,
2023-01-23 14:00:00,8.42,36.7975,28.7425,44.057500000000005,72.8,10.0825,24.085,0.17500000000000002,55.7475,0.10500000000000001,,,,0.0375,0.04,25.65,51.5225,0.3425,214.64000000000001,0.0,0.0,69.02250000000001,748.7825,
2023-01-23 15:00:00,5.63,34.5325,27.645,42.375,70.0175,10.6,25.39,0.235,49.33,0.14250000000000002,,,,0.0475,0.057499999999999996,23.805,58.91,0.20500000000000002,172.26,0.0,0.0,21.2575,748.4649999999999,
2023-01-23 16:00:00,5.5,32.565,26.72,40.955,67.6725,11.14,25.7325,0.2875,32.7675,0.17,,,,0.057499999999999996,0.0675,20.7975,72.8275,0.10500000000000001,139.4275,0.0,0.0,6.5575,748.18,
2023-01-23 17:00:00,6.57,37.9225,31.665,48.54,80.2075,12.7025,25.57,0.475,17.995,0.2875,,,,0.095,0.1125,18.9,80.1925,0.2025,197.45,0.0,0.0,0.04,748.275,
2023-01-23 18:00:00,8.11,38.647499999999994,28.185000000000002,43.207499999999996,71.3925,17.939999999999998,25.925,0.875,3.53,0.52,,,,0.175,0.21000000000000002,17.8125,85.15,0.2625,198.5925,0.0,0.0,,748.3025,
2023-01-23 19:00:00,20.58,84.9275,20.240000000000002,31.0225,51.262499999999996,17.995,25.425,0.9575,0.15,0.5725,,,,0.19,0.23,17.3725,89.80250000000001,0.2925,223.8775,0.0,0.0,,748.35,
2023-01-23 20:00:00,22.7,89.4825,18.225,27.94,46.1625,19.29,25.6025,1.5150000000000001,,0.9125000000000001,,,,0.305,0.3675,17.0925,91.2725,0.235,192.0675,0.0,0.0,,748.86,
2023-01-23 21:00:00,34.15,105.3725,12.33,18.8975,31.2225,21.5375,25.3975,1.5275,,0.9125,,,,0.305,0.365,16.8125,91.16,0.2125,187.4625,0.0,0.0,,749.0225,
2023-01-23 22:00:00,32.53,103.235,9.83,15.07,24.895,17.9975,24.775,1.4,,0.84,,,,0.28,0.335,16.0525,93.75750000000001,0.095,128.14749999999998,0.0,0.0,,748.9300000000001,
2023-01-23 23:00:00,29.74,96.7375,14.8025,22.685000000000002,37.4875,15.795,24.625,1.35,,0.8049999999999999,,,,0.27,0.325,15.2675,96.995,0.2475,247.99,0.0,0.0,,748.81,
2023-01-24 00:00:00,31.54,97.76750000000001,37.019999999999996,56.7475,93.77250000000001,13.5775,24.1275,0.815,5.075,0.485,,,,0.16,0.195,15.877500000000001,95.5,0.265,211.5825,0.0,0.0,,749.0625,
2023-01-24 01:00:00,21.0475,71.555,41.5625,63.7075,105.27250000000001,11.219999999999999,23.747500000000002,0.4675,8.545,0.2825,,,,0.095,0.11,16.0975,93.5875,0.1775,173.845,0.0,0.0,,748.6375,
2023-01-24 02:00:00,17.41,60.082499999999996,40.3275,61.817499999999995,102.1475,10.065,23.2625,0.35250000000000004,4.915,0.20750000000000002,,,,0.07,0.08499999999999999,16.0325,94.355,0.22999999999999998,189.20749999999998,0.0,0.0,,748.405,
2023-01-24 03:00:00,16.32,59.32,56.4325,86.4975,142.93,9.932500000000001,23.57,0.34,11.6225,0.2,,,,0.07,0.08,15.7225,91.8625,0.25,215.1225,0.0,0.0,,748.5775,
2023-01-24 04:00:00,18.54,62.77,54.465,83.6975,138.3025,9.682500000000001,23.155,0.3375,6.175,0.2,,,,0.07,0.08,14.03,96.5675,0.2275,202.34,0.0,0.0,,748.8475000000001,
2023-01-24 05:00:00,18.1,67.15,59.1725,90.7,149.8725,9.5075,22.0975,0.34750000000000003,4.005,0.20750000000000002,,,,0.07,0.0825,12.955,98.455,0.1525,152.6875,0.0,0.0,,749.0025,
2023-01-24 06:00:00,19.07,56.042500000000004,55.510000000000005,85.09,140.5975,9.185,21.744999999999997,0.35,1.59,0.21,,,,0.07,0.0825,12.21,99.5575,0.22,226.44,0.0,0.0,,749.5074999999999,
2023-01-24 07:00:00,21.19,62.6075,46.895,71.885,118.7775,8.605,21.622500000000002,0.3775,0.7399999999999999,0.225,,,,0.0775,0.0875,12.26,99.97749999999999,0.18,224.11249999999998,0.0,0.0,9.735,749.975,
2023-01-24 08:00:00,19.03,54.205,48.2125,73.89750000000001,122.11250000000001,9.5125,21.009999999999998,0.41,9.875,0.2475,,,,0.0825,0.0975,14.1875,99.4725,0.1775,149.3725,0.0,0.0,29.7925,750.0,
2023-01-24 09:00:00,23.41,75.48,46.9925,72.03,119.02,9.620000000000001,20.697499999999998,0.225,32.0875,0.1325,,,,0.042499999999999996,0.05,18.305,73.985,0.5575,168.8275,0.0,0.0,42.23,750.0,
2023-01-24 10:00:00,7.18,34.8175,24.2275,37.135,61.3575,8.8225,21.5775,0.14250000000000002,38.62,0.0825,,,,0.03,0.0325,21.947499999999998,61.325,0.5575,164.275,0.0,0.0,223.48250000000002,750.0,
2023-01-24 11:00:00,6.05,23.237499999999997,11.219999999999999,17.19333333333333,21.310000000000002,8.695,22.97,0.1325,44.5275,0.08,,,,0.03,0.03,25.12,52.682500000000005,0.625,171.0325,0.0,0.0,287.65999999999997,750.0,
2023-01-24 12:00:00,5.71,34.4025,5.915,9.067499999999999,14.9825,9.307500000000001,22.5775,0.1825,65.7225,0.1125,,,,0.0375,0.045,27.0025,48.435,0.6224999999999999,190.79500000000002,0.0,0.0,261.3275,749.99,
2023-01-24 13:00:00,7.79,38.8525,8.18,12.5375,20.7125,10.5275,23.1475,0.2575,77.6,0.1575,,,,0.0525,0.0625,27.6425,47.8525,0.5225,180.85,0.0,0.0,209.9625,749.5625,
2023-01-24 14:00:00,12.62,55.0175,4.74,7.26,12.0,11.7225,21.1475,0.35,100.355,0.2125,,,,0.07,0.0825,26.4025,52.42,0.5375,178.61,0.0,0.0,114.825,749.0550000000001,
2023-01-24 15:00:00,20.16,71.52499999999999,8.5325,13.08,21.615,12.045,20.22,0.4325,95.755,0.26,,,,0.08499999999999999,0.10500000000000001,24.9075,59.49,0.505,190.98250000000002,0.0,0.0,47.9525,748.6825,
2023-01-24 16:00:00,24.84,85.4325,7.2075,11.0525,18.26,11.1625,21.052500000000002,0.425,75.89750000000001,0.255,,,,0.0875,0.1,23.1525,66.73750000000001,0.41000000000000003,185.0025,0.0,0.0,21.2925,748.49,
2023-01-24 17:00:00,23.69,89.0775,4.6725,7.1625,11.8375,10.594999999999999,22.585,0.41,57.755,0.25,,,,0.08,0.1,20.1175,79.015,0.1075,122.1875,0.0,0.0,2.8666666666666667,748.6925,
2023-01-24 18:00:00,25.33,80.7025,8.057500000000001,12.352500000000001,20.41,10.27,23.442500000000003,0.44,38.15,0.265,,,,0.0875,0.10500000000000001,17.36,91.495,0.10500000000000001,108.9525,0.0,0.0,,748.995,
2023-01-24 19:00:00,27.34,82.0925,14.2975,21.915,36.2125,10.39,23.585,0.54,21.060000000000002,0.3275,,,,0.1075,0.1325,16.305,95.6975,0.13,92.3025,0.0,0.0,,749.3925,
2023-01-24 20:00:00,32.05,93.2675,9.6,14.7175,24.3175,10.775,23.4525,0.6475,15.575,0.39,,,,0.13,0.155,15.7725,97.8325,0.1325,133.335,0.0,0.0,,749.7725,
2023-01-24 21:00:00,36.54,107.16,0.9525,1.46,2.41,10.5325,23.16,0.625,10.0775,0.3775,,,,0.125,0.1525,15.2775,98.3775,0.1125,115.4575,0.0,0.0,,749.99,
2023-01-24 22:00:00,32.32,97.92,0.15000000000000002,0.22499999999999998,0.18750000000000003,10.065,22.935,0.565,5.9775,0.33999999999999997,,,,0.1125,0.135,14.7,98.9675,0.1975,192.04999999999998,0.0,0.0,,749.9,
2023-01-24 23:00:00,25.43,76.0675,23.2325,35.6175,58.849999999999994,9.53,22.105,0.47,2.665,0.2825,,,,0.095,0.1125,14.31,99.6475,0.2325,107.59750000000001,0.0,0.0,,749.2375,
2023-01-25 00:00:00,22.47,60.4175,35.165,53.9,89.0625,9.43,22.509999999999998,0.4375,1.275,0.2625,,,,0.09,0.10250000000000001,14.035,99.9925,0.1475,167.705,0.0,0.0,,748.9725,
2023-01-25 01:00:00,25.58,78.82,32.365,49.6125,81.97749999999999,8.78,22.310000000000002,0.4275,0.24333333333333332,0.2575,,,,0.08499999999999999,0.10250000000000001,13.735,100.0,0.2625,224.95499999999998,0.0,0.0,,749.1175000000001,
2023-01-25 02:00:00,22.49,62.0125,24.8575,38.105000000000004,62.965,9.105,22.1075,0.45,0.545,0.27,,,,0.09,0.1075,13.8575,100.0,0.21500000000000002,183.7025,0.0,0.0,,748.9475,
2023-01-25 03:00:00,23.52,82.4625,25.45,39.0075,64.455,9.1625,21.8425,0.4525,0.6425,0.275,,,,0.0925,0.1075,13.967500000000001,100.0,0.13,149.8525,0.0,0.0,,748.64,
2023-01-25 04:00:00,21.67,68.285,26.5075,40.63,67.1375,9.6175,21.835,0.4225,1.1175,0.255,,,,0.08499999999999999,0.1,14.21,100.0,0.2875,187.32,0.0,0.0,,748.9175,
2023-01-25 05:00:00,16.74,60.625,34.06999999999999,52.2225,86.28999999999999,9.7,21.5325,0.385,2.735,0.225,,,,0.07500000000000001,0.09,14.567499999999999,100.0,0.39,201.6625,0.0,0.0,,749.245,
2023-01-25 06:00:00,19.32,55.574999999999996,35.5275,54.46,89.9875,10.02,21.605,0.3925,4.035,0.23249999999999998,,,,0.0775,0.095,15.27,98.0625,0.3175,176.875,0.0,0.0,,749.8924999999999,
2023-01-25 07:00:00,22.95,74.5075,45.0925,69.12,114.215,9.355,21.79,0.3725,0.8799999999999999,0.22,,,,0.07,0.09,15.1425,98.5475,0.32,170.185,0.0,0.0,5.029999999999999,750.0,
2023-01-25 08:00:00,17.49,65.51,40.3775,61.8925,102.27,9.7575,21.77,0.5025,1.505,0.3,,,,0.1,0.1225,15.940000000000001,99.82,0.25,173.4225,0.0,0.0,22.295,750.0,
2023-01-25 09:00:00,25.7,83.8775,42.1425,64.6,106.74,11.1075,22.26,0.62,5.4275,0.3775,,,,0.1225,0.15,17.3125,97.295,0.33999999999999997,179.1375,0.0,0.0,38.4375,750.0,
2023-01-25 10:00:00,34.52,109.27000000000001,45.0925,69.12,114.21000000000001,12.91,23.195,0.72,23.47,0.4325,,,,0.14250000000000002,0.17250000000000001,19.8675,86.015,0.2925,216.17,0.0,0.0,53.29,750.0,
2023-01-25 11:00:00,43.53,132.6925,41.575,63.7325,105.30499999999999,12.6025,24.1125,0.675,33.120000000000005,0.405,,,,0.135,0.1625,20.5225,83.1725,0.4125,201.695,0.0,0.0,54.715,750.0,
2023-01-25 12:00:00,44.25,123.25999999999999,38.485,58.989999999999995,97.4725,11.649999999999999,25.03,0.63,34.7175,0.38,,,,0.125,0.1525,21.96,78.3775,0.47750000000000004,204.70499999999998,0.0,0.0,79.025,750.0,
2023-01-25 13:00:00,40.13,125.505,37.185,56.9925,94.17750000000001,11.385,25.7,0.5974999999999999,30.675,0.36,,,,0.12,0.14250000000000002,20.295,84.395,0.7175,217.18,0.0,0.0,26.372500000000002,750.0,
2023-01-25 14:00:00,38.07,114.4125,35.3925,54.25,89.6425,10.77,25.845,0.5,33.2425,0.2975,,,,0.1,0.115,19.9875,83.91,0.515,190.3225,0.0025,0.0025,34.7875,750.0,
2023-01-25 15:00:00,25.52,77.1725,30.917499999999997,47.3875,78.305,9.8375,25.7275,0.3575,23.245,0.2125,,,,0.07250000000000001,0.08750000000000001,17.802500000000002,94.07249999999999,0.44,145.185,0.455,0.455,8.6075,749.5475,
2023-01-25 16:00:00,17.32,61.5125,27.445,42.325,69.51,8.96,25.665,0.195,21.02,0.12,,,,0.04,0.0475,16.7425,97.455,0.385,188.715,0.135,0.135,11.03,749.29,
2023-01-25 17:00:00,7.83,22.042499999999997,29.607499999999998,45.3825,74.99,8.5375,25.05,0.1675,16.1675,0.10250000000000001,,,,0.0325,0.04,16.45,98.32,0.2575,197.935,0.0325,0.0325,4.484999999999999,749.0875,
2023-01-25 18:00:00,6.32,16.869999999999997,27.7225,42.4975,70.2225,8.805,25.83,0.20500000000000002,10.6925,0.1225,,,,0.04,0.0475,16.04,99.36500000000001,0.325,146.255,0.365,0.365,,749.12,
2023-01-25 19:00:00,8.48,32.964999999999996,30.7625,47.1525,77.91499999999999,8.785,23.7975,0.2175,7.42,0.14,,,,0.04,0.05,15.8125,99.9825,0.34750000000000003,207.2575,0.11499999999999999,0.11499999999999999,,749.465,
2023-01-25 20:00:00,5.02,22.6925,34.620000000000005,53.065,87.6775,8.8325,24.4075,0.285,0.8400000000000001,0.1725,,,,0.0575,0.07,15.66,100.0,0.3125,203.8775,0.0,0.0,,749.98,
2023-01-25 21:00:00,8.44,25.555,33.01,50.595,83.6075,10.1125,24.21,0.5375,,0.3225,,,,0.1075,0.1275,15.4825,100.0,0.23,176.345,0.0,0.0,,750.0,
2023-01-25 22:00:00,10.69,37.44499999999999,26.595,40.765,67.36,10.9275,23.697499999999998,0.7625,,0.455,,,,0.155,0.1825,15.6175,100.0,0.275,227.3175,0.11249999999999999,0.11249999999999999,,750.0,
2023-01-25 23:00:00,13.63,33.6425,24.81,38.0275,62.83,12.61,24.0175,1.0325,,0.6225,,,,0.20500000000000002,0.25,15.755,100.0,0.2325,202.5125,0.2975,0.2975,,750.0,
2023-01-26 00:00:00,12.83,43.165000000000006,33.8225,51.845,85.67,13.3725,23.86,0.915,,0.5475,,,,0.1825,0.22,15.55,100.0,0.33,237.7425,0.0,0.0,,750.0,
2023-01-26 01:00:00,14.36,45.1475,39.3675,60.3475,99.7175,11.629999999999999,23.555,0.4125,1.1775,0.245,,,,0.08,0.095,15.19,100.0,0.5125,253.595,0.0,0.0,,749.95,
2023-01-26 02:00:00,6.91,26.6575,35.445,54.33,89.7775,9.6725,23.0125,0.2625,4.1575,0.155,,,,0.052500000000000005,0.0625,14.8125,100.0,0.4325,231.9475,0.0,0.0,,749.9575,
2023-01-26 03:00:00,5.17,20.85,29.1975,44.76,73.96000000000001,9.0125,22.265,0.215,5.265,0.1325,,,,0.04,0.05,14.6575,100.0,0.46,254.8775,0.0,0.0,,750.0,
2023-01-26 04:00:00,1.09,17.2525,28.7,43.9925,72.69,8.9025,22.58,0.21,1.5150000000000001,0.13,,,,0.04,0.05,14.085,100.0,0.245,207.05,0.0,0.0,,750.0,
2023-01-26 05:00:00,4.96,15.647499999999999,35.2325,54.0025,89.2325,8.9975,21.7975,0.2175,0.8266666666666667,0.135,,,,0.04,0.05,13.625,100.0,0.285,227.64249999999998,0.0,0.0,,749.99,
2023-01-26 06:00:00,1.95,20.2175,29.9875,45.9625,75.9475,8.825,21.935000000000002,0.225,,0.14,,,,0.04,0.05,12.8725,100.0,0.2075,201.5,0.0,0.0,,750.0,
2023-01-26 07:00:00,1.53,12.7875,37.0175,56.7425,93.7575,9.057500000000001,21.625,0.2525,,0.155,,,,0.052500000000000005,0.0625,12.805,100.0,0.2225,198.975,0.0,0.0,6.404999999999999,750.0,
2023-01-26 08:00:00,4.16,11.325000000000001,31.650000000000002,48.515,80.1675,9.805,21.33,0.3675,1.405,0.22,,,,0.07250000000000001,0.0875,14.7725,100.0,0.27249999999999996,219.96,0.0,0.0,37.55,750.0,
2023-01-26 09:00:00,5.71,24.195,35.55,54.4925,90.0375,11.345,21.34,0.3825,10.29,0.225,,,,0.07500000000000001,0.0925,16.7175,97.6225,0.4575,234.29250000000002,0.0,0.0,73.5725,750.0,
2023-01-26 10:00:00,5.0,19.97,32.7675,50.2275,82.995,10.6775,22.735,0.32,25.365000000000002,0.1925,,,,0.0675,0.0775,20.3125,80.36,0.52,226.48000000000002,0.0,0.0,208.4025,750.0,
2023-01-26 11:00:00,7.08,23.0325,33.335,51.0975,84.4325,10.605,28.965,0.2675,35.527499999999996,0.1625,,,,0.052500000000000005,0.065,24.9975,63.845,0.545,214.695,0.0,0.0,300.38,750.0,
2023-01-26 12:00:00,8.02,25.87,33.625,51.542500000000004,85.16749999999999,11.315,39.11,0.2125,40.79,0.125,,,,0.0425,0.05,26.67,59.0175,0.645,217.5625,0.0,0.0,285.8325,750.0,
2023-01-26 13:00:00,9.09,26.8525,27.3375,41.900000000000006,69.24,11.0275,38.965,0.165,51.2475,0.10250000000000001,,,,0.03,0.04,26.9075,58.37,0.64,211.2875,0.0,0.0,182.4725,750.0,
2023-01-26 14:00:00,4.96,19.18,19.755000000000003,30.285,50.045,10.745000000000001,39.5275,0.1525,55.3575,0.09,,,,0.03,0.0375,25.425,62.9,0.5900000000000001,236.3175,0.0,0.0,93.09,749.89,
2023-01-26 15:00:00,3.49,23.98,19.8425,30.4175,50.2575,9.715,36.5225,0.1275,63.9225,0.08,,,,0.03,0.03,24.747500000000002,63.29,0.6799999999999999,218.70749999999998,0.0,0.0,59.47,749.5,
2023-01-26 16:00:00,6.01,30.747500000000002,30.065,46.0875,76.15,9.36,33.405,0.14,58.14,0.0825,,,,0.03,0.0325,22.6775,70.5975,0.6025,259.53499999999997,0.0,0.0,20.48,749.4275,
2023-01-26 17:00:00,6.53,24.240000000000002,35.26,54.0425,89.3,9.82,30.9275,0.19,37.705,0.11,,,,0.0375,0.0475,20.09,83.0325,0.3025,197.57999999999998,0.0,0.0,3.3033333333333332,749.5025,
2023-01-26 18:00:00,4.37,24.17,32.222500000000004,49.3925,81.61500000000001,10.315,30.1325,0.2875,21.2175,0.1725,,,,0.0575,0.065,17.487499999999997,94.0625,0.25,188.7825,0.0,0.0,,749.77,
2023-01-26 19:00:00,10.1,34.4225,34.5575,52.9725,87.5275,11.1425,28.72,0.3725,13.7175,0.2225,,,,0.07250000000000001,0.09,17.502499999999998,97.1625,0.35250000000000004,205.66,0.0,0.0,,750.0,
2023-01-26 20:00:00,9.66,35.5325,32.1125,49.225,81.335,11.26,28.5125,0.4325,15.907499999999999,0.26,,,,0.0875,0.10250000000000001,17.85,96.4925,0.5275000000000001,260.91999999999996,0.0,0.0,,750.0,
2023-01-26 21:00:00,14.38,40.1075,33.415000000000006,51.214999999999996,84.6325,10.8675,27.1625,0.46,14.035,0.28250000000000003,,,,0.0925,0.11,17.29,97.795,0.6325000000000001,259.72,0.0,0.0,,750.0,
2023-01-26 22:00:00,17.18,53.93,37.0925,56.8625,93.955,10.67,26.6475,0.46,10.815000000000001,0.28,,,,0.09,0.11,16.695,99.0925,0.56,242.08749999999998,0.0,0.0,,750.0,
2023-01-26 23:00:00,17.68,54.760000000000005,35.8925,55.0175,90.91,10.66,26.16,0.4425,8.7325,0.2625,,,,0.09,0.10250000000000001,16.15,99.86,0.475,264.57,0.0,0.0,,750.0,
2023-01-27 00:00:00,14.97,55.1625,34.285,52.55,86.84,10.82,25.807499999999997,0.4375,8.53,0.26,,,,0.09,0.1,15.91,100.0,0.5625,239.24,0.0,0.0,,750.0,
2023-01-27 01:00:00,17.43,66.485,31.8875,48.88,80.77250000000001,10.605,25.585,0.435,10.8875,0.26,,,,0.09,0.1,15.5725,100.0,0.5875,279.635,0.0,0.0,,750.0,
2023-01-27 02:00:00,20.79,74.16499999999999,35.365,54.21,89.5775,10.3475,25.0225,0.4125,7.8175,0.2475,,,,0.08,0.1,14.9025,100.0,0.365,223.41750000000002,0.0,0.0,,750.0,
2023-01-27 03:00:00,18.42,73.8475,33.1575,50.82,83.9775,10.03,24.405,0.3975,7.217499999999999,0.2375,,,,0.08,0.0975,14.5275,100.0,0.655,256.39,0.0,0.0,,750.0,
2023-01-27 04:00:00,20.18,67.6125,29.715,45.5525,75.2675,9.9275,24.2425,0.365,14.8025,0.2175,,,,0.07,0.0875,14.442499999999999,99.94,0.81,242.95,0.0,0.0,,750.0,
2023-01-27 05:00:00,17.35,67.45,33.765,51.7575,85.5225,9.7175,23.5975,0.3425,17.2875,0.20500000000000002,,,,0.07,0.08,14.155000000000001,99.22,0.7975,260.7825,0.0,0.0,,750.0,
2023-01-27 06:00:00,19.59,70.3675,30.450000000000003,46.6775,77.1275,9.442499999999999,23.1525,0.32,17.7075,0.195,,,,0.065,0.07500000000000001,14.0025,99.0225,0.66,245.385,0.0,0.0,,750.0,
2023-01-27 07:00:00,20.24,66.1375,32.7175,50.1525,82.8675,9.342500000000001,23.16,0.3075,19.4,0.1875,,,,0.06,0.07,13.842500000000001,98.8925,0.755,268.495,0.0,0.0,2.3833333333333333,750.0,
2023-01-27 08:00:00,16.17,65.795,30.927500000000002,47.4075,78.33500000000001,9.217500000000001,23.3025,0.3,18.535,0.18,,,,0.06,0.07,13.9625,98.005,0.6375000000000001,260.1025,0.0,0.0,10.93,750.0,
2023-01-27 09:00:00,10.79,44.5275,33.7225,51.695,85.42,9.395,23.16,0.305,16.3675,0.1825,,,,0.06,0.07,14.1875,96.765,0.6950000000000001,268.27,0.0,0.0,18.4425,750.0,
2023-01-27 10:00:00,10.23,44.1,31.525,48.325,79.8475,9.165,23.0325,0.2625,19.64,0.16,,,,0.055,0.065,15.0275,92.54249999999999,0.7875,244.3425,0.0,0.0,45.0625,750.0,
2023-01-27 11:00:00,10.1,39.8575,29.25,44.835,74.085,9.065,23.1875,0.2575,18.725,0.155,,,,0.05,0.0625,15.7425,90.19,0.6625,264.615,0.0,0.0,49.705,750.0,
2023-01-27 12:00:00,16.42,47.165,32.985,50.5625,83.545,9.45,23.380000000000003,0.2575,21.72,0.16,,,,0.05,0.06,17.1925,83.1125,0.795,255.1925,0.0,0.0,98.07,750.0,
2023-01-27 13:00:00,13.17,50.6975,33.7025,51.66,85.36500000000001,9.225,23.455,0.25,30.775,0.1525,,,,0.05,0.06,19.509999999999998,73.37,0.81,249.675,0.0,0.0,218.2875,750.0,
2023-01-27 14:00:00,17.28,54.9525,25.6175,39.2675,64.88499999999999,9.425,24.9875,0.2425,37.6725,0.14500000000000002,,,,0.0475,0.057499999999999996,20.63,69.7525,0.7525,249.3525,0.0,0.0,132.95,750.0,
2023-01-27 15:00:00,21.5,62.1125,22.34,34.2375,56.574999999999996,9.0175,26.052500000000002,0.20750000000000002,44.4375,0.1225,,,,0.04,0.05,20.0425,70.7775,0.6174999999999999,262.0175,0.0,0.0,53.68,749.9375,
2023-01-27 16:00:00,16.17,53.792500000000004,33.7175,51.682500000000005,85.4025,9.35,26.36,0.2075,43.315,0.1275,,,,0.04,0.05,19.155,75.7675,0.46499999999999997,229.7825,0.0,0.0,22.6725,749.815,
2023-01-27 17:00:00,13.48,51.7825,38.7625,59.415,98.1775,9.182500000000001,26.009999999999998,0.225,27.49,0.1375,,,,0.045,0.055,16.61,88.2125,0.225,179.5825,0.0,0.0,3.94,749.8025,
2023-01-27 18:00:00,14.57,50.472500000000004,42.6075,65.3075,107.91,10.015,26.1575,0.325,13.365,0.195,,,,0.065,0.0775,14.205,96.9225,0.225,194.1675,0.0,0.0,,749.9875,
2023-01-27 19:00:00,17.87,59.9875,43.16,66.1575,109.3175,11.08,25.44,0.4675,9.125,0.2825,,,,0.0925,0.1125,13.3,99.1825,0.245,218.55,0.0,0.0,,750.0,
2023-01-27 20:00:00,19.53,62.7725,46.932500000000005,71.94,118.8725,11.14,25.08,0.5375000000000001,5.825,0.3225,,,,0.10500000000000001,0.1275,12.785,99.9425,0.14,152.9075,0.0,0.0,,750.0,
2023-01-27 21:00:00,18.73,60.385000000000005,54.505,83.5475,138.0525,10.8675,24.0375,0.58,5.7700000000000005,0.35,,,,0.1175,0.14250000000000002,12.3625,100.0,0.255,176.21,0.0,0.0,,750.0,
2023-01-27 22:00:00,20.47,64.945,52.13,79.9075,132.0425,11.557500000000001,23.4225,0.5825,10.5,0.35,,,,0.1175,0.14,12.145,100.0,0.295,191.2825,0.0,0.0,,750.0,
2023-01-27 23:00:00,21.5,80.36,47.44,72.72,120.1575,11.1725,22.9,0.48,11.469999999999999,0.2875,,,,0.095,0.1125,11.5225,100.0,0.37,189.9925,0.0,0.0,,750.0,
2023-01-28 00:00:00,18.56,66.4975,55.455,85.0025,140.45749999999998,10.7025,22.22,0.36,16.995,0.2175,,,,0.07,0.085,10.89,100.0,0.3675,187.4,0.0,0.0,,749.9925000000001,
2023-01-28 01:00:00,19.89,66.6825,57.26,87.77250000000001,145.03,10.305,21.84,0.265,24.29,0.1575,,,,0.055,0.065,10.5625,100.0,0.3875,205.27,0.0275,0.0275,,749.8299999999999,
2023-01-28 02:00:00,14.11,45.1625,47.355000000000004,72.58500000000001,119.94,10.01,21.28,0.2125,28.875,0.1325,,,,0.04,0.05,10.3575,98.1425,0.3725,199.64,0.0025,0.0025,,749.7375,
2023-01-28 03:00:00,10.48,45.84,56.935,87.27,144.20250000000001,9.967500000000001,20.695,0.2025,29.6825,0.1225,,,,0.04,0.05,10.6075,93.125,0.4775,211.70749999999998,0.0,0.0,,749.66,
2023-01-28 04:00:00,12.56,49.66,52.269999999999996,80.1225,132.3875,9.865,20.3125,0.20500000000000002,26.2275,0.1275,,,,0.04,0.05,10.13,94.1325,0.4,205.8375,0.0225,0.0225,,749.8175,
2023-01-28 05:00:00,15.39,51.715,43.8975,67.2875,111.1825,9.925,19.89,0.21,21.805,0.13,,,,0.04,0.05,9.5925,96.0775,0.39,212.7725,0.0075,0.0075,,749.9025,
2023-01-28 06:00:00,14.01,49.5,49.5225,75.91,125.4325,9.685,19.1175,0.22,19.5675,0.14,,,,0.0425,0.052500000000000005,9.035,98.745,0.3275,189.9225,0.0,0.0,,749.9925000000001,
2023-01-28 07:00:00,12.91,49.195,54.8675,84.10499999999999,138.9725,10.18,18.9175,0.27,18.445,0.1625,,,,0.052500000000000005,0.065,9.1975,98.7925,0.3325,188.2625,0.0,0.0,8.595,750.0,
2023-01-28 08:00:00,15.35,60.6325,55.0625,84.4,139.47,11.2025,18.759999999999998,0.365,23.0075,0.2175,,,,0.07250000000000001,0.08499999999999999,11.0375,89.4975,0.5800000000000001,238.9225,0.0,0.0,27.655,750.0,
2023-01-28 09:00:00,24.28,72.645,58.6125,89.8425,148.46,12.1775,18.6375,0.4125,30.89,0.2475,,,,0.0825,0.1,13.057500000000001,82.13,0.625,250.14499999999998,0.0,0.0,41.2575,750.0,
2023-01-28 10:00:00,23.06,77.45750000000001,55.332499999999996,84.815,140.15,12.8575,20.1,0.47250000000000003,44.2775,0.2825,,,,0.095,0.11499999999999999,17.09,71.035,0.625,242.02749999999997,0.0,0.0,249.47250000000003,750.0,
2023-01-28 11:00:00,26.12,92.43,59.96,91.9075,151.87,12.9225,26.06,0.44999999999999996,62.6275,0.27249999999999996,,,,0.0925,0.10500000000000001,22.025,57.6825,0.665,215.14249999999998,0.0,0.0,351.4125,750.0,
2023-01-28 12:00:00,22.57,92.7,53.5575,82.0925,135.6525,12.6375,30.3025,0.3975,77.585,0.2375,,,,0.0775,0.0975,23.855,51.754999999999995,0.8500000000000001,249.0675,0.0,0.0,334.4675,749.9,
2023-01-28 13:00:00,21.42,89.2525,52.4625,80.4125,132.875,11.379999999999999,29.735,0.305,81.50999999999999,0.1825,,,,0.0625,0.07250000000000001,24.6725,49.072500000000005,0.865,225.2975,0.0,0.0,280.81,749.1,
2023-01-28 14:00:00,17.26,62.6225,45.275,69.4,114.6775,10.7025,30.695,0.2525,83.4875,0.15000000000000002,,,,0.05,0.06,24.3475,48.317499999999995,0.6975,240.51250000000002,0.0175,0.0175,148.1525,748.5025,
2023-01-28 15:00:00,11.36,52.6025,36.1725,55.442499999999995,91.61500000000001,10.317499999999999,30.115000000000002,0.2275,82.18,0.14,,,,0.045,0.052500000000000005,22.3075,51.9625,0.7075,213.005,0.0025,0.0025,51.3675,748.13,
2023-01-28 16:00:00,12.12,46.9,41.2575,63.235,104.4925,10.1675,29.5625,0.2225,79.50999999999999,0.14,,,,0.0425,0.052500000000000005,20.735,57.43,0.49,218.64,0.0,0.0,18.75,747.91,
2023-01-28 17:00:00,12.6,48.5675,43.052499999999995,65.9925,109.045,10.395,28.509999999999998,0.23,61.6425,0.14,,,,0.045,0.055,17.822499999999998,70.995,0.265,137.2275,0.0,0.0,3.1166666666666667,747.935,
2023-01-28 18:00:00,12.56,46.97,39.06,59.8675,98.9225,11.035,27.1625,0.3125,40.027499999999996,0.19,,,,0.0625,0.07500000000000001,14.2625,87.7775,0.1825,166.82999999999998,0.0,0.0,,748.1975,
2023-01-28 19:00:00,16.38,57.8125,38.945,59.697500000000005,98.6425,12.0725,26.1125,0.485,18.2925,0.2925,,,,0.095,0.11750000000000001,12.18,95.4975,0.14500000000000002,171.575,0.0,0.0,,748.6425,
2023-01-28 20:00:00,22.51,66.6725,38.4925,59.0,97.4925,12.69,24.85,0.6375,7.4275,0.3825,,,,0.1275,0.155,11.195,97.945,0.045,77.3575,0.0,0.0,,749.1275,
2023-01-28 21:00:00,25.85,80.3925,39.0825,59.9075,98.99,12.465,24.275,0.8525,2.085,0.51,,,,0.1725,0.205,10.3325,98.99000000000001,0.14,189.0275,0.0,0.0,,749.735,
2023-01-28 22:00:00,32.45,96.6875,37.1525,56.95,94.10249999999999,11.9925,22.1725,0.87,1.735,0.5225,,,,0.17250000000000001,0.2075,9.8525,99.775,0.14250000000000002,196.04,0.0,0.0,,749.8325,
2023-01-28 23:00:00,33.56,102.2825,39.155,60.02,99.175,12.7575,22.46,1.0,0.135,0.5974999999999999,,,,0.2,0.24,9.58,100.0,0.12,202.35500000000002,0.0,0.0,,749.5725,
2023-01-29 00:00:00,35.38,111.2575,41.42,63.49,104.9125,12.434999999999999,21.33,0.915,0.12,0.545,,,,0.1825,0.2175,9.435,100.0,0.215,248.4075,0.0,0.0,,749.4425,
2023-01-29 01:00:00,32.45,93.6525,38.04,58.315,96.355,13.2925,20.6825,0.8374999999999999,,0.5,,,,0.1675,0.2,9.195,100.0,0.1325,190.11,0.0,0.0,,749.2525,
2023-01-29 02:00:00,27.66,86.6125,35.365,54.207499999999996,89.57,13.035,20.0425,0.755,,0.4525,,,,0.1525,0.1825,8.825,100.0,0.12,199.175,0.0,0.0,,748.9725000000001,
2023-01-29 03:00:00,26.21,86.97999999999999,30.3875,46.575,76.96000000000001,11.175,19.6175,0.66,0.275,0.39749999999999996,,,,0.1325,0.1575,8.29,100.0,0.08,114.6175,0.0,0.0,,748.755,
2023-01-29 04:00:00,24.65,77.545,24.655,37.79,62.4425,10.4175,18.9875,0.5925,0.45499999999999996,0.355,,,,0.12,0.14,7.8675,100.0,0.1375,183.0075,0.0,0.0,,748.86,
2023-01-29 05:00:00,27.13,84.64750000000001,33.042500000000004,50.65,83.695,9.735,18.5975,0.565,0.345,0.3375,,,,0.1125,0.135,7.3075,100.0,0.0675,121.33250000000001,0.0,0.0,,749.215,
2023-01-29 06:00:00,26.38,75.765,39.9625,61.255,101.22,9.4275,18.134999999999998,0.5425,0.815,0.3275,,,,0.11,0.13,7.1,100.0,0.1625,223.4325,0.0,0.0,,749.5475,
2023-01-29 07:00:00,25.64,84.66499999999999,30.5475,46.825,77.37,9.315,17.69,0.5650000000000001,,0.34,,,,0.1125,0.135,7.0175,100.0,0.10250000000000001,147.0275,0.0,0.0,10.9575,749.86,
2023-01-29 08:00:00,25.85,75.0175,31.884999999999998,48.8775,80.7675,11.469999999999999,17.255,0.8375,0.5700000000000001,0.505,,,,0.17,0.2025,8.925,100.0,0.2675,243.075,0.0,0.0,47.307500000000005,750.0,
2023-01-29 09:00:00,28.31,73.955,38.0,58.245000000000005,96.245,15.9625,17.4725,0.975,6.0925,0.58,,,,0.195,0.235,12.3475,100.0,0.28500000000000003,228.305,0.0,0.0,66.695,750.0,
2023-01-29 10:00:00,31.08,82.94749999999999,38.8775,59.595,98.47749999999999,17.4425,18.5025,0.8625,37.260000000000005,0.5125,,,,0.17250000000000001,0.20500000000000002,16.445,94.325,0.39749999999999996,188.34,0.0,0.0,229.875,750.0,
2023-01-29 11:00:00,38.77,125.9425,32.05,49.1275,81.1775,12.342500000000001,19.9075,0.425,77.9675,0.2525,,,,0.085,0.10250000000000001,23.17,56.9475,0.5975,168.18,0.0,0.0,338.1225,750.0,
2023-01-29 12:00:00,22.11,74.48,36.7475,56.3275,93.07249999999999,10.5375,22.9175,0.3375,87.9525,0.20500000000000002,,,,0.0675,0.08,25.5725,47.1725,0.5700000000000001,160.2225,0.0,0.0,324.0425,749.995,
2023-01-29 13:00:00,19.8,72.7825,27.645,42.375,70.02,10.2875,24.6025,0.32,91.9075,0.1925,,,,0.065,0.07500000000000001,26.52,43.68,0.5800000000000001,193.075,0.0,0.0,276.9225,749.5625,
2023-01-29 14:00:00,17.2,68.08500000000001,28.1225,43.1075,71.2325,10.33,26.89,0.3075,97.6825,0.1875,,,,0.06,0.07,25.0375,49.05,0.53,168.9075,0.0,0.0,141.3975,749.1324999999999,
2023-01-29 15:00:00,18.96,70.475,35.51,54.432500000000005,89.94,10.2625,28.585,0.305,101.9175,0.185,,,,0.06,0.07,23.15,53.1175,0.4225,159.98,0.0,0.0,53.0475,748.9725000000001,
2023-01-29 16:00:00,18.46,66.4925,33.832499999999996,51.8575,85.6925,10.0775,28.7025,0.3075,86.83500000000001,0.1825,,,,0.0625,0.07250000000000001,21.0075,65.1825,0.2125,157.6575,0.0025,0.0025,20.69,748.8924999999999,
2023-01-29 17:00:00,18.19,59.485,33.0425,50.6475,83.6875,10.09,28.5975,0.3625,64.7325,0.2175,,,,0.07,0.0875,17.674999999999997,81.325,0.14250000000000002,154.785,0.0175,0.0175,3.4066666666666667,749.2925,
2023-01-29 18:00:00,22.43,61.61,32.35,49.5875,81.9425,9.93,27.5125,0.3575,37.105000000000004,0.2175,,,,0.07,0.0875,14.4575,92.865,0.14250000000000002,131.405,0.0,0.0,,749.435,
2023-01-29 19:00:00,23.94,69.96000000000001,31.2825,47.95,79.2325,10.1125,26.5925,0.4275,21.6125,0.255,,,,0.0875,0.1,12.715,96.92,0.0775,111.9275,0.0,0.0,,749.8675000000001,
2023-01-29 20:00:00,26.48,74.175,30.5925,46.895,77.4875,10.14,25.6875,0.535,9.5075,0.325,,,,0.1075,0.13,11.73,98.58250000000001,0.1375,185.51,0.0,0.0,,750.0,
2023-01-29 21:00:00,28.58,82.47,27.905,42.769999999999996,70.6725,9.567499999999999,24.9125,0.575,1.35,0.3475,,,,0.1175,0.1375,10.885,99.3725,0.125,213.07750000000001,0.0,0.0,,750.0,
2023-01-29 22:00:00,33.16,80.675,31.939999999999998,48.955,80.8925,9.3225,24.189999999999998,0.62,2.5575,0.3775,,,,0.1225,0.15,10.5125,99.94999999999999,0.1375,189.5725,0.0,0.0,,750.0,
2023-01-29 23:00:00,31.37,91.865,32.735,50.18,82.9175,9.2225,23.177500000000002,0.6675,4.2225,0.4,,,,0.135,0.1625,10.1525,100.0,0.10250000000000001,117.44,0.0,0.0,,750.0,
2023-01-30 00:00:00,36.29,98.74,30.06,46.0775,76.14,9.28,22.265,0.665,3.6025,0.40249999999999997,,,,0.135,0.1625,10.06,100.0,0.1125,172.7125,0.0,0.0,,750.0,
2023-01-30 01:00:00,35.66,92.41749999999999,30.115000000000002,46.1625,76.28,9.0525,21.9225,0.63,2.52,0.38,,,,0.125,0.1525,9.67,100.0,0.1325,145.2475,0.0,0.0,,749.8025,
2023-01-30 02:00:00,35.32,94.55000000000001,29.025000000000002,44.4925,73.5175,8.885,21.255000000000003,0.555,1.04,0.335,,,,0.11,0.1325,9.3725,100.0,0.165,209.76,0.0,0.0,,749.87,
2023-01-30 03:00:00,30.6,87.2525,27.2475,41.99,69.3875,8.665,20.555,0.5125,1.345,0.3075,,,,0.1,0.125,9.0025,100.0,0.19,173.9175,0.0,0.0,,749.8525,
2023-01-30 04:00:00,27.4,78.91499999999999,28.3,43.4725,71.8325,8.4375,20.0,0.485,0.7050000000000001,0.2925,,,,0.1,0.1175,8.7125,100.0,0.2125,199.89,0.0,0.0,,749.9375,
2023-01-30 05:00:00,23.92,74.5925,30.485,46.7275,77.2125,8.4025,19.3175,0.4875,2.17,0.29,,,,0.1,0.1175,8.89,100.0,0.1675,135.1475,0.0,0.0,,749.9875,
2023-01-30 06:00:00,28.73,78.0175,32.3275,49.557500000000005,81.88499999999999,8.3325,18.955,0.48250000000000004,1.24,0.29500000000000004,,,,0.095,0.11750000000000001,8.675,100.0,0.3475,280.7325,0.0,0.0,0.42,750.0,
2023-01-30 07:00:00,25.0125,72.0275,27.7625,42.5525,70.3125,9.7425,18.4175,0.5825,4.2975,0.3525,,,,0.12,0.14,9.870000000000001,100.0,0.2125,212.62,0.0,0.0,10.927499999999998,750.0,
2023-01-30 08:00:00,27.7,89.37,32.137499999999996,49.255,81.3925,10.9075,18.1425,0.715,10.1425,0.43,,,,0.145,0.175,11.35,100.0,0.7375,279.4275,0.0,0.0,40.894999999999996,750.0,
2023-01-30 09:00:00,31.04,102.4575,28.5225,43.72,72.2375,11.2475,18.232499999999998,0.78,7.5475,0.46749999999999997,,,,0.1575,0.1875,12.445,100.0,0.575,251.7975,0.0,0.0,75.0075,750.0,
2023-01-30 10:00:00,22.85,74.405,21.33,32.692499999999995,54.0225,11.745000000000001,17.985,0.7025,11.855,0.42,,,,0.14,0.1675,14.1975,97.8175,0.6325000000000001,237.385,0.0,0.0,92.035,750.0,
2023-01-30 11:00:00,16.34,59.7075,25.310000000000002,38.79666666666667,48.0775,12.0475,13.7,0.5825,24.675,0.35,,,,0.1125,0.14,18.935,81.3275,0.62,185.01999999999998,0.0,0.0,269.5225,750.0,
2023-01-30 12:00:00,22.6,63.417500000000004,30.5725,46.864999999999995,77.435,10.9775,14.594999999999999,0.4125,54.005,0.245,,,,0.08,0.0975,23.677500000000002,65.51,0.72,182.245,0.0,0.0,292.2975,750.0,
2023-01-30 13:00:00,15.77,50.849999999999994,36.655,56.185,92.84,10.592500000000001,16.165,0.39,61.55,0.2325,,,,0.08,0.0925,24.7525,61.65,0.6875,219.47,0.0,0.0,239.4825,750.0,
2023-01-30 14:00:00,15.64,56.730000000000004,35.41,54.27,22.42,10.5725,17.064999999999998,0.335,75.4625,0.2,,,,0.07,0.08,24.02,61.975,0.6225,215.13,0.0,0.0,130.25,750.0,
2023-01-30 15:00:00,14.34,46.802499999999995,,,0.0,10.9675,16.785,0.3375,83.28,0.2,,,,0.07,0.08,23.58,63.5225,0.5825,236.185,0.0,0.0,55.4875,750.0,
2023-01-30 16:00:00,15.92,48.692499999999995,14.2425,21.835,36.08,10.845,16.3825,0.3225,70.3275,0.1925,,,,0.065,0.0775,22.0425,68.9625,0.47250000000000003,234.405,0.0,0.0,21.7725,750.0,
2023-01-30 17:00:00,15.1,47.895,14.5725,22.335,36.905,9.86,15.165,0.15,51.53,0.0875,,,,0.0325,0.0325,19.6525,74.8875,0.27999999999999997,226.7175,0.0,0.0,5.03,750.0,
2023-01-30 18:00:00,5.98,37.94,0.8566666666666666,1.3133333333333332,1.6324999999999998,9.97,14.575,0.1575,38.9875,0.095,,,,0.0325,0.0375,17.1425,81.2825,0.275,192.2475,0.0,0.0,,750.0,
2023-01-30 19:00:00,1.49,35.235,0.6233333333333333,0.9533333333333333,1.1824999999999999,9.77,15.96,0.19,24.5825,0.1125,,,,0.04,0.0425,16.1575,86.4,0.2225,178.35,0.0,0.0,,750.0,
2023-01-30 20:00:00,6.36,24.810000000000002,,,0.0,9.682500000000001,17.7475,0.23249999999999998,14.1,0.14,,,,0.0475,0.057499999999999996,14.34,93.845,0.2625,208.1025,0.0,0.0,,750.0,
2023-01-30 21:00:00,6.89,29.1275,,,0.0,9.615,18.0075,0.305,8.8325,0.1825,,,,0.0625,0.075,13.3925,97.17999999999999,0.2075,195.01999999999998,0.0,0.0,,750.0,
2023-01-30 22:00:00,7.75,33.4925,,,0.0,9.695,18.335,0.365,4.7,0.2175,,,,0.07250000000000001,0.0875,12.79,98.6775,0.15,189.7575,0.0,0.0,,750.0,
2023-01-30 23:00:00,8.46,45.375,,,0.0,9.6725,18.565,0.48,1.4475,0.2875,,,,0.095,0.115,12.88,99.67,0.23500000000000001,172.04,0.0,0.0,,750.0,
2023-01-31 00:00:00,14.91,48.675,1.085,1.6625,2.745,12.3,19.1875,0.865,0.03,0.52,,,,0.1725,0.21000000000000002,13.3075,100.0,0.42,241.515,0.0,0.0,,750.0,
2023-01-31 01:00:00,16.8,71.1425,0.4525,0.695,1.145,14.6625,18.9425,0.6125,2.63,0.37,,,,0.1175,0.145,13.485,98.9175,0.445,259.4325,0.0,0.0,,750.0,
2023-01-31 02:00:00,14.87,44.02,0.02,0.03,0.0125,11.5825,18.872500000000002,0.38,2.2075,0.225,,,,0.07500000000000001,0.09,12.8575,99.1625,0.305,196.5775,0.0,0.0,,750.0,
2023-01-31 03:00:00,11.63,37.5575,1.45,2.225,1.835,10.5,19.377499999999998,0.2975,4.165,0.1775,,,,0.06,0.07,12.6625,100.0,0.44,225.91750000000002,0.0,0.0,,750.0,
2023-01-31 04:00:00,11.91,34.7875,0.5,0.7633333333333333,0.945,9.915,19.5575,0.21000000000000002,11.1775,0.1275,,,,0.04,0.05,13.105,98.2525,0.675,272.54,0.0,0.0,,750.0,
2023-01-31 05:00:00,6.91,24.927500000000002,,,0.0,9.61,19.1075,0.19,12.0775,0.1125,,,,0.04,0.04,13.342500000000001,96.765,0.6950000000000001,279.8925,0.0,0.0,,750.0,
2023-01-31 06:00:00,5.56,27.185000000000002,0.3,0.4575,0.755,9.4675,19.4525,0.185,13.0425,0.11,,,,0.04,0.04,13.135,97.865,0.67,279.96,0.0,0.0,0.02,750.0,
2023-01-31 07:00:00,8.78,25.9925,,,0.0,9.67,19.845,0.23,13.760000000000002,0.14,,,,0.045,0.055,13.2025,98.855,0.625,265.85249999999996,0.0,0.0,8.3025,750.0,
2023-01-31 08:00:00,4.56,28.3075,,,0.0,9.77,19.61,0.2475,23.82,0.1475,,,,0.05,0.06,14.915,93.39,0.6725,248.3825,0.0,0.0,22.785,750.0,
2023-01-31 09:00:00,7.98,26.455000000000002,,,0.0,9.455,19.975,0.2175,33.8675,0.1275,,,,0.0425,0.05,17.134999999999998,85.705,0.765,259.17999999999995,0.0,0.0,36.292500000000004,750.0,
2023-01-31 10:00:00,4.2625,28.16,,,0.0,8.844999999999999,21.3875,0.1775,41.845,0.10500000000000001,,,,0.035,0.04,20.9225,72.4525,0.7925,253.8225,0.0025,0.0025,224.0025,750.0,
2023-01-31 11:00:00,4.0225,22.9975,9.985,15.305,12.6425,8.1525,21.585,0.1225,53.12,0.0775,,,,0.0225,0.03,23.88,62.34,0.8725,241.6125,0.0175,0.0175,268.5825,750.0,
2023-01-31 12:00:00,4.28,23.22,14.405000000000001,22.085,36.4925,9.355,21.8575,0.1275,45.1575,0.08,,,,0.03,0.03,25.080000000000002,58.5175,0.9975,254.70999999999998,0.0,0.0,296.8275,750.0,
2023-01-31 13:00:00,25.84,56.230000000000004,19.35,29.6575,49.0075,9.46,21.8875,0.1225,60.7175,0.07250000000000001,,,,0.0275,0.0275,25.62,56.37,0.9724999999999999,267.5375,0.0,0.0,253.6025,750.0,
2023-01-31 14:00:00,21.76,54.935,9.95,15.252500000000001,25.2025,9.78,20.5825,0.14,52.88,0.08,,,,0.03,0.03,24.21,60.2425,0.91,245.89249999999998,0.0,0.0,145.63,749.96,
2023-01-31 15:00:00,25.44,68.4525,6.1175,9.379999999999999,15.497499999999999,9.6475,19.7675,0.095,70.395,0.052500000000000005,,,,0.02,0.02,22.8975,63.85,0.8725,260.72249999999997,0.0,0.0,49.7025,749.685,
2023-01-31 16:00:00,26.44,59.2725,10.105,15.4875,25.595,9.8975,16.9925,0.10500000000000001,73.1875,0.0675,,,,0.0225,0.0225,21.48,68.2375,0.91,269.885,0.0,0.0,18.419999999999998,749.5174999999999,
2023-01-31 17:00:00,27.08,61.6925,11.1175,17.0425,28.1575,11.3225,16.355,0.1575,59.235,0.095,,,,0.0325,0.0375,19.71,76.5175,0.5725,238.5125,0.0,0.0,3.5566666666666666,749.645,
2023-01-31 18:00:00,31.08,67.6325,20.715,31.7525,52.465,11.72,17.2275,0.23750000000000002,47.545,0.14500000000000002,,,,0.05,0.06,17.8625,86.05499999999999,0.6074999999999999,242.89,0.0,0.0,,749.815,
2023-01-31 19:00:00,36.32,84.475,20.19,30.9475,51.1375,12.4625,18.81,0.345,39.0625,0.20750000000000002,,,,0.07,0.0825,17.2675,88.565,0.55,230.555,0.0,0.0,,750.0,
2023-01-31 20:00:00,45.56,99.1575,20.52,31.4625,51.9825,13.192499999999999,19.4175,0.4275,30.302500000000002,0.2575,,,,0.0875,0.10250000000000001,16.245,92.9675,0.445,221.1725,0.0,0.0,,750.0,
2023-01-31 21:00:00,52.64,94.9425,29.82,45.7075,75.53,13.0725,19.8025,0.4475,25.2925,0.2675,,,,0.09,0.1075,15.39,96.7975,0.3725,211.2825,0.0,0.0,,750.0,
2023-01-31 22:00:00,44.88,100.2825,51.0125,78.195,129.20499999999998,12.7275,19.98,0.41000000000000003,24.127499999999998,0.2475,,,,0.08499999999999999,0.0975,15.22,97.7375,0.4825,253.96,0.0,0.0,,750.0,
2023-01-31 23:00:00,48.72,91.1875,43.212500000000006,66.24,109.4525,12.4225,20.085,0.3575,25.4375,0.215,,,,0.07,0.08499999999999999,15.0375,98.13,0.6775,277.835,0.0,0.0,,750.0,
2023-02-01 00:00:00,47.76,103.2175,42.572500000000005,65.2575,107.825,12.1125,19.925,0.3075,23.17,0.185,,,,0.0625,0.07250000000000001,14.56,99.1075,0.6625,262.995,0.0,0.0,,750.0,
2023-02-01 01:00:00,43.64,96.4275,39.5475,60.6175,100.16499999999999,11.23,20.2375,0.265,22.8775,0.1625,,,,0.055,0.065,14.225,99.8025,0.7050000000000001,264.59000000000003,0.0,0.0,,750.0,
2023-02-01 02:00:00,42.36,89.8775,38.239999999999995,58.615,96.85,10.905,20.45,0.235,20.335,0.14,,,,0.0475,0.055,13.965,99.9,0.735,272.7725,0.0,0.0,,749.9325,
2023-02-01 03:00:00,40.96,84.98750000000001,36.9125,56.585,93.5,10.7075,20.715,0.20750000000000002,19.04,0.125,,,,0.04,0.05,14.0175,98.71,0.7075,265.7625,0.0,0.0,,749.67,
2023-02-01 04:00:00,33.36,83.8975,32.535,49.870000000000005,82.4,10.440000000000001,20.56,0.185,19.6725,0.11,,,,0.04,0.04,13.9225,97.4925,0.6875,256.935,0.0,0.0,,749.5649999999999,
2023-02-01 05:00:00,39.76,80.6975,33.5475,51.42,84.9625,10.1375,20.302500000000002,0.16,20.7275,0.1,,,,0.03,0.04,13.7375,98.02,0.665,261.255,0.0,0.0,,749.8875,
2023-02-01 06:00:00,41.72,86.475,38.6175,59.1925,97.8125,10.11,20.625,0.16,20.33,0.1,,,,0.03,0.04,13.8525,97.8725,0.52,244.76500000000001,0.0,0.0,,750.0,
2023-02-01 07:00:00,41.36,89.115,39.605000000000004,60.7075,100.31,10.1425,20.744999999999997,0.15,23.92,0.09,,,,0.03,0.04,14.0475,93.7075,0.86,268.6725,0.0,0.0,4.725,750.0,
2023-02-01 08:00:00,35.08,76.49000000000001,31.744999999999997,48.66,80.4075,10.165,20.945,0.1475,25.3975,0.09,,,,0.03,0.04,14.65,89.7425,0.8025,271.0575,0.0,0.0,16.97,750.0,
2023-02-01 09:00:00,37.72,69.8375,34.2925,52.565,86.85499999999999,10.305,20.8425,0.1525,25.92,0.095,,,,0.03,0.04,15.7025,85.01,0.7975,264.42,0.0,0.0,44.2075,750.0,
2023-02-01 10:00:00,34.28,72.6675,50.4375,77.3125,127.7525,10.3625,21.4525,0.14500000000000002,27.9175,0.0875,,,,0.03,0.035,16.435,80.53,0.8475,241.23250000000002,0.0,0.0,59.075,750.0,
2023-02-01 11:00:00,34.6,82.91499999999999,37.0475,56.79,93.8375,10.129999999999999,21.945,0.1325,31.65,0.08,,,,0.03,0.03,17.985,74.325,0.8775,245.2725,0.0,0.0,107.4575,750.0,
2023-02-01 12:00:00,34.04,73.965,37.0375,56.775,93.815,10.49,17.009999999999998,0.11499999999999999,42.39,0.07500000000000001,,,,0.025,0.03,19.3675,69.1525,0.8325,244.685,0.0,0.0,162.5075,750.0,
2023-02-01 13:00:00,39.24,67.39750000000001,30.8425,47.275,78.1175,10.335,14.055,0.1075,49.2125,0.0675,,,,0.02,0.025,20.595,64.91749999999999,1.085,266.705,0.0,0.0,201.66750000000002,750.0,
2023-02-01 14:00:00,32.44,67.67,26.4075,40.480000000000004,66.89,11.0775,12.469999999999999,0.12,54.7525,0.08,,,,0.03,0.03,20.045,66.755,0.9125,255.0075,0.0,0.0,127.94999999999999,749.9475,
2023-02-01 15:00:00,34.04,79.82000000000001,32.94,50.4925,83.4325,11.4475,12.055,0.12,60.805,0.08,,,,0.03,0.03,19.4725,69.52,1.0025,253.93,0.0,0.0,59.535000000000004,749.5625,
2023-02-01 16:00:00,27.76,80.1575,33.47,51.302499999999995,84.775,11.1325,13.755,0.1375,45.754999999999995,0.08,,,,0.03,0.03,18.6875,73.80000000000001,0.7575000000000001,238.1175,0.0,0.0,27.494999999999997,749.4449999999999,
2023-02-01 17:00:00,44.52,80.57249999999999,25.5475,39.16,64.7125,12.469999999999999,14.7575,0.165,52.025,0.10250000000000001,,,,0.035,0.04,17.1325,81.4125,0.4075,209.32999999999998,0.0,0.0,5.989999999999999,749.39,
2023-02-01 18:00:00,45.44,100.4975,29.455,45.1475,74.60249999999999,11.5825,16.0225,0.21000000000000002,26.1375,0.1275,,,,0.0425,0.05,14.217500000000001,92.54249999999999,0.185,188.5925,0.0,0.0,,749.53,
2023-02-01 19:00:00,49.04,102.745,28.54,43.7475,72.285,11.5525,16.9725,0.2975,13.2175,0.18,,,,0.06,0.07,13.432500000000001,97.5925,0.195,188.32,0.0,0.0,,749.9725,
2023-02-01 20:00:00,45.12,115.685,35.932500000000005,55.0775,91.01,11.53,17.33,0.3425,6.4775,0.2025,,,,0.07,0.08,12.2725,98.56,0.15000000000000002,173.8775,0.0,0.0,,750.0,
2023-02-01 21:00:00,48.28,106.08000000000001,23.26,35.650000000000006,58.91,11.0025,18.0625,0.3475,2.665,0.2075,,,,0.07,0.08,11.2125,99.33250000000001,0.1375,158.9625,0.0,0.0,,750.0,
2023-02-01 22:00:00,45.2,102.365,31.41,48.15,79.565,10.7225,17.927500000000002,0.375,1.23,0.225,,,,0.07500000000000001,0.09,10.8675,99.9725,0.16499999999999998,161.7825,0.0,0.0,,750.0,
2023-02-01 23:00:00,45.88,97.29,27.3825,41.97,69.35249999999999,11.8525,18.065,0.67,0.38,0.405,,,,0.135,0.1625,10.745000000000001,100.0,0.2225,185.7325,0.0,0.0,,750.0,
2023-02-02 00:00:00,59.44,127.60749999999999,20.625,31.6125,52.2375,12.645,17.86,0.6675,0.99,0.4,,,,0.135,0.1625,11.16,100.0,0.25,179.44,0.0,0.0,,750.0,
2023-02-02 01:00:00,51.92,114.07499999999999,18.1075,27.755,45.8625,12.0375,18.0,0.4675,2.7725,0.28,,,,0.0925,0.1125,11.345,100.0,0.3225,180.095,0.0,0.0,,749.8,
2023-02-02 02:00:00,42.56,96.8475,19.595,30.0375,49.63,11.275,18.0975,0.3225,10.3475,0.1925,,,,0.065,0.0775,11.5575,100.0,0.4525,197.3275,0.0,0.0,,749.6424999999999,
2023-02-02 03:00:00,39.4,93.1225,19.3675,29.6925,49.0625,10.895,18.035,0.2375,14.7925,0.14500000000000002,,,,0.045,0.055,11.3075,100.0,0.455,223.32999999999998,0.0,0.0,,749.6175000000001,
2023-02-02 04:00:00,35.4,78.0925,14.459999999999999,22.17,36.63,10.59,18.1975,0.2125,10.615,0.135,,,,0.04,0.05,10.52,100.0,0.3325,194.0525,0.0,0.0,,749.545,
2023-02-02 05:00:00,36.4,77.3475,11.94,18.2975,30.2375,10.4775,17.935,0.21,7.9875,0.13,,,,0.04,0.05,10.02,100.0,0.32,189.2475,0.0,0.0,,749.6925,
2023-02-02 06:00:00,37.72,74.4525,9.4575,14.5,23.9575,10.4825,17.7925,0.2175,6.285,0.1375,,,,0.04,0.05,9.3975,100.0,0.3125,206.77,0.0,0.0,0.03,749.9025,
2023-02-02 07:00:00,38.96,75.69749999999999,23.1225,35.442499999999995,58.565,10.637500000000001,17.9575,0.275,3.9875,0.1675,,,,0.0575,0.0675,9.58,100.0,0.3025,199.82,0.0,0.0,9.6425,750.0,
2023-02-02 08:00:00,41.0,81.3175,28.65,43.91,72.5575,12.75,18.560000000000002,0.375,14.0,0.2225,,,,0.07500000000000001,0.0875,11.285,99.97749999999999,0.6375,235.8375,0.0,0.0,29.395,750.0,
2023-02-02 09:00:00,47.4,107.525,28.07,43.0225,71.0925,13.5875,18.285,0.3925,22.8625,0.235,,,,0.0775,0.0975,13.205,90.86,0.7675000000000001,226.73499999999999,0.0,0.0,44.57,750.0,
2023-02-02 10:00:00,51.84,113.5975,29.85,45.7525,75.60249999999999,12.68,19.6225,0.365,37.019999999999996,0.2225,,,,0.07,0.09,17.4875,75.63499999999999,0.8625,234.555,0.0,0.0,232.19,750.0,
2023-02-02 11:00:00,51.6,111.9325,19.7575,30.28,50.0375,12.5175,22.13,0.355,55.2125,0.215,,,,0.07,0.08499999999999999,21.98,60.8675,0.7125,235.7075,0.0,0.0,348.4275,750.0,
2023-02-02 12:00:00,50.6,108.54,22.887500000000003,35.085,57.9775,12.535,24.31,0.345,71.1925,0.20500000000000002,,,,0.07,0.08,24.38,53.1625,0.8325,257.415,0.0,0.0,333.0725,750.0,
2023-02-02 13:00:00,49.56,113.665,19.5275,29.93,49.455,11.9375,27.7675,0.2725,76.1675,0.1625,,,,0.0525,0.0625,25.9725,47.97,0.7375,217.9625,0.0,0.0,270.8275,750.0,
2023-02-02 14:00:00,45.32,97.3775,19.335,29.6425,48.980000000000004,10.92,30.384999999999998,0.185,76.8075,0.1125,,,,0.04,0.0425,25.16,46.792500000000004,0.77,239.86499999999998,0.0,0.0,138.1625,749.7825,
2023-02-02 15:00:00,32.36,71.71000000000001,21.5675,33.0625,54.6325,10.6425,,0.16,75.66,0.1,,,,0.03,0.04,23.9125,49.245000000000005,0.565,220.5875,0.0,0.0,47.6875,749.4175,
2023-02-02 16:00:00,26.28,66.265,15.75,24.1375,39.89,10.4475,,0.15,75.0975,0.09,,,,0.03,0.04,21.715,54.86,0.5475,237.36,0.0,0.0,16.1,749.305,
2023-02-02 17:00:00,25.84,67.9525,17.7875,27.262500000000003,45.05,10.64,29.59,0.16,62.065,0.095,,,,0.0325,0.04,18.655,68.585,0.2125,148.94,0.0,0.0,3.2266666666666666,749.3475,
2023-02-02 18:00:00,25.96,72.105,16.4175,25.16,41.5775,11.4825,27.66,0.2425,46.4425,0.15,,,,0.0475,0.055,14.5075,84.565,0.15,178.5325,0.0,0.0,,749.655,
2023-02-02 19:00:00,37.72,75.83250000000001,19.935,30.552500000000002,50.485,12.715,26.235,0.4375,30.1875,0.2625,,,,0.0875,0.1075,12.76,93.31,0.14500000000000002,180.2425,0.0,0.0,,749.98,
2023-02-02 20:00:00,45.88,98.82249999999999,26.6425,40.8425,67.485,15.27,25.0575,0.7575,18.5275,0.455,,,,0.1525,0.1825,11.985,96.6575,0.15000000000000002,203.3775,0.0,0.0,,750.0,
2023-02-02 21:00:00,73.88,156.5775,22.055,33.805,55.86,14.7225,24.4825,0.79,8.0975,0.47250000000000003,,,,0.1575,0.1925,11.7825,98.55250000000001,0.125,116.145,0.0,0.0,,750.0,
2023-02-02 22:00:00,67.6,146.13,12.5075,19.17,31.677500000000002,12.5275,23.8325,0.6825,6.6175,0.4125,,,,0.135,0.165,11.275,99.33,0.1325,175.38750000000002,0.0,0.0,,750.0,
2023-02-02 23:00:00,70.24,138.08249999999998,13.375,20.5025,33.877500000000005,11.4225,23.2625,0.64,1.3375000000000001,0.3825,,,,0.13,0.1525,10.6875,99.8475,0.1875,197.455,0.0,0.0,,750.0,
2023-02-03 00:00:00,75.50999999999999,134.8075,12.83,19.667499999999997,32.4975,10.7025,21.7025,0.6375,0.12666666666666668,0.385,,,,0.1275,0.155,10.285,100.0,0.15,185.6975,0.0,0.0,,750.0,
2023-02-03 01:00:00,70.08,135.1125,19.55,29.97,49.52,10.3825,21.525,0.645,0.08,0.385,,,,0.13,0.155,10.015,100.0,0.1125,177.5175,0.0,0.0,,750.0,
2023-02-03 02:00:00,74.4,138.715,21.314999999999998,32.6725,53.99,10.45,21.4325,0.6525000000000001,,0.39,,,,0.13,0.16,9.5475,100.0,0.10500000000000001,150.1575,0.0,0.0,,750.0,
2023-02-03 03:00:00,82.32,154.985,21.555,33.040000000000006,54.5975,11.0225,20.795,0.6375,,0.385,,,,0.125,0.155,9.370000000000001,100.0,0.2125,210.25,0.0,0.0,,749.8975,
2023-02-03 04:00:00,77.36,149.9775,22.2325,34.082499999999996,56.31,10.7975,20.165,0.615,,0.3725,,,,0.12,0.15,9.1475,100.0,0.28,270.04,0.0,0.0,,749.7475,
2023-02-03 05:00:00,76.92,158.8375,23.6825,36.3,59.980000000000004,11.6675,19.5775,0.6925,,0.41500000000000004,,,,0.14,0.165,9.39,100.0,0.29,237.805,0.0,0.0,,749.9275,
2023-02-03 06:00:00,78.72,151.6925,25.537499999999998,39.1425,64.68,12.73,19.175,0.5275,4.8950000000000005,0.315,,,,0.1075,0.1275,9.9375,100.0,0.2575,188.33,0.0,0.0,0.03,750.0,
2023-02-03 07:00:00,58.64,113.845,24.555,37.64,62.195,12.4025,19.0625,0.5375,7.21,0.3225,,,,0.1075,0.1275,10.3825,100.0,0.5475000000000001,259.78999999999996,0.0,0.0,10.305,750.0,
2023-02-03 08:00:00,63.24,118.22749999999999,22.7375,34.85,57.59,12.705,19.8575,0.6275,6.4975000000000005,0.3775,,,,0.1225,0.15,11.19,100.0,0.445,248.78750000000002,0.0,0.0,44.99,750.0,
2023-02-03 09:00:00,69.32,134.88,21.7975,33.4075,55.21,12.9275,19.5825,0.675,8.665,0.41000000000000003,,,,0.135,0.1625,12.692499999999999,99.975,0.4125,183.8,0.0,0.0,94.3425,750.0,
2023-02-03 10:00:00,68.36,129.8775,25.2,38.6275,63.83,13.675,19.96,0.71,17.965,0.43,,,,0.14,0.17,15.9875,87.5,0.5675,203.195,0.0,0.0,229.8125,750.0,
2023-02-03 11:00:00,74.28,147.5175,25.0225,38.3525,63.3725,14.23,21.585,0.705,37.3525,0.4225,,,,0.14,0.17,20.86,67.865,0.625,238.985,0.0,0.0,320.16,750.0,
2023-02-03 12:00:00,82.32,175.005,24.560000000000002,37.6475,62.207499999999996,13.8775,23.682499999999997,0.615,48.0525,0.3725,,,,0.1225,0.14750000000000002,23.4075,60.9175,0.6375,242.2625,0.0,0.0,306.8825,750.0,
2023-02-03 13:00:00,77.96,149.2175,25.0425,38.3875,63.43,13.065,26.2875,0.5125000000000001,62.8425,0.3075,,,,0.1,0.1225,25.16,55.010000000000005,0.855,250.4525,0.0,0.0,261.68,749.9825,
2023-02-03 14:00:00,64.72,134.7575,25.93,39.745,65.67,11.717500000000001,,0.3225,75.24,0.1925,,,,0.0625,0.0775,24.535,45.285000000000004,0.96,258.355,0.0,0.0,135.975,749.64,
2023-02-03 15:00:00,38.48,96.76,22.127499999999998,33.917500000000004,56.045,11.497499999999999,,0.2675,77.6825,0.16,,,,0.052500000000000005,0.0625,23.799999999999997,47.225,0.845,273.27250000000004,0.0,0.0,48.730000000000004,749.1975,
2023-02-03 16:00:00,37.12,95.53,15.035,23.04,38.2675,11.3025,,0.2175,77.1575,0.1325,,,,0.0425,0.052500000000000005,21.985,47.9975,0.8049999999999999,263.01,0.0,0.0,18.6375,748.9225,
2023-02-03 17:00:00,33.08,89.79,21.11,32.3575,53.464999999999996,11.219999999999999,,0.2225,63.695,0.135,,,,0.0425,0.052500000000000005,18.895,62.1475,0.2525,149.9575,0.02,0.02,3.41,748.8075,
2023-02-03 18:00:00,34.84,80.7325,23.9225,36.665,60.5875,11.8975,27.990000000000002,0.33,42.182500000000005,0.1975,,,,0.065,0.08,14.27,83.315,0.16,146.8375,0.0,0.0,,748.9925,
2023-02-03 19:00:00,42.48,107.9825,27.4725,42.1125,69.58500000000001,14.415,26.575,0.5525,26.535,0.33499999999999996,,,,0.1125,0.135,12.5825,92.53,0.18,185.3125,0.0,0.0,,749.46,
2023-02-03 20:00:00,55.24,122.1525,26.27,40.2725,66.53999999999999,15.379999999999999,25.6125,0.7175,20.9675,0.4275,,,,0.14250000000000002,0.1725,11.7425,95.9525,0.1775,167.98250000000002,0.0,0.0,,749.7725,
2023-02-03 21:00:00,64.24,135.7775,23.5525,36.1025,59.6575,15.0825,24.5125,0.705,20.2025,0.42,,,,0.14,0.1675,11.497499999999999,97.875,0.2,180.5575,0.0,0.0,,749.8725,
2023-02-03 22:00:00,63.08,129.3025,23.3275,35.7625,59.0925,13.9375,23.869999999999997,0.6,19.9025,0.36,,,,0.12,0.14500000000000002,11.2325,98.7675,0.19,164.97,0.0,0.0,,749.85,
2023-02-03 23:00:00,56.2,125.645,26.975,41.345,68.3175,13.254999999999999,23.0875,0.5675,16.747500000000002,0.3425,,,,0.1125,0.135,10.93,99.5475,0.2475,212.525,0.0,0.0,,749.5350000000001,
2023-02-04 00:00:00,58.16,116.74,26.517500000000002,40.6525,67.17,14.377500000000001,22.525,0.5175000000000001,13.1375,0.31,,,,0.10250000000000001,0.125,10.7425,99.98,0.2125,185.495,0.0,0.0,,749.1949999999999,
2023-02-04 01:00:00,62.08,133.07999999999998,27.5375,42.2075,69.7475,13.79,22.095,0.4375,12.0825,0.26,,,,0.0875,0.10250000000000001,10.48,100.0,0.1725,170.73250000000002,0.0,0.0,,748.88,
2023-02-04 02:00:00,63.4,119.0025,25.927500000000002,39.74,65.6675,12.5,21.7675,0.40249999999999997,10.3025,0.2425,,,,0.08,0.0975,9.98,100.0,0.1775,169.3875,0.0,0.0,,748.49,
2023-02-04 03:00:00,66.28,117.975,25.497500000000002,39.08,64.5775,11.83,21.215,0.3825,8.4725,0.2225,,,,0.07250000000000001,0.09,9.9525,100.0,0.23750000000000002,182.7925,0.0,0.0,,748.2875,
2023-02-04 04:00:00,63.36,110.24,14.65,22.455,37.105000000000004,11.7925,20.4325,0.365,9.3,0.2175,,,,0.07,0.0875,9.8075,100.0,0.1875,179.22,0.0,0.0,,748.045,
2023-02-04 05:00:00,60.76,115.64,16.45,25.22,41.67,11.5275,19.845,0.3275,17.04,0.1975,,,,0.0675,0.0775,9.7025,100.0,0.1875,191.8375,0.0,0.0,,748.115,
2023-02-04 06:00:00,49.195,104.835,21.995,33.715,55.715,11.31,19.445,0.315,18.02,0.1925,,,,0.0625,0.07250000000000001,9.629999999999999,100.0,0.2425,193.35,0.0,0.0,0.07,748.5925,
2023-02-04 07:00:00,49.8,104.9325,22.27,34.1325,56.4,11.4625,19.259999999999998,0.36,15.52,0.215,,,,0.07250000000000001,0.0875,10.0225,100.0,0.22,167.3875,0.0,0.0,8.0475,749.2025,
2023-02-04 08:00:00,56.72,104.41,28.75,44.07,72.8225,12.8575,19.6,0.45,22.455,0.27,,,,0.09,0.1075,11.94,100.0,0.405,228.4375,0.0,0.0,21.54,749.7525,
2023-02-04 09:00:00,53.16,130.6825,30.03,46.0325,76.0625,14.3575,19.9025,0.46499999999999997,42.0775,0.2825,,,,0.095,0.11,15.432500000000001,84.60249999999999,0.7025,241.925,0.0,0.0,32.1575,749.9975,
2023-02-04 10:00:00,56.68,133.8125,17.5875,26.9625,44.5525,13.6275,22.66,0.3675,69.005,0.2225,,,,0.075,0.085,21.0425,63.417500000000004,0.8875,273.9075,0.0,0.0,255.2225,750.0,
2023-02-04 11:00:00,52.2,130.86,17.877499999999998,27.4075,45.2825,13.025,23.53,0.245,90.62,0.15000000000000002,,,,0.0475,0.0575,25.555,47.6475,0.935,244.35750000000002,0.005,0.005,351.8325,749.7125,
2023-02-04 12:00:00,37.0,92.85,18.869999999999997,28.925,47.7975,12.3325,35.4525,0.1625,93.06,0.095,,,,0.0325,0.0375,26.9875,38.9475,1.0999999999999999,266.28000000000003,0.024999999999999998,0.024999999999999998,330.055,749.0675,
2023-02-04 13:00:00,34.88,92.75,7.970000000000001,12.2175,20.1875,11.5225,30.9825,0.1625,105.175,0.0975,,,,0.0325,0.04,27.795,37.5375,0.9925,255.82999999999998,0.0025,0.0025,273.075,748.3725,
2023-02-04 14:00:00,31.16,71.25,3.7399999999999998,5.735,9.475,10.8025,27.1325,0.14250000000000002,112.1925,0.0875,,,,0.03,0.035,26.305,38.915,1.1225,262.7375,0.0175,0.0175,139.48499999999999,747.7950000000001,
2023-02-04 15:00:00,27.92,75.39750000000001,0.91,1.395,1.1500000000000001,10.645,27.942500000000003,0.11499999999999999,109.7375,0.07500000000000001,,,,0.025,0.03,25.4425,40.155,0.8125,247.325,0.0,0.0,51.4275,747.55,
2023-02-04 16:00:00,27.4,79.5,8.1,12.423333333333332,15.395,10.9775,25.0925,0.1175,105.0725,0.0775,,,,0.0275,0.03,23.4175,45.285,0.69,241.505,0.0,0.0,20.23,747.38,
2023-02-04 17:00:00,27.92,68.3625,12.475,19.1175,31.5925,13.2275,22.685000000000002,0.20500000000000002,83.46000000000001,0.1225,,,,0.0425,0.052500000000000005,20.665,55.0825,0.39,205.5175,0.0,0.0,3.5766666666666667,747.3275,
2023-02-04 18:00:00,37.72,85.25,14.9575,22.925,37.885,13.5925,18.5625,0.2975,58.052499999999995,0.18,,,,0.0575,0.07,16.0925,73.22749999999999,0.1325,146.315,0.0,0.0,,747.4525,
2023-02-04 19:00:00,35.0,97.2875,20.02,30.685000000000002,50.7025,15.08,20.1925,0.515,34.32,0.3125,,,,0.10250000000000001,0.125,13.79,84.4575,0.1925,203.415,0.0,0.0,,747.7025,
2023-02-04 20:00:00,45.0,125.9825,22.665,34.7375,57.4,17.79,21.009999999999998,0.74,25.0125,0.4475,,,,0.1475,0.18,13.0275,90.595,0.215,198.5325,0.0,0.0,,747.8725,
2023-02-04 21:00:00,62.28,145.3975,20.1875,30.9425,51.1275,17.0325,21.18,0.7175,23.59,0.43,,,,0.14500000000000002,0.1725,12.6275,94.005,0.165,172.20499999999998,0.0,0.0,,748.04,
2023-02-04 22:00:00,55.92,127.825,16.6925,25.5925,42.28,15.0075,20.9775,0.61,23.645,0.3675,,,,0.1225,0.14750000000000002,12.405,96.225,0.17,169.15,0.0,0.0,,748.1825,
2023-02-04 23:00:00,50.52,114.89,16.3625,25.08,41.4425,13.6175,20.73,0.4975,26.2125,0.3025,,,,0.10250000000000001,0.12,12.0,97.5175,0.195,201.8425,0.0,0.0,,748.1324999999999,
2023-02-05 00:00:00,51.88,109.5325,19.8975,30.505,50.4025,13.14,21.3125,0.445,13.4775,0.2625,,,,0.09,0.10500000000000001,11.445,98.155,0.10750000000000001,153.515,0.0,0.0,,747.91,
2023-02-05 01:00:00,55.44,99.53999999999999,15.55,23.8325,39.379999999999995,12.27,21.215,0.4225,6.77,0.255,,,,0.0875,0.1,10.74,98.9325,0.1575,183.7825,0.0,0.0,,747.5475,
2023-02-05 02:00:00,50.32,98.7125,15.5975,23.91,39.5075,12.504999999999999,20.9775,0.3875,7.4575,0.2275,,,,0.07500000000000001,0.0925,10.4225,99.745,0.24000000000000002,220.69,0.0,0.0,,747.1575,
2023-02-05 03:00:00,50.92,103.885,14.8975,22.835,37.730000000000004,12.1475,20.5825,0.375,4.8100000000000005,0.225,,,,0.07250000000000001,0.09,10.26,100.0,0.23500000000000001,206.56,0.0,0.0,,747.0699999999999,
2023-02-05 04:00:00,47.68,98.0375,10.13,15.5275,25.6525,11.692499999999999,20.4175,0.3475,4.1675,0.2075,,,,0.07,0.08,10.3525,100.0,0.29500000000000004,227.215,0.0,0.0,,747.04,
2023-02-05 05:00:00,49.36,85.68,0.365,0.555,0.45999999999999996,11.5925,20.435,0.33,5.217499999999999,0.2,,,,0.07,0.08,10.2575,100.0,0.2725,219.4275,0.0,0.0,,747.335,
2023-02-05 06:00:00,44.96,88.5075,0.8400000000000001,1.295,1.0675,11.4975,20.4775,0.3175,6.375,0.1925,,,,0.0625,0.07500000000000001,10.0125,100.0,0.22749999999999998,200.525,0.0,0.0,0.07,747.6424999999999,
2023-02-05 07:00:00,52.64,99.9925,0.345,0.525,0.4375,11.2725,20.715,0.34750000000000003,5.095000000000001,0.21000000000000002,,,,0.07,0.08499999999999999,10.4575,100.0,0.245,179.5275,0.0,0.0,8.4025,747.9525,
2023-02-05 08:00:00,43.88,99.435,1.48,2.27,0.94,12.120000000000001,20.61,0.39749999999999996,19.5625,0.24,,,,0.08,0.095,12.54,99.82,0.4675,211.44,0.0,0.0,25.580000000000002,748.53,
2023-02-05 09:00:00,51.88,120.105,2.4675,3.7800000000000002,6.2475,13.74,21.1425,0.4675,40.745,0.285,,,,0.0975,0.1125,15.9375,82.75,0.57,239.555,0.0,0.0,36.535,749.2025,
2023-02-05 10:00:00,66.52,142.37,1.25,1.91,0.79,13.865,24.895,0.475,59.935,0.28500000000000003,,,,0.0975,0.1125,20.655,66.0925,0.8225,253.62,0.0,0.0,250.6125,749.2325000000001,
2023-02-05 11:00:00,68.72,155.175,4.875,7.48,6.1775,13.385,28.1325,0.43,76.4,0.2575,,,,0.0875,0.10250000000000001,25.634999999999998,51.0775,0.7575000000000001,248.405,0.0,0.0,349.98,748.9675,
2023-02-05 12:00:00,59.16,142.6125,5.8100000000000005,8.905000000000001,14.71,12.2075,28.645,0.31,79.945,0.185,,,,0.0625,0.075,27.7375,41.5425,0.9625,251.45749999999998,0.0,0.0,330.94,748.3475,
2023-02-05 13:00:00,43.4,110.3825,21.0975,32.3375,53.4375,11.004999999999999,27.965,0.19,90.735,0.11750000000000001,,,,0.04,0.045,28.6725,36.55,1.0625,275.0475,0.0,0.0,282.55,747.825,
2023-02-05 14:00:00,31.0,87.4075,18.075,27.705,45.7825,10.965,25.77,0.1825,101.68,0.11,,,,0.04,0.04,27.7575,39.0075,0.88,266.0575,0.0,0.0,132.5875,747.365,
2023-02-05 15:00:00,33.56,80.41,20.94,32.1025,53.0425,10.8275,25.1575,0.1525,101.9975,0.0975,,,,0.035,0.0375,26.5175,41.1325,0.805,269.7825,0.0,0.0,59.025000000000006,746.98,
2023-02-05 16:00:00,31.0,98.0775,17.06,26.1525,43.215,10.2775,23.635,0.12,98.555,0.08,,,,0.03,0.03,24.17,45.715,0.5700000000000001,246.5125,0.0,0.0,18.14,746.9,
2023-02-05 17:00:00,25.92,80.6275,23.3625,35.8125,59.1725,10.41,22.18,0.14500000000000002,74.795,0.09,,,,0.03,0.035,20.7125,62.010000000000005,0.235,156.4725,0.0,0.0,3.8066666666666666,747.0325,
2023-02-05 18:00:00,28.32,78.69,13.795,21.1475,34.94,11.432500000000001,22.052500000000002,0.2375,48.1025,0.14500000000000002,,,,0.0475,0.055,16.5925,80.77,0.14250000000000002,150.165,0.0,0.0,,747.235,
2023-02-05 19:00:00,31.88,80.7825,19.665,30.14,49.7975,13.42,22.31,0.435,33.405,0.2625,,,,0.0875,0.1075,14.29,88.18,0.135,172.7525,0.0,0.0,,747.6675,
2023-02-05 20:00:00,43.12,106.92500000000001,29.415,45.095,74.51,16.252499999999998,23.355,0.7425,21.61,0.445,,,,0.15,0.1775,13.09,93.265,0.215,222.315,0.0,0.0,,748.1225,
2023-02-05 21:00:00,53.6,132.385,29.4675,45.167500000000004,74.63250000000001,19.35,23.4025,1.105,8.647499999999999,0.665,,,,0.225,0.2675,12.6275,96.7125,0.19,203.7825,0.0,0.0,,748.485,
2023-02-05 22:00:00,58.88,142.0925,24.564999999999998,37.655,62.22,22.17,23.555,1.5675000000000001,1.5699999999999998,0.9450000000000001,,,,0.3125,0.38,12.344999999999999,98.35249999999999,0.17250000000000001,211.60000000000002,0.0,0.0,,748.61,
2023-02-05 23:00:00,75.24,170.1925,17.12,26.2425,43.36,23.1475,23.5175,1.8325,,1.0925,,,,0.365,0.4375,12.19,99.4975,0.1875,250.225,0.0,0.0,,748.51,
2023-02-06 00:00:00,83.6,190.8,25.5225,39.1175,64.6375,19.185,23.7375,1.47,1.6900000000000002,0.88,,,,0.29000000000000004,0.35,11.405,99.805,0.155,223.68,0.0,0.0,,748.2925,
2023-02-06 01:00:00,76.8,165.0475,14.815,22.7075,37.5225,15.8625,23.1875,0.9125,5.0275,0.545,,,,0.18,0.2175,11.059999999999999,100.0,0.235,223.425,0.0,0.0,,748.1625,
2023-02-06 02:00:00,56.04,126.63,14.065000000000001,21.560000000000002,35.6225,14.2375,22.965,0.735,2.34,0.435,,,,0.1475,0.1775,10.67,100.0,0.1525,181.4375,0.0,0.0,,747.8199999999999,
2023-02-06 03:00:00,56.12,118.28,5.01,7.675,12.685,13.1725,22.5,0.6575,2.185,0.39749999999999996,,,,0.135,0.1575,10.2725,100.0,0.27249999999999996,249.48,0.0,0.0,,747.64,
2023-02-06 04:00:00,55.72,115.605,7.835,12.0075,19.8425,12.84,21.755000000000003,0.6074999999999999,0.62,0.3675,,,,0.12,0.1475,10.425,100.0,0.315,252.53,0.0,0.0,,747.5550000000001,
2023-02-06 05:00:00,56.24,115.795,12.3,18.8525,31.150000000000002,12.025,21.549999999999997,0.51,2.1925,0.3075,,,,0.10250000000000001,0.12,10.334999999999999,100.0,0.275,234.10250000000002,0.0,0.0,,747.7475,
2023-02-06 06:00:00,52.92,100.8525,11.735,17.9875,29.725,11.81,21.197499999999998,0.445,2.18,0.265,,,,0.09,0.10500000000000001,10.105,100.0,0.215,249.6225,0.0,0.0,0.15,748.1975,
2023-02-06 07:00:00,53.68,110.165,9.717500000000001,14.895,24.61,11.7075,21.13,0.43,1.2225000000000001,0.2575,,,,0.09,0.1,10.3525,100.0,0.2125,255.215,0.0,0.0,7.01,748.7475,
2023-02-06 08:00:00,51.2,98.3175,14.1025,21.6175,35.715,12.425,21.695,0.5125,9.835,0.31,,,,0.10500000000000001,0.1225,13.125,100.0,0.265,240.20749999999998,0.0,0.0,22.31,749.34,
2023-02-06 09:00:00,59.52,132.9275,24.2,37.095,61.295,13.8325,21.3625,0.4375,44.665,0.2675,,,,0.09,0.1075,15.15,98.3425,0.3425,187.20499999999998,0.0,0.0,29.627499999999998,749.7725,
2023-02-06 10:00:00,50.72,114.3175,21.91,33.585,55.49250000000001,13.48,25.1175,0.345,71.61749999999999,0.20750000000000002,,,,0.0675,0.08,22.265,61.519999999999996,0.42,166.5975,0.0,0.0,264.115,749.9275,
2023-02-06 11:00:00,41.28,114.0,19.6225,30.08,49.705,12.940000000000001,24.625,0.255,94.715,0.1525,,,,0.05,0.06,28.945,38.3525,0.4525,187.57999999999998,0.0,0.0,346.335,749.5825,
2023-02-06 12:00:00,41.28,108.165,17.3175,26.545,43.86,11.6075,25.1475,0.18,104.47,0.105,,,,0.0375,0.04,30.465,30.7725,0.565,204.4975,0.0,0.0,321.4575,748.7825,
2023-02-06 13:00:00,33.0,88.3775,16.5175,25.32,41.8375,10.370000000000001,24.785,0.13,104.32,0.0825,,,,0.025,0.0325,30.685,29.9,0.7,214.575,0.0,0.0,269.0625,747.9549999999999,
2023-02-06 14:00:00,27.08,69.9875,8.245000000000001,12.6375,20.884999999999998,9.885,25.0375,0.11,109.07,0.06,,,,0.0225,0.025,29.744999999999997,32.120000000000005,0.745,231.915,0.0,0.0,127.1725,747.1175000000001,
2023-02-06 15:00:00,20.72,54.870000000000005,10.2875,15.7675,26.0525,9.842500000000001,26.03,0.1075,115.39750000000001,0.065,,,,0.02,0.025,27.9625,36.935,0.5875,252.67,0.0,0.0,54.2025,746.5799999999999,
2023-02-06 16:00:00,26.2,59.7275,10.425,15.98,26.405,10.245000000000001,24.2825,0.1275,102.20750000000001,0.0775,,,,0.025,0.03,25.03,47.045,0.345,189.1025,0.0,0.0,19.89,746.3325,
2023-02-06 17:00:00,29.52,72.255,12.4925,19.1475,31.6375,10.0625,21.655,0.13,83.545,0.08,,,,0.03,0.03,21.3625,63.004999999999995,0.21,146.04,0.0,0.0,4.503333333333334,746.4025,
2023-02-06 18:00:00,28.44,68.355,16.9875,26.035,43.0175,11.9075,18.905,0.23,59.3825,0.14,,,,0.0475,0.055,17.59,77.8675,0.1225,167.215,0.0,0.0,,746.615,
2023-02-06 19:00:00,29.92,77.8275,20.927500000000002,32.08,53.005,12.8825,20.6875,0.3875,32.1375,0.23249999999999998,,,,0.0775,0.095,15.5775,87.96000000000001,0.14,163.7425,0.0,0.0,,746.9375,
2023-02-06 20:00:00,31.92,93.5575,25.1975,38.620000000000005,63.815,16.1775,22.11,0.73,18.2725,0.44,,,,0.14750000000000002,0.1775,14.57,92.675,0.1875,181.6375,0.0,0.0,,747.1424999999999,
2023-02-06 21:00:00,49.96,123.7175,32.565,49.9125,82.4775,19.0975,22.0,0.98,6.1625,0.5875,,,,0.195,0.2325,14.205,95.34,0.23249999999999998,242.4525,0.0,0.0,,747.14,
2023-02-06 22:00:00,54.92,133.395,30.8775,47.3275,78.2025,21.6525,22.01,1.1875,2.185,0.71,,,,0.235,0.28500000000000003,13.692499999999999,96.6175,0.1725,203.8075,0.0,0.0,,746.9649999999999,
2023-02-06 23:00:00,58.2,133.03,22.65,34.715,57.3675,18.1425,22.3175,1.17,0.095,0.7025,,,,0.2325,0.28,13.165,98.0925,0.125,157.4675,0.0,0.0,,746.75,
2023-02-07 00:00:00,53.8,128.7825,17.447499999999998,26.7425,44.192499999999995,16.099999999999998,22.38,1.165,0.030000000000000002,0.7,,,,0.23249999999999998,0.28,12.71,99.1525,0.195,219.91750000000002,0.0,0.0,,746.3199999999999,
2023-02-07 01:00:00,62.16,134.52499999999998,14.39,22.06,36.45,14.66,22.689999999999998,1.0925,0.23,0.655,,,,0.2175,0.26,12.4025,99.83500000000001,0.21000000000000002,251.435,0.0,0.0,,746.0675,
2023-02-07 02:00:00,61.04,128.5125,14.692499999999999,22.5225,37.2125,15.075,22.6675,1.095,,0.6575,,,,0.22,0.2625,12.2975,100.0,0.1675,193.3875,0.0,0.0,,745.7950000000001,
2023-02-07 03:00:00,58.72,139.17,21.34,32.715,54.055,14.6375,22.2,0.9275,,0.5525,,,,0.185,0.22,12.015,100.0,0.20500000000000002,234.3375,0.0,0.0,,745.51,
2023-02-07 04:00:00,55.72,119.9025,20.627499999999998,31.6175,52.239999999999995,13.7625,22.435000000000002,0.835,,0.5025000000000001,,,,0.165,0.2,11.9375,100.0,0.23,238.1925,0.0,0.0,,745.325,
2023-02-07 05:00:00,54.8,123.2925,26.9925,41.375,68.36749999999999,13.192499999999999,22.240000000000002,0.6025,3.66,0.3625,,,,0.1225,0.14250000000000002,12.015,100.0,0.26749999999999996,224.8825,0.0,0.0,,745.665,
2023-02-07 06:00:00,49.36,112.885,23.88,36.6025,60.4825,12.567499999999999,21.995,0.5125,2.3674999999999997,0.31,,,,0.1,0.1225,11.7475,100.0,0.215,179.0075,0.0,0.0,0.1,746.115,
2023-02-07 07:00:00,51.88,102.6175,14.665,22.48,37.145,11.6075,22.0975,0.48,0.685,0.2925,,,,0.1,0.1125,12.02,100.0,0.215,209.1775,0.0,0.0,8.122499999999999,746.425,
2023-02-07 08:00:00,48.4,97.125,13.805,21.1625,34.9675,10.7275,22.855,0.5175,5.7,0.315,,,,0.1075,0.1225,14.285,100.0,0.16999999999999998,142.135,0.0,0.0,23.13,746.8325,
2023-02-07 09:00:00,48.64,91.5475,24.2075,37.1075,61.315,14.9625,22.7875,0.655,40.4675,0.39,,,,0.13,0.16,17.2675,94.83,0.395,190.6625,0.0,0.0,35.2675,747.1175000000001,
2023-02-07 10:00:00,69.28,166.2325,26.1625,40.0975,66.25750000000001,16.555,26.65,0.5700000000000001,82.9475,0.34249999999999997,,,,0.1125,0.135,24.41,61.3125,0.6525,215.1075,0.0,0.0,235.8825,747.3075,
2023-02-07 11:00:00,56.44,151.435,18.3625,28.1475,46.51,12.7625,26.025000000000002,0.27,97.295,0.16,,,,0.055,0.0625,29.19,46.620000000000005,0.7375,249.03500000000003,0.0,0.0,332.7175,747.105,
2023-02-07 12:00:00,37.2,109.5375,15.6975,24.06,39.7575,10.4125,25.009999999999998,0.16,93.4625,0.095,,,,0.0325,0.04,30.94,43.14,0.6875,249.03,0.0,0.0,309.9225,746.5074999999999,
2023-02-07 13:00:00,28.68,80.8475,19.7475,30.27,50.0175,9.82,27.0425,0.1075,98.37,0.065,,,,0.0225,0.025,31.447499999999998,40.355,0.725,246.3525,0.0,0.0,262.985,745.9125,
2023-02-07 14:00:00,25.72,57.3575,17.825,27.3175,45.1425,9.6,27.9175,0.11750000000000001,103.4,0.065,,,,0.0225,0.0225,30.395,41.8625,0.6925,247.89499999999998,0.0,0.0,123.77,745.5975,
2023-02-07 15:00:00,23.12,64.955,18.802500000000002,28.82,47.6275,9.795,28.009999999999998,0.10500000000000001,105.5,0.0625,,,,0.02,0.025,29.005,45.730000000000004,0.76,252.29500000000002,0.0,0.0,56.705,745.365,
2023-02-07 16:00:00,22.88,71.995,19.285,29.560000000000002,48.845,10.2325,27.215,0.1275,109.9125,0.08,,,,0.03,0.03,26.625,51.445,0.7849999999999999,255.84750000000003,0.0,0.0,21.885,745.4275,
2023-02-07 17:00:00,30.4,85.025,15.8275,24.259999999999998,40.085,10.865,24.6875,0.16999999999999998,90.205,0.105,,,,0.035,0.04,24.0725,63.275,0.4125,220.415,0.0,0.0,4.930000000000001,745.7525,
2023-02-07 18:00:00,29.72,88.9125,15.0425,23.060000000000002,38.105000000000004,11.2575,22.185,0.205,54.269999999999996,0.125,,,,0.0425,0.0475,20.08,82.89750000000001,0.2,167.1475,0.0,0.0,,746.0375,
2023-02-07 19:00:00,28.96,83.97,10.879999999999999,16.675,27.555,12.5125,23.990000000000002,0.3575,42.9175,0.215,,,,0.07250000000000001,0.085,18.1725,90.5075,0.2025,187.6775,0.0,0.0,,746.6475,
2023-02-07 20:00:00,40.32,97.14,8.695,13.325,22.0175,13.3525,25.7875,0.47,35.6975,0.2825,,,,0.095,0.11,17.32,94.86,0.17250000000000001,169.79250000000002,0.0,0.0,,747.2525,
2023-02-07 21:00:00,49.84,113.82000000000001,10.120000000000001,15.51,25.6275,13.23,26.4475,0.515,40.2825,0.3125,,,,0.1,0.1225,17.665,96.045,0.345,192.495,0.0,0.0,,747.6125,
2023-02-07 22:00:00,54.32,119.8275,13.6775,20.965,34.6425,13.325,27.475,0.47250000000000003,51.9225,0.28500000000000003,,,,0.095,0.1125,19.385,85.6725,0.7224999999999999,258.3375,0.0,0.0,,747.755,
2023-02-07 23:00:00,59.44,143.63,17.0325,26.11,43.145,12.8525,27.98,0.4125,49.39,0.245,,,,0.0825,0.1,18.689999999999998,85.935,0.6075,262.17,0.0,0.0,,747.7524999999999,
2023-02-08 00:00:00,57.16,136.115,14.9925,22.98,37.9725,12.469999999999999,28.447499999999998,0.3625,44.5775,0.215,,,,0.07250000000000001,0.08499999999999999,17.805,86.605,0.73,283.6675,0.0,0.0,,747.5375,
2023-02-08 01:00:00,57.6,128.37,14.6525,22.46,37.115,12.469999999999999,28.939999999999998,0.3175,38.5775,0.1925,,,,0.0625,0.07250000000000001,16.9125,85.0975,0.5825,265.07,0.0,0.0,,747.525,
2023-02-08 02:00:00,51.6,115.5675,15.2975,23.447499999999998,38.7425,11.915000000000001,28.8925,0.28500000000000003,34.47,0.17,,,,0.057499999999999996,0.0675,16.072499999999998,84.5575,0.6075,269.62,0.0,0.0,,747.255,
2023-02-08 03:00:00,44.28,118.7375,14.5275,22.27,36.7975,11.2975,28.0475,0.22999999999999998,32.1225,0.14,,,,0.045,0.055,15.1775,85.16499999999999,0.625,257.0175,0.0,0.0,,747.1,
2023-02-08 04:00:00,41.28,96.675,15.719999999999999,24.095,39.8125,11.07,27.240000000000002,0.1925,30.247500000000002,0.11499999999999999,,,,0.04,0.045,14.38,84.5875,0.5525,261.8675,0.0,0.0,,746.96,
2023-02-08 05:00:00,38.12,90.35499999999999,12.975000000000001,19.8925,32.870000000000005,10.7,26.3625,0.1625,28.9975,0.1,,,,0.03,0.04,13.6425,84.8725,0.51,258.3075,0.0,0.0,,747.2049999999999,
2023-02-08 06:00:00,32.56,80.765,12.86,19.7125,32.5725,10.905000000000001,24.5825,0.17,25.485,0.10500000000000001,,,,0.0325,0.04,12.6375,88.6675,0.485,237.04,0.0,0.0,0.04,747.875,
2023-02-08 07:00:00,32.96,76.455,15.2,23.3,38.504999999999995,11.39,24.3375,0.2175,26.195,0.135,,,,0.0425,0.052500000000000005,13.345,84.3625,0.6425000000000001,250.8875,0.0,0.0,5.035,748.6675,
2023-02-08 08:00:00,37.28,88.385,17.8675,27.39,45.26,12.07,25.1025,0.27,30.1175,0.1625,,,,0.052500000000000005,0.0625,14.6475,78.6725,0.7025,253.425,0.0,0.0,14.4725,749.185,
2023-02-08 09:00:00,36.6,103.27250000000001,16.025,24.565,40.589999999999996,12.125,26.927500000000002,0.2625,41.4475,0.1575,,,,0.052500000000000005,0.0625,17.02,70.5575,0.7225,249.53,0.0,0.0,22.2625,749.6925,
2023-02-08 10:00:00,32.96,107.38499999999999,17.075000000000003,26.18,43.2625,11.865,27.4525,0.2225,58.31,0.1375,,,,0.0425,0.05,22.3375,54.065,0.71,245.465,0.005,0.005,278.03499999999997,749.955,
2023-02-08 11:00:00,31.6,94.495,20.5,31.425,51.9225,10.61,23.525000000000002,0.125,81.55,0.0775,,,,0.025,0.03,26.13,38.285,0.9175,244.04500000000002,0.015,0.015,377.5575,749.8199999999999,
2023-02-08 12:00:00,30.4,74.3425,19.2275,29.4725,48.697500000000005,9.81,22.3,0.08,89.94,0.045,,,,0.015,0.02,27.03,33.0025,0.9400000000000001,263.29249999999996,0.0,0.0,353.4875,749.225,
2023-02-08 13:00:00,20.36,61.370000000000005,13.7675,21.1,34.8675,9.165,22.2125,0.0475,90.875,0.0275,,,,0.01,0.01,27.71,28.46,1.13,256.3925,0.0,0.0,305.5475,748.5125,
2023-02-08 14:00:00,18.28,58.43,13.057500000000001,20.02,33.0775,9.1075,21.627499999999998,0.052500000000000005,93.4325,0.0325,,,,0.01,0.01,27.427500000000002,29.2075,0.98,248.165,0.0,0.0,131.675,747.9,
2023-02-08 15:00:00,16.72,48.302499999999995,14.3025,21.9225,36.225,9.127500000000001,21.5875,0.052500000000000005,96.82249999999999,0.0325,,,,0.01,0.01,25.7925,32.519999999999996,0.96,258.2325,0.0,0.0,60.9675,747.6625,
2023-02-08 16:00:00,16.6,60.495,13.14,20.14,33.28,9.754999999999999,21.71,0.07,100.115,0.04,,,,0.01,0.02,23.255,39.5925,0.8750000000000001,237.8875,0.0,0.0,17.165,747.5174999999999,
2023-02-08 17:00:00,19.28,60.6025,21.32,32.682500000000005,54.0,10.6275,20.18,0.0925,90.245,0.055,,,,0.0175,0.0225,21.1975,43.6775,0.645,210.5525,0.0,0.0,3.4466666666666668,747.5075,
2023-02-08 18:00:00,14.88,58.715,24.475,37.515,61.989999999999995,11.317499999999999,18.535,0.1375,65.8725,0.0825,,,,0.0275,0.035,17.1925,61.5075,0.22249999999999998,186.075,0.0,0.0,,747.8375,
2023-02-08 19:00:00,24.16,64.21249999999999,22.13,33.917500000000004,56.0475,12.1775,21.387500000000003,0.2525,41.0525,0.1525,,,,0.0525,0.060000000000000005,14.567499999999999,78.7825,0.2025,168.8125,0.0,0.0,,748.4375,
2023-02-08 20:00:00,29.52,74.91250000000001,20.195,30.955000000000002,51.15,13.105,21.8125,0.34,31.955,0.2025,,,,0.07,0.08,14.190000000000001,83.325,0.265,175.85750000000002,0.0,0.0,,748.905,
2023-02-08 21:00:00,32.24,81.6525,18.505000000000003,28.365,46.870000000000005,13.0425,22.1675,0.34500000000000003,34.85,0.2025,,,,0.07,0.08,13.875,82.18,0.3025,189.4275,0.0,0.0,,749.05,
2023-02-08 22:00:00,29.84,83.1325,16.28,24.9525,41.230000000000004,12.9625,22.4325,0.3375,36.1125,0.2025,,,,0.0675,0.08,13.5875,81.74,0.2375,167.69,0.03,0.03,,749.0074999999999,
2023-02-08 23:00:00,36.4,85.63250000000001,19.2175,29.46,48.6775,12.1875,22.54,0.29,34.6575,0.17250000000000001,,,,0.06,0.07,13.205,86.0725,0.2375,176.64999999999998,0.0,0.0,,748.7225,
2023-02-09 00:00:00,32.84,80.09,22.455,34.417500000000004,56.87,11.9575,22.1875,0.2725,36.11,0.165,,,,0.055,0.065,12.5975,87.66499999999999,0.22,188.2475,0.0,0.0,,748.2975,
2023-02-09 01:00:00,32.96,88.86500000000001,20.3525,31.1925,51.542500000000004,12.17,22.54,0.2225,42.57,0.1375,,,,0.0425,0.052500000000000005,13.145,84.845,0.39,223.4025,0.0,0.0,,748.09,
2023-02-09 02:00:00,40.0,90.57,20.6425,31.9225,52.2925,11.65,22.845,0.2075,40.0025,0.1275,,,,0.04,0.05,13.0775,84.4225,0.335,223.67,0.0,0.0,,747.715,
2023-02-09 03:00:00,30.4,85.36250000000001,18.9025,28.9775,47.8825,11.575,22.705,0.20500000000000002,38.4425,0.125,,,,0.04,0.05,12.44,87.67,0.27,174.365,0.0,0.0,,747.32,
2023-02-09 04:00:00,34.76,80.435,17.0075,26.07,43.0775,11.34,22.9675,0.21,35.0875,0.1325,,,,0.04,0.05,11.875,89.55,0.305,196.365,0.0,0.0,,747.3,
2023-02-09 05:00:00,38.96,86.52,18.765,28.7625,47.53,11.465,22.42,0.2425,27.83,0.14250000000000002,,,,0.0475,0.057499999999999996,10.872499999999999,94.475,0.3375,198.3875,0.0,0.0,,747.635,
2023-02-09 06:00:00,34.88,87.345,19.9725,30.6175,50.59,11.7475,21.3675,0.2625,24.2675,0.155,,,,0.052500000000000005,0.0625,10.62,95.67750000000001,0.35,213.0375,0.0,0.0,0.2,748.1949999999999,
2023-02-09 07:00:00,43.8,90.77250000000001,22.7375,34.855,57.595,12.530000000000001,21.785,0.3,19.835,0.18,,,,0.0625,0.07250000000000001,11.0625,95.045,0.3825,210.915,0.0,0.0,7.0625,748.8125,
2023-02-09 08:00:00,39.48,103.7275,23.814999999999998,36.505,60.322500000000005,13.9075,23.1525,0.3575,33.7775,0.215,,,,0.07,0.0875,14.4575,78.575,0.6475,212.9225,0.0,0.0,18.1025,749.575,
2023-02-09 09:00:00,48.48,125.9875,23.845,36.55,60.394999999999996,13.5175,24.0275,0.35,49.11,0.20750000000000002,,,,0.07,0.0825,17.01,68.63,0.735,238.185,0.0,0.0,27.2125,750.0,
2023-02-09 10:00:00,43.56,113.41499999999999,18.912499999999998,28.990000000000002,47.9,13.2325,26.575,0.29000000000000004,77.665,0.175,,,,0.0575,0.07,22.3075,51.94,0.765,241.525,0.0,0.0,280.3225,750.0,
2023-02-09 11:00:00,41.16,126.0075,12.18,18.6675,30.85,11.9725,23.43,0.1975,98.5625,0.12000000000000001,,,,0.04,0.045,26.365000000000002,38.2575,0.895,229.83249999999998,0.0,0.0,365.09,749.88,
2023-02-09 12:00:00,37.36,92.8275,14.96,22.9325,37.8925,10.8875,22.759999999999998,0.14500000000000002,100.3,0.09,,,,0.03,0.035,28.427500000000002,32.32,0.9275,249.07999999999998,0.0,0.0,343.5,749.285,
2023-02-09 13:00:00,22.76,75.33,8.0075,12.2775,20.285,10.2375,25.0625,0.0975,88.845,0.060000000000000005,,,,0.0175,0.0225,29.695,27.6975,0.8175,249.4025,0.0,0.0,295.0,748.505,
2023-02-09 14:00:00,19.48,60.465,4.505,6.9075,11.4125,9.09,25.2975,0.055,100.47749999999999,0.035,,,,0.01,0.01,29.752499999999998,26.002499999999998,0.81,236.065,0.0,0.0,133.53750000000002,747.7775,
2023-02-09 15:00:00,19.32,55.2375,6.2925,9.649999999999999,15.945,8.9375,23.9325,0.045,102.60499999999999,0.025,,,,0.01,0.01,28.295,28.595,0.715,249.415,0.0,0.0,75.855,747.465,
2023-02-09 16:00:00,18.2,55.845,11.087499999999999,16.9925,28.0775,9.7675,25.317500000000003,0.055,89.00999999999999,0.0375,,,,0.01,0.01,24.95,37.4075,0.495,234.02,0.0,0.0,19.1825,747.4025,
2023-02-09 17:00:00,23.0,65.86500000000001,6.4475,9.8825,16.3275,9.99,27.3175,0.08,74.68,0.05,,,,0.015,0.02,21.0975,52.5775,0.2475,159.85,0.0,0.0,3.9333333333333336,747.675,
2023-02-09 18:00:00,20.76,57.705,7.9799999999999995,12.23,20.2075,10.897499999999999,29.0775,0.1775,52.8675,0.1075,,,,0.0375,0.045,16.9275,72.0575,0.0825,95.1975,0.0,0.0,,748.1775,
2023-02-09 19:00:00,26.76,79.815,10.0425,15.39,25.43,12.65,28.535,0.36,39.5975,0.2175,,,,0.07250000000000001,0.08499999999999999,14.9325,79.7875,0.1875,182.135,0.0,0.0,,748.73,
2023-02-09 20:00:00,32.56,100.2275,19.1425,29.345,48.49,15.5225,27.995,0.6475,24.2925,0.39,,,,0.13,0.1575,14.01,83.08,0.1525,194.465,0.0,0.0,,749.3,
2023-02-09 21:00:00,44.8,124.805,21.6275,33.15,54.78,19.0275,27.7225,1.0175,6.1125,0.61,,,,0.20500000000000002,0.245,13.1125,90.2675,0.12,156.0075,0.0,0.0,,749.475,
2023-02-09 22:00:00,49.72,126.45750000000001,29.165,44.707499999999996,73.8675,21.74,27.5025,1.4175,0.33,0.85,,,,0.28500000000000003,0.3425,12.5775,94.365,0.0775,85.7625,0.0,0.0,,749.3675,
2023-02-09 23:00:00,56.32,134.5425,23.619999999999997,36.205,59.8275,20.725,26.9025,1.4375,,0.8625,,,,0.2875,0.3425,12.085,96.8475,0.09,115.44,0.0,0.0,,749.15,
2023-02-10 00:00:00,72.44,180.365,19.6375,30.1,49.735,16.9075,25.807499999999997,1.2775,0.02,0.7675,,,,0.255,0.305,11.5125,98.315,0.2275,229.76,0.0,0.0,,748.89,
2023-02-10 01:00:00,74.68,178.78750000000002,21.7975,33.42,55.2175,16.9675,25.11,1.1425,,0.685,,,,0.23,0.275,10.9975,99.1075,0.1525,196.77,0.0,0.0,,748.6425,
2023-02-10 02:00:00,76.0,182.1575,14.1675,21.7175,35.885,16.085,24.697499999999998,1.1175000000000002,,0.6725000000000001,,,,0.225,0.27,10.93,99.60249999999999,0.10250000000000001,146.14249999999998,0.0,0.0,,748.415,
2023-02-10 03:00:00,70.36,162.85999999999999,8.775,13.45,22.2275,14.885,24.1725,1.05,,0.6325000000000001,,,,0.20750000000000002,0.2525,10.852500000000001,99.9075,0.085,152.6875,0.0,0.0,,748.1949999999999,
2023-02-10 04:00:00,67.2,153.0525,3.8125,5.842499999999999,9.657499999999999,14.4275,23.4225,1.03,,0.6174999999999999,,,,0.20500000000000002,0.25,10.355,100.0,0.085,160.1525,0.0,0.0,,747.8475,
2023-02-10 05:00:00,71.52,150.58499999999998,5.435,8.33,13.765,16.002499999999998,22.8,0.98,,0.5875,,,,0.195,0.235,10.2025,100.0,0.21500000000000002,220.2225,0.0,0.0,,748.085,
2023-02-10 06:00:00,70.48,138.59500000000003,11.115,17.035,28.15,16.3475,22.17,0.9,,0.5375000000000001,,,,0.1775,0.2175,10.17,100.0,0.2475,241.60750000000002,0.0,0.0,0.31,748.5675,
2023-02-10 07:00:00,63.0,138.0075,7.4625,11.4375,18.9025,16.95,22.335,0.88,,0.5275000000000001,,,,0.175,0.2125,10.985,100.0,0.215,233.0175,0.0,0.0,9.355,749.0875,
2023-02-10 08:00:00,59.84,127.9375,6.3125,9.6725,15.985,16.235,22.21,0.855,0.5066666666666667,0.51,,,,0.17250000000000001,0.20500000000000002,13.49,100.0,0.1775,156.27249999999998,0.0,0.0,23.564999999999998,749.6524999999999,
2023-02-10 09:00:00,62.92,133.625,18.705,28.67,47.375,21.0375,23.19,0.8150000000000001,26.6,0.48500000000000004,,,,0.16,0.1925,17.0975,89.41,0.285,157.65,0.0,0.0,38.865,749.9875,
2023-02-10 10:00:00,66.88,190.52749999999997,12.72,19.4975,32.215,16.555,26.9075,0.455,76.5275,0.2725,,,,0.0925,0.11,24.855,52.175,0.5075000000000001,157.21,0.0,0.0,264.585,750.0,
2023-02-10 11:00:00,40.32,129.735,8.3,12.7225,21.0225,13.505,27.735,0.2725,90.81,0.165,,,,0.055,0.065,29.685000000000002,40.4825,0.515,169.315,0.0,0.0,327.485,749.8475,
2023-02-10 12:00:00,30.6,106.3625,7.5525,11.5775,19.127499999999998,10.985,27.55,0.1575,105.6375,0.0925,,,,0.0325,0.035,31.185000000000002,37.27,0.5925,179.8175,0.0,0.0,308.705,749.1775,
2023-02-10 13:00:00,21.88,77.5375,6.2524999999999995,9.5825,15.835,10.5475,27.53,0.13,109.565,0.08,,,,0.03,0.03,31.830000000000002,35.7775,0.5700000000000001,157.16500000000002,0.0,0.0,259.33,748.2525,
2023-02-10 14:00:00,29.2,68.33,10.85,16.6325,27.485,10.5275,29.830000000000002,0.10500000000000001,112.9075,0.0675,,,,0.0225,0.025,32.1825,34.1875,0.595,211.08249999999998,0.0,0.0,138.01999999999998,747.48,
2023-02-10 15:00:00,17.36,73.985,6.325,9.6975,16.0175,10.6,29.2175,0.10500000000000001,107.1925,0.065,,,,0.02,0.025,30.6725,38.425,0.4125,170.07750000000001,0.0,0.0,73.895,746.9025,
2023-02-10 16:00:00,20.44,65.39,10.745000000000001,16.47,27.215000000000003,11.2025,27.08,0.135,55.815,0.08,,,,0.03,0.03,26.9125,51.05,0.2725,152.01749999999998,0.0,0.0,22.565,746.5775,
2023-02-10 17:00:00,24.04,66.48,18.3725,28.16,46.5325,11.375,28.9575,0.1525,49.6175,0.095,,,,0.0325,0.04,22.64,68.0175,0.16999999999999998,142.76749999999998,0.0,0.0,4.13,746.5775,
2023-02-10 18:00:00,23.76,81.95750000000001,15.74,24.1275,39.865,11.815,29.8625,0.2625,42.2775,0.16,,,,0.055,0.065,19.07,80.7625,0.0825,103.3,0.0,0.0,,746.81,
2023-02-10 19:00:00,25.2,91.5575,25.155,38.56,63.7175,13.41,30.0375,0.4225,28.18,0.2525,,,,0.085,0.1,17.0275,88.8725,0.1075,135.2175,0.0,0.0,,747.165,
2023-02-10 20:00:00,35.04,95.03,27.6075,42.315,69.9225,15.1125,29.61,0.7475,11.805,0.4525,,,,0.15,0.185,15.897499999999999,94.08,0.095,113.245,0.0,0.0,,747.4925000000001,
2023-02-10 21:00:00,45.24,123.11,35.4575,54.3475,89.8025,19.16,29.802500000000002,1.4025,1.9249999999999998,0.8475,,,,0.27999999999999997,0.33999999999999997,15.2575,96.8025,0.10500000000000001,131.8975,0.0,0.0,,747.6475,
2023-02-10 22:00:00,62.36,158.79,37.93,58.14,96.07,22.552500000000002,29.0225,1.755,,1.0550000000000002,,,,0.3475,0.425,14.7675,98.14,0.125,180.1225,0.0,0.0,,747.66,
2023-02-10 23:00:00,65.16,156.125,34.305,52.58,86.88,19.975,28.725,1.625,,0.975,,,,0.325,0.3925,14.3525,98.8775,0.13,188.1375,0.0,0.0,,747.41,
2023-02-11 00:00:00,65.48,139.64249999999998,33.085,50.7125,83.80250000000001,17.4975,29.29,1.53,,0.9199999999999999,,,,0.305,0.37,14.157499999999999,99.44,0.1575,222.715,0.0,0.0,,747.1949999999999,
2023-02-11 01:00:00,65.44,150.6575,26.085,39.9825,66.07249999999999,14.05,29.08,1.1975,,0.715,,,,0.2375,0.28500000000000003,14.0075,99.88,0.1375,152.395,0.0,0.0,,747.0725,
2023-02-11 02:00:00,60.2,119.1225,29.53,45.260000000000005,74.78999999999999,13.225,28.752499999999998,0.975,,0.585,,,,0.195,0.235,13.4725,100.0,0.1775,132.85750000000002,0.0,0.0,,746.7925,
2023-02-11 03:00:00,61.4,139.92000000000002,23.5425,36.08,59.6225,13.122499999999999,28.0425,0.76,,0.455,,,,0.1525,0.185,13.0775,100.0,0.11499999999999999,119.345,0.0,0.0,,746.6125,
2023-02-11 04:00:00,61.04,132.0425,23.1575,35.4925,58.6475,12.3475,26.2725,0.6525,,0.39,,,,0.13,0.1575,12.7725,100.0,0.135,191.91000000000003,0.0,0.0,,746.7425,
2023-02-11 05:00:00,68.8,129.70749999999998,25.64,39.300000000000004,64.935,10.89,25.7325,0.5725,,0.33999999999999997,,,,0.11499999999999999,0.135,12.415,100.0,0.10250000000000001,156.48,0.0,0.0,,747.0725,
2023-02-11 06:00:00,58.8,115.0075,27.6875,42.44,70.1275,10.3,25.05,0.5025,0.025,0.3025,,,,0.1,0.1225,12.2675,100.0,0.125,97.69,0.0,0.0,0.38,747.41,
2023-02-11 07:00:00,56.48,106.7175,30.44,46.66,77.1025,11.002500000000001,25.939999999999998,0.58,0.1525,0.3475,,,,0.11750000000000001,0.14,13.41,100.0,0.27,126.63,0.0,0.0,8.6925,747.87,
2023-02-11 08:00:00,64.56,129.04,25.8,39.545,65.345,13.015,24.965,0.7424999999999999,5.1175,0.4475,,,,0.1475,0.1775,15.594999999999999,100.0,0.27749999999999997,123.655,0.0,0.0,21.325,748.375,
2023-02-11 09:00:00,82.48,177.97,20.16,30.8975,51.0525,13.995000000000001,24.975,0.595,41.325,0.355,,,,0.11750000000000001,0.14250000000000002,18.345,91.4475,0.2825,151.54,0.0,0.0,34.662499999999994,748.88,
2023-02-11 10:00:00,61.04,152.145,19.845,30.4225,50.2675,13.3975,28.7825,0.41,78.62,0.245,,,,0.0825,0.1,26.12,53.955,0.435,185.95,0.0,0.0,275.555,749.1775,
2023-02-11 11:00:00,42.6,123.785,13.3025,20.39,33.6925,12.905,30.55,0.3425,98.275,0.2025,,,,0.0675,0.0825,31.36,40.81,0.49250000000000005,206.4025,0.0,0.0,324.3675,749.0550000000001,
2023-02-11 12:00:00,45.6,121.89,0.35,0.54,0.2225,12.0725,32.1625,0.2625,110.4375,0.16,,,,0.0525,0.0625,32.8775,36.595,0.6475,212.91750000000002,0.0,0.0,309.1375,748.375,
2023-02-11 13:00:00,32.2,108.85499999999999,0.98,1.5050000000000001,1.24,10.8775,33.765,0.20500000000000002,124.965,0.1275,,,,0.04,0.0475,33.5225,35.85,0.6225,205.315,0.0,0.0,253.01,747.7275,
2023-02-11 14:00:00,31.24,83.295,5.35,8.2,3.3875,10.32,33.0825,0.1725,84.41,0.105,,,,0.0375,0.04,32.8375,38.715,0.4825,192.82,0.0,0.0,142.63,747.2275,
2023-02-11 15:00:00,23.96,85.8,14.545,22.2925,36.835,9.0625,33.095,0.0875,97.01,0.0475,,,,0.0125,0.0225,31.7225,39.6475,0.45499999999999996,213.1725,0.0,0.0,81.6925,746.84,
2023-02-11 16:00:00,17.6,68.47,25.52,39.1175,64.6375,8.8275,29.7175,0.07,92.8175,0.0425,,,,0.0125,0.0125,28.6275,46.765,0.4175,218.765,0.0,0.0,24.39,746.785,
2023-02-11 17:00:00,22.24,81.1425,28.2025,43.23,71.43,9.557500000000001,26.5425,0.115,82.175,0.07250000000000001,,,,0.0225,0.03,25.3125,59.82,0.3075,173.66750000000002,0.0,0.0,5.486666666666667,747.0425,
2023-02-11 18:00:00,25.56,87.775,36.5475,56.019999999999996,92.5675,11.195,24.975,0.1725,56.61,0.10500000000000001,,,,0.035,0.0425,21.87,74.6225,0.20500000000000002,171.32,0.0,0.0,,747.36,
2023-02-11 19:00:00,24.96,90.49000000000001,33.9475,52.035,85.985,11.6725,28.425,0.27749999999999997,39.9925,0.165,,,,0.055,0.0675,19.5,84.93,0.20750000000000002,193.955,0.0,0.0,,747.92,
2023-02-11 20:00:00,30.44,95.425,30.7875,47.1875,77.98,12.3825,29.79,0.3725,33.74,0.22,,,,0.07250000000000001,0.09,18.915,88.89750000000001,0.2125,168.48499999999999,0.0,0.0,,748.56,
2023-02-11 21:00:00,32.2,79.9525,28.5975,43.835,72.43,12.34,29.95,0.38,30.9325,0.2225,,,,0.07250000000000001,0.09,18.7175,90.1225,0.20500000000000002,147.2225,0.0,0.0,,748.95,
2023-02-11 22:00:00,34.8,96.0125,23.7975,36.480000000000004,60.28,12.1,28.455,0.3575,27.5375,0.215,,,,0.07,0.08499999999999999,18.5075,92.27,0.2225,159.3275,0.0,0.0,,749.2725,
2023-02-11 23:00:00,37.96,94.535,20.7,31.7325,52.435,11.6725,30.1025,0.33,34.332499999999996,0.195,,,,0.0675,0.07500000000000001,19.16,89.39500000000001,0.48750000000000004,234.91500000000002,0.0,0.0,,749.1775,
2023-02-12 00:00:00,40.64,102.15,15.745,24.13,39.87,11.4675,31.07,0.2975,38.99,0.1775,,,,0.06,0.07,19.555,85.545,0.7375,281.255,0.0,0.0,,749.14,
2023-02-12 01:00:00,40.84,109.3025,16.61,25.4625,42.0725,11.4225,30.875,0.3025,37.315,0.185,,,,0.06,0.07,18.47,85.4425,0.535,263.62,0.0,0.0,,749.0450000000001,
2023-02-12 02:00:00,46.44,125.245,19.665,30.1425,49.81,11.2625,31.08,0.31,36.4275,0.19,,,,0.06,0.07,17.02,88.5675,0.4475,269.46000000000004,0.0,0.0,,748.6925,
2023-02-12 03:00:00,52.72,129.405,19.1725,29.3875,48.5625,11.1025,31.259999999999998,0.315,30.9075,0.1875,,,,0.0625,0.07500000000000001,15.6075,92.2425,0.27,212.0775,0.0,0.0,,748.51,
2023-02-12 04:00:00,50.36,132.6,21.1725,32.457499999999996,53.635,10.9025,30.45,0.315,20.14,0.195,,,,0.065,0.07500000000000001,14.48,97.93,0.47250000000000003,218.89249999999998,0.0,0.0,,748.73,
2023-02-12 05:00:00,50.0,112.24000000000001,24.9225,38.2025,63.125,11.1825,29.84,0.325,25.87,0.195,,,,0.065,0.07500000000000001,14.79,96.4,0.515,223.2175,0.0,0.0,,749.0025,
2023-02-12 06:00:00,47.8,133.67249999999999,21.6075,33.1225,54.7275,11.0075,29.1675,0.325,26.2675,0.195,,,,0.065,0.07500000000000001,14.504999999999999,93.4575,0.625,240.35750000000002,0.0,0.0,0.52,749.7,
2023-02-12 07:00:00,49.32,138.63,24.724999999999998,37.5075,62.6275,11.07,29.935000000000002,0.345,24.865000000000002,0.2075,,,,0.07,0.08,14.56,89.1,0.7975,270.5,0.0,0.0,10.184999999999999,749.99,
2023-02-12 08:00:00,47.88,132.35500000000002,27.2875,41.8275,69.12,11.25,29.8275,0.33499999999999996,30.035,0.2025,,,,0.0675,0.0775,15.87,78.105,0.72,260.2275,0.0,0.0,20.08,750.0,
2023-02-12 09:00:00,52.44,135.595,24.7775,37.9825,62.76,11.075,30.12,0.275,42.917500000000004,0.165,,,,0.055,0.065,18.4075,61.6325,0.8875,256.53000000000003,0.0,0.0,30.362499999999997,750.0,
2023-02-12 10:00:00,40.68,127.5975,23.68,36.2975,59.980000000000004,10.657499999999999,30.5175,0.19,53.8775,0.1125,,,,0.0375,0.045,24.049999999999997,39.9425,0.83,256.24,0.0,0.0,313.515,750.0,
2023-02-12 11:00:00,31.32,124.7325,22.93,35.1425,58.0725,10.245000000000001,31.535,0.09,59.0725,0.052500000000000005,,,,0.0175,0.02,27.814999999999998,25.41,1.2125,260.6975,0.0,0.0,384.26250000000005,750.0,
2023-02-12 12:00:00,20.64,107.12,23.4125,35.67,59.3,10.175,30.5925,0.0425,60.415,0.025,,,,0.01,0.01,28.2325,23.06,1.4475,264.0175,0.0,0.0,354.565,750.0,
2023-02-12 13:00:00,18.8725,181.5525,19.752499999999998,30.2775,50.035,10.0475,31.8675,0.0325,62.615,0.015,,,,0.01,0.01,28.42,22.645,1.2275,262.8575,0.0375,0.0375,304.26,750.0,
2023-02-12 14:00:00,14.76,123.33,18.8725,28.932499999999997,47.805,9.7825,34.235,0.01,63.7375,0.01,,,,,,27.7825,21.447499999999998,1.28,271.03999999999996,0.0475,0.0475,183.7675,749.9625,
2023-02-12 15:00:00,14.36,165.4125,21.265,32.595,53.86,9.6325,36.2925,0.0075,65.6325,0.0075,,,,,,27.052500000000002,23.5225,1.075,256.1,0.0225,0.0225,101.54249999999999,749.7625,
2023-02-12 16:00:00,12.24,109.1,20.975,32.15,53.1225,9.6475,37.275,0.0025,63.932500000000005,0.0025,,,,,,24.565,24.2925,1.0625,256.735,0.0,0.0,26.8275,749.7574999999999,
2023-02-12 17:00:00,15.0,90.3225,20.2725,31.075,51.3475,9.682500000000001,36.965,0.015,61.7575,0.0075,,,,0.01,0.01,22.369999999999997,26.1175,1.0074999999999998,263.7775,0.0,0.0,5.076666666666667,749.81,
2023-02-12 18:00:00,11.48,80.4075,17.7325,27.185,44.9225,10.105,36.845,0.065,55.9125,0.0375,,,,0.0125,0.015,20.2625,32.855000000000004,0.695,235.7475,0.0,0.0,,749.8625,
2023-02-12 19:00:00,15.96,76.69,21.2025,32.505,53.7075,11.350000000000001,36.5175,0.14250000000000002,49.4525,0.085,,,,0.03,0.0325,19.325,39.0575,0.8574999999999999,271.06,0.0,0.0,,749.99,
2023-02-12 20:00:00,22.08,95.1225,17.0375,26.1125,43.1525,11.4875,35.2075,0.19,42.317499999999995,0.115,,,,0.0375,0.045,17.7025,46.1425,0.63,247.3675,0.0,0.0,,750.0,
2023-02-12 21:00:00,22.84,82.19999999999999,17.43,26.7175,44.15,11.4925,34.625,0.2025,41.43,0.1225,,,,0.04,0.0475,16.642500000000002,50.167500000000004,0.6325000000000001,267.355,0.0,0.0,,750.0,
2023-02-12 22:00:00,24.72,86.49,15.235,23.3525,38.5875,11.1275,33.91,0.1575,46.385,0.1,,,,0.0325,0.04,16.2375,50.3125,0.7825,253.83499999999998,0.0,0.0,,750.0,
2023-02-12 23:00:00,21.4,83.81,13.99,21.442500000000003,35.435,10.95,32.69,0.1375,45.805,0.08,,,,0.03,0.03,15.445,52.5375,0.85,278.7225,0.0,0.0,,749.96,
2023-02-13 00:00:00,20.44,84.17250000000001,24.665,37.807500000000005,62.4725,10.592500000000001,33.605000000000004,0.10250000000000001,50.76,0.065,,,,0.0225,0.025,15.2925,53.86,1.0775000000000001,258.115,0.0,0.0,,749.5775,
2023-02-13 01:00:00,21.92,98.735,24.605,37.72,62.325,10.192499999999999,33.9,0.06,53.7025,0.0375,,,,0.01,0.0125,15.1525,53.0775,1.155,277.385,0.0,0.0,,749.095,
2023-02-13 02:00:00,18.96,75.815,28.945,44.3625,73.3075,10.120000000000001,31.9825,0.055,52.4,0.035,,,,0.01,0.01,14.3475,55.03,1.06,274.3425,0.0,0.0,,748.5925,
2023-02-13 03:00:00,15.48,61.4525,16.99,26.04,43.0275,10.0275,31.5425,0.057499999999999996,47.894999999999996,0.0325,,,,0.01,0.01,13.3225,56.555,0.935,273.4975,0.0,0.0,,748.145,
2023-02-13 04:00:00,14.28,56.4925,5.715,8.7575,14.479999999999999,10.2325,30.5925,0.055,46.1175,0.0375,,,,0.01,0.01,12.6275,56.6425,0.855,260.935,0.0,0.0,,747.955,
2023-02-13 05:00:00,17.28,54.870000000000005,5.535,8.485,14.0225,10.1475,29.6475,0.0625,42.4075,0.0375,,,,0.01,0.0125,11.865,58.8725,0.8674999999999999,276.06,0.0,0.0,,748.055,
2023-02-13 06:00:00,18.48,52.662499999999994,7.775,11.9225,19.695,10.37,28.29,0.0875,38.8725,0.05,,,,0.0175,0.02,11.095,62.04,0.8474999999999999,253.815,0.0,0.0,0.19,748.4975,
2023-02-13 07:00:00,21.08,67.47,12.675,19.427500000000002,32.1,11.0125,27.314999999999998,0.1375,34.5625,0.085,,,,0.0275,0.035,11.145,64.325,1.12,255.54000000000002,0.0,0.0,5.07,749.0125,
2023-02-13 08:00:00,31.2,83.9225,18.134999999999998,27.8025,45.9375,11.5475,26.495,0.1775,38.4925,0.1075,,,,0.0375,0.04,12.5225,59.495,1.015,246.89000000000001,0.0,0.0,14.55,749.68,
2023-02-13 09:00:00,24.28,86.065,14.8925,22.825,37.7175,11.432500000000001,27.3625,0.1675,48.5025,0.10250000000000001,,,,0.0325,0.04,14.852500000000001,50.8575,1.25,252.4025,0.0,0.0,24.0175,749.9925000000001,
2023-02-13 10:00:00,24.12,108.6375,12.815,19.6475,32.4625,10.92,27.78,0.135,60.152499999999996,0.08,,,,0.03,0.0325,19.055,40.205,1.2025000000000001,257.8925,0.0,0.0,329.515,750.0,
2023-02-13 11:00:00,19.32,92.6975,10.3275,15.8325,26.16,10.092500000000001,25.93,0.1,81.8075,0.06,,,,0.02,0.02,22.305,33.755,1.18,255.23250000000002,0.0,0.0,383.75,749.8,
2023-02-13 12:00:00,22.96,108.4875,12.64,19.38,32.0275,9.692499999999999,23.77,0.0825,70.7925,0.05,,,,0.015,0.0175,23.97,30.105,1.5125,262.5875,0.0,0.0,355.3575,749.025,
2023-02-13 13:00:00,17.48,122.745,15.942499999999999,24.435,40.375,9.495000000000001,25.03,0.05,86.3525,0.03,,,,0.01,0.01,24.87,26.1725,1.535,273.73,0.01,0.01,301.56,748.455,
2023-02-13 14:00:00,12.88,164.1325,14.6025,22.384999999999998,36.9875,9.379999999999999,24.82,0.055,87.9075,0.035,,,,0.01,0.01,24.2375,26.995,1.4375,255.095,0.02,0.02,180.335,748.095,
2023-02-13 15:00:00,18.84,160.0475,13.9525,21.385,35.3325,9.6475,25.6025,0.06,94.5275,0.04,,,,0.01,0.01,23.86,30.052500000000002,1.3175,261.5475,0.01,0.01,115.215,747.97,
2023-02-13 16:00:00,13.32,105.1575,10.0475,15.4025,25.45,9.5775,23.78,0.06,106.8925,0.04,,,,0.01,0.01,21.865000000000002,34.105,0.9975,246.5075,0.0,0.0,27.587500000000002,748.005,
2023-02-13 17:00:00,19.36,104.16,12.0025,18.395,30.395,10.182500000000001,20.8075,0.09,101.1575,0.055,,,,0.0175,0.0225,20.0375,39.4025,0.7125,231.2425,0.0,0.0,4.0875,748.34,
2023-02-13 18:00:00,19.48,,14.8825,22.81,37.69,11.0825,21.25,0.155,71.995,0.095,,,,0.0325,0.0375,16.314999999999998,57.055,0.1875,152.0925,0.0,0.0,,748.6875,
2023-02-13 19:00:00,21.4,99.9,20.14,30.8675,51.0075,11.955,22.775,0.28,53.5775,0.1675,,,,0.0575,0.0675,13.395,70.955,0.20750000000000002,177.62,0.0,0.0,,749.35,
2023-02-13 20:00:00,29.84,97.7225,19.4425,29.805,49.2425,13.325,23.8,0.385,35.2375,0.23,,,,0.0775,0.09,12.4775,80.715,0.2425,188.4,0.0,0.0,,749.935,
2023-02-13 21:00:00,34.52,107.69749999999999,25.145,38.54,63.685,13.71,23.8675,0.425,33.21,0.2575,,,,0.0875,0.1,12.067499999999999,80.4925,0.26749999999999996,197.0375,0.0,0.0,,750.0,
2023-02-13 22:00:00,34.0,102.7025,24.6625,37.805,62.4725,13.532499999999999,23.835,0.38,35.7175,0.2275,,,,0.07500000000000001,0.0925,12.0275,79.7575,0.3,203.2975,0.0,0.0,,750.0,
2023-02-13 23:00:00,33.68,86.41749999999999,19.725,30.237499999999997,49.96,12.5525,23.61,0.28,43.2425,0.17,,,,0.057499999999999996,0.0675,11.8275,77.095,0.3275,207.5875,0.0,0.0,,750.0,
2023-02-14 00:00:00,28.48,84.685,16.9075,25.9175,42.825,11.672500000000001,24.1675,0.2175,40.3975,0.135,,,,0.04,0.05,11.49,77.815,0.2925,216.6925,0.0,0.0,,750.0,
2023-02-14 01:00:00,28.16,79.1875,18.1025,27.747500000000002,45.845,12.0225,35.4575,0.1875,41.595,0.11499999999999999,,,,0.04,0.0425,12.505,70.4075,0.35,208.26,0.0,0.0,,750.0,
2023-02-14 02:00:00,24.68,81.4925,13.2775,20.35,33.625,11.5875,30.29,0.185,37.167500000000004,0.11,,,,0.04,0.04,11.925,72.7075,0.3275,216.155,0.0,0.0,,749.9925000000001,
2023-02-14 03:00:00,27.92,81.1875,9.059999999999999,13.885000000000002,22.939999999999998,11.35,24.5425,0.17250000000000001,35.942499999999995,0.11,,,,0.035,0.04,11.2925,73.5425,0.28500000000000003,180.26,0.0,0.0,,749.8775,
2023-02-14 04:00:00,28.28,79.12,2.6733333333333333,4.1033333333333335,5.0825000000000005,11.1725,24.3975,0.1775,36.8675,0.11,,,,0.04,0.04,12.175,68.53,0.4875,245.7,0.0,0.0,,749.96,
2023-02-14 05:00:00,31.12,93.91,15.0225,23.0275,38.045,11.0275,23.79,0.1825,32.052499999999995,0.11,,,,0.04,0.04,10.747499999999999,75.28999999999999,0.32,217.98,0.0,0.0,,749.9925000000001,
2023-02-14 06:00:00,28.56,70.1325,22.57,34.605,57.1725,11.1175,22.98,0.1925,25.46,0.11,,,,0.04,0.0425,9.8825,81.45,0.28500000000000003,205.81,0.0,0.0,0.42,750.0,
2023-02-14 07:00:00,32.64,85.42999999999999,18.8325,28.87,47.7025,11.4125,23.4525,0.2275,20.1625,0.1375,,,,0.045,0.055,9.295,86.8475,0.2475,201.6125,0.0,0.0,8.7675,750.0,
2023-02-14 08:00:00,30.68,87.4475,25.815,39.5675,65.3825,13.085,25.32,0.3125,29.5775,0.1875,,,,0.06,0.07,12.815000000000001,69.69500000000001,0.5475,244.0175,0.0025,0.0025,24.32,750.0,
2023-02-14 09:00:00,44.16,132.4375,25.240000000000002,38.6875,63.925,13.1175,26.465,0.3225,44.1325,0.1975,,,,0.0675,0.0775,15.299999999999999,60.79,0.5475,230.5275,0.0175,0.0175,35.6425,750.0,
2023-02-14 10:00:00,45.28,112.8725,20.37,31.2225,51.5975,13.965,27.3675,0.325,74.245,0.2,,,,0.0675,0.0775,19.9175,47.77,0.6425000000000001,205.2375,0.0,0.0,274.4375,750.0,
2023-02-14 11:00:00,45.68,147.5025,29.475,45.1825,74.655,13.59,23.485,0.29500000000000004,94.6925,0.18,,,,0.060000000000000005,0.07,23.5925,40.2625,0.8075,241.93,0.0,0.0,342.89,750.0,
2023-02-14 12:00:00,46.32,142.1875,37.135,56.925000000000004,94.0625,12.475,24.305,0.2325,105.96,0.14250000000000002,,,,0.0475,0.057499999999999996,25.245,37.7975,0.76,231.685,0.0,0.0,325.37,750.0,
2023-02-14 13:00:00,32.24,111.555,17.72,27.16,44.88,12.195,25.685000000000002,0.2,115.6475,0.12,,,,0.04,0.0475,26.3175,36.1825,0.74,244.16,0.0,0.0,279.8575,749.6525,
2023-02-14 14:00:00,32.28,95.09,23.74,36.385000000000005,30.0625,12.15,25.685000000000002,0.2,119.2875,0.1175,,,,0.04,0.0475,26.33,37.2125,0.8225,259.15999999999997,0.0,0.0,170.3275,749.05,
2023-02-14 15:00:00,31.36,92.7975,14.52,22.26,18.3875,11.96,25.689999999999998,0.1975,118.515,0.12,,,,0.04,0.045,25.6625,39.545,0.6725,232.3025,0.0,0.0,114.2775,748.465,
2023-02-14 16:00:00,35.12,101.1875,8.3975,12.8725,21.2675,11.415000000000001,23.244999999999997,0.18,114.655,0.1075,,,,0.0375,0.04,22.4775,46.4225,0.7225,251.135,0.0,0.0,28.1225,748.075,
2023-02-14 17:00:00,31.88,85.3125,10.68,16.37,27.055,11.92,21.6325,0.20500000000000002,103.445,0.1225,,,,0.04,0.0475,19.7925,57.57,0.38,217.185,0.0,0.0,4.1075,748.1925,
2023-02-14 18:00:00,35.28,96.865,14.620000000000001,22.41,37.03,11.705,18.677500000000002,0.2475,73.78750000000001,0.14750000000000002,,,,0.05,0.06,15.9,76.3075,0.1775,181.8875,0.0,0.0,,748.2625,
2023-02-14 19:00:00,34.12,93.1325,15.3475,23.53,38.879999999999995,11.9775,20.775,0.3175,50.1275,0.19,,,,0.065,0.07500000000000001,13.8625,88.22,0.135,123.43,0.0,0.0,,748.605,
2023-02-14 20:00:00,39.92,94.12,14.5825,22.3475,36.93,12.682500000000001,21.605,0.43,45.6875,0.26,,,,0.0875,0.10250000000000001,13.0225,92.56,0.19,187.595,0.0,0.0,,748.835,
2023-02-14 21:00:00,48.04,115.32499999999999,14.01,21.474999999999998,35.4825,13.2625,22.314999999999998,0.4875,46.3475,0.295,,,,0.1,0.1175,12.7225,93.8225,0.23500000000000001,190.1275,0.0,0.0,,748.8050000000001,
2023-02-14 22:00:00,45.84,115.21000000000001,16.1525,24.759999999999998,40.9075,13.01,22.425,0.4925,41.9125,0.295,,,,0.1,0.1175,12.475,94.63,0.1725,147.7725,0.0,0.0,,749.03,
2023-02-14 23:00:00,51.52,117.565,13.24,20.2875,33.53,12.8475,22.7175,0.46,40.115,0.28,,,,0.0925,0.11,12.2075,95.92,0.15,164.875,0.0,0.0,,748.935,
2023-02-15 00:00:00,58.32,128.605,16.41,25.1525,41.5625,12.6975,22.37,0.4425,41.46,0.2625,,,,0.09,0.10250000000000001,11.8025,96.52,0.2125,179.475,0.0,0.0,,748.695,
2023-02-15 01:00:00,55.0,123.405,20.3425,31.18,51.519999999999996,12.4525,22.4725,0.4325,33.905,0.26,,,,0.09,0.1,11.3025,97.7175,0.2575,234.16,0.0,0.0,,748.3125,
2023-02-15 02:00:00,48.56,129.665,12.9625,19.8675,32.83,12.3675,22.28,0.43,23.83,0.26,,,,0.09,0.1,10.950000000000001,98.9625,0.2475,212.5725,0.0,0.0,,747.825,
2023-02-15 03:00:00,58.32,116.1275,8.120000000000001,12.4475,20.5675,12.102500000000001,22.189999999999998,0.405,22.8,0.245,,,,0.0825,0.0975,10.625,99.5075,0.21000000000000002,236.4775,0.0,0.0,,747.5,
2023-02-15 04:00:00,54.84,110.6825,12.735,19.525,32.265,11.8325,21.735,0.38,19.1175,0.225,,,,0.07500000000000001,0.09,10.27,99.8825,0.26,247.0225,0.0,0.0,,747.5425,
2023-02-15 05:00:00,50.24,117.1575,14.265,21.8675,36.13,11.2575,22.015,0.3525,15.8625,0.2125,,,,0.07,0.0825,10.2175,100.0,0.15,166.765,0.0,0.0,,747.9875,
2023-02-15 06:00:00,48.88,105.0025,17.310000000000002,26.5325,43.8425,10.842500000000001,21.44,0.365,13.51,0.2175,,,,0.07250000000000001,0.0875,9.925,100.0,0.16749999999999998,167.08,0.0,0.0,0.61,748.525,
2023-02-15 07:00:00,55.12,106.4025,18.1125,27.765,45.8775,11.495000000000001,21.8725,0.435,9.6725,0.2625,,,,0.0875,0.10250000000000001,10.567499999999999,100.0,0.24,196.4675,0.0,0.0,11.06,748.9449999999999,
2023-02-15 08:00:00,63.6,132.47500000000002,18.685,28.634999999999998,47.315,13.4725,22.8325,0.575,20.2275,0.34750000000000003,,,,0.115,0.1375,12.6375,100.0,0.2575,195.965,0.0,0.0,30.655,749.49,
2023-02-15 09:00:00,65.08,154.6575,28.759999999999998,44.08,72.84,16.740000000000002,23.465,0.7124999999999999,46.2025,0.43,,,,0.14500000000000002,0.1725,15.745000000000001,84.0675,0.365,199.295,0.0,0.0,46.7825,749.93,
2023-02-15 10:00:00,77.2,210.22,23.7275,36.3675,60.095,18.1625,25.814999999999998,0.6775,82.16,0.41000000000000003,,,,0.135,0.165,22.1625,58.59,0.3825,167.0275,0.0475,0.0475,253.7375,750.0,
2023-02-15 11:00:00,80.52,236.3025,19.0675,29.2275,48.295,16.5625,26.475,0.5375,129.1525,0.32,,,,0.105,0.13,27.075,41.6375,0.4725,190.29500000000002,0.022500000000000003,0.022500000000000003,319.64,749.6675,
2023-02-15 12:00:00,56.72,171.79250000000002,19.7175,30.2275,49.945,17.4975,28.177500000000002,0.5775,161.54250000000002,0.345,,,,0.11499999999999999,0.1375,28.3175,38.21,0.4875,218.9775,0.0,0.0,297.02,748.8975,
2023-02-15 13:00:00,62.32,179.8375,17.3475,26.595,43.945,15.9525,29.6425,0.53,171.98250000000002,0.3175,,,,0.105,0.125,28.4125,34.3825,0.71,219.29250000000002,0.0,0.0,258.2875,747.9725000000001,
2023-02-15 14:00:00,55.32,174.7575,17.1775,26.3275,43.5025,13.8875,30.0875,0.3875,169.41,0.23249999999999998,,,,0.0775,0.0925,29.1125,32.4375,0.545,219.9125,0.0,0.0,170.9675,747.13,
2023-02-15 15:00:00,43.04,144.7825,15.855,24.3025,40.155,14.035,27.345,0.3925,168.02,0.2325,,,,0.0775,0.0925,28.6425,35.05,0.38,199.445,0.0,0.0,98.925,746.875,
2023-02-15 16:00:00,50.32,144.1225,13.5075,20.705,34.2125,13.35,27.240000000000002,0.3625,137.7425,0.215,,,,0.07,0.08499999999999999,25.4375,46.660000000000004,0.23,166.475,0.0,0.0,32.5775,746.9925,
2023-02-15 17:00:00,48.24,154.255,13.47,20.6475,34.114999999999995,12.475,27.785,0.3425,110.02250000000001,0.2025,,,,0.07,0.08,21.225,65.34,0.235,145.85500000000002,0.0,0.0,5.8575,747.3025,
2023-02-15 18:00:00,49.8,140.7675,8.709999999999999,13.3475,22.0575,11.8475,26.677500000000002,0.34,69.91,0.2025,,,,0.07,0.08,17.5225,82.8375,0.22,183.5875,0.0,0.0,,747.72,
2023-02-15 19:00:00,40.4,139.7675,12.7325,19.5225,32.254999999999995,11.6075,29.9375,0.3825,55.84,0.2275,,,,0.07500000000000001,0.09,15.72,89.7675,0.16000000000000003,140.655,0.0,0.0,,748.2025,
2023-02-15 20:00:00,51.08,129.1325,16.87,25.86,42.73,11.74,30.1925,0.4625,41.2975,0.28,,,,0.095,0.11,14.3575,93.64500000000001,0.15250000000000002,189.515,0.0,0.0,,748.415,
2023-02-15 21:00:00,52.24,135.8825,11.955,18.3275,30.2825,12.3775,29.03,0.63,27.7,0.3775,,,,0.125,0.1525,13.6325,96.445,0.11750000000000001,161.7375,0.0,0.0,,748.7875,
2023-02-15 22:00:00,70.6,166.075,8.8675,13.5975,22.465,13.2575,28.7075,0.8575,13.33,0.5175,,,,0.1725,0.2075,13.285,97.88499999999999,0.11,170.0525,0.0,0.0,,748.9625,
2023-02-15 23:00:00,77.64,178.10999999999999,14.867500000000001,22.7925,37.660000000000004,14.8525,28.88,1.12,4.6925,0.675,,,,0.2225,0.27,12.9775,98.8175,0.11,134.9075,0.0,0.0,,748.7475,
2023-02-16 00:00:00,95.56,214.1475,15.42,23.6375,39.06,13.4175,27.4275,0.9275,0.41,0.555,,,,0.1825,0.2225,12.58,99.41,0.12000000000000001,186.7275,0.0,0.0,,748.6925,
2023-02-16 01:00:00,81.28,168.96,52.144999999999996,79.935,132.8075,12.865,27.3425,0.925,0.10333333333333333,0.55,,,,0.18,0.22,12.0475,99.745,0.1175,203.595,0.0,0.0,,748.5925,
2023-02-16 02:00:00,86.0,181.97750000000002,55.3375,84.825,138.8275,12.54,26.3525,0.9575,0.5233333333333333,0.5725,,,,0.1925,0.23,11.5475,99.975,0.065,103.785,0.0,0.0,,748.31,
2023-02-16 03:00:00,95.50750000000001,177.02249999999998,54.589999999999996,83.6775,138.265,12.395,25.59,0.98,0.22,0.5825,,,,0.1975,0.235,11.2025,100.0,0.14500000000000002,207.0225,0.0,0.0,,748.2325,
2023-02-16 04:00:00,92.28,189.08499999999998,54.7325,83.895,138.625,11.645,25.0125,0.9275,0.1075,0.5525,,,,0.185,0.2225,10.785,100.0,0.115,182.245,0.0,0.0,,748.27,
2023-02-16 05:00:00,89.56,180.0525,53.85,82.53999999999999,136.39,11.3075,23.6825,0.8775,0.7825,0.5225,,,,0.175,0.2075,10.4575,100.0,0.1825,229.4475,0.0,0.0,,748.5125,
2023-02-16 06:00:00,84.8,160.26749999999998,51.05,78.2575,129.305,11.145,22.6875,0.8200000000000001,4.37,0.4875,,,,0.165,0.1975,10.3625,100.0,0.1375,200.3775,0.0,0.0,0.69,748.965,
2023-02-16 07:00:00,85.28,161.97,49.635,76.0825,125.715,10.865,23.05,0.765,1.96,0.46,,,,0.1525,0.185,11.1075,100.0,0.0975,148.09,0.0,0.0,11.2475,749.62,
2023-02-16 08:00:00,80.44,159.745,55.65,85.3075,140.96,11.325,23.725,0.8775,5.1775,0.5275,,,,0.175,0.2125,13.9475,100.0,0.0925,115.3075,0.0,0.0,28.32,750.0,
2023-02-16 09:00:00,80.2825,161.825,63.2725,96.9925,160.265,15.2575,23.7925,0.8,46.8,0.47750000000000004,,,,0.16,0.1925,16.38,96.625,0.255,164.605,0.0,0.0,45.14,750.0,
2023-02-16 10:00:00,71.84,192.405,66.3475,101.6975,168.0475,13.3025,26.965,0.5925,90.135,0.35250000000000004,,,,0.1175,0.14250000000000002,23.595,58.5775,0.375,163.58,0.0375,0.0375,253.0,750.0,
2023-02-16 11:00:00,62.08,199.44,62.832499999999996,96.3125,159.145,12.372499999999999,29.475,0.475,109.995,0.2825,,,,0.095,0.1125,28.695,43.4675,0.3825,153.3725,0.0225,0.0225,312.47,750.0,
2023-02-16 12:00:00,56.36,174.05,60.66,92.985,153.645,11.3125,31.9025,0.33,111.855,0.1975,,,,0.065,0.0775,30.135,37.12,0.5549999999999999,179.35,0.04,0.04,299.585,749.9625,
2023-02-16 13:00:00,46.92,136.26999999999998,57.754999999999995,88.5275,146.2825,10.8125,33.3425,0.2725,110.82499999999999,0.1625,,,,0.055,0.065,31.075,34.7925,0.5825,174.6975,0.01,0.01,255.1625,749.3675000000001,
2023-02-16 14:00:00,36.28,125.4175,58.205,89.2175,147.42000000000002,10.495000000000001,35.6625,0.2225,108.68,0.14,,,,0.04,0.052500000000000005,31.15,32.9275,0.49,181.5675,0.0,0.0,176.8475,748.77,
2023-02-16 15:00:00,32.48,108.3775,52.825,80.9725,133.7975,10.33,36.865,0.21500000000000002,105.455,0.1325,,,,0.0425,0.052500000000000005,30.545,35.112500000000004,0.38,184.335,0.0,0.0,98.745,748.4525000000001,
2023-02-16 16:00:00,29.32,104.1725,50.255,77.03,127.285,10.115,38.665,0.1875,92.315,0.11,,,,0.04,0.04,26.7175,45.3225,0.1825,149.86499999999998,0.0,0.0,30.1425,748.4625,
2023-02-16 17:00:00,22.04,90.6625,51.3475,78.7125,130.065,10.1125,38.35,0.1975,78.92,0.1175,,,,0.04,0.045,22.0,62.612500000000004,0.0875,89.13,0.0,0.0,6.8775,748.6575,
2023-02-16 18:00:00,32.48,81.91499999999999,49.155,75.35,124.505,10.255,37.7025,0.2525,62.932500000000005,0.155,,,,0.05,0.06,18.075,77.9075,0.1225,167.17000000000002,0.0,0.0,,749.1075000000001,
2023-02-16 19:00:00,34.44,107.5775,51.71,79.2625,130.9725,10.9375,35.6,0.3475,39.06,0.21,,,,0.07,0.08,16.2675,87.9825,0.0625,96.5325,0.0,0.0,,749.7674999999999,
2023-02-16 20:00:00,38.8,107.5375,48.58,74.4625,123.03999999999999,11.4475,34.3275,0.4375,34.12,0.26,,,,0.09,0.1,15.1475,92.1325,0.0925,144.405,0.0,0.0,,750.0,
2023-02-16 21:00:00,48.48,120.075,49.9,76.49000000000001,126.38499999999999,11.225,33.417500000000004,0.47000000000000003,21.145,0.28250000000000003,,,,0.095,0.1125,14.545,94.855,0.0575,105.5,0.0,0.0,,750.0,
2023-02-16 22:00:00,51.8,125.1375,51.0125,78.1925,129.21,12.2,32.6175,0.6575,14.5975,0.395,,,,0.13,0.16,14.1425,96.485,0.07,112.5725,0.0,0.0,,750.0,
2023-02-16 23:00:00,67.52,140.72500000000002,48.7125,74.6725,123.38499999999999,12.425,32.6,0.6525000000000001,8.835,0.3925,,,,0.13,0.16,13.852500000000001,97.47749999999999,0.095,148.945,0.0,0.0,,750.0,
2023-02-17 00:00:00,59.88,128.16750000000002,49.0675,75.2125,124.2775,11.4625,32.195,0.635,3.95,0.385,,,,0.1275,0.155,13.555,98.4175,0.1,147.8325,0.0,0.0,,750.0,
2023-02-17 01:00:00,58.24,134.565,49.825,76.375,126.205,10.9625,31.3875,0.66,5.3149999999999995,0.3975,,,,0.1325,0.16,13.115,99.005,0.16,220.415,0.0,0.0,,750.0,
2023-02-17 02:00:00,57.4,119.3425,48.2275,73.9225,122.1525,11.045,30.585,0.8125,3.4433333333333334,0.4825,,,,0.1625,0.195,13.057500000000001,99.52,0.1625,247.145,0.0,0.0,,749.9525,
2023-02-17 03:00:00,68.0,153.405,51.8675,79.5025,131.37,11.72,29.4,0.77,0.06,0.45999999999999996,,,,0.1525,0.185,13.245000000000001,99.9225,0.14250000000000002,192.9375,0.0,0.0,,749.5775,
2023-02-17 04:00:00,63.52,135.0725,49.035,75.11500000000001,124.195,12.334999999999999,29.177500000000002,0.7424999999999999,,0.4425,,,,0.1475,0.1775,12.935,100.0,0.0925,131.51,0.0,0.0,,749.5925,
2023-02-17 05:00:00,69.08,139.445,48.495000000000005,74.3275,122.8225,11.94,28.4675,0.7124999999999999,1.1225,0.4275,,,,0.14250000000000002,0.17250000000000001,12.655000000000001,100.0,0.14250000000000002,202.6725,0.0,0.0,,749.91,
2023-02-17 06:00:00,64.32,143.2725,49.155,75.3475,124.5025,11.8,27.555,0.6925,0.75,0.415,,,,0.14,0.17,12.555,100.0,0.155,227.195,0.0,0.0,0.6599999999999999,750.0,
2023-02-17 07:00:00,59.04,132.7475,46.4475,71.195,117.6425,10.2925,27.455,0.6625000000000001,,0.4,,,,0.1325,0.16,13.35,100.0,0.042499999999999996,63.565000000000005,0.0,0.0,20.5175,750.0,
2023-02-17 08:00:00,59.16,121.81,48.6325,74.545,123.175,9.9525,27.265,0.7,0.73,0.42,,,,0.14,0.17,15.775,100.0,0.07,78.6225,0.01,0.01,55.94,750.0,
2023-02-17 09:00:00,56.68,127.61749999999999,51.0725,78.28999999999999,129.365,12.3875,28.61,0.8675,37.0925,0.5175000000000001,,,,0.1725,0.20750000000000002,19.4125,89.2425,0.17500000000000002,150.5775,0.04,0.04,88.785,750.0,
2023-02-17 10:00:00,84.2,199.7975,53.6075,82.1725,135.78,16.4875,31.205,0.815,82.685,0.4875,,,,0.16,0.1975,24.7925,58.5225,0.3025,152.7975,0.0,0.0,164.63,750.0,
2023-02-17 11:00:00,70.4,215.35000000000002,45.6425,69.96000000000001,115.60749999999999,21.9,31.564999999999998,0.7575000000000001,125.7925,0.45,,,,0.1475,0.1825,27.8575,47.839999999999996,0.385,173.73250000000002,0.0,0.0,203.515,750.0,
2023-02-17 12:00:00,72.36,228.82999999999998,38.435,58.91,97.34,13.36,30.5575,0.3875,135.0275,0.23,,,,0.07500000000000001,0.095,29.6075,41.75,0.48,180.5275,0.0,0.0,223.0875,750.0,
2023-02-17 13:00:00,47.72,158.56,38.475,58.97,97.445,11.85,34.57,0.31,131.58,0.1875,,,,0.0625,0.07500000000000001,30.2075,39.275,0.45499999999999996,198.6975,0.0,0.0,185.5625,750.0,
2023-02-17 14:00:00,37.28,120.81750000000001,45.883333333333326,70.33333333333333,87.16499999999999,11.46,38.067499999999995,0.2925,138.31,0.17500000000000002,,,,0.06,0.07,30.4325,39.2725,0.34750000000000003,162.595,0.0,0.0,136.38,749.6275,
2023-02-17 15:00:00,41.52,110.9225,32.6125,49.9875,82.5975,10.62,32.505,0.2625,128.79500000000002,0.16,,,,0.052500000000000005,0.0625,29.482499999999998,43.1875,0.28500000000000003,173.345,0.0,0.0,85.315,749.0975,
2023-02-17 16:00:00,39.8,124.465,20.64,31.635,52.2725,10.4275,33.965,0.2125,111.75,0.13,,,,0.04,0.05,27.11,49.845,0.23500000000000001,164.29500000000002,0.0,0.0,41.475,749.005,
2023-02-17 17:00:00,39.96,94.75,13.0975,20.075,33.177499999999995,9.53,25.627499999999998,0.2025,77.565,0.1225,,,,0.04,0.05,23.7125,65.6075,0.11,128.885,0.0,0.0,13.13,749.1,
2023-02-17 18:00:00,34.8,97.555,15.015,23.02,38.0375,10.182500000000001,23.2425,0.215,61.8175,0.135,,,,0.04,0.05,19.39,81.2075,0.085,114.8275,0.0,0.0,,749.3675,
2023-02-17 19:00:00,33.32,82.3475,18.7975,28.8075,47.6025,10.43,25.57,0.2825,41.82,0.1675,,,,0.057499999999999996,0.07,17.04,91.3475,0.0875,113.5275,0.0,0.0,,749.8225,
2023-02-17 20:00:00,35.56,86.58250000000001,20.127499999999998,30.85,50.9775,11.305,27.03,0.375,28.52,0.22,,,,0.07250000000000001,0.0875,16.009999999999998,95.215,0.15,189.435,0.0,0.0,,750.0,
2023-02-17 21:00:00,40.72,106.20750000000001,16.73,25.64,42.37,12.02,28.627499999999998,0.505,16.23,0.305,,,,0.1,0.1225,15.3875,96.9625,0.0625,96.74000000000001,0.0,0.0,,750.0,
2023-02-17 22:00:00,45.28,97.0975,25.4825,39.057500000000005,64.5375,14.6475,28.627499999999998,0.9824999999999999,3.3699999999999997,0.5925,,,,0.1975,0.2375,15.01,98.1775,0.065,116.62,0.0,0.0,,750.0,
2023-02-17 23:00:00,69.64,131.55,24.305,37.2525,61.56,16.9925,29.83,1.3075,,0.7825,,,,0.26,0.3175,14.6725,98.97,0.09,144.7,0.0,0.0,,750.0,
2023-02-18 00:00:00,64.64,157.0,22.6175,34.6675,57.2825,15.9075,30.0425,1.07,1.5233333333333334,0.635,,,,0.215,0.2575,14.2075,99.50999999999999,0.11,193.0625,0.0,0.0,,750.0,
2023-02-18 01:00:00,67.12,139.91,15.07,23.1,38.167500000000004,11.9375,29.6025,0.635,3.265,0.38,,,,0.1275,0.15000000000000002,13.775,99.92,0.1825,225.35000000000002,0.0,0.0,,749.9425,
2023-02-18 02:00:00,48.2,97.8925,22.92,35.1375,58.06,11.2775,30.445,0.6475,9.755,0.3925,,,,0.13,0.155,13.445,100.0,0.21000000000000002,215.4,0.0,0.0,,749.5975,
2023-02-18 03:00:00,55.92,116.2325,16.835,25.805,42.64,12.4425,29.5425,0.7875,3.3266666666666667,0.4725,,,,0.16,0.19,13.370000000000001,100.0,0.16499999999999998,186.8425,0.0,0.0,,749.3425,
2023-02-18 04:00:00,54.82,119.4275,7.904999999999999,12.1175,20.025,17.935000000000002,29.125,1.4849999999999999,,0.8975,,,,0.3,0.36,13.375,100.0,0.14,192.53,0.0,0.0,,749.365,
2023-02-18 05:00:00,66.88,153.905,1.0,1.5375,2.535,16.9775,29.8275,1.3775,,0.8325,,,,0.275,0.3325,13.1175,100.0,0.1575,186.065,0.0,0.0,,749.6925,
2023-02-18 06:00:00,57.92,123.6325,,,0.0,19.66,29.98,2.0775,,1.2525,,,,0.4175,0.5025,12.935,100.0,0.195,215.8725,0.0,0.0,0.77,749.99,
2023-02-18 07:00:00,79.2,165.555,,,0.0,23.3675,29.91,2.3425000000000002,,1.4024999999999999,,,,0.47,0.5625,13.497499999999999,100.0,0.185,206.2525,0.0,0.0,10.825,750.0,
2023-02-18 08:00:00,75.48,166.47,9.549999999999999,14.64,18.14,24.2275,30.085,1.9575,5.2,1.17,,,,0.38749999999999996,0.46499999999999997,16.105,100.0,0.275,205.22750000000002,0.0,0.0,27.1425,750.0,
2023-02-18 09:00:00,90.36,216.0575,29.68,45.4975,75.17750000000001,23.314999999999998,30.665,1.035,39.042500000000004,0.6175,,,,0.20750000000000002,0.2475,18.755000000000003,88.7675,0.4225,247.35000000000002,0.0,0.0,43.43,750.0,
2023-02-18 10:00:00,71.72,205.62,20.177500000000002,30.927500000000002,51.105000000000004,16.635,37.1225,0.79,83.2925,0.47,,,,0.1575,0.19,25.655,57.370000000000005,0.57,251.5225,0.0,0.0,244.43,750.0,
2023-02-18 11:00:00,67.52,187.7825,14.8525,22.765,37.615,14.56,38.8525,0.6575,112.795,0.39249999999999996,,,,0.1275,0.155,29.490000000000002,45.5625,0.6375,245.0125,0.0,0.0,295.225,750.0,
2023-02-18 12:00:00,59.16,168.375,13.7725,21.105,34.8775,13.75,35.8675,0.54,152.21249999999998,0.3225,,,,0.11,0.13,30.955,41.9325,0.63,228.52749999999997,0.0,0.0,277.245,750.0,
2023-02-18 13:00:00,52.2,158.4525,12.28,18.82,31.1025,12.485,32.3575,0.4125,154.8125,0.25,,,,0.0825,0.1,31.875,39.6225,0.5125000000000001,182.26,0.0,0.0,240.49,749.8275,
2023-02-18 14:00:00,49.88,132.35250000000002,11.45,17.545,28.9925,12.33,33.5475,0.4325,146.6925,0.255,,,,0.0875,0.10250000000000001,32.144999999999996,38.4525,0.5125,227.14,0.015,0.015,169.535,749.125,
2023-02-18 15:00:00,42.12,128.34,9.6175,14.7375,24.3525,11.7975,33.4375,0.39,149.65,0.23,,,,0.0775,0.0925,31.4375,39.4125,0.365,202.445,0.015,0.015,100.86500000000001,748.6575,
2023-02-18 16:00:00,41.76,126.4275,3.8275,5.865,9.69,10.4675,30.795,0.3025,89.67,0.1825,,,,0.0625,0.07250000000000001,28.5125,49.9575,0.2375,153.37,0.0,0.0,31.2375,748.5625,
2023-02-18 17:00:00,37.16,109.1675,11.3675,17.4275,28.7975,10.3125,31.990000000000002,0.2775,37.3475,0.17,,,,0.06,0.0675,23.8175,69.94,0.1375,148.4125,0.0,0.0,5.865,748.7325000000001,
2023-02-18 18:00:00,36.12,99.52250000000001,8.9275,13.68,22.6125,10.3675,33.38,0.315,34.6425,0.19,,,,0.065,0.07500000000000001,20.0475,82.805,0.08,110.8575,0.0,0.0,,749.005,
2023-02-18 19:00:00,40.6,87.32499999999999,10.0875,15.4625,25.5525,10.525,32.9825,0.3425,21.465,0.20500000000000002,,,,0.07,0.08,18.315,91.215,0.0925,158.59,0.0,0.0,,749.59,
2023-02-18 20:00:00,45.72,103.65,16.1,24.675,40.775,10.2875,32.7275,0.39749999999999996,12.155000000000001,0.24,,,,0.08,0.095,17.5375,95.7525,0.1225,143.845,0.0,0.0,,750.0,
2023-02-18 21:00:00,43.84,96.98,16.865,25.855,42.72,10.9775,32.745,0.58,9.92,0.3525,,,,0.1175,0.14,16.825,97.19749999999999,0.10250000000000001,151.665,0.0,0.0,,750.0,
2023-02-18 22:00:00,47.0,125.065,19.86,30.445,50.3075,11.3625,31.79,0.7025,3.21,0.4225,,,,0.14250000000000002,0.17,16.2375,98.1525,0.06,106.73,0.0,0.0,,750.0,
2023-02-18 23:00:00,56.36,129.96499999999997,14.7475,22.6075,37.3525,11.605,32.4625,0.7675000000000001,0.9175,0.46,,,,0.1525,0.185,15.817499999999999,98.86500000000001,0.0825,140.99,0.0,0.0,,750.0,
2023-02-19 00:00:00,56.08,134.0625,13.93,21.3575,35.2875,10.7675,32.3725,0.6725,0.6,0.40249999999999997,,,,0.1325,0.16,15.594999999999999,99.4475,0.08750000000000001,172.51749999999998,0.0,0.0,,750.0,
2023-02-19 01:00:00,58.64,126.5825,14.27,21.875,36.144999999999996,10.01,32.6175,0.64,1.2966666666666666,0.39,,,,0.1275,0.1525,15.337499999999999,99.8575,0.1175,164.1075,0.0,0.0,,749.835,
2023-02-19 02:00:00,52.88,101.94250000000001,17.0725,26.1725,43.245,10.7525,32.585,0.75,0.29,0.4475,,,,0.15000000000000002,0.1825,14.99,100.0,0.0875,150.07,0.0,0.0,,749.4449999999999,
2023-02-19 03:00:00,55.475,112.6675,14.8225,22.72,37.545,13.155000000000001,32.785,0.94,,0.5625,,,,0.19,0.2225,14.69,100.0,0.14,188.9075,0.0,0.0,,749.2375,
2023-02-19 04:00:00,59.0,127.6275,20.5325,31.47,52.0025,13.967500000000001,31.9225,0.96,,0.575,,,,0.1925,0.2275,14.407499999999999,100.0,0.1175,183.41250000000002,0.0,0.0,,749.1424999999999,
2023-02-19 05:00:00,65.08,137.64749999999998,21.58,33.075,54.655,12.8375,31.5825,0.8674999999999999,,0.5175000000000001,,,,0.175,0.20750000000000002,14.245000000000001,100.0,0.1325,215.71249999999998,0.0,0.0,,749.3924999999999,
2023-02-19 06:00:00,64.52,123.4625,17.3875,26.6525,44.037499999999994,11.52,30.745,0.8049999999999999,,0.4825,,,,0.165,0.195,13.925,100.0,0.0625,123.9425,0.0,0.0,0.86,749.895,
2023-02-19 07:00:00,57.08,119.0725,16.685,25.575,42.254999999999995,10.807500000000001,31.13,0.77,,0.46,,,,0.1525,0.185,14.26,100.0,0.11,160.5775,0.0,0.0,13.335,750.0,
2023-02-19 08:00:00,55.4,107.6225,9.0975,13.95,23.0475,10.365,30.515,0.73,7.28,0.435,,,,0.14500000000000002,0.175,16.8625,100.0,0.1825,217.7375,0.0,0.0,33.865,750.0,
2023-02-19 09:00:00,48.76,112.145,11.95,18.315,30.262499999999996,12.8875,30.942500000000003,0.85,32.725,0.5075000000000001,,,,0.17,0.20500000000000002,19.2675,99.39750000000001,0.1625,136.95749999999998,0.0,0.0,53.04,750.0,
2023-02-19 10:00:00,68.72,170.5825,10.32,15.82,26.145,12.91,32.085,0.6625,68.445,0.3925,,,,0.1325,0.1575,25.6775,64.24,0.505,222.56,0.0,0.0,258.4775,750.0,
2023-02-19 11:00:00,63.28,172.6825,14.282499999999999,21.892500000000002,36.175,11.7725,32.5775,0.4675,86.6425,0.2775,,,,0.09,0.1125,29.83,48.0025,0.625,226.4725,0.0,0.0,307.16,750.0,
2023-02-19 12:00:00,53.76,143.0,15.315,23.475,38.7875,10.495000000000001,34.74,0.3225,92.79,0.1975,,,,0.065,0.0775,31.0125,43.29,0.8,226.3125,0.0,0.0,288.945,749.9475,
2023-02-19 13:00:00,43.6,101.7075,15.06,23.085,38.145,10.4675,37.08,0.34,95.08500000000001,0.2025,,,,0.07,0.08,31.735,43.7675,0.6625,213.6825,0.0,0.0,236.145,749.255,
2023-02-19 14:00:00,44.6,112.375,17.87,27.39,45.2625,10.0325,36.4475,0.28500000000000003,115.64,0.17,,,,0.057499999999999996,0.0675,31.6575,42.68,0.6375,248.59250000000003,0.0,0.0,170.31,748.5250000000001,
2023-02-19 15:00:00,37.76,112.9775,15.975,24.4875,40.4625,9.93,31.7875,0.265,120.6325,0.1625,,,,0.055,0.065,31.08,43.44,0.535,211.24,0.0,0.0,109.5675,748.16,
2023-02-19 16:00:00,36.12,99.07499999999999,14.8475,22.7625,37.6125,10.0425,29.7675,0.2775,111.255,0.1675,,,,0.057499999999999996,0.0675,28.3825,52.025,0.3825,195.5875,0.0,0.0,32.3525,747.9525,
2023-02-19 17:00:00,43.32,119.2325,15.4675,23.7075,39.175,10.44,26.165,0.2975,95.05,0.1775,,,,0.06,0.07,24.6575,65.0625,0.295,176.9975,0.0,0.0,5.9175,747.9975000000001,
2023-02-19 18:00:00,45.08,121.9675,14.875,22.802500000000002,37.677499999999995,10.92,26.9725,0.41000000000000003,71.3875,0.25,,,,0.085,0.1,20.7075,80.555,0.105,156.7375,0.0,0.0,,748.1800000000001,
2023-02-19 19:00:00,53.065,129.29,13.9475,21.38,35.33,12.155,29.6925,0.5700000000000001,45.055,0.3425,,,,0.115,0.1375,18.65,90.0575,0.0625,98.785,0.0,0.0,,748.575,
2023-02-19 20:00:00,57.32,133.475,12.9225,19.81,32.735,12.655000000000001,30.485,0.6925,17.76,0.415,,,,0.1375,0.165,17.94,95.1,0.1775,199.49,0.0,0.0,,748.955,
2023-02-19 21:00:00,66.6,163.41750000000002,17.18,26.330000000000002,43.51,13.4525,30.372500000000002,0.8375,5.8225,0.5,,,,0.165,0.2,17.42,97.31,0.1625,192.5775,0.0,0.0,,749.02,
2023-02-19 22:00:00,68.52,177.595,19.665,30.14,49.8075,14.115,31.775,0.935,2.7866666666666666,0.56,,,,0.1875,0.2225,16.82,98.3075,0.095,144.0975,0.0,0.0,,748.9825000000001,
2023-02-19 23:00:00,77.28,172.64249999999998,17.232499999999998,26.415,43.65,13.025,32.0875,0.97,,0.5775,,,,0.1925,0.23249999999999998,16.5425,99.22,0.16249999999999998,153.1825,0.0,0.0,,748.7075,
2023-02-20 00:00:00,73.2,164.73000000000002,16.015,24.5475,40.557500000000005,12.96,31.775,1.1099999999999999,,0.665,,,,0.225,0.2675,16.122500000000002,99.855,0.2425,212.3875,0.0,0.0,,748.2325,
2023-02-20 01:00:00,80.64,172.82999999999998,18.075,27.705,45.785,14.095,32.442499999999995,1.335,,0.8,,,,0.27,0.3225,15.745,100.0,0.095,144.0975,0.0,0.0,,748.0875,
2023-02-20 02:00:00,74.84,162.215,10.0375,15.3825,25.4175,16.4425,32.925,1.7725,,1.0675,,,,0.355,0.4275,15.245,100.0,0.11499999999999999,154.1925,0.0,0.0,,747.65,
2023-02-20 03:00:00,78.24,168.2475,6.705,10.2775,16.98,19.2125,32.98,2.02,,1.2125,,,,0.4075,0.4825,14.8075,100.0,0.18,222.76,0.0,0.0,,747.3675000000001,
2023-02-20 04:00:00,83.0,190.195,0.66,1.01,0.4175,21.2075,32.69,2.29,,1.3725,,,,0.4575,0.5525,14.73,100.0,0.1725,204.88,0.0,0.0,,747.3499999999999,
2023-02-20 05:00:00,89.765,184.92000000000002,1.26,1.93,0.7975,19.9725,31.6875,2.0775,,1.245,,,,0.4175,0.4975,14.5025,100.0,0.125,178.385,0.0,0.0,,747.6725,
2023-02-20 06:00:00,84.04,165.7625,,,0.0,17.317500000000003,31.23,1.8375,,1.1,,,,0.3675,0.44,14.1775,100.0,0.1775,207.1125,0.0,0.0,1.26,748.285,
2023-02-20 07:00:00,79.28,150.72500000000002,,,0.0,16.4275,30.95,1.655,,0.9925,,,,0.3325,0.39749999999999996,14.7275,100.0,0.1625,183.7425,0.0,0.0,14.6525,748.7975,
2023-02-20 08:00:00,71.16,153.0625,1.1966666666666668,1.8333333333333333,2.275,14.815000000000001,29.4325,1.4175,,0.8475,,,,0.28,0.33999999999999997,17.2825,100.0,0.095,136.745,0.0,0.0,34.205,749.41,
2023-02-20 09:00:00,60.44,139.235,19.307499999999997,29.595,48.9025,17.27,30.555,1.005,26.862499999999997,0.6025,,,,0.2,0.2425,19.795,97.1125,0.36,222.1625,0.0,0.0,55.51,749.8325,
2023-02-20 10:00:00,62.68,156.82999999999998,18.002499999999998,27.5925,45.595,15.379999999999999,32.3275,0.69,79.7225,0.4125,,,,0.14,0.1675,26.535,61.8725,0.4425,205.315,0.0,0.0,242.165,749.8875,
2023-02-20 11:00:00,61.16,175.32,14.955,22.927500000000002,37.8775,16.55,34.9625,0.6,136.69,0.3625,,,,0.12,0.14500000000000002,31.0575,45.64,0.6174999999999999,208.5075,0.0,0.0,297.2575,749.38,
2023-02-20 12:00:00,62.2,160.1275,9.8675,15.125,24.994999999999997,14.3975,33.285,0.57,165.01749999999998,0.345,,,,0.11499999999999999,0.135,32.7625,40.6375,0.54,204.6125,0.0,0.0,282.7425,748.615,
2023-02-20 13:00:00,58.6,143.3975,5.5225,8.462499999999999,13.9825,11.945,33.1875,0.3875,147.4775,0.2325,,,,0.0775,0.09,33.35,38.79,0.6675,236.635,0.0,0.0,247.525,747.7950000000001,
2023-02-20 14:00:00,43.48,123.4175,7.0525,10.805,17.8575,10.54,33.655,0.275,131.54999999999998,0.165,,,,0.055,0.065,33.5275,38.62,0.6825,240.645,0.0,0.0,177.54500000000002,747.2125,
2023-02-20 15:00:00,34.04,113.095,8.885,13.625,22.509999999999998,9.935,33.745000000000005,0.245,129.4525,0.14500000000000002,,,,0.05,0.06,33.45,39.045,0.5625,210.1,0.0,0.0,109.84,746.8875,
2023-02-20 16:00:00,,,,,0.0,,,0.0,,0.0,,,,,,,,,,0.0,0.0,,,
2023-02-20 17:00:00,29.44,94.08,7.645,11.717500000000001,19.36,9.95,27.565,0.2375,65.6325,0.14250000000000002,,,,0.0475,0.057499999999999996,25.6325,66.645,0.2125,172.43,0.0,0.0,5.165,746.7725,
2023-02-20 18:00:00,35.8525,89.73,7.532500000000001,11.5475,19.0825,10.8375,28.990000000000002,0.33,53.2,0.1975,,,,0.065,0.0775,21.865,80.195,0.1525,129.41,0.0,0.0,,746.99,
2023-02-20 19:00:00,29.674999999999997,89.7525,11.8125,18.1075,29.9225,12.5375,31.674999999999997,0.5975,32.8375,0.36,,,,0.1225,0.14500000000000002,19.875,88.52000000000001,0.15,131.49,0.0,0.0,,747.2625,
2023-02-20 20:00:00,39.315,93.8075,18.985,29.099999999999998,48.085,17.1975,31.915,1.1225,11.174999999999999,0.6775,,,,0.2275,0.27,18.46,91.9,0.06,91.165,0.0,0.0,,747.62,
2023-02-20 21:00:00,53.504999999999995,145.2225,17.5325,26.8775,44.410000000000004,18.965,32.3375,1.275,,0.765,,,,0.255,0.305,17.634999999999998,96.1,0.07666666666666667,131.63333333333333,0.0,0.0,,747.7125,
2023-02-20 22:00:00,56.12,142.6175,23.0,35.254999999999995,58.2575,16.8125,32.46,1.42,,0.855,,,,0.28500000000000003,0.3425,16.95,97.94,0.07,132.94,0.0,0.0,,747.765,
2023-02-20 23:00:00,70.3425,175.0125,22.1475,33.95,56.0975,15.9775,33.0175,1.6475,,0.99,,,,0.3325,0.3975,16.607499999999998,98.9075,0.045000000000000005,82.4375,0.0,0.0,,747.665,
2023-02-21 00:00:00,87.56,218.52,14.625,22.46,37.1125,15.8525,32.645,1.6775,,1.0025,,,,0.3375,0.40249999999999997,16.2625,99.5425,0.08499999999999999,127.76249999999999,0.0,0.0,,747.5825,
2023-02-21 01:00:00,84.6875,210.225,11.51,17.6425,29.155,14.215,31.7325,1.38,,0.8275,,,,0.275,0.33,15.835,99.92750000000001,0.08499999999999999,126.015,0.0,0.0,,747.4449999999999,
2023-02-21 02:00:00,73.52,170.395,13.825,21.19,35.0125,13.855,31.807499999999997,1.1125,,0.67,,,,0.2225,0.265,15.41,100.0,0.135,200.45,0.0,0.0,,747.19,
2023-02-21 03:00:00,69.28,150.79,11.4025,17.4775,28.8775,12.3975,31.47,0.98,,0.585,,,,0.195,0.235,15.1425,100.0,0.105,129.6675,0.0,0.0,,746.975,
2023-02-21 04:00:00,63.24,129.42000000000002,13.945,21.377499999999998,35.3275,11.9125,30.8275,0.88,,0.525,,,,0.175,0.21,15.0175,100.0,0.12250000000000001,136.6775,0.0,0.0,,746.865,
2023-02-21 05:00:00,63.08,131.9925,13.14,20.1375,33.275,11.485,30.5975,0.795,,0.4725,,,,0.16,0.1925,14.9625,100.0,0.1025,136.45,0.0,0.0,,747.0875,
2023-02-21 06:00:00,58.08,130.4475,16.915,25.93,42.845,10.9875,29.765,0.6625,,0.3975,,,,0.1325,0.1575,14.7775,100.0,0.14250000000000002,158.56,0.0,0.0,1.015,747.4875,
2023-02-21 07:00:00,55.28,116.20500000000001,29.395000000000003,45.06,74.455,10.07,29.2,0.6025,,0.36,,,,0.12,0.14500000000000002,15.497499999999999,100.0,0.1075,109.85,0.0,0.0,13.535,748.0925,
2023-02-21 08:00:00,57.16,112.5075,46.66,71.52250000000001,118.1825,11.0725,29.72,0.7050000000000001,4.6499999999999995,0.42000000000000004,,,,0.14,0.16999999999999998,17.93,100.0,0.22999999999999998,113.8925,0.0,0.0,23.0075,748.7,
2023-02-21 09:00:00,65.12,149.525,56.730000000000004,86.96,143.6925,12.915,29.385,0.52,33.4375,0.31,,,,0.105,0.1225,20.5275,93.955,0.32499999999999996,156.8575,0.0,0.0,35.1125,748.925,
2023-02-21 10:00:00,42.92,121.995,55.712500000000006,85.39500000000001,141.1025,11.64,32.2275,0.3625,65.985,0.215,,,,0.07250000000000001,0.085,28.4525,57.02,0.405,122.15,0.0,0.0,264.265,748.935,
2023-02-21 11:00:00,38.32,104.0025,52.4475,80.3925,132.8375,10.2675,34.235,0.22,90.72749999999999,0.1325,,,,0.0425,0.05,33.67,41.0475,0.5075000000000001,141.4725,0.0,0.0,329.04499999999996,748.51,
2023-02-21 12:00:00,27.8,96.3225,58.727500000000006,90.02250000000001,148.75,10.225,34.5675,0.1725,102.84,0.10500000000000001,,,,0.035,0.04,34.9925,35.58,0.5725,166.03,0.0,0.0,310.36,747.8725,
2023-02-21 13:00:00,25.08,80.0325,53.3825,81.8275,135.21,9.6875,33.64,0.1625,106.7125,0.1,,,,0.0325,0.04,35.65,34.53,0.56,180.9675,0.0,0.0,269.2375,747.1,
2023-02-21 14:00:00,25.64,83.6625,45.9,70.36,116.26249999999999,9.629999999999999,34.265,0.155,114.2325,0.0975,,,,0.03,0.04,35.5925,34.205,0.61,175.4625,0.0,0.0,191.2375,746.5375,
2023-02-21 15:00:00,24.3425,81.8475,48.2675,73.98,122.2475,9.43,34.3225,0.135,110.2125,0.08,,,,0.03,0.03,35.167500000000004,33.6875,0.5875,192.3375,0.0,0.0,129.29,746.145,
2023-02-21 16:00:00,24.12,56.265,48.815,74.8225,123.6375,9.4775,33.1425,0.125,99.81,0.08,,,,0.03,0.03,31.497500000000002,41.167500000000004,0.3975,189.965,0.0,0.0,37.585,746.0125,
2023-02-21 17:00:00,19.56,55.957499999999996,44.4875,68.1875,112.675,10.095,28.8525,0.1775,66.4275,0.11,,,,0.0375,0.042499999999999996,25.9425,63.4375,0.2525,158.3025,0.0,0.0,5.0375,746.0825,
2023-02-21 18:00:00,25.44,69.5775,47.3475,72.5775,119.925,11.8775,26.052500000000002,0.29000000000000004,56.14,0.17500000000000002,,,,0.06,0.07,22.0,77.79,0.16,135.0875,0.0,0.0,,746.2225,
2023-02-21 19:00:00,24.24,83.8675,54.7625,83.9425,138.70499999999998,13.115,29.045,0.48750000000000004,31.587500000000002,0.2925,,,,0.0975,0.1175,20.39,84.2225,0.195,148.59249999999997,0.0,0.0,,746.5125,
2023-02-21 20:00:00,28.32,96.47749999999999,60.195,92.27,152.4675,16.5425,30.1475,0.7625000000000001,10.055,0.45,,,,0.15,0.185,18.98,89.6925,0.0775,83.7525,0.0,0.0,,746.7574999999999,
2023-02-21 21:00:00,34.28,118.075,71.5775,109.7125,181.2925,17.82,31.5625,0.99,1.155,0.595,,,,0.1975,0.24,17.965,94.7825,0.14750000000000002,174.495,0.0,0.0,,747.025,
2023-02-21 22:00:00,45.44,126.015,60.0675,92.075,152.1425,16.03,31.785,0.92,0.28,0.5425,,,,0.1825,0.2175,17.625,97.0325,0.1425,218.45,0.0,0.0,,747.115,
2023-02-21 23:00:00,38.32,102.76249999999999,55.3125,84.785,140.0975,15.3625,32.685,1.145,,0.6925,,,,0.22999999999999998,0.275,17.0125,98.44,0.1875,222.7625,0.0,0.0,,746.9325,
2023-02-22 00:00:00,42.08,98.1275,53.2775,81.66499999999999,134.9375,17.03,32.52,1.4925,,0.8975,,,,0.2975,0.36,16.8425,99.305,0.20750000000000002,258.8175,0.0,0.0,,746.8875,
2023-02-22 01:00:00,48.96,114.075,43.65,66.9075,110.5575,17.607499999999998,32.5075,1.8225,,1.095,,,,0.365,0.44,16.509999999999998,99.76,0.0825,125.75999999999999,0.0,0.0,,746.8675000000001,
2023-02-22 02:00:00,59.52,156.2075,42.457499999999996,65.0775,107.535,16.205,32.205,1.5075,,0.905,,,,0.3,0.36,15.83,99.9825,0.10500000000000001,142.435,0.0,0.0,,746.6825,
2023-02-22 03:00:00,53.48,141.11,44.417500000000004,68.085,112.5,14.41,32.3725,1.2975,,0.78,,,,0.2575,0.31,15.3575,100.0,0.19,213.6575,0.0,0.0,,746.5175,
2023-02-22 04:00:00,51.6,129.70000000000002,48.435,74.24,122.6675,13.325,30.9375,1.08,,0.645,,,,0.215,0.2575,14.865,100.0,0.1925,206.175,0.0,0.0,,746.48,
2023-02-22 05:00:00,59.64,135.4325,53.3075,81.71000000000001,135.01749999999998,12.3525,31.4325,0.885,,0.53,,,,0.1775,0.2125,14.7275,100.0,0.1225,164.79999999999998,0.0,0.0,,746.615,
2023-02-22 06:00:00,59.0,129.4875,54.3825,83.3625,136.1875,10.945,30.4175,0.78,,0.46499999999999997,,,,0.1575,0.19,14.515,100.0,0.2625,234.1075,0.0,0.0,2.05,746.92,
2023-02-22 07:00:00,55.84,121.7175,46.5725,71.38499999999999,117.96000000000001,10.139999999999999,30.2675,0.77,,0.46,,,,0.1525,0.185,15.2425,100.0,0.1825,156.7425,0.0,0.0,13.9025,747.4375,
2023-02-22 08:00:00,57.48,117.7375,47.485,72.7875,120.27,10.7725,29.5875,0.81,8.54,0.4825,,,,0.1625,0.195,17.9625,100.0,0.2,183.9375,0.0,0.0,26.6875,747.955,
2023-02-22 09:00:00,59.8,134.0325,54.7225,83.88,138.6,13.754999999999999,30.755,0.765,46.08,0.4575,,,,0.15,0.1825,20.7775,92.545,0.41000000000000003,210.78500000000003,0.0,0.0,43.29,748.3775,
2023-02-22 10:00:00,61.52,173.94,51.22,78.515,129.7375,17.2075,33.4275,0.77,108.9525,0.46,,,,0.15,0.185,28.06,62.3825,0.6675,265.3725,0.0,0.0,305.815,748.31,
2023-02-22 11:00:00,71.08,201.595,56.625,86.795,143.4225,14.0075,32.1625,0.5425,125.13,0.3225,,,,0.11,0.13,33.235,43.1625,0.6525,205.9825,0.0,0.0,337.76,747.875,
2023-02-22 12:00:00,57.16,173.9225,50.197500000000005,76.945,127.1425,9.8425,31.872500000000002,0.21,99.7975,0.1225,,,,0.042499999999999996,0.05,35.07,30.8475,0.74,217.745,0.0,0.0,299.6275,747.4175,
2023-02-22 13:00:00,33.6,101.2325,48.76,74.745,123.505,8.63,32.3675,0.1,87.355,0.060000000000000005,,,,0.0175,0.025,34.835,26.435,0.835,248.9125,0.0,0.0,255.14249999999998,746.9325,
2023-02-22 14:00:00,18.8,76.015,45.105000000000004,69.135,114.2375,8.3525,33.6,0.065,86.095,0.0375,,,,0.01,0.015,35.084999999999994,24.45,0.8125,255.0575,0.0,0.0,200.105,746.495,
2023-02-22 15:00:00,17.44,72.1125,40.0825,61.435,101.515,8.1225,32.6475,0.04,82.055,0.02,,,,0.01,0.01,33.8925,23.2925,0.825,250.2275,0.0,0.0,132.6625,746.37,
2023-02-22 16:00:00,15.68,68.93249999999999,34.2175,52.455,86.67500000000001,8.495000000000001,32.9825,0.0625,83.69749999999999,0.0375,,,,0.0125,0.0125,30.634999999999998,30.292499999999997,0.5925,242.2875,0.0,0.0,39.065,746.505,
2023-02-22 17:00:00,18.84,75.9375,35.93,55.075,91.005,9.4025,31.615000000000002,0.1275,77.35,0.0775,,,,0.0275,0.03,27.044999999999998,42.7475,0.305,198.81,0.0,0.0,9.1825,746.64,
2023-02-22 18:00:00,23.2,75.505,42.315,64.86,107.1775,10.2925,29.85,0.18,50.6175,0.1075,,,,0.0375,0.042499999999999996,22.18,64.7775,0.1325,118.7725,0.0,0.0,,747.005,
2023-02-22 19:00:00,27.2,81.61250000000001,39.545,60.6125,100.155,11.467500000000001,31.4575,0.345,30.2825,0.20500000000000002,,,,0.07,0.08,19.6725,76.71000000000001,0.14500000000000002,142.985,0.0,0.0,,747.3675,
2023-02-22 20:00:00,37.04,101.85749999999999,39.615,60.7225,100.3425,12.8,32.9475,0.5025,20.7025,0.305,,,,0.0975,0.1225,18.065,84.06,0.1375,162.60750000000002,0.0,0.0,,747.71,
2023-02-22 21:00:00,37.12,111.7425,39.5125,60.567499999999995,100.0775,13.36,33.1225,0.6025,17.5275,0.36,,,,0.12,0.14750000000000002,16.72,88.155,0.1675,185.58,0.0,0.0,,747.8875,
2023-02-22 22:00:00,38.6,116.64999999999999,39.895,61.1475,101.03999999999999,13.825,33.2875,0.6025,16.675,0.3625,,,,0.1225,0.14500000000000002,16.2325,88.19,0.1825,166.21,0.0,0.0,,747.78,
2023-02-22 23:00:00,41.3925,118.985,34.865,53.4375,88.30250000000001,12.56,33.2275,0.47,24.4675,0.2825,,,,0.095,0.1075,15.89,89.4125,0.17,167.27,0.0,0.0,,747.495,
2023-02-23 00:00:00,40.04,113.6625,34.26,52.5125,86.77,12.3475,32.82,0.4925,21.4575,0.2975,,,,0.10250000000000001,0.115,15.415,90.9575,0.19,202.64,0.0,0.0,,747.21,
2023-02-23 01:00:00,44.84,100.9625,37.1475,56.94,94.0925,13.5925,32.699999999999996,0.5225,12.215,0.3125,,,,0.10250000000000001,0.125,14.9375,94.1925,0.1575,175.13,0.0,0.0,,747.065,
2023-02-23 02:00:00,49.44,113.4225,36.2925,55.6275,91.9225,13.307500000000001,32.465,0.425,20.427500000000002,0.255,,,,0.0825,0.10250000000000001,15.317499999999999,92.985,0.26749999999999996,194.32,0.0,0.0,,746.7574999999999,
2023-02-23 03:00:00,38.48,100.845,28.42,43.5625,71.98,11.182500000000001,32.760000000000005,0.305,41.815,0.1825,,,,0.0625,0.07250000000000001,17.29,77.1125,0.2175,180.61,0.0,0.0,,746.4549999999999,
2023-02-23 04:00:00,31.8,98.0125,31.8275,48.785,80.6125,10.372499999999999,32.2425,0.275,30.16,0.165,,,,0.057499999999999996,0.0675,15.615,84.2125,0.195,164.055,0.0,0.0,,746.455,
2023-02-23 05:00:00,38.28,80.555,40.0225,61.3425,101.365,10.3775,31.0825,0.315,27.565,0.1925,,,,0.065,0.07500000000000001,14.5125,86.835,0.1975,169.375,0.0,0.0,,746.5875,
2023-02-23 06:00:00,38.24,85.7625,39.85,61.0875,100.9325,10.56,30.884999999999998,0.3175,23.175,0.195,,,,0.065,0.07,15.025,84.9225,0.325,216.255,0.0,0.0,1.36,746.9925000000001,
2023-02-23 07:00:00,40.92,100.5025,41.6625,63.86,105.525,11.08,31.705,0.35750000000000004,25.060000000000002,0.21250000000000002,,,,0.07250000000000001,0.08499999999999999,15.83,82.645,0.45499999999999996,231.9375,0.0,0.0,12.627500000000001,747.615,
2023-02-23 08:00:00,43.52,115.4475,37.845,58.0075,95.8525,11.905,31.885,0.3975,40.5325,0.2375,,,,0.08,0.0975,19.33,69.705,0.645,256.3,0.0,0.0,17.377499999999998,748.125,
2023-02-23 09:00:00,47.36,120.03,36.7425,56.3225,93.065,11.935,32.82,0.325,62.302499999999995,0.1925,,,,0.065,0.075,22.2025,58.795,0.74,254.91,0.0,0.0,26.435000000000002,748.535,
2023-02-23 10:00:00,40.76,119.3725,33.215,50.9175,84.13,10.227500000000001,30.77,0.1775,85.8375,0.10500000000000001,,,,0.035,0.0425,28.0775,40.075,0.96,256.445,0.0,0.0,320.7775,748.7075,
2023-02-23 11:00:00,24.6,91.4075,21.52,32.98,54.5,9.1475,29.845,0.085,84.6825,0.05,,,,0.015,0.02,31.435000000000002,28.2625,0.96,248.87,0.0,0.0,379.2,748.47,
2023-02-23 12:00:00,19.8,65.78999999999999,,,,8.6775,29.9825,0.04,78.775,0.02,,,,0.01,0.01,32.5325,23.405,1.2,263.03,0.0,0.0,355.9175,748.0125,
2023-02-23 13:00:00,14.76,60.405,,,,8.225,30.185,0.025,80.42750000000001,0.01,,,,0.01,0.01,33.2075,22.2075,1.165,260.4375,0.0,0.0,307.34000000000003,747.415,
2023-02-23 14:00:00,13.8,64.6375,,,,8.215,31.2925,0.025,81.91,0.01,,,,0.01,0.01,33.295,21.335,1.24,260.055,0.0,0.0,234.405,747.0925,
2023-02-23 15:00:00,17.08,64.0475,2.6875,4.1175,6.805,8.31,,0.0075,82.9375,0.005,,,,,,33.1975,20.4775,0.935,254.5,0.0,0.0,162.245,746.9125,
2023-02-23 16:00:00,15.44,61.475,1.7650000000000001,2.7075,4.4725,8.415,,0.0575,83.185,0.037500000000000006,,,,0.025,0.03,30.1425,23.11,0.9650000000000001,264.2675,0.0,0.0,44.55,746.935,
2023-02-23 17:00:00,9.16,51.6025,15.375,23.565,38.94,9.504999999999999,,0.19,77.4475,0.11750000000000001,,,,0.0375,0.045,26.4025,31.405,0.585,228.355,0.0,0.0,5.3825,747.0575,
2023-02-23 18:00:00,,60.42,47.635,73.02,120.66,10.8975,,0.305,55.64,0.18,,,,0.0625,0.075,21.2775,46.445,0.28250000000000003,199.7625,0.0,0.0,,747.2,
2023-02-23 19:00:00,,86.11500000000001,48.2875,74.0125,122.2975,12.215,,0.4575,35.285000000000004,0.27749999999999997,,,,0.0925,0.11,18.96,57.8875,0.2525,163.52,0.0,0.0,,747.61,
2023-02-23 20:00:00,26.88,85.15,46.2175,70.8475,117.0675,13.1275,,0.505,31.8925,0.305,,,,0.1,0.1225,18.8625,67.075,0.2475,191.22,0.0,0.0,,748.08,
2023-02-23 21:00:00,26.6,91.44500000000001,43.4075,66.5375,109.9475,12.2625,,0.4625,34.347500000000004,0.28,,,,0.0925,0.11,18.1775,71.87,0.25,149.9675,0.0,0.0,,748.49,
2023-02-23 22:00:00,24.04,84.795,39.3925,60.385,99.7775,11.99,,0.4375,35.715,0.2625,,,,0.0875,0.10250000000000001,17.0575,74.615,0.19,174.2,0.0,0.0,,748.6475,
2023-02-23 23:00:00,31.76,75.45750000000001,27.3675,41.95,69.315,11.4375,,0.405,35.0625,0.245,,,,0.08,0.1,15.7425,79.8625,0.195,167.10250000000002,0.0,0.0,,748.5725,
2023-02-24 00:00:00,30.52,72.87,25.947499999999998,39.7725,65.7175,11.47,,0.4,35.565,0.24,,,,0.08,0.1,14.7175,82.7925,0.2175,194.4375,0.0,0.0,,748.4025,
2023-02-24 01:00:00,35.037499999999994,93.5625,25.1025,38.4825,63.5875,11.4475,,0.4,31.695,0.24,,,,0.08,0.1,14.2025,86.1,0.2075,207.1375,0.0,0.0,,748.3675000000001,
2023-02-24 02:00:00,37.32,81.8175,24.85,38.0875,62.9375,11.3925,,0.4,28.455,0.24,,,,0.08,0.1,13.765,89.4575,0.2475,187.6775,0.0,0.0,,748.19,
2023-02-24 03:00:00,34.32,82.4,26.12,40.04,66.16,11.455,,0.4,27.4125,0.24,,,,0.08,0.1,13.2125,90.3825,0.22,185.83499999999998,0.0,0.0,,747.975,
2023-02-24 04:00:00,36.88,91.2925,25.87,39.6525,65.53,11.182500000000001,,0.4,26.4475,0.24,,,,0.08,0.1,12.865,91.6575,0.2575,192.59,0.0,0.0,,747.995,
2023-02-24 05:00:00,32.72,85.39,29.9625,45.927499999999995,75.89,11.3025,,0.395,22.33,0.235,,,,0.08,0.095,12.3975,92.6175,0.25,199.7125,0.0,0.0,,748.3050000000001,
2023-02-24 06:00:00,36.48,88.9,31.49,48.269999999999996,79.75999999999999,11.81,,0.4075,17.252499999999998,0.2475,,,,0.08,0.1,12.095,94.2775,0.2625,201.715,0.0,0.0,1.4866666666666666,748.885,
2023-02-24 07:00:00,37.48,93.7275,38.2225,58.59,96.8125,11.93,,0.4475,13.567499999999999,0.27,,,,0.09,0.1075,13.0725,95.1925,0.255,166.435,0.0,0.0,16.825,749.485,
2023-02-24 08:00:00,39.0,100.535,50.8675,77.97,128.84,12.7625,,0.53,39.035,0.3175,,,,0.10500000000000001,0.1275,18.03,72.65,0.5725,242.85,0.0,0.0,28.93,749.95,
2023-02-24 09:00:00,45.72,134.9925,46.05,70.59,116.6425,12.2625,,0.495,61.4325,0.2975,,,,0.1,0.12,21.4125,62.185,0.7025,265.7425,0.0,0.0,51.945,750.0,
2023-02-24 10:00:00,41.44,115.03,38.777499999999996,59.435,98.2125,11.9375,,0.47,77.8075,0.28500000000000003,,,,0.095,0.1125,27.1575,45.04,0.7275,245.9525,0.0,0.0,267.0225,750.0,
2023-02-24 11:00:00,35.0,116.3775,27.4275,42.035,69.465,11.035,18.695,0.3675,93.955,0.2175,,,,0.07250000000000001,0.09,28.655,38.5025,0.7224999999999999,244.2525,0.0,0.0,201.3175,750.0,
2023-02-24 12:00:00,28.2,94.30000000000001,41.525,63.6575,105.1825,11.129999999999999,26.11,0.39,105.50999999999999,0.235,,,,0.08,0.0925,28.645,38.765,0.9625,271.9175,0.0,0.0,208.855,749.9449999999999,
2023-02-24 13:00:00,34.4,105.2825,31.0425,47.58,78.62,10.035,25.377499999999998,0.29000000000000004,98.6775,0.175,,,,0.057499999999999996,0.0675,30.715,30.5775,0.9475,255.9675,0.0,0.0,224.3825,749.4875,
2023-02-24 14:00:00,25.24,87.89999999999999,26.62,40.8,67.4225,9.865,24.56,0.28,96.3375,0.16999999999999998,,,,0.055,0.0675,29.57,31.9825,0.865,241.6525,0.0,0.0,121.2825,749.1625,
2023-02-24 15:00:00,26.72,69.7675,26.855,41.1625,68.02,9.5275,24.435,0.2725,67.67750000000001,0.165,,,,0.055,0.065,29.197499999999998,34.1425,0.8625,241.72,0.0,0.0,111.81,749.0075,
2023-02-24 16:00:00,20.8,66.9225,21.9075,33.585,55.49,9.7425,25.36,0.2725,102.9,0.1675,,,,0.057499999999999996,0.0675,27.1275,38.45,0.7875,253.5375,0.0,0.0,46.9775,748.905,
2023-02-24 17:00:00,19.52,70.1375,27.1875,41.6725,68.8625,10.8625,24.237499999999997,0.325,84.92750000000001,0.1925,,,,0.065,0.07500000000000001,24.5575,49.5425,0.3675,175.9,0.0,0.0,11.415,749.0625,
2023-02-24 18:00:00,24.48,81.42750000000001,49.4025,75.72749999999999,125.1325,11.21,26.2525,0.39,57.735,0.2375,,,,0.0775,0.095,21.31,64.77,0.35,194.10999999999999,0.0,0.0,,749.285,
2023-02-24 19:00:00,25.28,86.6275,49.725,76.2225,125.95,12.032499999999999,26.5775,0.4825,42.25,0.295,,,,0.0975,0.115,19.1225,73.775,0.2925,181.8025,0.0,0.0,,749.5875,
2023-02-24 20:00:00,28.72,92.9525,52.370000000000005,80.275,132.6475,12.83,26.435,0.5725,31.805,0.345,,,,0.11499999999999999,0.14,17.04,83.25999999999999,0.2,150.5,0.0,0.0,,749.965,
2023-02-24 21:00:00,27.72,92.8925,52.8275,80.97749999999999,133.8075,13.385,25.6525,0.645,35.63,0.385,,,,0.13,0.155,15.8825,84.6825,0.325,207.675,0.0,0.0,,750.0,
2023-02-24 22:00:00,36.76,109.94749999999999,55.5225,85.1075,140.6275,13.9075,24.7675,0.6575,33.22,0.4,,,,0.1325,0.16,14.54,88.96,0.1625,184.9625,0.0,0.0,,750.0,
2023-02-24 23:00:00,41.32,108.04249999999999,53.385,81.8275,135.21249999999998,13.5625,24.9375,0.635,35.1675,0.38,,,,0.1275,0.1525,13.6675,94.67,0.235,203.5975,0.0,0.0,,750.0,
2023-02-25 00:00:00,41.52,99.84,46.535,71.33500000000001,117.875,13.9025,24.2875,0.5874999999999999,37.56,0.3525,,,,0.12,0.14,13.2725,96.7975,0.2375,225.4975,0.0,0.0,,750.0,
2023-02-25 01:00:00,44.64,105.0775,37.99,58.2275,96.2175,14.2025,22.57,0.56,35.58,0.34,,,,0.1125,0.1375,13.2575,98.0075,0.2175,207.8375,0.0,0.0,,750.0,
2023-02-25 02:00:00,48.24,115.8875,36.935,56.615,93.55,13.005,21.7525,0.53,46.0425,0.32,,,,0.1,0.13,13.4775,98.4925,0.175,187.23,0.0,0.0,,749.955,
2023-02-25 03:00:00,50.72,111.435,27.6725,42.417500000000004,70.09,12.735,21.09,0.52,31.685000000000002,0.315,,,,0.1,0.125,13.43,98.555,0.13,163.5175,0.0,0.0,,749.8675000000001,
2023-02-25 04:00:00,48.715,124.80499999999999,26.8925,41.2225,68.11,11.9625,19.630000000000003,0.505,25.9375,0.305,,,,0.1,0.12,13.095,99.3475,0.3525,206.14499999999998,0.0,0.0,,749.9975,
2023-02-25 05:00:00,50.88,111.03999999999999,30.615,46.93,77.545,12.89,18.8475,0.5175000000000001,31.604999999999997,0.315,,,,0.1,0.125,12.81,99.2675,0.335,239.89749999999998,0.0,0.0,,750.0,
2023-02-25 06:00:00,52.12,117.4025,30.4075,46.61,77.015,12.657499999999999,18.377499999999998,0.5175000000000001,23.545,0.3125,,,,0.1,0.125,12.3425,99.4125,0.215,215.1225,0.0,0.0,1.76,750.0,
2023-02-25 07:00:00,53.36,108.025,27.622500000000002,42.3425,69.965,12.435,19.18,0.555,11.81,0.33,,,,0.1125,0.135,12.835,99.91,0.04,44.3975,0.0,0.0,17.445,750.0,
2023-02-25 08:00:00,50.44,116.11999999999999,40.38,61.897499999999994,102.2775,12.2575,18.7375,0.65,18.019999999999996,0.39,,,,0.1275,0.1575,15.4825,98.38499999999999,0.1725,110.6675,0.0,0.0,26.2525,750.0,
2023-02-25 09:00:00,58.88,134.9175,45.3,69.435,114.7375,14.877500000000001,21.715,0.7424999999999999,68.9375,0.4425,,,,0.1475,0.1775,20.5375,69.6175,0.3175,189.6725,0.0,0.0,39.3,750.0,
2023-02-25 10:00:00,63.8,173.4975,44.215,67.7725,111.9875,14.58,24.205,0.685,101.63,0.4125,,,,0.1375,0.1675,27.955,47.355000000000004,0.4325,151.495,0.0,0.0,275.98,750.0,
2023-02-25 11:00:00,51.28,149.21249999999998,42.3775,64.9575,107.33500000000001,19.29,26.697499999999998,0.76,146.0725,0.4575,,,,0.1525,0.1825,31.355,37.31,0.58,221.86,0.0,0.0,326.47,750.0,
2023-02-25 12:00:00,60.96,198.74,29.467499999999998,45.167500000000004,74.6375,15.4975,30.7425,0.5875,164.57999999999998,0.35,,,,0.11750000000000001,0.1375,32.5025,28.395,0.6025,209.45499999999998,0.0,0.0,301.4175,750.0,
2023-02-25 13:00:00,42.84,144.39499999999998,15.52,23.7875,39.305,12.635,33.47,0.4175,157.3775,0.25,,,,0.085,0.1,33.33,25.815,0.735,260.1475,0.0,0.0,267.26,750.0,
2023-02-25 14:00:00,36.32,112.77499999999999,10.025,15.3675,25.39,11.059999999999999,32.3475,0.3225,140.0075,0.1975,,,,0.065,0.07500000000000001,33.197500000000005,27.445,0.755,222.07,0.0,0.0,198.0525,750.0,
2023-02-25 15:00:00,32.48,83.7925,9.805,15.0325,24.84,10.0525,29.1375,0.2975,119.7225,0.175,,,,0.06,0.07,32.8975,30.155,0.5875,224.9575,0.0,0.0,141.6775,750.0,
2023-02-25 16:00:00,23.56,77.4725,10.2325,15.684999999999999,25.9125,9.605,28.205,0.2875,115.88,0.17250000000000001,,,,0.06,0.07,29.752499999999998,36.6725,0.4125,192.105,0.0,0.0,46.8075,749.9925000000001,
2023-02-25 17:00:00,27.6,87.9825,10.36,15.8825,26.2425,10.370000000000001,25.435000000000002,0.3,95.1,0.18,,,,0.06,0.07,25.055,52.525,0.24,160.8175,0.0,0.0,6.4675,749.995,
2023-02-25 18:00:00,24.08,80.36,11.335,17.375,28.71,10.9125,26.235,0.385,79.2675,0.2325,,,,0.0775,0.095,20.475,65.1525,0.045,76.0825,0.0,0.0,,750.0,
2023-02-25 19:00:00,30.92,91.09,12.372499999999999,18.9675,31.34,12.37,26.07,0.585,50.3875,0.355,,,,0.11499999999999999,0.14,17.83,78.42,0.0675,119.4575,0.0,0.0,,750.0,
2023-02-25 20:00:00,41.08,130.6725,8.2775,12.6875,20.965,13.5275,25.61,0.7675000000000001,27.05,0.4575,,,,0.155,0.185,16.7975,88.0175,0.11,122.7375,0.0,0.0,,750.0,
2023-02-25 21:00:00,43.44,133.6825,15.739999999999998,24.122500000000002,39.86,15.735,25.025,1.11,8.1625,0.6675,,,,0.22,0.2675,16.1675,91.3925,0.095,163.5925,0.0,0.0,,750.0,
2023-02-25 22:00:00,59.56,169.67000000000002,22.939999999999998,35.165,58.1075,18.42,24.2725,1.2999999999999998,,0.7775,,,,0.2575,0.3125,15.5425,95.20750000000001,0.05500000000000001,115.175,0.0,0.0,,750.0,
2023-02-25 23:00:00,80.52,218.885,25.4925,39.08,64.57249999999999,16.04,24.259999999999998,1.24,0.56,0.7475,,,,0.25,0.3,14.82,97.0875,0.04,84.63499999999999,0.0,0.0,,750.0,
2023-02-26 00:00:00,77.08,187.9725,19.985,30.63,50.615,15.44,23.7125,1.165,2.29,0.7,,,,0.23249999999999998,0.2825,14.14,98.0275,0.1625,239.06,0.0,0.0,,750.0,
2023-02-26 01:00:00,84.96,187.93,12.015,18.4175,30.4375,14.27,22.5925,1.135,1.1166666666666667,0.6849999999999999,,,,0.2275,0.275,14.03,98.7575,0.1675,231.155,0.0,0.0,,750.0,
2023-02-26 02:00:00,78.56,184.4025,11.19,17.15,28.34,12.9125,21.6075,0.9575,1.6025,0.5725,,,,0.19,0.2275,13.7175,99.27,0.0675,88.525,0.0,0.0,,750.0,
2023-02-26 03:00:00,68.56,141.51,6.275,9.6175,15.8925,11.6325,21.165,0.7,13.502500000000001,0.42,,,,0.14,0.16999999999999998,13.0,99.6325,0.16499999999999998,180.8025,0.0,0.0,,750.0,
2023-02-26 04:00:00,49.0,120.645,5.6175,8.61,14.225,11.575,20.134999999999998,0.7275,11.260000000000002,0.435,,,,0.14500000000000002,0.175,12.9525,99.9725,0.12,164.965,0.0,0.0,,750.0,
2023-02-26 05:00:00,50.92,113.94,3.186666666666667,4.886666666666667,6.0525,12.1,19.2925,0.865,,0.5075000000000001,,,,0.17,0.20500000000000002,12.905000000000001,100.0,0.1275,189.69,0.0,0.0,,750.0,
2023-02-26 06:00:00,50.96,126.22749999999999,0.05,0.07,0.03,11.7175,18.865,0.8625,,0.515,,,,0.17250000000000001,0.20500000000000002,12.675,100.0,0.1375,176.9025,0.0,0.0,1.4749999999999999,750.0,
2023-02-26 07:00:00,52.2,122.855,,,0.0,13.77,19.4875,0.9575,,0.575,,,,0.19,0.23,13.475,100.0,0.1375,199.7925,0.0,0.0,18.2975,750.0,
2023-02-26 08:00:00,62.08,141.22,1.0999999999999999,1.68,1.3900000000000001,15.75,19.4775,1.0425,0.18,0.625,,,,0.20750000000000002,0.2525,16.7025,100.0,0.15,132.9875,0.0,0.0,30.14,750.0,
2023-02-26 09:00:00,68.72,164.90249999999997,7.705,11.809999999999999,19.509999999999998,17.974999999999998,20.59,0.9225,54.6275,0.55,,,,0.1825,0.2175,20.7625,77.985,0.315,137.815,0.0,0.0,51.9375,750.0,
2023-02-26 10:00:00,80.88,220.4875,4.366666666666666,6.6933333333333325,8.295,13.22,23.509999999999998,0.6074999999999999,96.425,0.365,,,,0.1225,0.14500000000000002,28.765,41.6375,0.3475,166.5775,0.0,0.0,250.125,750.0,
2023-02-26 11:00:00,48.12,155.14,0.16999999999999998,0.2575,0.4275,11.3225,26.34,0.43,102.6275,0.2575,,,,0.08499999999999999,0.10250000000000001,31.785,33.644999999999996,0.535,164.39249999999998,0.0,0.0,319.1625,750.0,
2023-02-26 12:00:00,33.88,102.3625,0.3625,0.5575,0.9199999999999999,10.635000000000002,29.995,0.3725,113.38,0.22,,,,0.07250000000000001,0.0875,32.2925,32.832499999999996,0.63,161.72500000000002,0.0,0.0,299.9175,750.0,
2023-02-26 13:00:00,32.8,95.3075,0.14500000000000002,0.225,0.185,10.6325,32.18,0.375,124.0875,0.22,,,,0.07,0.09,33.0575,31.5075,0.6775,189.64,0.0,0.0,252.5325,750.0,
2023-02-26 14:00:00,31.32,93.48,20.073333333333334,30.77,38.1325,10.835,34.287499999999994,0.3875,145.9625,0.2275,,,,0.0775,0.09,33.575,30.807499999999997,0.615,206.3,0.0,0.0,194.63,750.0,
2023-02-26 15:00:00,29.72,96.8925,19.185000000000002,29.4075,48.5925,10.725000000000001,31.3125,0.4,96.555,0.24,,,,0.08,0.1,33.19,31.16,0.42,195.5275,0.0,0.0,130.095,750.0,
2023-02-26 16:00:00,33.64,113.97999999999999,23.9575,36.725,60.682500000000005,10.555,28.3425,0.3875,147.715,0.23249999999999998,,,,0.07500000000000001,0.095,30.2125,37.9225,0.32,194.025,0.0,0.0,47.845,750.0,
2023-02-26 17:00:00,34.88,108.75750000000001,21.12,32.3725,53.49,10.0875,23.4075,0.34750000000000003,110.8925,0.20750000000000002,,,,0.07,0.0825,25.8925,50.6475,0.37,194.965,0.0,0.0,7.45,750.0,
2023-02-26 18:00:00,30.6,115.3675,16.45,25.215,41.6675,10.655,22.0325,0.385,84.6425,0.23,,,,0.0775,0.0925,21.61,66.005,0.1225,148.87,0.0,0.0,,750.0,
2023-02-26 19:00:00,31.4,102.235,25.8975,39.6975,65.5975,12.585,23.14,0.64,55.292500000000004,0.385,,,,0.125,0.155,18.5175,78.28,0.07,123.36,0.0,0.0,,750.0,
2023-02-26 20:00:00,45.04,133.52249999999998,24.060000000000002,36.879999999999995,60.94,13.5425,23.5175,0.7975,30.4975,0.4775,,,,0.16,0.1925,17.46,86.9725,0.04,82.3875,0.0,0.0,,750.0,
2023-02-26 21:00:00,47.08,136.43,24.8825,38.14,63.0225,14.09,23.5675,0.9750000000000001,16.335,0.585,,,,0.1975,0.23249999999999998,16.6125,91.26,0.0125,26.9075,0.0,0.0,,750.0,
2023-02-26 22:00:00,55.76,148.9975,28.3075,43.3925,71.6975,14.1225,23.15,0.9375,13.4275,0.56,,,,0.1875,0.225,15.845,93.5475,0.07750000000000001,121.5125,0.0,0.0,,750.0,
2023-02-26 23:00:00,59.44,146.865,35.5825,54.545,90.1275,12.71,23.3275,0.8325,6.0600000000000005,0.4975,,,,0.165,0.2,15.6475,96.2775,0.0575,122.9525,0.0,0.0,,750.0,
2023-02-27 00:00:00,57.52,140.8,34.7325,53.24,87.9725,11.495,23.3825,0.73,20.66,0.4375,,,,0.14500000000000002,0.175,15.6225,97.44,0.175,190.8425,0.0,0.0,,750.0,
2023-02-27 01:00:00,56.08,125.595,24.365,37.35,61.7175,11.425,23.16,0.68,21.505000000000003,0.41,,,,0.1375,0.1625,15.2475,97.39500000000001,0.06999999999999999,130.86333333333332,0.0,0.0,,750.0,
2023-02-27 02:00:00,60.68,123.77,26.384999999999998,40.447500000000005,66.83500000000001,12.54,22.815,0.7324999999999999,9.285,0.4425,,,,0.14250000000000002,0.175,14.7475,98.25999999999999,0.08333333333333333,131.20333333333335,0.0,0.0,,750.0,
2023-02-27 03:00:00,61.5825,133.9975,27.395,41.9925,69.3875,13.1775,22.555,0.7424999999999999,2.3674999999999997,0.4425,,,,0.1475,0.1775,14.375,98.92,0.14250000000000002,183.8725,0.0,0.0,,750.0,
2023-02-27 04:00:00,54.24,120.38749999999999,30.12,46.17,76.29,12.6675,22.162499999999998,0.7224999999999999,9.254999999999999,0.43,,,,0.14250000000000002,0.17250000000000001,14.2025,99.71,0.2,233.4,0.0,0.0,,750.0,
2023-02-27 05:00:00,48.92,122.30000000000001,26.6725,40.89,67.5625,11.7025,21.5625,0.71,,0.4275,,,,0.14,0.17,14.2625,99.9975,0.07,140.4825,0.0,0.0,,750.0,
2023-02-27 06:00:00,51.72,105.505,23.2425,35.629999999999995,58.875,11.83,21.225,0.7875,,0.47,,,,0.1575,0.19,13.8375,100.0,0.0775,120.70750000000001,0.0,0.0,4.615,750.0,
2023-02-27 07:00:00,49.28,108.86,17.9025,27.44,45.3425,13.522499999999999,21.285,0.9325,,0.5575,,,,0.185,0.2225,15.3375,100.0,0.1125,149.95999999999998,0.0,0.0,27.2575,750.0,
2023-02-27 08:00:00,61.44,139.1925,17.7475,27.2025,44.95,14.28,21.97,1.015,0.2,0.61,,,,0.2025,0.2425,18.6325,100.0,0.14500000000000002,193.04250000000002,0.0,0.0,59.25,750.0,
2023-02-27 09:00:00,57.24,141.21,37.1375,56.927499999999995,94.0625,18.9325,25.07,1.0675,42.8925,0.64,,,,0.2125,0.255,23.2625,77.0825,0.1875,116.235,0.0,0.0,80.58500000000001,750.0,
2023-02-27 10:00:00,75.16,230.33999999999997,36.975,56.675,93.65,17.96,29.4925,0.91,98.5975,0.545,,,,0.18,0.22,28.9125,49.95,0.4275,177.385,0.0,0.0,216.0925,750.0,
2023-02-27 11:00:00,62.88,186.275,33.4525,51.275,84.725,16.7225,34.2675,0.745,137.425,0.4425,,,,0.1475,0.175,31.315,41.81,0.5800000000000001,239.54,0.0,0.0,278.9625,750.0,
2023-02-27 12:00:00,50.64,170.41750000000002,30.467499999999998,46.7,77.17,14.335,33.075,0.65,176.265,0.3875,,,,0.13,0.155,32.325,37.695,0.5775,186.375,0.0,0.0,263.96,750.0,
2023-02-27 13:00:00,46.32,147.35250000000002,23.415,35.8925,59.31,12.3575,30.85,0.515,164.185,0.31,,,,0.105,0.1225,33.4175,34.4275,0.6725,246.28,0.0,0.0,249.48250000000002,750.0,
2023-02-27 14:00:00,40.48,131.5775,20.3425,31.18,51.525,10.69,30.905,0.4075,147.6925,0.2425,,,,0.0825,0.095,33.64,34.0525,0.72,235.0025,0.0,0.0,192.5525,750.0,
2023-02-27 15:00:00,34.68,110.44,14.9025,22.8425,37.745000000000005,10.2975,30.8125,0.37,129.12,0.2225,,,,0.07250000000000001,0.09,33.425,35.207499999999996,0.5275,216.39000000000001,0.0,0.0,129.6325,750.0,
2023-02-27 16:00:00,34.72,93.3525,21.2625,32.59,53.849999999999994,10.0775,28.745,0.375,118.63,0.22,,,,0.07,0.0875,30.8525,43.04,0.2975,188.81,0.0,0.0,47.235,750.0,
2023-02-27 17:00:00,34.84,103.83500000000001,27.7375,42.52,70.255,9.8875,25.03,0.3775,104.3875,0.225,,,,0.07250000000000001,0.09,25.8275,59.9075,0.165,174.915,0.0,0.0,8.1675,750.0,
2023-02-27 18:00:00,37.6,110.05,24.7625,37.955,62.72,10.59,24.1075,0.45,78.83,0.27,,,,0.09,0.1075,21.79,77.0175,0.04,61.120000000000005,0.0,0.0,,750.0,
2023-02-27 19:00:00,40.0,102.895,27.6375,42.3625,70.0,11.0125,25.74,0.605,50.55,0.3675,,,,0.1225,0.1475,19.9725,89.2,0.14250000000000002,217.2425,0.0,0.0,,750.0,
2023-02-27 20:00:00,48.36,135.945,27.965,42.865,70.8275,11.385,25.7775,0.775,28.302500000000002,0.4675,,,,0.155,0.185,19.3,94.145,0.0475,63.5175,0.0,0.0,,750.0,
2023-02-27 21:00:00,57.04,138.895,28.7775,44.11,72.89,12.135,25.5575,0.9025000000000001,16.997500000000002,0.54,,,,0.1775,0.2175,18.79,96.1325,0.1025,169.445,0.0,0.0,,750.0,
2023-02-27 22:00:00,60.36,147.095,30.415,46.625,77.0375,11.9525,25.4825,0.955,14.1775,0.5700000000000001,,,,0.19,0.225,18.145,97.6575,0.1125,157.0375,0.0,0.0,,750.0,
2023-02-27 23:00:00,62.4,139.575,27.42,42.0325,69.4525,11.0,25.4075,0.8225,12.225000000000001,0.495,,,,0.1625,0.195,17.5475,98.5575,0.1225,201.2025,0.0,0.0,,750.0,
2023-02-28 00:00:00,56.04,120.855,24.6575,37.792500000000004,62.45,10.299999999999999,25.1725,0.725,3.3649999999999998,0.4325,,,,0.14250000000000002,0.17250000000000001,17.2975,99.27,0.155,259.025,0.0,0.0,,750.0,
2023-02-28 01:00:00,47.44,111.465,25.195,38.6225,63.817499999999995,10.39,24.9375,0.87,1.7366666666666666,0.525,,,,0.175,0.21,16.9625,99.735,0.0875,128.4775,0.0,0.0,,750.0,
2023-02-28 02:00:00,62.36,141.5825,28.9575,44.3925,73.35,11.185,24.619999999999997,0.9975,1.9466666666666665,0.5974999999999999,,,,0.1975,0.24,16.505000000000003,99.97749999999999,0.115,142.735,0.0,0.0,,750.0,
2023-02-28 03:00:00,65.84,139.16500000000002,29.13,44.6525,73.7825,11.845,24.3575,1.0125,9.0875,0.61,,,,0.2,0.2425,16.15,100.0,0.185,214.3875,0.0,0.0,,750.0,
2023-02-28 04:00:00,66.68,141.905,33.45,51.2775,84.73,13.45,23.63,1.1075,2.67,0.6675,,,,0.2225,0.2675,16.0075,100.0,0.185,213.8475,0.0,0.0,,750.0,
2023-02-28 05:00:00,61.48,136.8275,24.955,38.2525,63.205,18.075,24.052500000000002,1.6075,,0.9675,,,,0.32,0.3875,15.905000000000001,100.0,0.1575,192.475,0.0,0.0,,750.0,
2023-02-28 06:00:00,71.12,155.3125,10.407499999999999,15.95,26.357499999999998,20.875,23.1725,1.9899999999999998,,1.1925,,,,0.3975,0.475,15.8425,100.0,0.1,109.9625,0.0,0.0,1.8250000000000002,750.0,
2023-02-28 07:00:00,80.56,180.92499999999998,1.5750000000000002,2.4099999999999997,1.99,20.83,24.3625,2.175,,1.3075,,,,0.435,0.5225,16.66,100.0,0.21,149.8375,0.0,0.0,20.15,750.0,
2023-02-28 08:00:00,79.32,175.7475,21.775,33.3725,55.147499999999994,24.1,24.689999999999998,1.8325,6.1049999999999995,1.0925,,,,0.3625,0.435,18.9425,100.0,0.255,221.36,0.0,0.0,34.965,750.0,
2023-02-28 09:00:00,77.8,190.9625,54.7025,83.8475,138.5525,26.3525,28.7775,1.2125,50.48,0.7275,,,,0.24250000000000002,0.29000000000000004,22.6625,81.4725,0.51,224.8125,0.0,0.0,74.335,750.0,
2023-02-28 10:00:00,79.68,233.52249999999998,35.957499999999996,55.115,91.075,16.825,31.53,0.8425,109.31,0.505,,,,0.1675,0.2,30.0225,51.042500000000004,0.6025,203.995,0.0,0.0,277.65500000000003,750.0,
2023-02-28 11:00:00,65.24,199.85,28.955,44.3825,73.3425,12.8325,30.8025,0.5825,133.9725,0.34750000000000003,,,,0.115,0.1375,32.72,41.935,0.7325,240.8225,0.0,0.0,318.9675,750.0,
2023-02-28 12:00:00,49.56,165.32999999999998,27.255,41.7775,69.0325,10.7775,32.2275,0.4225,132.445,0.2525,,,,0.085,0.1,33.8175,36.3125,0.9825,259.14750000000004,0.0125,0.0125,301.605,750.0,
2023-02-28 13:00:00,35.04,128.2875,24.8125,38.03,62.845,9.6225,31.015,0.31,115.9125,0.1875,,,,0.06,0.07250000000000001,34.7175,30.01,1.0,268.4125,0.017499999999999998,0.017499999999999998,259.32,750.0,
2023-02-28 14:00:00,27.24,98.7825,24.395,37.394999999999996,61.79,9.254999999999999,31.64,0.28500000000000003,114.595,0.17250000000000001,,,,0.06,0.07,34.4175,29.535,1.0625,258.605,0.0,0.0,201.89,750.0,
2023-02-28 15:00:00,25.8,84.49,23.7375,36.385,60.1225,8.932500000000001,29.98,0.2475,107.915,0.14750000000000002,,,,0.05,0.06,34.4475,29.0275,0.775,247.695,0.0,0.0,140.36,750.0,
2023-02-28 16:00:00,20.36,74.8575,23.62,36.205,59.8275,9.1125,29.9925,0.27,113.0875,0.165,,,,0.055,0.065,31.68,35.5075,0.61,255.86,0.0,0.0,51.02,750.0,
2023-02-28 17:00:00,25.16,81.3475,23.682499999999997,36.305,59.9875,9.372499999999999,27.2475,0.2875,95.1275,0.17250000000000001,,,,0.06,0.07,27.2125,50.83,0.2,154.4325,0.0,0.0,7.395,750.0,
2023-02-28 18:00:00,27.12,86.86500000000001,26.155,40.09,66.245,10.1225,27.025,0.35750000000000004,72.4975,0.21250000000000002,,,,0.07250000000000001,0.08499999999999999,22.5275,69.5375,0.07250000000000001,96.9625,0.0,0.0,,750.0,
2023-02-28 19:00:00,28.84,100.04,30.795,47.2025,77.995,11.3925,27.3825,0.53,45.6875,0.32,,,,0.105,0.1275,20.08,78.22,0.09000000000000001,117.98750000000001,0.0,0.0,,750.0,
2023-02-28 20:00:00,36.56,126.81,32.945,50.4975,83.4425,13.3,26.85,0.765,24.8475,0.45749999999999996,,,,0.155,0.1825,19.0475,83.83,0.1775,219.24,0.0,0.0,,750.0,
2023-02-28 21:00:00,51.76,152.38,42.542500000000004,65.21000000000001,107.755,16.955,26.355,1.26,6.8925,0.76,,,,0.255,0.305,18.4,88.4875,0.14250000000000002,152.845,0.0,0.0,,750.0,
2023-02-28 22:00:00,65.28,191.38,40.6475,62.305,102.955,17.8175,26.175,1.2775,3.3049999999999997,0.7675000000000001,,,,0.2575,0.3075,17.895,92.085,0.08666666666666667,122.63333333333333,0.0,0.0,,750.0,
2023-02-28 23:00:00,60.2,170.9775,35.0,53.65,88.65,15.3125,25.73,1.1575,1.0466666666666666,0.695,,,,0.2325,0.2775,17.2875,95.1925,0.0625,108.0775,0.0,0.0,,750.0,
2023-03-01 00:00:00,56.88,137.33,32.8,50.2775,83.08250000000001,14.0475,25.302500000000002,1.0550000000000002,1.1275,0.635,,,,0.21,0.255,16.6625,97.0,0.037500000000000006,77.80250000000001,0.0,0.0,,750.0,
2023-03-01 01:00:00,54.04,143.29000000000002,31.284999999999997,47.957499999999996,79.2425,12.6425,25.322499999999998,0.8825,3.6,0.525,,,,0.1775,0.21250000000000002,16.0025,98.09,0.0925,114.72749999999999,0.0,0.0,,750.0,
2023-03-01 02:00:00,52.32,123.61749999999999,30.23,46.339999999999996,76.5775,11.977500000000001,25.25,0.79,4.119999999999999,0.47,,,,0.155,0.1925,15.4475,98.775,0.07,98.47,0.0,0.0,,750.0,
2023-03-01 03:00:00,52.36,117.455,28.1075,43.085,71.1925,11.2625,24.7175,0.765,7.01,0.4575,,,,0.15,0.185,15.0125,99.3475,0.1,123.94,0.0,0.0,,750.0,
2023-03-01 04:00:00,49.88,120.7025,26.7125,40.945,67.6575,10.75,24.1725,0.695,4.33,0.415,,,,0.14,0.17,14.7025,99.7775,0.0675,117.1025,0.0,0.0,,750.0,
2023-03-01 05:00:00,46.92,107.5125,25.6,39.24,64.8375,10.125,23.5225,0.7075,1.05,0.425,,,,0.14,0.17,14.455,99.9975,0.105,162.58749999999998,0.0,0.0,,750.0,
2023-03-01 06:00:00,49.24,100.0,25.525,39.125,64.65,9.7125,22.6875,0.6575,3.8466666666666662,0.395,,,,0.1325,0.1575,14.0,100.0,0.2325,204.775,0.0,0.0,2.0300000000000002,750.0,
2023-03-01 07:00:00,44.48,99.375,26.3325,40.365,66.7,9.9725,23.2575,0.6625000000000001,6.3325,0.4,,,,0.1325,0.16,14.805,100.0,0.1775,165.515,0.0,0.0,19.939999999999998,750.0,
2023-03-01 08:00:00,43.76,95.66749999999999,34.785,53.32,88.105,13.12,23.8075,0.91,11.280000000000001,0.5475,,,,0.1825,0.22,18.189999999999998,99.99,0.1775,177.0475,0.0,0.0,32.6175,750.0,
2023-03-01 09:00:00,50.8,145.02,39.8775,61.13,101.005,17.66,28.84,1.055,84.4,0.625,,,,0.2125,0.25,24.3175,65.34,0.315,214.8225,0.0,0.0,78.3675,750.0,
2023-03-01 10:00:00,76.6425,226.685,33.5225,51.9075,85.77,14.985,31.225,0.75,122.78750000000001,0.4475,,,,0.14750000000000002,0.1775,31.197499999999998,38.065,0.5825,239.29250000000002,0.0,0.0,278.7125,750.0,
2023-03-01 11:00:00,50.92,157.57500000000002,30.15,46.215,76.3675,11.3575,31.1825,0.435,106.1125,0.2625,,,,0.0875,0.105,33.15,35.3625,0.8125,229.035,0.0,0.0,311.485,750.0,
2023-03-01 12:00:00,34.44,106.66499999999999,25.997500000000002,39.8525,65.85249999999999,10.0725,30.935,0.33,84.7925,0.2,,,,0.07,0.08,34.2675,31.475,0.8075,236.2125,0.0,0.0,302.7525,750.0,
2023-03-01 13:00:00,28.48,92.4975,22.615000000000002,34.6625,57.28,8.9575,33.1975,0.28,100.29,0.17,,,,0.057499999999999996,0.0675,34.6375,29.025,0.955,238.255,0.0,0.0,260.22749999999996,750.0,
2023-03-01 14:00:00,22.44,85.675,20.5375,31.4825,52.0175,8.4175,29.932499999999997,0.1975,90.755,0.12,,,,0.04,0.045,34.425,26.705,0.8625,236.865,0.0,0.0,204.255,750.0,
2023-03-01 15:00:00,19.32,83.8775,23.7025,36.335,60.037499999999994,9.835,31.157500000000002,0.2925,94.705,0.175,,,,0.0575,0.0725,34.065,29.47,0.715,223.3675,0.0,0.0,139.45499999999998,750.0,
2023-03-01 16:00:00,21.92,68.25750000000001,24.785,37.995,62.78,9.7925,29.47,0.3025,93.785,0.1825,,,,0.060000000000000005,0.0725,31.5975,33.865,0.475,239.91,0.0,0.0,53.185,750.0,
2023-03-01 17:00:00,35.04,106.9075,24.73,37.9075,62.64,8.942499999999999,23.9425,0.2675,69.1175,0.16,,,,0.052500000000000005,0.0625,26.335,52.73,0.28,176.465,0.0,0.0,6.9025,750.0,
2023-03-01 18:00:00,26.68,79.605,27.72,42.49,70.205,9.8625,22.4725,0.35250000000000004,55.0175,0.2125,,,,0.07,0.0825,22.1975,70.0325,0.1375,144.155,0.0,0.0,,750.0,
2023-03-01 19:00:00,27.72,85.2325,29.93,45.875,75.80250000000001,11.125,23.53,0.5175000000000001,42.365,0.315,,,,0.1025,0.125,20.235,76.33500000000001,0.2125,177.74,0.0,0.0,,750.0,
2023-03-01 20:00:00,31.8,106.155,33.1725,50.847500000000004,84.0175,12.709999999999999,25.0975,0.7,43.9725,0.42,,,,0.14,0.1675,19.36,78.3825,0.1925,200.255,0.0,0.0,,750.0,
2023-03-01 21:00:00,46.84,127.11500000000001,35.6175,54.6,90.2225,14.05,25.025,1.2375,29.195,0.7475,,,,0.25,0.2975,18.41,82.4225,0.2325,193.8525,0.0,0.0,,750.0,
2023-03-01 22:00:00,69.76,164.6125,32.61,49.9825,82.5925,14.0225,24.995,0.9750000000000001,27.060000000000002,0.5825,,,,0.1925,0.235,17.7875,84.6275,0.1775,183.8475,0.0,0.0,,750.0,
2023-03-01 23:00:00,45.12,131.925,36.575,56.06,92.63499999999999,13.79,25.015,0.84,26.49,0.5025,,,,0.165,0.2,17.0875,86.7375,0.2475,216.09,0.0,0.0,,750.0,
2023-03-02 00:00:00,47.76,131.8875,32.0775,49.175,81.2525,13.2375,26.03,0.705,25.4275,0.4175,,,,0.14,0.17,16.77,89.03,0.2575,217.665,0.0,0.0,,750.0,
2023-03-02 01:00:00,42.56,123.285,32.115,49.230000000000004,81.345,12.715,24.97,0.625,23.5325,0.38,,,,0.1275,0.14750000000000002,16.725,91.8225,0.2825,212.095,0.0,0.0,,750.0,
2023-03-02 02:00:00,42.24,100.11250000000001,28.5125,43.71,72.225,11.885,25.07,0.5425,28.4075,0.325,,,,0.1075,0.13,16.43,92.225,0.26,221.6525,0.0,0.0,,750.0,
2023-03-02 03:00:00,44.92,103.7925,28.155,43.155,71.3075,11.6975,25.2075,0.515,25.009999999999998,0.315,,,,0.1,0.1225,16.3375,92.52000000000001,0.3075,207.01,0.0,0.0,,750.0,
2023-03-02 04:00:00,45.72,113.5575,33.83,51.8525,85.6825,11.622499999999999,23.245,0.505,23.675,0.305,,,,0.1,0.12,16.509999999999998,90.165,0.235,176.12,0.0,0.0,,750.0,
2023-03-02 05:00:00,49.76,125.19,29.497500000000002,45.2125,74.7075,11.435,24.002499999999998,0.4675,20.3975,0.28500000000000003,,,,0.0925,0.1125,15.997499999999999,90.67500000000001,0.3175,197.2725,0.0,0.0,,750.0,
2023-03-02 06:00:00,45.32,101.525,29.9325,45.88,75.8125,11.7075,23.689999999999998,0.4775,16.4275,0.29,,,,0.1,0.11499999999999999,15.99,89.72999999999999,0.405,204.335,0.0,0.0,1.7149999999999999,750.0,
2023-03-02 07:00:00,45.24,111.6575,31.215,47.8525,79.065,11.835,22.560000000000002,0.515,15.7925,0.31,,,,0.10250000000000001,0.125,17.2175,84.4675,0.4125,210.0575,0.0,0.0,18.5825,750.0,
2023-03-02 08:00:00,45.04,125.8125,28.335,43.4325,71.765,12.4675,13.42,0.56,29.3825,0.34,,,,0.11,0.1375,20.7775,68.135,0.505,229.53,0.0,0.0,25.7125,750.0,
2023-03-02 09:00:00,49.88,145.225,28.7875,44.1225,72.9075,11.76,16.665,0.495,49.205,0.2975,,,,0.0975,0.1175,24.4375,53.89,0.8225,267.97249999999997,0.0,0.0,72.77000000000001,750.0,
2023-03-02 10:00:00,40.24,118.145,24.9825,38.295,63.2825,10.280000000000001,23.2,0.39,73.685,0.2375,,,,0.0775,0.095,30.3075,39.415,0.9375,265.9575,0.0,0.0,317.2475,750.0,
2023-03-02 11:00:00,33.08,97.1175,21.2275,32.5375,53.77,9.6,25.665,0.28500000000000003,72.2225,0.17,,,,0.055,0.065,33.655,32.4525,0.78,253.88500000000002,0.0,0.0,334.1325,750.0,
2023-03-02 12:00:00,24.6,76.5875,20.9275,32.0775,53.0075,9.272499999999999,28.5075,0.2475,78.215,0.15,,,,0.05,0.06,34.855,30.745,0.96,262.86,0.0,0.0,311.92,750.0,
2023-03-02 13:00:00,18.8,73.0125,18.1975,27.895,46.09,8.415,29.02,0.21,87.1375,0.13,,,,0.04,0.05,35.7225,28.005,0.9624999999999999,250.22750000000002,0.0,0.0,271.705,750.0,
2023-03-02 14:00:00,21.68,66.8825,18.17,27.8525,46.0175,8.135,28.83,0.16,78.7525,0.1,,,,0.0325,0.04,35.64,25.4125,0.9324999999999999,246.8975,0.0,0.0,211.35,750.0,
2023-03-02 15:00:00,12.16,69.495,17.0675,26.1625,43.2275,7.965,28.925,0.1775,84.8475,0.1075,,,,0.0375,0.04,34.739999999999995,27.142500000000002,1.0375,266.2925,0.0,0.0,146.33249999999998,750.0,
2023-03-02 16:00:00,11.56,73.36,17.9575,27.5275,45.487500000000004,8.36,28.7625,0.1825,82.9625,0.11,,,,0.0375,0.04,32.1875,31.1375,0.9225,275.92,0.0,0.0,58.644999999999996,750.0,
2023-03-02 17:00:00,19.0,70.145,18.425,28.24,46.660000000000004,9.2625,27.035,0.26,78.025,0.16,,,,0.0525,0.0625,28.745,42.254999999999995,0.5025,217.75,0.0,0.0,7.555,750.0,
2023-03-02 18:00:00,17.96,91.77,23.322499999999998,35.7525,59.075,10.3125,26.3375,0.325,53.8625,0.195,,,,0.0675,0.0775,24.1125,59.205,0.24,162.98250000000002,0.0,0.0,,750.0,
2023-03-02 19:00:00,22.76,86.235,22.495,34.4825,56.980000000000004,10.907499999999999,27.7175,0.4075,37.5775,0.24,,,,0.0825,0.095,21.325,70.7075,0.16,145.2975,0.0,0.0,,750.0,
2023-03-02 20:00:00,27.04,106.9225,26.58,40.745000000000005,67.325,12.16,28.0875,0.595,27.1575,0.36,,,,0.1175,0.14250000000000002,19.99,74.975,0.24000000000000002,179.585,0.0,0.0,,750.0,
2023-03-02 21:00:00,34.4,118.375,33.57,51.455,85.025,12.695,27.762500000000003,0.625,24.475,0.3775,,,,0.125,0.15,20.16,77.8475,0.2475,169.29000000000002,0.0,0.0,,750.0,
2023-03-02 22:00:00,34.24,113.66499999999999,32.61,49.9825,82.59,12.0,27.6375,0.5575,23.9,0.335,,,,0.1125,0.135,19.765,79.7825,0.22499999999999998,175.385,0.0,0.0,,750.0,
2023-03-02 23:00:00,30.2,106.075,31.81,48.7625,80.575,11.8525,27.3925,0.53,26.595,0.3175,,,,0.10250000000000001,0.13,18.9725,82.01,0.235,173.1475,0.0,0.0,,750.0,
2023-03-03 00:00:00,35.24,116.4525,30.295,46.435,76.73,11.935,28.375,0.4875,31.487499999999997,0.2925,,,,0.1,0.11499999999999999,19.3675,79.555,0.37,213.235,0.0,0.0,,750.0,
2023-03-03 01:00:00,41.6,120.9175,28.97,44.405,73.375,11.535,28.445,0.4425,43.0475,0.265,,,,0.0875,0.10500000000000001,19.875,75.86,0.535,220.35500000000002,0.0,0.0,,750.0,
2023-03-03 02:00:00,39.44,108.79249999999999,27.0275,41.43,68.455,11.3975,28.3175,0.4075,44.185,0.2475,,,,0.08,0.1,19.7425,74.9425,0.3575,221.55,0.0,0.0,,750.0,
2023-03-03 03:00:00,40.84,103.57,28.3325,43.425,71.7575,11.2425,28.6575,0.3975,42.1375,0.2375,,,,0.08,0.0975,19.3325,75.8175,0.5125,234.12750000000003,0.0,0.0,,750.0,
2023-03-03 04:00:00,39.0,106.2075,32.3575,49.595,81.9525,11.1075,28.5175,0.3875,38.6175,0.2275,,,,0.0775,0.09,19.225,75.45,0.53,239.315,0.0,0.0,,750.0,
2023-03-03 05:00:00,38.16,100.4925,30.8175,47.2325,78.0475,10.875,28.502499999999998,0.3925,36.58,0.2325,,,,0.08,0.095,18.86,77.3325,0.4325,221.34,0.0,0.0,,750.0,
2023-03-03 06:00:00,34.84,95.4725,28.924999999999997,44.332499999999996,73.2575,10.855,27.745,0.4175,33.2525,0.255,,,,0.08499999999999999,0.1,18.5025,79.1625,0.495,228.9675,0.0,0.0,1.66,750.0,
2023-03-03 07:00:00,43.88,98.05,28.8775,44.269999999999996,73.14750000000001,11.24,28.2275,0.4275,33.865,0.26,,,,0.09,0.1,20.375,68.75,0.705,272.2425,0.0,0.0,22.7425,750.0,
2023-03-03 08:00:00,38.28,108.83250000000001,36.12,55.3625,91.4825,11.6075,29.2925,0.44,40.0525,0.2625,,,,0.09,0.10250000000000001,22.64,60.595,0.86,255.33249999999998,0.0,0.0,22.3775,750.0,
2023-03-03 09:00:00,37.04,105.91499999999999,30.635,46.957499999999996,77.595,11.2925,32.11,0.3725,53.6275,0.22,,,,0.07250000000000001,0.08499999999999999,25.927500000000002,49.51,0.9550000000000001,266.815,0.0,0.0,76.6,750.0,
2023-03-03 10:00:00,27.84,96.60749999999999,26.75,40.9975,67.7475,10.0025,31.0,0.31,65.4075,0.1875,,,,0.0625,0.07250000000000001,31.275,36.24,0.9924999999999999,241.31,0.0,0.0,319.14,750.0,
2023-03-03 11:00:00,25.4,84.72749999999999,23.575,36.135,59.707499999999996,9.025,29.822499999999998,0.2575,73.5975,0.1575,,,,0.0525,0.0625,33.8,31.655,0.945,266.6675,0.0,0.0,336.885,750.0,
2023-03-03 12:00:00,23.32,79.0925,24.71,37.8725,62.5825,8.4525,28.585,0.1875,69.0325,0.1125,,,,0.04,0.04,35.145,27.2425,1.0225,240.73000000000002,0.0,0.0,318.7875,750.0,
2023-03-03 13:00:00,12.28,90.125,28.555,43.7675,72.32249999999999,8.175,29.259999999999998,0.18,79.955,0.11,,,,0.04,0.04,35.3575,26.465,1.3075,275.4875,0.0,0.0,276.0875,750.0,
2023-03-03 14:00:00,12.12,108.475,22.92,35.1325,58.055,8.21,30.735,0.175,79.44,0.10500000000000001,,,,0.035,0.04,36.035,26.1125,1.1425,271.79,0.0,0.0,214.675,750.0,
2023-03-03 15:00:00,11.4,63.894999999999996,23.145,35.4775,58.6225,8.1225,30.77,0.1675,83.35499999999999,0.1,,,,0.035,0.04,35.065,27.47,1.125,260.8675,0.0,0.0,149.9925,750.0,
2023-03-03 16:00:00,16.56,83.68,26.2925,40.3,66.59,8.2225,29.8075,0.17,81.6125,0.10250000000000001,,,,0.0325,0.04,32.55,32.167500000000004,0.8899999999999999,245.6725,0.0,0.0,60.695,750.0,
2023-03-03 17:00:00,13.44,61.9675,27.9975,42.915,70.9175,9.3175,28.2375,0.2225,77.815,0.135,,,,0.0425,0.052500000000000005,29.53,41.0075,0.8225,241.96,0.0,0.0,6.9225,750.0,
2023-03-03 18:00:00,16.96,67.6175,37.364999999999995,57.28,94.645,10.4575,29.11,0.3,60.15,0.18,,,,0.0625,0.07250000000000001,26.5975,49.9275,0.5,210.0025,0.0,0.0,,750.0,
2023-03-03 19:00:00,18.88,87.1875,37.15,56.942499999999995,94.0925,11.4025,31.74,0.4225,60.76,0.255,,,,0.0875,0.1,25.945,53.1725,0.7725,247.0025,0.0,0.0,,750.0,
2023-03-03 20:00:00,28.84,100.53750000000001,31.9325,48.9425,80.875,11.57,32.435,0.4725,52.3275,0.2875,,,,0.0975,0.1125,24.2275,60.55,0.3575,181.635,0.0,0.0,,750.0,
2023-03-03 21:00:00,27.28,106.4625,34.405,52.735,87.14,11.575,33.1125,0.505,46.655,0.3025,,,,0.1,0.12,23.02,64.815,0.4075,204.5975,0.0,0.0,,750.0,
2023-03-03 22:00:00,33.68,106.9675,30.817500000000003,47.235,78.0525,11.495,33.510000000000005,0.4675,46.4775,0.2825,,,,0.095,0.1125,23.1425,63.79,0.475,199.03750000000002,0.0,0.0,,750.0,
2023-03-03 23:00:00,30.16,97.6925,28.615,43.8625,72.4825,11.34,32.964999999999996,0.41000000000000003,46.2875,0.2425,,,,0.0825,0.095,23.064999999999998,62.120000000000005,0.5325,249.15750000000003,0.0,0.0,,750.0,
2023-03-04 00:00:00,28.0,82.435,30.8625,47.31,78.1725,11.2425,32.31,0.37,44.2675,0.22,,,,0.07,0.09,21.877499999999998,66.4675,0.35250000000000004,211.55,0.0,0.0,,750.0,
2023-03-04 01:00:00,22.92,77.5125,35.0225,53.6825,88.71000000000001,11.182500000000001,32.8825,0.39,46.17,0.23249999999999998,,,,0.0775,0.0925,21.575,67.1475,0.5325,264.6275,0.0,0.0,,750.0,
2023-03-04 02:00:00,36.68,85.41749999999999,35.5725,54.53,90.105,10.7025,32.2525,0.3725,44.255,0.22,,,,0.07,0.09,20.7825,70.38,0.3575,201.7925,0.0,0.0,,750.0,
2023-03-04 03:00:00,30.2,82.2775,32.3825,49.644999999999996,82.0325,10.8775,30.36,0.365,34.6,0.22,,,,0.07,0.09,18.4425,80.35249999999999,0.325,210.9425,0.0,0.0,,750.0,
2023-03-04 04:00:00,28.2,77.755,33.182500000000005,50.8625,84.0475,11.1275,29.325,0.36,30.71,0.22,,,,0.07,0.0875,17.67,83.75750000000001,0.2975,183.305,0.0,0.0,,750.0,
2023-03-04 05:00:00,27.68,74.985,33.2175,50.915,84.13250000000001,10.985,28.5275,0.37,26.474999999999998,0.22,,,,0.07,0.09,16.97,87.1275,0.375,212.3225,0.0,0.0,,750.0,
2023-03-04 06:00:00,30.64,72.515,33.4,51.197500000000005,84.595,10.879999999999999,27.384999999999998,0.3875,23.5125,0.2275,,,,0.07500000000000001,0.0925,16.697499999999998,88.35249999999999,0.3025,190.3825,0.0,0.0,1.7000000000000002,750.0,
2023-03-04 07:00:00,33.96,75.305,33.239999999999995,50.95,84.1925,11.195,28.4325,0.435,27.3025,0.2625,,,,0.0875,0.10500000000000001,19.0025,78.83500000000001,0.6950000000000001,258.205,0.0,0.0,20.685,750.0,
2023-03-04 08:00:00,36.6,100.6325,30.47,46.705,77.175,11.2275,30.52,0.4425,36.302499999999995,0.265,,,,0.09,0.10500000000000001,21.5975,67.11,0.7475,248.6,0.0,0.0,19.225,750.0,
2023-03-04 09:00:00,37.0325,95.17750000000001,30.884999999999998,47.339999999999996,78.22500000000001,10.975000000000001,31.384999999999998,0.3875,50.105000000000004,0.23,,,,0.0775,0.0925,24.705,53.8625,0.7575000000000001,234.7,0.0,0.0,65.2475,750.0,
2023-03-04 10:00:00,28.36,76.1125,29.564999999999998,45.32,74.8825,9.985,32.7975,0.3375,66.22749999999999,0.2025,,,,0.0675,0.0825,31.395,38.6625,0.6675,249.685,0.0,0.0,339.8625,750.0,
2023-03-04 11:00:00,32.08,81.55,34.3725,52.6875,87.055,9.34,29.145,0.2725,71.59,0.165,,,,0.055,0.065,33.415,32.975,0.895,250.0425,0.0,0.0,348.02,750.0,
2023-03-04 12:00:00,25.96,72.66499999999999,30.67,47.0075,77.675,9.04,32.394999999999996,0.2375,75.9325,0.14500000000000002,,,,0.045,0.055,34.1725,31.0925,1.1400000000000001,264.155,0.0,0.0,323.105,750.0,
2023-03-04 13:00:00,18.3875,74.2625,29.1,44.6075,73.71000000000001,8.3825,31.0325,0.1975,77.6125,0.12,,,,0.04,0.0475,34.69,29.735,1.0475,258.705,0.015,0.015,280.1075,750.0,
2023-03-04 14:00:00,12.67,49.705,29.4275,45.11,74.5375,8.3925,29.725,0.1925,79.8125,0.1125,,,,0.04,0.04,34.585,30.2425,1.135,247.3875,0.015,0.015,218.54500000000002,750.0,
2023-03-04 15:00:00,12.04,63.315,26.7025,40.9275,67.63,8.377500000000001,29.1825,0.1825,79.14750000000001,0.1125,,,,0.04,0.04,34.26,31.5425,1.025,249.1125,0.0,0.0,155.03,750.0,
2023-03-04 16:00:00,15.532499999999999,67.9375,26.4375,40.5225,66.96000000000001,8.594999999999999,27.8325,0.2,84.84,0.12,,,,0.04,0.05,31.487499999999997,38.39,1.0125,258.9275,0.0,0.0,61.7425,750.0,
2023-03-04 17:00:00,15.6,68.445,28.0125,42.942499999999995,70.95,9.22,27.497500000000002,0.215,80.4,0.1325,,,,0.04,0.05,28.58,45.644999999999996,0.92,251.975,0.0,0.0,7.225,750.0,
2023-03-04 18:00:00,16.24,84.1525,29.925,45.8675,75.7875,10.02,28.04,0.3025,69.29,0.1825,,,,0.06,0.07,26.419999999999998,53.105000000000004,0.7225,272.645,0.0,0.0,,750.0,
2023-03-04 19:00:00,18.712500000000002,98.1075,30.7625,47.155,77.91749999999999,10.625,28.6075,0.3775,48.8725,0.2275,,,,0.0775,0.0875,22.8825,67.48,0.27,180.675,0.0,0.0,,750.0,
2023-03-04 20:00:00,21.96,100.8325,32.582499999999996,49.9425,82.5275,11.22,29.195,0.47750000000000004,38.3525,0.28500000000000003,,,,0.095,0.11499999999999999,20.97,75.1525,0.33999999999999997,181.9925,0.0,0.0,,750.0,
2023-03-04 21:00:00,26.36,103.4,30.215,46.315,76.53,11.35,30.4675,0.4275,47.78,0.255,,,,0.08499999999999999,0.1,22.875,63.155,0.7225,254.1975,0.0,0.0,,750.0,
2023-03-04 22:00:00,30.5575,128.77,31.4175,48.16,79.5775,10.8,30.0475,0.3925,38.8675,0.2325,,,,0.08,0.09,21.9775,65.775,0.43000000000000005,228.84750000000003,0.0,0.0,,750.0,
2023-03-04 23:00:00,25.265,103.935,30.847499999999997,47.28,78.1275,11.0125,29.2375,0.4125,25.935,0.2475,,,,0.08499999999999999,0.1,19.0975,77.9025,0.3075,214.4525,0.0,0.0,,750.0,
2023-03-05 00:00:00,30.24,93.0925,31.2425,47.89,79.1325,11.38,29.105,0.42,19.3625,0.2525,,,,0.08499999999999999,0.1,18.7925,79.10249999999999,0.33999999999999997,204.81,0.0,0.0,,750.0,
2023-03-05 01:00:00,34.16,98.2375,30.8275,47.254999999999995,78.08,11.25,29.725,0.3825,23.145,0.2225,,,,0.07250000000000001,0.09,19.932499999999997,72.745,0.57,248.7625,0.0,0.0,,750.0,
2023-03-05 02:00:00,24.3925,89.69,29.5,45.2175,74.72,11.045,30.07,0.3875,26.8875,0.225,,,,0.07500000000000001,0.09,20.0825,72.08500000000001,0.74,273.5325,0.0,0.0,,750.0,
2023-03-05 03:00:00,33.2225,88.59,29.810000000000002,45.69,75.505,10.9025,29.9625,0.3975,26.1,0.2375,,,,0.08,0.0975,19.47,75.6375,0.6475,255.70499999999998,0.0,0.0,,750.0,
2023-03-05 04:00:00,32.64,89.4825,29.1875,44.7375,73.92,10.6975,29.33,0.3975,22.8025,0.24,,,,0.08,0.1,18.5325,80.385,0.62,259.9975,0.0,0.0,,750.0,
2023-03-05 05:00:00,33.975,78.905,28.975,44.4125,73.3875,10.5175,28.9025,0.395,24.2975,0.235,,,,0.08,0.095,18.25,81.77,0.6475,246.60999999999999,0.0,0.0,,750.0,
2023-03-05 06:00:00,26.6,68.6725,29.48,45.185,74.66,10.7625,28.015,0.4075,20.877499999999998,0.2475,,,,0.0825,0.1,18.0775,82.255,0.72,240.8975,0.0,0.0,1.825,750.0,
2023-03-05 07:00:00,31.04,83.3375,27.855,42.695,70.55,10.7325,28.4225,0.43,22.3875,0.26,,,,0.09,0.1,18.59,80.975,0.68,221.79500000000002,0.0,0.0,19.2625,750.0,
2023-03-05 08:00:00,32.2,73.96000000000001,26.93,41.28,68.21000000000001,10.605,29.9925,0.4325,31.8775,0.26,,,,0.09,0.1,20.505,75.875,0.8574999999999999,265.47,0.0,0.0,22.9225,750.0,
2023-03-05 09:00:00,35.535000000000004,74.8875,27.65,42.3875,70.035,10.620000000000001,31.265,0.4175,46.7725,0.2525,,,,0.08499999999999999,0.1,23.6325,65.48,0.8925000000000001,250.43,0.0,0.0,78.7525,750.0,
2023-03-05 10:00:00,35.72,83.1325,29.13,44.6475,73.775,10.719999999999999,32.13,0.39,59.0375,0.235,,,,0.0775,0.095,29.365000000000002,46.5325,0.9,246.8875,0.0,0.0,334.695,750.0,
2023-03-05 11:00:00,31.16,86.4025,28.2125,43.245000000000005,71.4575,10.195,31.3175,0.3375,75.9675,0.2,,,,0.0675,0.08,32.6175,37.1625,0.8075,228.26999999999998,0.0,0.0,330.675,750.0,
2023-03-05 12:00:00,25.24,64.3075,26.32,40.345,66.66499999999999,9.99,31.917500000000004,0.33,92.755,0.2,,,,0.0675,0.08,33.3825,36.5275,1.07,261.445,0.0,0.0,306.985,750.0,
2023-03-05 13:00:00,23.24,69.1325,32.74,50.182500000000005,82.91749999999999,12.6425,34.43,0.425,83.5775,0.2525,,,,0.08499999999999999,0.1,33.5425,34.46,1.155,254.8475,0.0,0.0,261.635,750.0,
2023-03-05 14:00:00,37.36,83.495,33.705,51.665,85.3725,12.5875,34.63,0.3975,84.4225,0.2425,,,,0.08,0.095,33.64,33.095,0.995,242.42000000000002,0.0,0.0,209.18,750.0,
2023-03-05 15:00:00,39.8,110.08,30.66,46.9975,77.6575,11.8875,34.5125,0.3775,99.5625,0.2275,,,,0.0775,0.09,32.815,35.1725,1.085,257.4375,0.0,0.0,141.2175,750.0,
2023-03-05 16:00:00,28.36,106.9075,26.4825,40.5925,67.07,9.68,31.875,0.27249999999999996,96.515,0.1675,,,,0.055,0.065,30.705,40.2375,0.845,262.6875,0.0175,0.0175,53.8775,750.0,
2023-03-05 17:00:00,30.48,81.1825,26.21,40.177499999999995,66.3875,9.49,24.237499999999997,0.255,62.9525,0.155,,,,0.05,0.06,28.1225,45.1,0.72,227.0775,0.0025,0.0025,8.615,750.0,
2023-03-05 18:00:00,19.12,72.48750000000001,29.735,45.5775,75.315,10.17,25.3825,0.295,45.307500000000005,0.17500000000000002,,,,0.06,0.07,24.875,57.1875,0.3325,186.675,0.0,0.0,,750.0,
2023-03-05 19:00:00,20.885,72.0075,30.535,46.805,77.345,10.594999999999999,27.0975,0.37,35.17,0.2225,,,,0.0775,0.0875,22.869999999999997,63.31,0.3375,191.6975,0.0,0.0,,750.0,
2023-03-05 20:00:00,23.47,74.1925,29.715,45.55,75.2625,11.4925,27.3675,0.4475,31.855,0.2675,,,,0.09,0.10500000000000001,21.665,69.9025,0.2575,189.65,0.0,0.0,,750.0,
2023-03-05 21:00:00,23.64,73.53,31.61,48.4525,80.065,11.6675,27.425,0.475,27.2025,0.29,,,,0.0975,0.1125,20.395,75.6275,0.21,193.425,0.0,0.0,,750.0,
2023-03-05 22:00:00,26.8,72.1725,32.2125,49.3775,81.595,11.9275,27.62,0.5075000000000001,22.997500000000002,0.3075,,,,0.1,0.12,18.7975,81.7375,0.14250000000000002,166.9775,0.0,0.0,,750.0,
2023-03-05 23:00:00,30.212500000000002,80.37,30.2625,46.3875,76.6525,11.8575,26.9925,0.4925,20.04,0.295,,,,0.1,0.1175,18.1025,84.18,0.29000000000000004,182.77,0.0,0.0,,750.0,
2023-03-06 00:00:00,30.6325,75.97,30.295,46.4375,76.735,11.780000000000001,26.8225,0.46,22.01,0.28,,,,0.0925,0.11,18.0825,82.8475,0.2925,190.5025,0.0,0.0,,750.0,
2023-03-06 01:00:00,34.21,87.895,30.2925,46.4325,76.7225,11.8475,26.29,0.42,23.7575,0.2525,,,,0.08499999999999999,0.1,17.765,84.48,0.28500000000000003,185.28,0.0,0.0,,750.0,
2023-03-06 02:00:00,35.457499999999996,85.5525,29.3275,44.9525,74.27499999999999,11.045,27.255,0.385,45.61,0.225,,,,0.07500000000000001,0.09,19.7825,75.3875,0.46499999999999997,228.5375,0.0,0.0,,750.0,
2023-03-06 03:00:00,31.91,96.69,29.1925,44.745,73.9375,10.475,26.355,0.3875,37.78,0.23,,,,0.0775,0.0925,18.5225,80.86,0.27,206.38,0.0,0.0,,749.9225,
2023-03-06 04:00:00,32.9775,84.5625,29.4025,45.07,74.47,10.6025,26.1025,0.4025,30.552500000000002,0.2425,,,,0.08,0.1,17.759999999999998,84.635,0.3825,217.405,0.0,0.0,,749.8875,
2023-03-06 05:00:00,37.629999999999995,85.905,31.0625,47.6175,78.68,10.6675,25.855,0.4225,27.6525,0.2575,,,,0.0875,0.1,17.875,84.6925,0.5025,259.2875,0.0,0.0,,750.0,
2023-03-06 06:00:00,39.6425,80.0375,28.4325,43.5825,72.00999999999999,10.7075,25.5375,0.445,25.16,0.2675,,,,0.09,0.10250000000000001,17.095,87.8925,0.2975,238.72,0.0,0.0,1.75,750.0,
2023-03-06 07:00:00,36.76,83.145,28.549999999999997,43.7575,72.3075,10.655000000000001,25.8,0.47,27.4625,0.2875,,,,0.0975,0.1125,17.9825,85.24249999999999,0.4425,253.71249999999998,0.0,0.0,17.4775,750.0,
2023-03-06 08:00:00,39.72,105.665,29.7,45.5225,75.2225,10.995000000000001,27.78,0.4725,43.589999999999996,0.2825,,,,0.095,0.1125,21.0,73.405,0.7675000000000001,249.7275,0.0,0.0,18.655,750.0,
2023-03-06 09:00:00,39.56,99.925,26.95,41.3025,68.2525,10.64,28.685,0.4375,61.1075,0.265,,,,0.09,0.10250000000000001,23.985,63.6375,0.9025,244.6975,0.0,0.0,83.9975,750.0,
2023-03-06 10:00:00,39.754999999999995,103.8725,30.16,46.2325,76.395,9.8225,28.9875,0.345,80.1125,0.21000000000000002,,,,0.07,0.0825,29.807499999999997,45.7625,0.8525,236.6325,0.0,0.0,353.1025,750.0,
2023-03-06 11:00:00,32.6,89.03999999999999,30.29,46.43,76.7225,8.925,30.0875,0.235,87.755,0.14500000000000002,,,,0.045,0.055,32.22,36.57,1.0,235.525,0.0,0.0,354.495,750.0,
2023-03-06 12:00:00,21.655,69.345,26.685,40.9075,67.5925,8.434999999999999,27.8625,0.2025,85.56,0.125,,,,0.04,0.0475,33.43,33.125,1.1125,244.8425,0.0,0.0,328.1875,750.0,
2023-03-06 13:00:00,20.64,47.635,28.165,43.1725,71.34,8.1425,25.965,0.17,80.33,0.0975,,,,0.035,0.0375,33.87,30.175,1.025,234.04500000000002,0.0,0.0,283.6075,749.995,
2023-03-06 14:00:00,15.225,72.9375,26.97,41.3375,68.3075,7.922499999999999,25.97,0.14250000000000002,77.5425,0.0825,,,,0.03,0.0325,34.0125,28.63,1.1525,264.0925,0.0,0.0,225.18,749.58,
2023-03-06 15:00:00,12.805,58.287499999999994,28.0075,42.932500000000005,70.9425,7.8475,26.15,0.1725,85.065,0.10250000000000001,,,,0.035,0.04,33.254999999999995,31.265,1.1575,259.505,0.0,0.0,150.905,749.06,
2023-03-06 16:00:00,12.955,40.582499999999996,27.197499999999998,41.6875,68.885,8.0875,24.7625,0.175,85.605,0.10500000000000001,,,,0.0375,0.04,30.73,35.8775,0.7875,232.47250000000003,0.0,0.0,64.0125,748.74,
2023-03-06 17:00:00,14.295,56.332499999999996,26.75,41.005,67.755,8.6025,23.06,0.19,77.905,0.1125,,,,0.04,0.0425,27.84,41.722500000000004,0.61,265.94,0.0,0.0,12.434999999999999,748.5625,
2023-03-06 18:00:00,15.7325,53.1325,27.4075,42.01,69.41250000000001,9.2275,23.14,0.2175,53.07,0.1325,,,,0.0425,0.052500000000000005,23.8925,56.6125,0.18,169.26,0.0,0.0,,748.6875,
2023-03-06 19:00:00,20.4675,71.03750000000001,26.08,39.98,66.06,9.645,25.5,0.275,35.7375,0.1675,,,,0.0575,0.0675,20.795,71.36500000000001,0.1775,156.04250000000002,0.0,0.0,,749.165,
2023-03-06 20:00:00,22.325,50.182500000000005,30.65,46.9825,77.63250000000001,10.885,25.9125,0.44,28.7125,0.26,,,,0.09,0.105,19.2075,75.495,0.14500000000000002,141.415,0.0,0.0,,749.715,
2023-03-06 21:00:00,25.92,67.2625,31.505000000000003,48.29,79.8,12.0275,25.73,0.5425,22.990000000000002,0.325,,,,0.1075,0.1325,17.935000000000002,81.0475,0.14,140.6,0.0,0.0,,749.775,
2023-03-06 22:00:00,27.175,76.865,34.269999999999996,52.53,86.80250000000001,11.8475,25.66,0.555,23.490000000000002,0.335,,,,0.11,0.135,16.8775,84.8825,0.1625,178.5875,0.0,0.0,,749.7425000000001,
2023-03-06 23:00:00,28.535,73.875,35.2175,53.985,89.205,11.765,25.515,0.5575000000000001,23.445,0.3375,,,,0.11,0.1375,16.45,87.2,0.18,173.64,0.0,0.0,,749.9625,
2023-03-07 00:00:00,30.795,81.0675,35.595,54.565,90.1625,11.7925,25.2975,0.5025000000000001,22.985,0.3,,,,0.1,0.12,16.4175,87.80250000000001,0.23500000000000001,184.4675,0.0,0.0,,749.9875,
2023-03-07 01:00:00,29.56,71.84,36.2075,55.5025,91.71,11.682500000000001,25.195,0.4525,25.3575,0.2725,,,,0.09,0.11,16.3025,86.0175,0.2725,206.545,0.0,0.0,,749.7875,
2023-03-07 02:00:00,32.305,71.865,36.1875,55.47,91.66,12.245000000000001,24.697499999999998,0.4975,18.945,0.2975,,,,0.0975,0.12,16.384999999999998,86.52,0.2225,202.825,0.0,0.0,,749.6475,
2023-03-07 03:00:00,33.34,80.4175,31.935,48.9525,80.89,12.0775,24.61,0.495,20.302500000000002,0.2975,,,,0.1,0.12,16.35,88.225,0.2,189.89749999999998,0.0,0.0,,749.585,
2023-03-07 04:00:00,35.2825,84.7975,32.545,49.8825,82.4275,11.3625,23.8975,0.44,20.7525,0.28,,,,0.0925,0.1075,15.8525,89.5675,0.21000000000000002,203.7425,0.0,0.0,,749.6600000000001,
2023-03-07 05:00:00,36.182500000000005,73.9975,33.46,51.29,84.75,11.2375,23.6725,0.4175,23.0425,0.26,,,,0.0875,0.1,15.7225,88.86,0.245,190.82,0.0,0.0,,749.9975,
2023-03-07 06:00:00,40.515,72.2325,30.8475,47.28,78.125,11.1425,22.575,0.46499999999999997,14.797500000000001,0.28,,,,0.095,0.11,15.3,92.155,0.2375,211.2075,0.0,0.0,2.68,750.0,
2023-03-07 07:00:00,44.0925,91.2175,31.169999999999998,47.7775,78.95,11.7825,22.917499999999997,0.5225,13.3875,0.315,,,,0.10250000000000001,0.125,16.7275,89.6075,0.23,235.515,0.0,0.0,19.145,750.0,
2023-03-07 08:00:00,50.004999999999995,103.575,31.6275,48.4825,80.1125,11.72,25.6,0.505,43.9225,0.305,,,,0.0975,0.1225,21.34,66.98,0.43,241.8475,0.0,0.0,24.035,750.0,
2023-03-07 09:00:00,47.885000000000005,136.81,29.91,45.845,75.75,10.795,27.1325,0.40249999999999997,67.33,0.24,,,,0.08,0.095,25.03,55.9075,0.7025,221.445,0.0,0.0,84.08250000000001,750.0,
2023-03-07 10:00:00,33.795,98.485,29.4925,45.21,74.7075,9.655,27.8325,0.32,83.80250000000001,0.1925,,,,0.065,0.07500000000000001,30.56,42.81,0.6325000000000001,189.365,0.0,0.0,322.7075,750.0,
2023-03-07 11:00:00,30.265,68.22749999999999,27.455,42.0825,69.5375,9.265,26.35,0.2875,99.8625,0.17,,,,0.057499999999999996,0.07,32.725,36.6225,0.6975,236.93,0.0,0.0,310.8075,750.0,
2023-03-07 12:00:00,21.6875,64.715,26.6725,40.8825,67.56,8.4275,25.3725,0.22,96.78999999999999,0.1325,,,,0.0425,0.052500000000000005,33.24,31.825,0.8775,254.1125,0.0,0.0,274.7125,750.0,
2023-03-07 13:00:00,17.95,51.755,25.3125,38.7975,64.1175,8.605,26.105,0.2075,93.41,0.13,,,,0.04,0.05,34.195,30.09,0.86,240.3725,0.0,0.0,253.625,750.0,
2023-03-07 14:00:00,16.7425,47.5475,27.6225,42.3425,69.9625,8.47,27.1875,0.21,96.995,0.1275,,,,0.04,0.05,33.4025,32.3225,0.7275,241.2625,0.0,0.0,158.77,749.9375,
2023-03-07 15:00:00,18.994999999999997,47.9775,24.805,38.0275,62.834999999999994,8.165000000000001,25.465,0.1725,91.9,0.1075,,,,0.035,0.0425,32.2675,31.29,0.7575000000000001,249.58749999999998,0.0,0.0,115.855,749.635,
2023-03-07 16:00:00,11.8225,33.345,26.8125,41.1,67.9125,8.495,24.814999999999998,0.2175,93.44749999999999,0.135,,,,0.04,0.05,29.925,39.3425,0.5375000000000001,241.205,0.0,0.0,46.7,749.4675,
2023-03-07 17:00:00,20.35,53.875,29.0075,44.4625,73.47749999999999,8.7925,22.3675,0.2425,86.605,0.14750000000000002,,,,0.045,0.055,27.68,46.295,0.385,201.41,0.0,0.0,14.0225,749.5925,
2023-03-07 18:00:00,20.677500000000002,53.74,33.787499999999994,51.7925,85.58,9.7925,21.595,0.29000000000000004,70.5375,0.175,,,,0.057499999999999996,0.0675,24.4725,59.1075,0.1525,98.1975,0.0,0.0,,749.825,
2023-03-07 19:00:00,23.0725,65.4125,35.905,55.0375,90.94500000000001,10.0825,24.015,0.36,51.7275,0.215,,,,0.07250000000000001,0.08499999999999999,22.2875,69.0425,0.07250000000000001,106.45,0.0,0.0,,750.0,
2023-03-07 20:00:00,27.552500000000002,67.20750000000001,35.8625,54.9675,90.83,10.6625,25.5875,0.48,39.667500000000004,0.29,,,,0.0975,0.115,21.225,73.53,0.09,92.99,0.0,0.0,,750.0,
2023-03-07 21:00:00,30.740000000000002,72.2225,37.175,56.9825,94.1575,11.445,25.7525,0.6775,27.355,0.40499999999999997,,,,0.1375,0.16,20.4575,77.1875,0.17250000000000001,131.9425,0.0,0.0,,750.0,
2023-03-07 22:00:00,38.0175,94.7475,43.155,66.145,109.2975,14.1175,25.8875,1.0525,7.255,0.6325000000000001,,,,0.21,0.255,20.365000000000002,80.225,0.1225,163.805,0.0,0.0,,750.0,
2023-03-07 23:00:00,52.832499999999996,125.64,45.4525,69.6675,115.12,16.03,26.225,1.2475,0.91,0.7475,,,,0.2475,0.2975,20.2775,85.195,0.10250000000000001,143.6275,0.0,0.0,,750.0,
2023-03-08 00:00:00,59.8675,135.20499999999998,41.645,63.8375,105.485,15.77,25.905,1.4375,,0.8675,,,,0.2875,0.345,19.67,89.6525,0.05500000000000001,94.9525,0.0,0.0,,750.0,
2023-03-08 01:00:00,58.3925,133.0025,48.4725,74.3,122.77250000000001,16.78,26.15,1.6175000000000002,,0.97,,,,0.3225,0.39,19.495,89.9,0.115,152.17,0.0,0.0,,750.0,
2023-03-08 02:00:00,69.6975,155.4,44.065,67.54,111.60249999999999,16.0225,25.759999999999998,1.605,,0.9675,,,,0.3225,0.385,18.765,89.76,0.0625,80.9725,0.0,0.0,,750.0,
2023-03-08 03:00:00,74.315,156.1275,42.4725,65.1025,107.57249999999999,15.5225,26.1625,1.7525,,1.055,,,,0.35,0.4225,18.2675,91.4575,0.1575,157.0625,0.0,0.0,,750.0,
2023-03-08 04:00:00,81.225,174.52499999999998,40.9825,62.817499999999995,103.7975,14.935,25.8775,1.905,,1.1425,,,,0.38,0.455,18.325,93.49000000000001,0.14,186.425,0.0,0.0,,750.0,
2023-03-08 05:00:00,86.30250000000001,183.9725,37.68,57.7525,95.4375,13.775,25.57,1.7125,,1.0275,,,,0.3425,0.41,18.2925,94.22,0.15,162.51,0.0,0.0,,750.0,
2023-03-08 06:00:00,78.6725,155.935,31.2575,47.9125,79.1725,13.05,25.0225,1.5875,,0.955,,,,0.315,0.3825,17.425,95.215,0.0775,125.08,0.0,0.0,2.025,750.0,
2023-03-08 07:00:00,82.16749999999999,168.935,35.215,53.975,89.19,12.3675,23.8325,1.475,,0.8875,,,,0.2925,0.3525,18.0175,97.41499999999999,0.0525,61.525000000000006,0.0,0.0,22.2525,750.0,
2023-03-08 08:00:00,84.97749999999999,158.14249999999998,37.9225,58.13,96.055,12.52,25.835,1.53,18.7,0.9199999999999999,,,,0.31,0.37,21.835,85.0575,0.1625,106.155,0.0,0.0,31.205000000000002,750.0,
2023-03-08 09:00:00,101.125,214.615,36.605,56.11,92.715,13.8575,33.4475,1.2175,69.38,0.7275,,,,0.24250000000000002,0.2925,26.3425,56.0775,0.3925,167.21,0.0,0.0,89.4,750.0,
2023-03-08 10:00:00,95.32000000000001,209.4,28.28,43.3475,71.6275,11.6425,31.7175,0.7225,86.02000000000001,0.43,,,,0.145,0.1725,31.835,37.7575,0.45000000000000007,164.39,0.0,0.0,306.505,750.0,
2023-03-08 11:00:00,53.89,109.005,32.905,50.4375,83.3425,10.2425,32.7475,0.48250000000000004,89.13,0.29000000000000004,,,,0.0975,0.115,33.8625,33.65,0.475,181.555,0.0,0.0,312.8325,750.0,
2023-03-08 12:00:00,32.3275,70.5575,32.4675,49.765,82.2325,10.0025,35.245,0.41500000000000004,94.2775,0.25,,,,0.08499999999999999,0.0975,34.475,32.925,0.5925,204.65,0.0,0.0,295.0425,750.0,
2023-03-08 13:00:00,29.37,72.17999999999999,30.4025,46.6025,77.0025,9.795,37.769999999999996,0.355,91.3125,0.2125,,,,0.07,0.0825,34.38,33.375,0.445,161.51500000000001,0.0,0.0,206.13,750.0,
2023-03-08 14:00:00,20.1,59.837500000000006,30.28,46.42,76.705,9.07,38.6575,0.32,94.4725,0.1875,,,,0.065,0.07500000000000001,31.095,40.8375,0.2775,134.005,0.0,0.0,49.2175,750.0,
2023-03-08 15:00:00,20.3125,56.8025,32.0975,49.1975,81.295,8.8375,26.615,0.28,90.1425,0.16999999999999998,,,,0.055,0.0675,28.4425,47.6075,0.5175,199.21,0.01,0.01,51.69500000000001,749.99,
2023-03-08 16:00:00,26.0475,76.0275,34.9125,53.515,88.425,9.4575,21.5,0.28500000000000003,64.45,0.17,,,,0.057499999999999996,0.0675,29.1125,51.1075,0.3875,222.535,0.03,0.03,59.8775,749.8025,
2023-03-08 17:00:00,25.7275,88.5125,28.3625,43.475,71.8375,9.3875,19.2025,0.2925,54.6825,0.175,,,,0.06,0.07,25.4075,61.5875,0.14250000000000002,134.93,0.0025,0.0025,7.83,749.8575,
2023-03-08 18:00:00,25.21,47.0625,37.1525,56.9475,94.1,9.7375,16.939999999999998,0.3,46.8625,0.18,,,,0.06,0.07,21.77,75.1175,0.0475,62.1225,0.0,0.0,,750.0,
2023-03-08 19:00:00,22.69,49.855,42.2475,64.7575,107.01,9.72,19.57,0.3125,42.685,0.185,,,,0.0625,0.07250000000000001,20.04,77.89,0.13,108.5975,0.0,0.0,,750.0,
2023-03-08 20:00:00,26.915,47.962500000000006,43.5,66.67750000000001,110.1725,9.7525,20.947499999999998,0.40750000000000003,23.9775,0.245,,,,0.08,0.0975,19.39,85.33,0.1625,143.9675,0.0,0.0,,750.0,
2023-03-08 21:00:00,35.629999999999995,76.785,40.1575,61.5575,101.715,9.8175,21.89,0.77,9.6125,0.46249999999999997,,,,0.155,0.1875,19.335,87.615,0.345,231.645,0.0,0.0,,750.0,
2023-03-08 22:00:00,83.035,114.17,42.42,65.02,107.4375,9.58,23.1175,0.3825,38.0275,0.225,,,,0.08,0.09,20.8475,67.7625,0.3775,220.29000000000002,0.0,0.0,,750.0,
2023-03-08 23:00:00,26.2125,75.17750000000001,39.6375,60.7525,100.39,9.182500000000001,23.432499999999997,0.285,36.795,0.17,,,,0.057499999999999996,0.0675,19.235,73.18,0.20750000000000002,208.53,0.0,0.0,,750.0,
2023-03-09 00:00:00,18.45,66.0025,37.91,58.1125,96.02250000000001,8.99,22.945,0.22,29.67,0.135,,,,0.0425,0.052500000000000005,17.84,80.7025,0.0925,123.1325,0.0,0.0,,750.0,
2023-03-09 01:00:00,19.182499999999997,44.8725,40.935,62.745000000000005,103.68,8.997499999999999,23.7425,0.2275,22.552500000000002,0.14250000000000002,,,,0.045,0.055,16.7125,88.085,0.21000000000000002,160.175,0.0,0.0,,750.0,
2023-03-09 02:00:00,15.4725,45.4825,39.5225,60.58,100.10249999999999,8.895,23.9075,0.275,22.305,0.1625,,,,0.052500000000000005,0.0675,16.2975,89.81,0.18,144.6875,0.0,0.0,,750.0,
2023-03-09 03:00:00,20.657500000000002,47.8475,36.6375,56.1575,92.795,8.9575,23.655,0.245,25.1125,0.14750000000000002,,,,0.05,0.06,17.2675,83.93,0.455,182.745,0.0,0.0,,750.0,
2023-03-09 04:00:00,17.15,54.92,38.17,58.504999999999995,96.6775,8.844999999999999,22.89,0.2125,15.935,0.1325,,,,0.04,0.05,16.1,89.9575,0.1625,176.29999999999998,0.0,0.0,,750.0,
2023-03-09 05:00:00,14.9625,35.18,35.7375,54.7775,90.5175,8.7875,23.0975,0.22,8.2975,0.14,,,,0.04,0.05,15.19,94.6175,0.21,187.135,0.0,0.0,,750.0,
2023-03-09 06:00:00,19.972499999999997,33.0,33.535,51.402499999999996,84.9375,8.7925,22.515,0.245,10.865,0.1475,,,,0.05,0.06,14.545,96.18,0.21000000000000002,198.625,0.0,0.0,2.9933333333333336,750.0,
2023-03-09 07:00:00,17.53,41.94,32.477500000000006,49.785,82.2675,8.87,22.5475,0.27749999999999997,11.07,0.16999999999999998,,,,0.057499999999999996,0.0675,16.5825,92.545,0.32,274.205,0.0,0.0,21.247500000000002,750.0,
2023-03-09 08:00:00,18.892500000000002,51.2425,34.2125,52.445,86.66,9.0725,23.432499999999997,0.295,33.72,0.175,,,,0.06,0.07,21.02,68.5625,0.495,227.265,0.0,0.0,35.79,750.0,
2023-03-09 09:00:00,24.294999999999998,48.542500000000004,35.415,54.2775,89.69,9.245000000000001,24.0575,0.28,43.595,0.1675,,,,0.057499999999999996,0.0675,24.067500000000003,58.9525,0.6925,236.115,0.0,0.0,101.41,750.0,
2023-03-09 10:00:00,18.6425,43.302499999999995,36.3375,55.7,92.0375,8.8575,24.5825,0.2725,58.77,0.165,,,,0.057499999999999996,0.0675,28.745,46.5475,0.7175,226.6475,0.0,0.0,275.765,750.0,
2023-03-09 11:00:00,23.0325,40.714999999999996,41.722500000000004,63.9525,105.67500000000001,8.495,22.5,0.255,77.63250000000001,0.1525,,,,0.05,0.0625,30.5375,41.91,0.6975,219.75,0.0,0.0,292.225,750.0,
2023-03-09 12:00:00,22.137500000000003,48.5475,35.5025,54.42,89.92,8.6125,23.79,0.28,89.3125,0.17,,,,0.06,0.07,32.7825,37.3975,0.6625,216.5375,0.0,0.0,292.1375,750.0,
2023-03-09 13:00:00,20.5875,62.4375,36.595,56.095,92.69,8.4025,24.5975,0.2525,92.805,0.1525,,,,0.05,0.06,33.4375,35.6175,0.64,201.64,0.0,0.0,251.5025,750.0,
2023-03-09 14:00:00,19.225,49.727500000000006,35.894999999999996,55.019999999999996,90.9125,8.1925,24.805,0.22999999999999998,92.345,0.1375,,,,0.0475,0.057499999999999996,33.415,36.365,0.7475,214.4525,0.0,0.0,197.2325,750.0,
2023-03-09 15:00:00,18.6125,54.22,36.1825,55.4625,91.64750000000001,7.9875,25.1525,0.2175,93.745,0.1375,,,,0.04,0.05,33.04,36.3075,0.7424999999999999,241.445,0.0,0.0,140.8625,749.9775,
2023-03-09 16:00:00,21.88,44.46,36.89,56.54,93.4275,8.0125,24.205,0.2125,94.4625,0.1325,,,,0.04,0.05,30.2225,41.7675,0.6675,245.4925,0.0,0.0,62.1725,749.7674999999999,
2023-03-09 17:00:00,19.7225,45.325,39.6925,60.84,100.53,8.1525,22.7675,0.235,87.35,0.14250000000000002,,,,0.0475,0.057499999999999996,27.044999999999998,50.2575,0.47,237.35,0.0,0.0,8.8075,749.8299999999999,
2023-03-09 18:00:00,16.4625,73.11,26.337500000000002,40.3725,66.71000000000001,8.8975,19.375,0.2575,65.4725,0.155,,,,0.052500000000000005,0.0625,23.2,66.4725,0.1825,168.005,0.0,0.0,,749.96,
2023-03-09 19:00:00,27.11,60.1425,15.4275,23.65,39.0775,9.44,21.09,0.33,47.1025,0.195,,,,0.065,0.0775,20.8625,77.465,0.17,154.7125,0.0,0.0,,750.0,
2023-03-09 20:00:00,27.28,62.8675,13.127500000000001,20.1275,33.255,10.1425,22.517500000000002,0.3975,36.505,0.2375,,,,0.08,0.0975,20.0275,81.48,0.18,166.495,0.0,0.0,,750.0,
2023-03-09 21:00:00,25.8275,66.0,16.07,24.6325,40.7025,10.1775,23.04,0.405,31.002499999999998,0.245,,,,0.08,0.1,19.189999999999998,84.6125,0.155,165.8175,0.0,0.0,,750.0,
2023-03-09 22:00:00,27.29,60.8125,13.19,20.22,33.4125,10.280000000000001,23.67,0.4,23.105,0.24,,,,0.08,0.0975,18.5125,88.8575,0.1225,124.295,0.0,0.0,,750.0,
2023-03-09 23:00:00,30.4975,55.4075,14.3875,22.052500000000002,36.4425,10.0125,24.0425,0.3625,30.0975,0.215,,,,0.07,0.08499999999999999,17.75,85.655,0.14750000000000002,169.33,0.0,0.0,,750.0,
2023-03-10 00:00:00,23.8125,51.855,15.395,23.6025,39.0,9.985,24.065,0.34,29.927500000000002,0.2,,,,0.07,0.08,17.2275,84.2925,0.22,185.3975,0.0,0.0,,750.0,
2023-03-10 01:00:00,24.465,47.45,19.28,29.55,48.83,10.1225,23.6875,0.3325,22.305,0.2,,,,0.07,0.08,16.755,87.495,0.185,219.2675,0.0,0.0,,750.0,
2023-03-10 02:00:00,26.872500000000002,38.8575,17.2225,26.65,44.0325,9.9425,23.497500000000002,0.3125,20.2675,0.19,,,,0.06,0.07,16.39,92.7225,0.175,239.4475,0.0,0.0,,750.0,
2023-03-10 03:00:00,23.39,44.635000000000005,16.525,25.3275,41.8575,9.665,23.4875,0.315,21.732499999999998,0.19,,,,0.06,0.07250000000000001,16.0875,92.2775,0.09,120.0225,0.0,0.0,,749.9975,
2023-03-10 04:00:00,28.615,54.8025,14.975000000000001,22.9575,37.9325,9.595,23.3125,0.31,22.04,0.1875,,,,0.06,0.07,15.86,92.1825,0.1025,159.99,0.0,0.0,,749.995,
2023-03-10 05:00:00,32.440000000000005,55.66,14.162500000000001,21.7075,35.870000000000005,9.2775,23.375,0.295,22.1,0.17250000000000001,,,,0.06,0.07,15.567499999999999,93.56,0.1375,154.16,0.0,0.0,,750.0,
2023-03-10 06:00:00,25.615000000000002,42.0075,15.715,24.0875,39.7975,9.120000000000001,23.04,0.3075,19.0625,0.1875,,,,0.06,0.07,15.4725,93.5575,0.15,183.0975,0.0,0.0,5.183333333333334,750.0,
2023-03-10 07:00:00,29.6,45.2675,17.77,27.245,45.015,9.2575,23.384999999999998,0.34750000000000003,18.085,0.20500000000000002,,,,0.07,0.0825,17.7125,87.5325,0.2225,196.8425,0.0,0.0,21.62,750.0,
2023-03-10 08:00:00,34.74,53.7275,4.94,7.575,12.5175,9.9575,24.7725,0.4225,37.5425,0.255,,,,0.08499999999999999,0.1,21.3375,72.83,0.48,235.10999999999999,0.0,0.0,26.4575,750.0,
2023-03-10 09:00:00,36.095,91.73249999999999,7.7475,11.8725,19.6175,10.2175,27.244999999999997,0.4525,65.06,0.2725,,,,0.09,0.1075,25.12,61.54,0.685,223.155,0.0,0.0,107.1925,750.0,
2023-03-10 10:00:00,44.8675,97.1625,4.845,7.4275,12.2725,9.7025,30.405,0.4125,89.5325,0.2475,,,,0.0825,0.0975,31.205,43.25,0.575,211.96,0.0,0.0,322.7725,750.0,
2023-03-10 11:00:00,31.82,84.3975,6.0375,9.25,15.2875,9.1575,27.8575,0.335,103.37,0.2025,,,,0.0675,0.08,32.8675,38.05,0.805,238.0625,0.0,0.0,322.24,750.0,
2023-03-10 12:00:00,29.637500000000003,76.66749999999999,15.855,24.2975,40.39,8.3975,25.7725,0.2475,97.5025,0.14750000000000002,,,,0.05,0.06,33.7325,33.9675,0.76,205.53,0.0,0.0,307.7125,750.0,
2023-03-10 13:00:00,21.557499999999997,46.495,14.65,22.455,37.11,8.025,27.115,0.215,100.54,0.13,,,,0.04,0.05,33.817499999999995,32.7475,0.885,245.235,0.0,0.0,247.0325,749.77,
2023-03-10 14:00:00,18.9275,48.645,8.71,13.352500000000001,22.060000000000002,7.987500000000001,26.4175,0.2,97.935,0.12,,,,0.04,0.05,33.5925,32.44,0.8150000000000001,231.52749999999997,0.0,0.0,191.7475,749.1600000000001,
2023-03-10 15:00:00,20.04,36.0875,11.325,17.355,28.68,8.1175,25.4925,0.22,96.37,0.13,,,,0.04,0.05,32.185,35.5925,0.88,244.48000000000002,0.0,0.0,125.5225,748.7775,
2023-03-10 16:00:00,15.45,45.5025,15.275,23.4125,38.682500000000005,8.1675,24.26,0.2225,95.2575,0.14,,,,0.0425,0.052500000000000005,29.48,41.375,0.605,248.0325,0.0,0.0,43.2525,748.65,
2023-03-10 17:00:00,19.479999999999997,46.995,16.445,25.21,41.655,8.8725,22.759999999999998,0.2575,95.6725,0.1575,,,,0.052500000000000005,0.0625,27.7775,46.85,0.46,207.76749999999998,0.0,0.0,10.405,748.9200000000001,
2023-03-10 18:00:00,24.2275,68.155,15.245000000000001,23.369999999999997,38.6125,9.385,21.23,0.2925,75.9925,0.17750000000000002,,,,0.0625,0.07250000000000001,24.34,60.855,0.1575,127.64999999999999,0.0,0.0,0.18,749.36,
2023-03-10 19:00:00,24.6725,64.45750000000001,15.682500000000001,24.0425,39.7275,10.325,23.59,0.39,56.03,0.22999999999999998,,,,0.0775,0.0925,21.245,71.80250000000001,0.14,158.10250000000002,0.0,0.0,,749.8775,
2023-03-10 20:00:00,27.1875,77.6625,17.0,26.057499999999997,43.06,10.885,24.6925,0.5025,39.705,0.305,,,,0.1,0.1225,20.1925,78.825,0.1575,160.05,0.0,0.0,,750.0,
2023-03-10 21:00:00,32.575,83.72749999999999,25.189999999999998,38.6125,63.8,11.915,24.8425,0.6725,26.41,0.405,,,,0.135,0.165,19.665,81.38749999999999,0.1825,184.9025,0.0,0.0,,750.0,
2023-03-10 22:00:00,38.33,102.51750000000001,25.1,38.4725,63.57,12.8475,24.9925,0.7975,17.55,0.47750000000000004,,,,0.16,0.1925,18.9825,85.35249999999999,0.1825,203.74,0.0,0.0,,750.0,
2023-03-10 23:00:00,45.6575,96.50999999999999,16.7725,25.715,42.485,13.29,25.2275,0.775,21.3675,0.46499999999999997,,,,0.1525,0.185,18.445,86.185,0.12,155.6675,0.0,0.0,,750.0,
2023-03-11 00:00:00,47.25,99.46,18.7275,28.71,47.4375,12.315,25.2775,0.635,26.0425,0.3825,,,,0.1275,0.1525,17.880000000000003,88.19749999999999,0.17500000000000002,193.45250000000001,0.0,0.0,,750.0,
2023-03-11 01:00:00,41.475,96.8875,9.959999999999999,15.2675,25.2275,12.302499999999998,24.935,0.575,21.04,0.345,,,,0.1175,0.1375,17.4375,90.775,0.1975,205.25,0.0,0.0,,749.8199999999999,
2023-03-11 02:00:00,45.755,99.7225,0.8666666666666667,1.3266666666666667,1.645,11.2025,24.885,0.5325,24.2325,0.32,,,,0.10500000000000001,0.13,16.990000000000002,92.55000000000001,0.1575,216.79,0.0,0.0,,749.4725,
2023-03-11 03:00:00,42.23,92.9175,4.8675,7.4575,12.325,10.407499999999999,24.5625,0.515,5.6850000000000005,0.3125,,,,0.1,0.1225,16.7425,96.08500000000001,0.105,144.04500000000002,0.0,0.0,,749.3175,
2023-03-11 04:00:00,40.435,82.36999999999999,1.9275000000000002,2.9525,4.88,10.1525,24.12,0.485,8.2525,0.2925,,,,0.1,0.1175,16.1625,97.9025,0.2225,217.54,0.0,0.0,,749.435,
2023-03-11 05:00:00,39.184999999999995,76.9975,5.54,8.4875,14.024999999999999,10.5225,23.8825,0.52,15.692499999999999,0.315,,,,0.1,0.1275,15.8925,98.8375,0.195,202.6,0.0,0.0,,749.8025,
2023-03-11 06:00:00,48.614999999999995,100.28,18.395,28.197499999999998,46.59,10.5525,23.4575,0.525,8.065,0.3175,,,,0.1,0.1275,15.7975,99.2475,0.16,211.76999999999998,0.0,0.0,2.793333333333333,750.0,
2023-03-11 07:00:00,46.0925,94.065,14.9725,22.9475,37.917500000000004,10.05,23.1425,0.5175000000000001,1.5666666666666667,0.31,,,,0.1,0.12,17.3275,99.83500000000001,0.115,132.0975,0.0,0.0,26.355,750.0,
2023-03-11 08:00:00,42.587500000000006,94.00999999999999,9.16,14.0375,23.197499999999998,10.3975,25.427500000000002,0.53,40.065,0.3175,,,,0.1075,0.1275,21.2675,84.895,0.35250000000000004,225.32750000000001,0.0,0.0,32.89,750.0,
2023-03-11 09:00:00,52.115,129.21,12.955,19.862499999999997,32.8175,10.9675,31.3975,0.4925,84.5575,0.2975,,,,0.0975,0.1175,26.27,59.5375,0.55,249.255,0.0,0.0,113.3625,750.0,
2023-03-11 10:00:00,49.417500000000004,126.58500000000001,5.1025,7.82,12.9175,10.3325,35.1025,0.4175,110.6275,0.25,,,,0.0825,0.1,31.2025,45.2325,0.7025,225.005,0.0,0.0,301.18,750.0,
2023-03-11 11:00:00,38.807500000000005,125.55499999999999,7.422499999999999,11.375,18.8,9.76,39.69,0.345,129.37,0.20500000000000002,,,,0.07,0.08,32.9975,40.94,0.7575000000000001,238.5325,0.0,0.0,308.6175,750.0,
2023-03-11 12:00:00,33.5075,99.3,3.35,5.13,4.2375,9.28,36.385000000000005,0.31,128.24,0.1875,,,,0.06,0.07,33.417500000000004,37.6025,0.875,230.0975,0.0,0.0,288.205,750.0,
2023-03-11 13:00:00,35.1625,82.1175,38.8025,59.480000000000004,98.2875,8.875,33.96,0.2925,124.575,0.17,,,,0.06,0.07,34.4125,35.315,0.6375,211.845,0.0,0.0,247.13,749.97,
2023-03-11 14:00:00,26.6075,86.6125,43.3625,66.47,109.83,8.9625,31.7025,0.29,124.255,0.17,,,,0.06,0.07,34.7175,34.525,0.7125,237.8025,0.0,0.0,191.70000000000002,749.4575,
2023-03-11 15:00:00,28.002499999999998,71.75750000000001,49.425,75.76,125.185,8.57,23.919999999999998,0.28,124.1125,0.1675,,,,0.057499999999999996,0.0675,33.8575,35.81,0.6225,203.175,0.0,0.0,132.3125,749.1075000000001,
2023-03-11 16:00:00,29.8775,76.13749999999999,29.895,45.8275,75.7225,8.795,28.185,0.29,123.515,0.17,,,,0.06,0.07,31.52,40.375,0.63,246.3775,0.0,0.0,58.255,748.875,
2023-03-11 17:00:00,29.4875,74.3025,25.4125,38.9525,64.365,9.057500000000001,25.83,0.29000000000000004,103.42750000000001,0.175,,,,0.06,0.07,28.11,50.1625,0.31,194.805,0.0,0.0,9.265,748.94,
2023-03-11 18:00:00,29.8725,77.22,24.0825,36.92,61.0025,9.57,26.21,0.3225,80.2875,0.1975,,,,0.065,0.0775,24.1025,64.3675,0.11,116.615,0.0,0.0,0.04,749.13,
2023-03-11 19:00:00,28.705,72.28,28.447499999999998,43.605000000000004,72.0525,10.2025,27.24,0.43,60.2025,0.2575,,,,0.0875,0.105,21.53,73.925,0.08,112.2825,0.0,0.0,,749.5925,
2023-03-11 20:00:00,32.480000000000004,89.5975,37.615,57.655,95.265,11.525,27.42,0.6125,40.5825,0.37,,,,0.125,0.14750000000000002,20.275,80.89,0.09,116.96000000000001,0.0,0.0,,749.99,
2023-03-11 21:00:00,38.4225,105.6525,41.205,63.16250000000001,104.3675,12.685,27.3325,0.7275,31.685,0.4375,,,,0.14500000000000002,0.175,19.8925,83.4375,0.21000000000000002,185.785,0.0,0.0,,750.0,
2023-03-11 22:00:00,41.7275,107.2975,42.089999999999996,64.52000000000001,106.6075,13.6475,27.060000000000002,0.8325,22.2325,0.4975,,,,0.1675,0.1975,19.285,85.5825,0.1825,184.1575,0.0,0.0,,750.0,
2023-03-11 23:00:00,43.285,115.015,39.1975,60.085,99.2825,13.6725,27.25,0.78,28.752499999999998,0.4675,,,,0.155,0.1875,18.7675,85.35249999999999,0.1375,161.8925,0.0,0.0,,750.0,
2023-03-12 00:00:00,41.7175,110.225,33.6925,51.6425,85.33500000000001,12.342500000000001,26.75,0.6174999999999999,27.5525,0.3725,,,,0.1225,0.14750000000000002,18.009999999999998,87.85249999999999,0.075,125.4075,0.0,0.0,,750.0,
2023-03-12 01:00:00,40.5075,101.905,34.8625,53.435,88.2975,11.535,26.3725,0.575,14.035,0.3475,,,,0.12,0.14,17.3075,92.4875,0.05333333333333334,83.6,0.0,0.0,,749.87,
2023-03-12 02:00:00,41.9275,81.75999999999999,32.275,49.475,81.7475,11.217500000000001,25.9475,0.5725,9.235,0.3425,,,,0.11499999999999999,0.14,16.6525,95.2075,0.1175,167.6875,0.0,0.0,,749.625,
2023-03-12 03:00:00,42.78,89.64,28.802500000000002,44.152499999999996,72.9575,11.1875,25.6425,0.58,5.1325,0.35,,,,0.12,0.14,16.490000000000002,96.725,0.09666666666666668,133.65333333333334,0.0,0.0,,749.585,
2023-03-12 04:00:00,41.12,83.4725,31.1325,47.72,78.85,11.09,25.17,0.57,5.4366666666666665,0.345,,,,0.11499999999999999,0.14,16.215,97.5775,0.08,124.65666666666665,0.0,0.0,,749.7175,
2023-03-12 05:00:00,44.755,91.35,28.6625,43.935,72.6,10.5075,24.925,0.555,1.4175,0.3325,,,,0.11,0.1325,16.0875,98.285,0.0475,100.12,0.0,0.0,,749.9575,
2023-03-12 06:00:00,42.8075,84.4675,34.7525,53.269999999999996,88.02,10.265,24.3225,0.5725,0.72,0.3425,,,,0.11499999999999999,0.14,15.815,98.91499999999999,0.04666666666666667,80.16333333333333,0.0,0.0,2.956666666666667,750.0,
2023-03-12 07:00:00,44.91,85.0925,33.5225,51.3825,84.9075,9.935,23.975,0.6625,0.3233333333333333,0.4,,,,0.135,0.16,16.98,99.66,0.075,85.0275,0.0,0.0,29.902500000000003,750.0,
2023-03-12 08:00:00,42.2575,98.825,26.11,40.019999999999996,66.1325,10.2025,26.8975,0.885,20.905,0.5275000000000001,,,,0.1775,0.21,20.9725,91.9825,0.0925,65.78,0.0,0.0,33.405,750.0,
2023-03-12 09:00:00,61.235,134.725,23.4575,35.955,59.415,11.094999999999999,32.974999999999994,0.6975,74.185,0.4125,,,,0.14,0.1675,27.005000000000003,59.947500000000005,0.38749999999999996,172.3,0.0,0.0,129.1925,750.0,
2023-03-12 10:00:00,56.5975,152.0675,28.35,43.4575,71.8075,10.1175,32.004999999999995,0.4975,95.8575,0.3,,,,0.1,0.1175,32.1625,43.9375,0.5225,164.2075,0.0,0.0,301.2625,750.0,
2023-03-12 11:00:00,36.737500000000004,98.145,30.6725,47.0175,77.69,9.350000000000001,32.0925,0.3675,121.715,0.2175,,,,0.075,0.0875,33.847500000000004,35.394999999999996,0.6699999999999999,198.7925,0.0,0.0,304.735,750.0,
2023-03-12 12:00:00,32.1675,80.755,21.72,33.2925,55.012499999999996,9.11,29.3475,0.315,126.5575,0.1925,,,,0.065,0.07500000000000001,34.9375,31.0425,0.705,220.8775,0.0,0.0,290.69,750.0,
2023-03-12 13:00:00,23.91,76.32,20.2625,31.052500000000002,51.31,8.835,28.0875,0.28500000000000003,122.4925,0.17250000000000001,,,,0.06,0.07,35.5175,28.439999999999998,0.71,213.96,0.0,0.0,256.35,749.7125,
2023-03-12 14:00:00,20.67,59.5875,18.9725,29.08,48.0475,8.6875,27.6725,0.2675,119.4375,0.165,,,,0.05,0.0625,35.5125,28.240000000000002,0.635,236.4575,0.0,0.0,201.6925,748.9975,
2023-03-12 15:00:00,23.185,62.1925,17.605,26.985,44.5925,8.53,27.215,0.2525,114.7125,0.15000000000000002,,,,0.0475,0.06,35.425,28.1575,0.6275,233.6725,0.0,0.0,141.245,748.4825,
2023-03-12 16:00:00,23.0825,65.34,15.9025,24.38,40.285,8.3225,26.7275,0.265,111.1125,0.16,,,,0.052500000000000005,0.0625,32.195,36.265,0.7525,249.32500000000002,0.0,0.0,61.1725,748.1575,
2023-03-12 17:00:00,21.7125,61.165,17.322499999999998,26.5525,43.875,8.4375,24.6925,0.26,99.63,0.16,,,,0.05,0.06,28.8475,45.28,0.345,204.66000000000003,0.0,0.0,9.535,748.1425,
2023-03-12 18:00:00,27.035,75.965,21.7325,33.3125,55.045,9.435,23.74,0.3075,76.8275,0.1875,,,,0.065,0.07500000000000001,24.465,60.3575,0.095,83.03,0.0,0.0,0.07,748.44,
2023-03-12 19:00:00,29.427500000000002,64.08,23.6825,36.305,59.9875,10.4275,25.9375,0.4325,50.7675,0.26,,,,0.0875,0.105,21.6475,72.275,0.08750000000000001,108.70500000000001,0.0,0.0,,748.99,
2023-03-12 20:00:00,31.2,87.7625,26.1575,40.095,66.25,11.5575,27.05,0.605,36.155,0.3625,,,,0.12,0.14500000000000002,20.1125,77.7175,0.07,104.325,0.0,0.0,,749.47,
2023-03-12 21:00:00,40.31,104.155,32.7225,50.1575,82.885,12.265,26.96,0.735,30.814999999999998,0.44,,,,0.1475,0.1775,19.34,80.7475,0.095,138.5325,0.0,0.0,,749.785,
2023-03-12 22:00:00,43.14,114.6175,31.965000000000003,48.995,80.9625,12.5625,26.7725,0.8175,15.8225,0.4875,,,,0.1625,0.195,18.8325,87.5875,0.1,149.075,0.0,0.0,,749.85,
2023-03-12 23:00:00,42.4175,100.19,26.6825,40.8975,67.58,13.035,26.6,0.9325,9.9875,0.555,,,,0.185,0.22,18.3,90.34,0.1125,143.355,0.0,0.0,,749.7,
2023-03-13 00:00:00,51.3125,105.265,24.575,37.67,62.2475,13.254999999999999,26.322499999999998,0.925,9.57,0.55,,,,0.1825,0.22,17.78,91.9775,0.065,107.75999999999999,0.0,0.0,,749.3475,
2023-03-13 01:00:00,52.1075,125.185,19.744999999999997,30.259999999999998,50.0075,12.675,25.85,0.815,16.494999999999997,0.4875,,,,0.165,0.195,17.29,92.7375,0.02,26.37,0.0,0.0,,749.0225,
2023-03-13 02:00:00,46.432500000000005,108.465,19.439999999999998,29.9625,49.5125,11.96,25.87,0.7675000000000001,11.6325,0.45999999999999996,,,,0.1525,0.185,16.9775,95.2375,0.21500000000000002,187.1325,0.0,0.0,,748.6975,
2023-03-13 03:00:00,40.495,98.6525,22.38,34.305,56.6875,11.97,25.945,0.675,16.3875,0.4075,,,,0.1375,0.165,16.51,95.5,0.0725,111.51,0.0,0.0,,748.435,
2023-03-13 04:00:00,46.4975,100.225,17.0625,26.155,43.2175,11.955,25.6075,0.6725000000000001,4.053333333333334,0.4075,,,,0.1375,0.16,16.445,97.05250000000001,0.105,141.06,0.0,0.0,,748.3775,
2023-03-13 05:00:00,47.459999999999994,96.94,19.1125,29.2925,48.405,10.932500000000001,24.8975,0.68,,0.41,,,,0.14,0.165,16.2875,98.405,0.1175,143.025,0.0,0.0,,748.715,
2023-03-13 06:00:00,42.0475,82.1175,28.1225,43.105000000000004,71.2275,10.59,24.2275,0.66,,0.4,,,,0.1325,0.16,15.9275,99.005,0.065,89.59,0.0,0.0,3.3833333333333333,749.2950000000001,
2023-03-13 07:00:00,44.695,91.1575,25.302500000000002,38.7825,64.08500000000001,10.262500000000001,24.295,0.655,,0.3925,,,,0.13,0.16,17.435,99.8475,0.155,171.97,0.0,0.0,25.830000000000002,749.86,
2023-03-13 08:00:00,43.08,104.62,25.0775,38.44,63.5125,11.4,26.990000000000002,0.79,24.146666666666665,0.47250000000000003,,,,0.1575,0.1925,21.490000000000002,92.445,0.15,162.60500000000002,0.0,0.0,38.475,750.0,
2023-03-13 09:00:00,50.7025,134.04749999999999,34.7425,53.2525,87.99000000000001,13.43,33.8525,0.7675,88.07,0.45999999999999996,,,,0.1525,0.185,27.52,52.975,0.48750000000000004,216.7675,0.0,0.0,124.3675,750.0,
2023-03-13 10:00:00,61.7875,160.9625,28.1,43.0725,71.175,12.5175,37.16,0.7075,111.95,0.4225,,,,0.14,0.16999999999999998,32.19,40.1875,0.595,218.05,0.0,0.0,262.5075,750.0,
2023-03-13 11:00:00,53.675,155.07750000000001,20.200000000000003,30.9625,51.165,11.2775,35.269999999999996,0.5525,126.8075,0.3325,,,,0.11,0.13,32.385,39.685,0.77,247.6225,0.0,0.0,187.79,749.965,
2023-03-13 12:00:00,43.472500000000004,126.16,27.6675,42.4075,70.08,9.1825,31.564999999999998,0.3525,130.6575,0.2125,,,,0.0675,0.0825,32.955,36.9125,0.725,247.4625,0.0,0.0,194.18,749.3325,
2023-03-13 13:00:00,28.7775,93.185,20.42,31.294999999999998,51.712500000000006,8.7675,29.535,0.31,129.1725,0.185,,,,0.06,0.07,34.2575,33.5775,0.72,229.7975,0.0,0.0,202.9025,748.4075,
2023-03-13 14:00:00,25.47,69.45750000000001,25.37,38.885,64.255,8.8475,29.59,0.3225,120.3825,0.1925,,,,0.065,0.07500000000000001,33.405,36.845,0.48,225.2575,0.0,0.0,103.97,747.69,
2023-03-13 15:00:00,28.799999999999997,76.19,25.6875,39.375,65.055,9.49,32.317499999999995,0.335,107.4175,0.2,,,,0.07,0.08,32.015,39.035,0.6025,251.78750000000002,0.0,0.0,94.9575,747.1275,
2023-03-13 16:00:00,30.247500000000002,84.0625,28.1725,43.18,71.35,9.459999999999999,35.6125,0.355,103.55,0.215,,,,0.07,0.08499999999999999,32.06,41.5775,0.4075,222.1025,0.0,0.0,58.8125,746.78,
2023-03-13 17:00:00,29.655,73.31,28.9075,44.3075,73.21000000000001,9.45,37.32,0.37,90.6825,0.2225,,,,0.07,0.09,28.1625,53.855000000000004,0.20249999999999999,119.78,0.0,0.0,12.9825,746.7275,
2023-03-13 18:00:00,30.66,85.7025,30.8975,47.3625,78.25999999999999,9.66,37.677499999999995,0.4225,74.1625,0.2525,,,,0.08499999999999999,0.10250000000000001,25.3975,64.27499999999999,0.21,135.84,0.0,0.0,2.23,746.9549999999999,
2023-03-13 19:00:00,30.72,81.00750000000001,29.37,45.0175,74.39,10.355,36.365,0.55,60.075,0.3325,,,,0.11,0.1325,22.4425,74.97749999999999,0.085,112.905,0.0,0.0,,747.425,
2023-03-13 20:00:00,37.405,96.4525,38.165,58.5,96.6575,11.7075,35.4425,0.7725,41.51,0.4625,,,,0.155,0.185,20.947499999999998,80.4,0.0975,134.28,0.0,0.0,,747.835,
2023-03-13 21:00:00,40.9225,108.655,38.55,59.0875,97.6375,12.51,33.89,0.9299999999999999,19.535,0.5575,,,,0.1875,0.2225,20.0775,87.4025,0.0875,123.295,0.0,0.0,,748.045,
2023-03-13 22:00:00,51.0475,111.95,38.2175,58.582499999999996,96.7975,13.52,32.7,1.1,19.634999999999998,0.6625000000000001,,,,0.2175,0.265,19.35,88.88,0.1275,143.215,0.0,0.0,,748.0875,
2023-03-13 23:00:00,55.775000000000006,141.97750000000002,46.7275,71.63,118.3575,13.805,31.8075,1.08,17.335,0.6475,,,,0.215,0.26,18.995,90.285,0.16749999999999998,177.4,0.0,0.0,,747.87,
2023-03-14 00:00:00,52.597500000000004,138.13,44.33,67.95,112.28,12.98,30.645,0.9924999999999999,10.290000000000001,0.5925,,,,0.1975,0.2375,18.5275,92.93,0.0725,117.53999999999999,0.0,0.0,,747.395,
2023-03-14 01:00:00,50.527499999999996,115.315,33.24,50.947500000000005,84.1875,12.33,29.4725,0.875,10.7475,0.525,,,,0.17500000000000002,0.21,17.9975,95.63,0.18,198.245,0.0,0.0,,747.0074999999999,
2023-03-14 02:00:00,47.3525,102.6125,34.49,52.87,87.3575,11.9775,29.0375,0.71,20.2625,0.425,,,,0.14,0.17,17.88,95.77250000000001,0.165,208.53,0.0,0.0,,746.635,
2023-03-14 03:00:00,46.615,97.7075,50.0075,76.66,126.66499999999999,11.375,28.225,0.6225,17.0075,0.3775,,,,0.1225,0.1475,17.5825,96.16,0.1475,197.7075,0.0,0.0,,746.3375,
2023-03-14 04:00:00,44.489999999999995,98.5875,52.879999999999995,81.0575,133.9325,10.967500000000001,27.5875,0.585,12.1625,0.35,,,,0.12,0.14,17.0775,97.24,0.1,131.6675,0.0,0.0,,746.2950000000001,
2023-03-14 05:00:00,44.0075,82.66,41.3975,63.457499999999996,104.8575,10.51,27.04,0.5774999999999999,1.155,0.3475,,,,0.1175,0.14,16.98,98.4225,0.16499999999999998,178.08499999999998,0.0,0.0,,746.6525,
2023-03-14 06:00:00,38.555,78.6275,45.9275,70.3925,116.3225,10.86,26.6425,0.585,2.1075,0.35,,,,0.12,0.14,16.9225,99.5,0.24000000000000002,212.935,0.0,0.0,3.5733333333333337,747.12,
2023-03-14 07:00:00,42.1225,96.535,45.41,69.60249999999999,115.0125,10.675,26.055,0.5650000000000001,2.52,0.34,,,,0.1125,0.1375,18.685,99.9575,0.22749999999999998,214.7575,0.0,0.0,33.22,747.73,
2023-03-14 08:00:00,47.535,115.14750000000001,43.91,67.3075,111.2175,11.225,29.252499999999998,0.5974999999999999,57.92,0.36,,,,0.12,0.14500000000000002,23.25,69.6625,0.54,240.2125,0.03,0.03,35.004999999999995,748.2625,
2023-03-14 09:00:00,52.85,136.3875,41.019999999999996,62.875,103.8975,11.4575,32.5175,0.5874999999999999,80.995,0.3525,,,,0.12,0.14,27.1425,54.8,0.695,269.44,0.01,0.01,128.6475,748.5325,
2023-03-14 10:00:00,46.055,134.625,36.945,56.6325,93.57249999999999,10.8675,34.42,0.5375,94.755,0.3225,,,,0.1075,0.125,32.1275,44.1,0.6799999999999999,224.595,0.0,0.0,295.565,748.4125,
2023-03-14 11:00:00,45.41,126.5,31.2575,47.9125,79.175,9.4725,35.525,0.4175,119.5,0.2525,,,,0.0825,0.1,33.894999999999996,39.7325,0.8125,240.53750000000002,0.0,0.0,310.5525,747.8475000000001,
2023-03-14 12:00:00,34.2375,102.2025,30.2125,46.3125,76.53,9.1475,33.394999999999996,0.3725,119.0125,0.22,,,,0.07500000000000001,0.09,35.5375,35.565,0.85,238.095,0.0,0.0,303.24,746.9975,
2023-03-14 13:00:00,34.235,91.03999999999999,29.3825,45.0375,74.4225,8.717500000000001,34.457499999999996,0.2875,115.3875,0.1725,,,,0.057499999999999996,0.0675,35.9225,30.4175,0.93,270.56,0.0,0.0,251.995,746.2075,
2023-03-14 14:00:00,25.052500000000002,74.5625,26.9975,41.3825,68.38,8.7175,34.61666666666667,0.31,120.52250000000001,0.1875,,,,0.0625,0.07250000000000001,36.0175,32.2925,0.8,217.29749999999999,0.0,0.0,198.565,745.4375,
2023-03-14 15:00:00,22.1425,76.83500000000001,44.7,68.5125,113.2125,8.9575,,0.3175,124.1325,0.1925,,,,0.065,0.07500000000000001,35.385,33.1025,0.7949999999999999,241.58,0.0,0.0,139.9525,744.845,
2023-03-14 16:00:00,27.045,87.11749999999999,33.305,51.0475,84.35,9.75,31.795,0.34500000000000003,123.715,0.20500000000000002,,,,0.07,0.08,32.845,36.2625,0.8775,250.825,0.0,0.0,58.555,744.4325,
2023-03-14 17:00:00,33.595,102.36999999999999,39.94,61.22,101.1625,9.6125,30.762500000000003,0.3825,120.97,0.2275,,,,0.07500000000000001,0.09,29.92,44.6175,0.5525,221.6475,0.0,0.0,8.9875,744.3774999999999,
2023-03-14 18:00:00,33.8775,102.845,38.885,59.6075,98.49,9.9825,27.2825,0.42000000000000004,86.19500000000001,0.2525,,,,0.08499999999999999,0.1,26.1375,59.41,0.1775,121.79749999999999,0.0,0.0,,744.7975,
2023-03-14 19:00:00,37.13,109.4525,34.705,53.1975,87.9075,10.865,27.8375,0.5525,62.852500000000006,0.3325,,,,0.1125,0.1325,23.0875,71.9375,0.095,104.0525,0.0,0.0,,745.2674999999999,
2023-03-14 20:00:00,36.0625,122.0275,39.8525,61.087500000000006,100.9425,11.834999999999999,28.585,0.7225,40.3775,0.435,,,,0.14500000000000002,0.175,21.48,79.8,0.0625,96.86250000000001,0.0,0.0,,745.6925,
2023-03-14 21:00:00,45.5775,132.82999999999998,35.542500000000004,54.480000000000004,90.0275,12.83,28.7925,0.9075,23.265,0.54,,,,0.185,0.215,20.435,85.8875,0.065,74.61,0.0,0.0,,746.0575,
2023-03-14 22:00:00,49.3575,139.105,37.537499999999994,57.5375,95.08,13.907499999999999,28.755,1.0725,15.525,0.645,,,,0.2175,0.2575,19.825,88.765,0.18,182.675,0.0,0.0,,745.945,
2023-03-14 23:00:00,56.32,136.0,35.0575,53.735,88.7925,13.9975,28.33,1.0775000000000001,5.3,0.6525000000000001,,,,0.2125,0.26,19.6275,92.5,0.145,210.015,0.0,0.0,,745.7975,
2023-03-15 00:00:00,53.3125,123.9275,33.065,50.68,83.7475,13.035,27.985,1.0075,4.005,0.6025,,,,0.2025,0.2425,19.3525,94.545,0.27,186.8275,0.0,0.0,,745.89,
2023-03-15 01:00:00,47.5325,123.0175,32.7225,50.155,82.875,12.3675,27.627499999999998,0.8275,9.8875,0.495,,,,0.165,0.1975,19.642500000000002,91.35,0.2525,150.9075,0.0,0.0,,745.7275,
2023-03-15 02:00:00,46.852500000000006,119.50750000000001,29.442500000000003,45.1325,74.575,11.557500000000001,27.2375,0.705,8.895,0.425,,,,0.14,0.17,18.83,92.7,0.2625,149.635,0.0,0.0,,745.27,
2023-03-15 03:00:00,45.2775,111.8375,30.125,46.18,76.305,10.522499999999999,27.372500000000002,0.6074999999999999,16.615000000000002,0.365,,,,0.12,0.14500000000000002,17.924999999999997,93.92,0.1875,192.0025,0.0,0.0,,745.05,
2023-03-15 04:00:00,43.99,101.91499999999999,37.832499999999996,57.9925,95.8275,10.3325,26.61,0.585,10.6725,0.35,,,,0.12,0.14,17.2975,95.8375,0.14,170.6875,0.0,0.0,,745.125,
2023-03-15 05:00:00,46.462500000000006,99.055,29.235,44.807500000000005,74.03999999999999,9.987499999999999,26.245,0.5675,0.7875,0.345,,,,0.11499999999999999,0.1375,16.8375,97.7225,0.17,157.8325,0.0,0.0,,745.4275,
2023-03-15 06:00:00,44.917500000000004,91.15,31.4375,48.1875,79.6225,10.7275,25.81,0.5675,0.685,0.3425,,,,0.11499999999999999,0.14,16.4625,98.715,0.175,155.70749999999998,0.0,0.0,4.233333333333333,746.0675,
2023-03-15 07:00:00,44.9975,104.395,38.28,58.675,96.955,12.5575,25.9175,0.6425,5.296666666666667,0.385,,,,0.1275,0.155,18.7025,92.3125,0.34750000000000003,189.58749999999998,0.0,0.0,24.7925,746.9425,
2023-03-15 08:00:00,46.57,112.555,36.6925,56.2475,92.945,13.4025,31.4375,0.6825,35.685,0.41,,,,0.135,0.1625,24.08,64.575,0.49250000000000005,217.54500000000002,0.0,0.0,35.322500000000005,747.56,
2023-03-15 09:00:00,55.504999999999995,157.11,37.39,57.3125,94.705,12.265,31.61,0.575,69.8925,0.3425,,,,0.11499999999999999,0.1375,28.255,47.972500000000004,0.5875,207.735,0.0,0.0,149.47250000000003,747.6,
2023-03-15 10:00:00,36.8,114.78,32.8575,50.365,83.2225,11.615,32.1025,0.475,93.11749999999999,0.28500000000000003,,,,0.095,0.1125,33.167500000000004,36.6575,0.86,203.0925,0.0,0.0,310.39250000000004,747.605,
2023-03-15 11:00:00,27.017500000000002,101.97,28.7575,44.08,72.84,10.9375,34.82,0.425,128.3675,0.255,,,,0.08499999999999999,0.10250000000000001,35.895,30.902499999999996,0.645,234.13,0.0,0.0,320.6475,747.255,
2023-03-15 12:00:00,26.2125,95.56,27.252499999999998,41.775,69.03,9.692499999999999,34.1625,0.355,132.7825,0.2125,,,,0.07250000000000001,0.0825,36.8125,28.6325,0.7525,223.0925,0.0,0.0,301.34749999999997,746.7025,
2023-03-15 13:00:00,24.2075,86.4025,26.9375,41.2875,68.2275,8.782499999999999,34.1075,0.2725,116.0775,0.165,,,,0.057499999999999996,0.0675,37.87,27.2575,0.7,212.2725,0.0,0.0,258.0075,745.98,
2023-03-15 14:00:00,24.4725,74.98249999999999,27.65,42.3875,70.0425,8.2575,34.5625,0.21,97.0675,0.125,,,,0.0425,0.05,38.0275,25.2225,0.69,217.6825,0.0,0.0,204.6875,745.2325000000001,
2023-03-15 15:00:00,16.4275,55.5025,31.240000000000002,47.8875,79.1275,8.0575,33.480000000000004,0.195,93.8675,0.12,,,,0.04,0.0475,37.265,25.43,0.77,242.44,0.0,0.0,140.3525,744.6700000000001,
2023-03-15 16:00:00,18.1175,53.455,32.2525,49.4375,81.69,7.9925,32.1925,0.1975,90.02499999999999,0.1175,,,,0.04,0.0475,34.182500000000005,30.29,0.5549999999999999,215.6925,0.0,0.0,62.61,744.44,
2023-03-15 17:00:00,16.4725,54.9,35.519999999999996,54.45,89.97,8.2725,29.445,0.2,80.3475,0.1225,,,,0.04,0.05,30.252499999999998,40.075,0.25,168.3725,0.0,0.0,10.025,744.495,
2023-03-15 18:00:00,17.5775,61.364999999999995,36.375,55.76,92.1375,9.2925,28.5025,0.2425,60.4375,0.15250000000000002,,,,0.05,0.0575,24.8575,57.3925,0.07750000000000001,133.91750000000002,0.0,0.0,0.14,744.6625,
2023-03-15 19:00:00,19.1275,79.38749999999999,32.175,49.315,81.485,9.73,30.8425,0.33,40.0975,0.2,,,,0.0675,0.08,21.762500000000003,69.3,0.065,95.14,0.0,0.0,,745.0925,
2023-03-15 20:00:00,23.200000000000003,85.1225,35.085,53.775,88.8575,11.0025,31.86,0.5425,25.1025,0.33,,,,0.1075,0.135,20.9625,74.1825,0.05,91.87,0.0525,0.0525,,745.7675,
2023-03-15 21:00:00,37.6375,121.0325,38.245000000000005,58.6225,96.865,12.02,34.235,0.725,13.52,0.435,,,,0.14750000000000002,0.175,20.365000000000002,79.975,0.10750000000000001,161.3675,0.0075,0.0075,,746.0525,
2023-03-15 22:00:00,37.0975,109.465,40.7,62.385000000000005,103.08,12.84,29.987499999999997,0.89,9.775,0.53,,,,0.1775,0.2125,19.655,82.41749999999999,0.10750000000000001,161.995,0.0,0.0,,746.0374999999999,
2023-03-15 23:00:00,42.0825,112.8525,37.815,57.9675,95.785,12.727500000000001,29.9,0.855,4.6425,0.5125,,,,0.17,0.2025,18.9825,87.33,0.1875,228.885,0.0,0.0,,746.06,
2023-03-16 00:00:00,35.697500000000005,109.245,34.7775,53.305,88.08250000000001,12.2075,29.9675,0.77,4.015000000000001,0.4625,,,,0.1525,0.1825,18.182499999999997,89.7425,0.1175,152.6575,0.0,0.0,,745.8525,
2023-03-16 01:00:00,41.0325,106.675,35.625,54.6025,90.22749999999999,11.4175,28.919999999999998,0.655,8.379999999999999,0.3925,,,,0.1325,0.1575,17.335,90.6525,0.07250000000000001,105.08250000000001,0.0,0.0,,745.5625,
2023-03-16 02:00:00,34.7875,99.63,32.67,50.08,82.75,10.7575,28.3175,0.6375,1.9666666666666666,0.38,,,,0.13,0.15,16.8,94.295,0.1575,194.775,0.0,0.0,,745.28,
2023-03-16 03:00:00,34.835,85.03999999999999,34.355000000000004,52.6575,87.01,10.52,27.5775,0.6725,3.1175,0.405,,,,0.135,0.1625,16.785,95.36,0.24,193.1275,0.0,0.0,,745.4350000000001,
2023-03-16 04:00:00,44.26,89.17,34.325,52.6225,86.94749999999999,10.962499999999999,27.39,0.7575000000000001,4.12,0.455,,,,0.15,0.18,17.2425,91.6125,0.16,210.07999999999998,0.0,0.0,,745.65,
2023-03-16 05:00:00,51.6325,112.6525,37.1525,56.9475,94.0975,10.7875,27.0175,0.74,,0.445,,,,0.15,0.18,17.235,94.85249999999999,0.1325,143.4125,0.0,0.0,,745.9475,
2023-03-16 06:00:00,47.93000000000001,108.0325,33.385,51.1725,84.5575,11.2425,27.105,0.7475,,0.45,,,,0.15,0.18,17.515,95.025,0.165,198.76,0.0,0.0,8.22,746.4375,
2023-03-16 07:00:00,51.215,115.5475,31.785,48.72,80.5,11.182500000000001,27.8575,0.78,,0.465,,,,0.155,0.1875,19.6275,90.5525,0.0375,38.98,0.0,0.0,27.8425,747.155,
2023-03-16 08:00:00,55.0325,118.8375,46.879999999999995,71.86,118.7375,13.6625,30.12,0.9325,9.863333333333333,0.5575,,,,0.1875,0.225,23.2725,77.5775,0.17250000000000001,166.47,0.0,0.0,52.1425,748.03,
2023-03-16 09:00:00,60.32,154.5475,54.9825,84.28,139.2625,20.9775,33.995,1.1275,55.7475,0.68,,,,0.225,0.275,29.259999999999998,50.31,0.4325,189.8225,0.0,0.0,152.3175,748.5375,
2023-03-16 10:00:00,68.845,244.3825,43.0725,66.02250000000001,109.095,16.9775,37.9375,0.8525,97.22749999999999,0.5075,,,,0.17250000000000001,0.2,32.3625,39.795,0.63,164.63,0.0,0.0,244.1975,748.7075,
2023-03-16 11:00:00,52.464999999999996,150.53,33.0225,50.614999999999995,83.64,10.5275,38.2975,0.43,115.575,0.255,,,,0.0875,0.10250000000000001,34.355000000000004,33.38,0.3925,147.57,0.0,0.0,180.57,748.4075,
2023-03-16 12:00:00,31.7925,93.7425,39.8825,61.135,101.015,9.355,33.957499999999996,0.3175,113.44,0.195,,,,0.065,0.0775,35.035,31.2275,0.49,180.4675,0.0,0.0,180.45499999999998,747.755,
2023-03-16 13:00:00,25.34,81.6375,32.835,50.3275,83.16250000000001,9.344999999999999,33.9875,0.2975,120.17,0.1775,,,,0.06,0.07,35.17,30.0,0.5925,221.11,0.0,0.0,170.8625,747.175,
2023-03-16 14:00:00,24.495,76.33500000000001,30.3475,46.5175,76.8675,9.67,33.855000000000004,0.3075,111.4375,0.1825,,,,0.06,0.07,33.660000000000004,34.442499999999995,0.3425,189.2675,0.0,0.0,61.28,746.5825,
2023-03-16 15:00:00,21.855,63.834999999999994,28.5775,43.8025,72.38,8.9025,31.8575,0.3175,104.91499999999999,0.195,,,,0.0625,0.07250000000000001,32.620000000000005,40.2175,0.42,202.1075,0.0,0.0,82.1925,746.1775,
2023-03-16 16:00:00,27.78,86.6675,29.0775,44.5725,73.65,8.7375,27.72,0.3125,86.2175,0.19,,,,0.06,0.07,30.7825,45.25,0.2925,171.4625,0.0,0.0,30.1275,746.29,
2023-03-16 17:00:00,27.450000000000003,88.1225,33.2925,51.035,84.33500000000001,9.5525,26.0775,0.3425,73.97749999999999,0.20750000000000002,,,,0.07,0.0825,28.305,51.6325,0.4225,199.8275,0.0,0.0,4.9375,746.3725,
2023-03-16 18:00:00,28.377499999999998,107.44,35.7,54.725,90.425,9.815,28.77,0.405,59.455,0.2425,,,,0.08,0.1,25.8975,61.9625,0.26,138.98000000000002,0.0,0.0,,746.5325,
2023-03-16 19:00:00,30.822499999999998,112.3125,35.3825,54.235,89.615,10.0825,29.9,0.43,42.707499999999996,0.2575,,,,0.0875,0.1,23.7425,69.7825,0.15,118.9925,0.0,0.0,,746.96,
2023-03-16 20:00:00,30.5675,98.8125,35.85,54.9475,90.7975,10.545,24.445,0.4375,39.9075,0.2625,,,,0.0875,0.10250000000000001,23.605,66.775,0.6525,232.9875,0.0,0.0,,747.7625,
2023-03-16 21:00:00,33.4525,85.3875,31.625,48.4775,80.105,10.035,22.0425,0.3225,54.935,0.195,,,,0.065,0.07500000000000001,24.259999999999998,58.215,0.635,242.8725,0.0,0.0,,748.19,
2023-03-16 22:00:00,19.4875,66.4525,31.912499999999998,48.92,80.8325,9.6025,28.9275,0.28,46.1375,0.17,,,,0.06,0.07,22.94,65.4525,0.21,159.815,0.0,0.0,,748.13,
2023-03-16 23:00:00,18.965,48.5125,29.810000000000002,45.697500000000005,75.5075,9.4,30.0175,0.28500000000000003,32.2425,0.17250000000000001,,,,0.06,0.07,21.6125,73.97749999999999,0.21250000000000002,180.705,0.0,0.0,,747.8,
2023-03-17 00:00:00,21.735,39.7975,29.61,45.385,74.99000000000001,9.635,30.765,0.3175,21.442500000000003,0.1875,,,,0.0625,0.07250000000000001,20.925,78.1625,0.33,157.7875,0.0,0.0,,747.375,
2023-03-17 01:00:00,24.927500000000002,48.755,30.1925,46.28,76.475,9.6375,31.252499999999998,0.345,20.7575,0.20500000000000002,,,,0.07,0.08,21.125,77.13,0.3275,149.475,0.025,0.025,,747.37,
2023-03-17 02:00:00,26.33,53.9525,33.0825,50.71,83.79,9.7375,31.1325,0.3425,17.8825,0.20500000000000002,,,,0.07,0.08,20.7925,77.7675,0.3275,135.8725,0.005,0.005,,746.985,
2023-03-17 03:00:00,25.6575,49.8275,22.0975,33.8725,55.9725,9.5375,32.205,0.3,40.435,0.18,,,,0.06,0.07,22.5875,63.682500000000005,0.3725,186.445,0.0,0.0,,746.7925,
2023-03-17 04:00:00,20.009999999999998,54.144999999999996,27.2875,41.825,69.1125,9.102500000000001,30.985,0.27,39.3,0.1625,,,,0.055,0.065,21.5025,68.285,0.3325,177.0575,0.0,0.0,,746.9325,
2023-03-17 05:00:00,21.365,42.905,26.92,41.265,68.185,9.0225,29.39,0.25,37.1425,0.15,,,,0.05,0.06,21.3,67.40333333333332,0.25333333333333335,175.89333333333332,0.0,0.0,,747.23,
2023-03-17 06:00:00,17.2225,39.082499999999996,31.695,48.585,80.285,9.56,29.9225,0.2675,30.86,0.1625,,,,0.052500000000000005,0.0625,,,,,0.0,0.0,,,
2023-03-17 07:00:00,22.9425,56.32,29.8575,45.7625,75.615,9.407499999999999,29.6375,0.255,30.2875,0.1575,,,,0.05,0.06,,,,,0.0,0.0,,,
2023-03-17 08:00:00,23.315,57.5575,28.095,43.06,71.155,9.3875,29.255,0.2625,23.59,0.1575,,,,0.05,0.06,,,,,0.0,0.0,,,
2023-03-17 09:00:00,23.0525,44.285,30.8275,47.254999999999995,78.08250000000001,9.095,29.875,0.2675,55.739999999999995,0.1625,,,,0.055,0.065,,,,,0.0,0.0,,,
2023-03-17 10:00:00,15.6025,40.11,31.6125,48.4575,80.07249999999999,9.3725,29.8825,0.32,49.0925,0.1925,,,,0.065,0.07500000000000001,,,,,0.0,0.0,,,
2023-03-17 11:00:00,21.9875,39.725,29.1175,44.6325,73.755,9.715,27.955,0.3775,49.81,0.225,,,,0.07500000000000001,0.0925,,,,,0.0,0.0,,,
2023-03-17 12:00:00,30.0625,56.165,27.345,41.917500000000004,69.2575,9.485,20.96,0.365,67.08,0.215,,,,0.07250000000000001,0.0875,27.285,60.715,0.8049999999999999,155.655,0.0,0.0,205.74,749.2950000000001,
2023-03-17 13:00:00,36.46,72.7225,28.105,43.0875,71.195,9.2475,19.8425,0.315,75.11,0.195,,,,0.065,0.07500000000000001,26.35,62.6475,0.78,162.63,0.0,0.0,101.0975,748.975,
2023-03-17 14:00:00,35.5025,59.885,28.335,43.4325,71.765,8.9025,18.275,0.28500000000000003,75.5175,0.17250000000000001,,,,0.06,0.07,26.474999999999998,61.39,0.8525,109.41250000000001,0.0,0.0,159.275,748.18,
2023-03-17 15:00:00,26.292499999999997,56.5175,29.439999999999998,45.129999999999995,74.5725,8.74,18.6525,0.275,80.22,0.1675,,,,0.057499999999999996,0.07,27.415,56.36,0.8225,168.3575,0.0,0.0,123.67,747.5525,
2023-03-17 16:00:00,28.7775,42.425,26.04,39.92,65.96,9.344999999999999,18.42,0.355,79.36,0.2125,,,,0.07250000000000001,0.085,26.105,64.6875,0.7075,138.625,0.0,0.0,51.545,747.16,
2023-03-17 17:00:00,41.57,69.015,7.5249999999999995,11.54,9.53,10.3825,17.0075,0.425,63.835,0.255,,,,0.08499999999999999,0.1,24.259999999999998,75.8625,0.34249999999999997,158.4025,0.0,0.0,13.5,746.88,
2023-03-17 18:00:00,27.415,93.8525,,,0.0,10.51,18.93,0.46,31.5575,0.28500000000000003,,,,0.095,0.11,21.64,86.5,0.10250000000000001,129.15,0.0,0.0,0.59,746.9125,
2023-03-17 19:00:00,29.39,93.74249999999999,,,0.0,10.76,20.705,0.51,7.19,0.3075,,,,0.1,0.1225,19.78,94.37,0.13,158.3675,0.0,0.0,,747.1975,
2023-03-17 20:00:00,31.12,108.60749999999999,43.33,66.42,54.875,10.485,22.2375,0.535,2.1233333333333335,0.3225,,,,0.10500000000000001,0.1325,19.17,97.33250000000001,0.195,229.085,0.0,0.0,,747.7175,
2023-03-17 21:00:00,28.932499999999997,95.06,58.9725,90.39500000000001,149.3675,10.942499999999999,22.6575,0.59,1.2533333333333334,0.355,,,,0.12,0.14,18.802500000000002,98.58,0.165,156.3125,0.0,0.0,,747.9175,
2023-03-17 22:00:00,33.9325,95.8175,61.0175,93.53,154.55,10.8425,23.4,0.6074999999999999,,0.37,,,,0.12,0.15,18.1875,99.065,0.11000000000000001,156.805,0.0,0.0,,748.13,
2023-03-17 23:00:00,38.067499999999995,106.5325,56.3625,86.39750000000001,142.765,9.825,24.105,0.615,,0.3725,,,,0.12,0.15,17.6325,99.535,0.125,183.1025,0.0,0.0,,747.9525,
2023-03-18 00:00:00,32.6025,99.335,56.4875,86.59,143.08,9.3825,24.0325,0.6225,,0.3775,,,,0.1225,0.1525,17.22,99.9125,0.1475,188.4525,0.0,0.0,,748.03,
2023-03-18 01:00:00,38.027499999999996,97.6175,57.8875,88.7325,146.62,9.4925,23.9375,0.635,,0.38,,,,0.13,0.1525,16.95,100.0,0.1675,207.965,0.0,0.0,,747.7475,
2023-03-18 02:00:00,32.6875,96.8725,54.8,83.9975,138.8,9.0775,24.175,0.625,,0.3775,,,,0.125,0.15,16.7625,100.0,0.17500000000000002,258.51,0.0,0.0,,747.2049999999999,
2023-03-18 03:00:00,36.0775,96.4975,53.144999999999996,81.46,134.6025,9.42,24.22,0.6074999999999999,,0.3675,,,,0.12,0.1475,16.6225,100.0,0.165,204.46249999999998,0.0,0.0,,746.9175,
2023-03-18 04:00:00,33.11,95.5075,55.975,85.8,141.7725,9.51,24.0025,0.595,,0.355,,,,0.12,0.14,16.439999999999998,100.0,0.24,273.35,0.0,0.0,,746.8625,
2023-03-18 05:00:00,31.085,83.6625,57.675,88.4,146.075,10.525,24.0175,0.62,,0.37,,,,0.125,0.1475,16.9,100.0,0.1775,173.305,0.0,0.0,,747.0825,
2023-03-18 06:00:00,32.0575,96.1575,55.8275,85.57,141.3975,10.65,24.2375,0.5974999999999999,,0.36,,,,0.12,0.14250000000000002,17.105,100.0,0.1525,145.5675,0.0,0.0,6.7,747.72,
2023-03-18 07:00:00,23.284999999999997,91.7975,55.49,85.055,140.54,10.32,24.064999999999998,0.5375000000000001,0.15,0.325,,,,0.10500000000000001,0.1325,17.935,100.0,0.16,150.22500000000002,0.0,0.0,26.38,748.165,
2023-03-18 08:00:00,23.509999999999998,81.5375,63.2825,97.0,160.2825,10.465,24.175,0.52,5.405,0.3125,,,,0.1,0.1225,19.1925,98.9875,0.435,254.53500000000003,0.0,0.0,54.9475,748.8375,
2023-03-18 09:00:00,20.8625,80.3725,60.54,92.8,153.34,10.344999999999999,25.752499999999998,0.48,25.145000000000003,0.29,,,,0.0975,0.11499999999999999,23.3075,80.07,0.4275,164.73250000000002,0.0,0.0,147.315,749.1475,
2023-03-18 10:00:00,27.4075,87.8425,59.015,90.46000000000001,149.475,10.14,27.8025,0.435,47.2,0.2625,,,,0.0875,0.10500000000000001,26.7625,63.3725,0.6174999999999999,182.915,0.0,0.0,149.0825,749.135,
2023-03-18 11:00:00,22.947499999999998,84.8775,56.7275,86.955,143.685,10.325,26.36,0.36,71.9325,0.215,,,,0.07250000000000001,0.0825,27.085,59.1175,0.3925,198.2375,0.0,0.0,75.535,749.24,
2023-03-18 12:00:00,16.35,70.4025,54.0925,82.9175,137.01,11.02,20.93,0.4225,64.7775,0.255,,,,0.08499999999999999,0.1,26.330000000000002,64.33500000000001,0.505,194.485,0.0,0.0,67.67,748.62,
2023-03-18 13:00:00,27.77,87.76,50.7325,77.7675,128.5025,11.275,18.0125,0.4975,47.56,0.2975,,,,0.10250000000000001,0.12,25.4375,70.9975,0.5700000000000001,200.13,0.015,0.015,69.41250000000001,747.8050000000001,
2023-03-18 14:00:00,29.8375,94.8625,48.45,74.2675,122.7175,10.1025,19.0575,0.3875,80.3825,0.2325,,,,0.07500000000000001,0.095,27.5475,60.9825,0.4675,153.9625,0.025,0.025,107.35249999999999,746.96,
2023-03-18 15:00:00,24.6425,77.97749999999999,51.735,79.305,131.04,10.73,20.125,0.425,89.33500000000001,0.2525,,,,0.085,0.10250000000000001,28.5025,58.6,0.525,193.79500000000002,0.0,0.0,117.15,746.005,
2023-03-18 16:00:00,24.7925,84.72,47.6175,72.985,120.6025,11.8025,19.42,0.495,79.6975,0.2975,,,,0.1,0.1175,26.82,66.39,0.40499999999999997,154.025,0.005,0.005,47.550000000000004,745.4975,
2023-03-18 17:00:00,33.205,111.42500000000001,50.6725,77.6725,128.345,11.715,18.7025,0.5,69.48,0.3025,,,,0.0975,0.12,24.8075,74.41749999999999,0.28,185.84,0.005,0.005,15.8125,745.39,
2023-03-18 18:00:00,35.0025,107.2975,53.145,81.4625,134.60250000000002,11.0925,19.89,0.5175000000000001,38.665,0.315,,,,0.1,0.1275,21.865000000000002,85.7,0.11,146.23,0.0,0.0,0.84,745.91,
2023-03-18 19:00:00,37.542500000000004,128.86,45.832499999999996,70.2525,116.08,10.955,21.655,0.575,11.515,0.3475,,,,0.11499999999999999,0.14250000000000002,19.947499999999998,94.0075,0.11,143.6925,0.0,0.0,,746.4100000000001,
2023-03-18 20:00:00,51.0475,139.52249999999998,43.955,67.37,111.3225,10.5725,23.75,0.61,3.505,0.3675,,,,0.1225,0.14500000000000002,19.22,97.3925,0.1575,154.0125,0.0,0.0,,746.6875,
2023-03-18 21:00:00,41.94,113.12,43.53,66.72,110.25,10.212499999999999,23.5175,0.675,1.17,0.405,,,,0.135,0.1625,18.5975,98.66,0.14,185.7375,0.0,0.0,,746.7475,
2023-03-18 22:00:00,40.3525,117.0525,43.057500000000005,65.9975,109.055,9.9525,23.8325,0.6625,,0.3975,,,,0.1325,0.16,17.9575,99.41499999999999,0.2,217.9975,0.0,0.0,,746.54,
2023-03-18 23:00:00,40.28,111.80250000000001,41.0225,62.8825,103.9,9.8025,24.310000000000002,0.73,,0.4375,,,,0.14500000000000002,0.1775,17.560000000000002,99.9225,0.1925,204.145,0.0,0.0,,746.37,
2023-03-19 00:00:00,50.5225,129.18,39.7275,60.8975,100.62,10.0425,24.21,0.8025,,0.4825,,,,0.16,0.195,17.1175,100.0,0.195,206.965,0.0,0.0,,746.1575,
2023-03-19 01:00:00,52.675,134.0875,39.195,60.075,99.2675,10.185,24.15,0.8225,,0.4925,,,,0.165,0.2,16.59,100.0,0.14250000000000002,153.8625,0.0,0.0,,745.8425,
2023-03-19 02:00:00,52.3675,135.42499999999998,41.275,63.2675,104.54249999999999,9.75,24.0975,0.8075,,0.485,,,,0.16,0.195,15.925,100.0,0.1325,136.79,0.0,0.0,,745.605,
2023-03-19 03:00:00,52.83,121.61999999999999,40.525,62.1175,102.64750000000001,9.7775,23.7075,0.8374999999999999,,0.4975,,,,0.17,0.2,15.69,100.0,0.1075,118.3775,0.0,0.0,,745.5575,
2023-03-19 04:00:00,56.709999999999994,130.64,40.3125,61.792500000000004,102.10249999999999,9.515,22.3075,0.8225,,0.4875,,,,0.1675,0.1975,15.407499999999999,100.0,0.155,208.9875,0.0,0.0,,745.5775,
2023-03-19 05:00:00,53.4775,137.17000000000002,37.4075,57.3375,94.7475,9.2025,22.0925,0.79,,0.46749999999999997,,,,0.1575,0.19,14.9725,100.0,0.1775,186.965,0.0,0.0,,745.55,
2023-03-19 06:00:00,50.0775,123.485,33.932500000000005,52.0075,85.9375,9.045,21.325,0.7575000000000001,,0.4525,,,,0.15,0.18,14.807500000000001,100.0,0.2225,201.86749999999998,0.0,0.0,6.283333333333334,745.94,
2023-03-19 07:00:00,46.6,115.66,34.135,52.3275,86.4625,9.005,20.7375,0.7625,,0.4575,,,,0.1525,0.1825,16.53,100.0,0.1675,158.45,0.0,0.0,32.775,746.5225,
2023-03-19 08:00:00,41.75,125.1125,41.3575,63.4,104.76,11.3125,21.1525,0.83,13.593333333333334,0.495,,,,0.1675,0.2,19.2675,99.8375,0.33499999999999996,137.0525,0.0,0.0,50.4625,747.3924999999999,
2023-03-19 09:00:00,53.445,157.3675,42.365,64.94,107.305,11.65,23.5775,0.635,46.5625,0.3775,,,,0.1275,0.155,23.65,74.215,0.545,128.62,0.0,0.0,177.6975,747.6,
2023-03-19 10:00:00,33.8625,108.9375,37.9675,58.197500000000005,96.16499999999999,10.185,25.2275,0.49,71.555,0.29000000000000004,,,,0.1,0.115,28.7675,54.019999999999996,0.6825,171.5125,0.0,0.0,252.245,747.5325,
2023-03-19 11:00:00,22.22,89.66499999999999,39.18,60.0575,99.23750000000001,9.6675,28.1825,0.44,80.7125,0.2625,,,,0.09,0.10250000000000001,30.415,51.075,0.7275,127.4975,0.0,0.0,259.995,747.1825,
2023-03-19 12:00:00,20.279999999999998,71.50750000000001,40.015,61.34,101.3575,9.692499999999999,31.2075,0.3975,92.4625,0.2375,,,,0.08,0.095,31.0575,48.6475,0.6799999999999999,176.54000000000002,0.0,0.0,222.7075,746.53,
2023-03-19 13:00:00,17.817500000000003,76.235,41.2925,63.292500000000004,104.59,9.5775,32.385,0.3525,102.2425,0.21,,,,0.0675,0.08499999999999999,31.4175,47.2225,0.6025,197.9225,0.0,0.0,184.965,745.53,
2023-03-19 14:00:00,15.7275,61.150000000000006,45.972500000000004,70.465,116.4375,9.0825,28.5775,0.32,111.115,0.1975,,,,0.0675,0.0775,30.3375,49.575,0.4675,181.79500000000002,0.0,0.0,102.57,744.605,
2023-03-19 15:00:00,13.4525,72.0475,41.545,63.685,105.23,9.3525,24.130000000000003,0.3,108.3,0.1775,,,,0.06,0.07,28.884999999999998,53.175,0.4125,155.95999999999998,0.0,0.0,59.9775,744.005,
2023-03-19 16:00:00,16.5275,68.7625,32.3825,49.6375,82.02,8.61,21.2475,0.275,95.9525,0.1675,,,,0.057499999999999996,0.065,27.515,56.775,0.17,122.4525,0.0,0.0,31.1875,743.5475,
2023-03-19 17:00:00,14.567499999999999,56.322500000000005,3.5549999999999997,5.4475,9.0025,8.7025,19.145,0.2825,74.005,0.17,,,,0.06,0.07,25.6275,67.19500000000001,0.0475,59.5675,0.0,0.0,12.3625,743.4124999999999,
2023-03-19 18:00:00,14.52,78.13250000000001,4.8125,7.38,12.195,9.32,20.802500000000002,0.33,59.550000000000004,0.2,,,,0.0675,0.0775,22.6,78.6825,0.07500000000000001,105.7675,0.0,0.0,0.4,743.6025,
2023-03-19 19:00:00,18.35,83.0375,5.86,8.985,14.85,9.7175,23.095000000000002,0.4125,41.945,0.2475,,,,0.085,0.0975,21.025,87.17,0.1675,161.415,0.0,0.0,,744.285,
2023-03-19 20:00:00,32.5125,98.225,6.605,10.1325,16.7375,10.1325,24.9225,0.5525,29.939999999999998,0.33499999999999996,,,,0.1125,0.1325,20.7775,89.185,0.09,75.7575,0.0,0.0,,745.24,
2023-03-19 21:00:00,40.385000000000005,118.2975,7.195,11.0275,18.22,10.49,25.8425,0.665,13.647499999999999,0.40249999999999997,,,,0.135,0.1625,20.8575,90.5675,0.1275,161.20499999999998,0.0,0.0,,745.695,
2023-03-19 22:00:00,54.6325,156.27499999999998,7.0925,10.87,17.9675,10.6725,25.8625,0.6975,4.6025,0.4175,,,,0.14,0.165,19.975,93.2275,0.11,172.26250000000002,0.0,0.0,,745.4775,
2023-03-19 23:00:00,53.9825,156.95250000000001,6.4625,9.91,16.3725,10.3325,26.4725,0.715,1.8075,0.43,,,,0.14250000000000002,0.17250000000000001,18.93,96.7675,0.1625,139.69,0.0,0.0,,745.1875,
2023-03-20 00:00:00,51.575,130.8975,7.1825,11.0075,18.19,10.73,26.682499999999997,0.525,19.015,0.3125,,,,0.105,0.125,20.2275,87.19749999999999,0.7625,194.36,0.0,0.0,,745.3575,
2023-03-20 01:00:00,17.4725,102.6275,5.465,8.375,13.84,9.7125,26.8925,0.2975,30.7875,0.18,,,,0.0625,0.07250000000000001,19.8575,83.2075,0.48,206.3775,0.0,0.0,,745.02,
2023-03-20 02:00:00,2.5300000000000002,35.59,5.865,8.99,14.855,9.705,26.759999999999998,0.2625,32.4,0.16,,,,0.052500000000000005,0.0625,19.4875,83.925,0.4275,194.14749999999998,0.0,0.0,,744.7925,
2023-03-20 03:00:00,1.6925,36.64,5.1975,7.970000000000001,13.17,9.4825,26.7525,0.235,30.91,0.14,,,,0.0475,0.055,19.0125,85.985,0.41000000000000003,220.4625,0.0,0.0,,744.355,
2023-03-20 04:00:00,1.25,36.095,4.925,7.5525,12.4825,9.342500000000001,26.765,0.2325,25.740000000000002,0.14,,,,0.0425,0.05,19.0075,88.51,0.435,218.175,0.27,0.27,,744.275,
2023-03-20 05:00:00,0.81,22.7725,5.0425,7.7275,12.7675,9.275,26.835,0.2225,23.689999999999998,0.14,,,,0.0425,0.052500000000000005,17.9025,98.015,0.5225,172.9425,3.4675,3.4675,,744.95,
2023-03-20 06:00:00,0.4475,34.97,5.8175,8.92,14.7375,9.7075,26.62,0.265,13.9625,0.1575,,,,0.055,0.065,17.735,99.4075,0.36,184.8825,1.4625,1.4625,,745.8025,
2023-03-20 07:00:00,3.6849999999999996,28.822499999999998,5.5975,8.5775,14.1725,9.725,26.415,0.28,7.26,0.17,,,,0.06,0.07,17.822499999999998,99.9175,0.2175,178.92,4.42,4.42,,746.71,
2023-03-20 08:00:00,5.95,30.7325,5.3275,8.165000000000001,13.4925,9.627500000000001,25.98,0.28,10.4225,0.17,,,,0.06,0.07,17.98,100.0,0.2975,210.57,3.315,3.315,2.7350000000000003,747.0125,
2023-03-20 09:00:00,3.225,33.36,5.1425,7.8825,13.0225,9.5275,25.595,0.295,15.7425,0.175,,,,0.06,0.07,18.425,100.0,0.27,187.1125,1.1875,1.1875,14.870000000000001,746.9375,
2023-03-20 10:00:00,1.3625,29.47,6.345,9.7225,16.0675,9.875,25.54,0.3375,20.8425,0.2075,,,,0.0675,0.08,19.3725,100.0,0.2575,170.3425,0.165,0.165,36.14,746.91,
2023-03-20 11:00:00,3.4699999999999998,25.9575,5.5475,8.5,14.045,9.75,26.0875,0.32,26.3175,0.1925,,,,0.0675,0.0775,19.08,99.1825,0.415,140.1925,0.0,0.0,27.29,746.97,
2023-03-20 12:00:00,3.56,37.9425,5.1575,7.904999999999999,13.059999999999999,9.537500000000001,25.6475,0.3025,25.9425,0.1825,,,,0.06,0.07,19.2025,97.2025,0.365,158.525,0.0125,0.0125,26.34,746.3475,
2023-03-20 13:00:00,2.505,31.2475,3.755,5.76,9.5175,8.9025,25.689999999999998,0.3175,29.4675,0.1925,,,,0.065,0.07250000000000001,20.4625,93.17,0.42500000000000004,183.34,0.125,0.125,71.195,745.4625,
2023-03-20 14:00:00,4.317500000000001,38.574999999999996,3.3925,5.2025,8.5925,8.915,26.387500000000003,0.3025,36.98,0.1825,,,,0.06,0.07,22.655,83.1825,0.48,209.70999999999998,0.0025,0.0025,83.98,744.7375,
2023-03-20 15:00:00,5.26,20.7275,3.3325,5.105,8.4375,8.765,27.3975,0.2975,42.6875,0.1775,,,,0.06,0.07,24.814999999999998,74.7,0.485,191.01,0.0,0.0,134.565,744.1949999999999,
2023-03-20 16:00:00,2.895,31.542500000000004,3.555,5.4525,9.01,8.8325,28.7575,0.2875,50.072500000000005,0.17,,,,0.06,0.07,24.6475,71.3275,0.35250000000000004,167.3025,0.0025,0.0025,55.095,743.9,
2023-03-20 17:00:00,0.5325,27.46,4.1175,6.3100000000000005,10.4275,9.205,29.5,0.29,37.1375,0.17,,,,0.06,0.07,22.2275,81.265,0.14750000000000002,132.4775,0.0175,0.0175,12.595,744.065,
2023-03-20 18:00:00,1.145,24.09,4.0775,6.25,10.325000000000001,9.08,29.6675,0.2925,15.465,0.17250000000000001,,,,0.06,0.07,19.07,92.99,0.14500000000000002,199.56,0.0,0.0,,744.4375,
2023-03-20 19:00:00,0.30000000000000004,28.349999999999998,3.8499999999999996,5.9,9.747499999999999,9.1175,28.745,0.305,1.8066666666666666,0.185,,,,0.06,0.07,18.1,97.48750000000001,0.11,137.1275,0.0,0.0,,744.7425,
2023-03-20 20:00:00,1.8424999999999998,25.64,3.475,5.3275,8.8,8.955,28.567500000000003,0.3425,0.6950000000000001,0.20500000000000002,,,,0.07,0.08,18.052500000000002,98.935,0.1075,108.35,0.0,0.0,,745.265,
2023-03-20 21:00:00,2.5825,32.545,3.465,5.3100000000000005,8.7775,8.9,27.884999999999998,0.42,0.02,0.255,,,,0.085,0.1,18.052500000000002,99.685,0.115,107.74249999999999,0.0,0.0,,745.6675,
2023-03-20 22:00:00,9.715,37.6325,5.0200000000000005,7.6875,12.705,9.305,27.52,0.59,0.49,0.3575,,,,0.1125,0.14250000000000002,18.345,99.995,0.14750000000000002,143.115,0.0,0.0,,745.8525,
2023-03-20 23:00:00,15.899999999999999,56.015,5.8225,8.92,14.74,10.147499999999999,27.7225,0.5875,2.295,0.3525,,,,0.1175,0.14,18.345,100.0,0.23,185.935,0.0,0.0,,745.8125,
2023-03-21 00:00:00,17.0175,68.6775,5.32,8.155,13.469999999999999,9.752500000000001,27.8875,0.505,2.7725,0.305,,,,0.10250000000000001,0.12,17.830000000000002,100.0,0.20500000000000002,122.2075,0.0,0.0,,745.485,
2023-03-21 01:00:00,15.4375,64.0275,5.0775,7.7825,12.8625,9.675,27.17,0.455,2.966666666666667,0.275,,,,0.0925,0.11,17.7675,100.0,0.175,164.1975,0.0,0.0,,745.325,
2023-03-21 02:00:00,11.4125,60.802499999999995,5.085,7.7925,12.8775,9.5775,27.0125,0.445,2.1725000000000003,0.265,,,,0.09,0.10500000000000001,17.939999999999998,100.0,0.215,150.74,0.0,0.0,,745.0975,
2023-03-21 03:00:00,13.5475,55.1625,5.4475,8.350000000000001,13.7975,9.71,26.8125,0.4325,6.1274999999999995,0.26,,,,0.09,0.1,18.1575,100.0,0.255,184.715,0.0,0.0,,744.7225,
2023-03-21 04:00:00,14.3025,53.3525,5.2775,8.09,13.3675,9.629999999999999,26.9175,0.425,10.105,0.2575,,,,0.08499999999999999,0.1,17.605,100.0,0.3,173.89499999999998,0.0,0.0,,744.795,
2023-03-21 05:00:00,8.925,53.68,4.6675,7.15,11.8175,9.459999999999999,26.6725,0.3875,14.2875,0.2275,,,,0.07500000000000001,0.0925,17.3425,100.0,0.4,203.89499999999998,0.0,0.0,,745.1975,
2023-03-21 06:00:00,11.615,44.48,4.245,6.5075,10.75,9.15,26.2725,0.4,16.1125,0.2375,,,,0.08,0.0975,17.75,98.74,0.47,167.005,0.0,0.0,4.66,745.635,
2023-03-21 07:00:00,13.3225,53.375,3.8775,5.9425,9.817499999999999,9.0725,25.945,0.3975,18.34,0.2375,,,,0.08,0.0975,18.385,95.52250000000001,0.4275,178.5625,0.0,0.0,26.5675,746.0675,
2023-03-21 08:00:00,10.0775,55.709999999999994,4.1525,6.3675,10.52,9.085,26.1675,0.3875,24.669999999999998,0.23,,,,0.08,0.09,20.135,89.4025,0.59,165.7475,0.0,0.0,70.405,746.565,
2023-03-21 09:00:00,13.01,42.57,4.34,6.65,10.99,9.36,26.6,0.3925,30.2025,0.23249999999999998,,,,0.0775,0.095,21.705,83.8275,0.6675,173.8825,0.0,0.0,90.06,746.8475,
2023-03-21 10:00:00,18.005000000000003,54.54,4.890000000000001,7.4975000000000005,12.39,9.445,26.595,0.405,33.845,0.24,,,,0.0825,0.0975,23.497500000000002,77.3425,0.5725,175.18,0.0025,0.0025,99.3025,747.105,
2023-03-21 11:00:00,13.8975,54.3375,4.7675,7.3125,12.08,9.74,27.6575,0.4275,41.95,0.255,,,,0.08499999999999999,0.10250000000000001,24.8825,74.3175,0.6675,152.7575,0.0475,0.0475,245.09500000000003,746.78,
2023-03-21 12:00:00,13.995000000000001,58.71,3.345,5.1225000000000005,8.467500000000001,9.575,22.9725,0.385,60.56,0.2275,,,,0.0775,0.09,28.15,63.5625,0.7424999999999999,172.665,0.0,0.0,311.235,746.1775,
2023-03-21 13:00:00,21.857499999999998,65.33500000000001,3.1425,4.8149999999999995,7.96,9.2625,19.7025,0.33,72.7925,0.1975,,,,0.0675,0.0775,29.535,58.34,0.8,162.745,0.0,0.0,253.68,745.5275,
2023-03-21 14:00:00,12.2275,55.56,3.415,5.2375,8.6525,9.4475,18.2675,0.3075,79.505,0.1875,,,,0.0625,0.07,29.119999999999997,59.01,0.6174999999999999,162.76000000000002,0.0,0.0,114.0475,744.69,
2023-03-21 15:00:00,9.6925,54.45,3.3575,5.15,8.505,8.7375,17.805,0.2325,57.055,0.1375,,,,0.0475,0.052500000000000005,20.7325,81.23,1.0075,191.54999999999998,1.435,1.435,4.865,745.2225000000001,
2023-03-21 16:00:00,2.135,56.824999999999996,3.7675,5.7675,9.535,8.605,14.445,0.16999999999999998,52.845,0.10250000000000001,,,,0.035,0.04,17.3425,96.2575,0.67,160.43,2.4325,2.4325,60.864999999999995,745.2025,
2023-03-21 17:00:00,3.055,14.6725,2.8150000000000004,4.3125,7.1274999999999995,7.9475,11.6225,0.1725,32.4225,0.10500000000000001,,,,0.035,0.04,17.46,94.7,0.4125,188.0,0.0025,0.0025,15.645,745.1925,
2023-03-21 18:00:00,3.2375000000000003,12.43,2.8575,4.3774999999999995,7.2375,8.425,13.5975,0.18,23.9375,0.1075,,,,0.0375,0.04,16.4275,97.0675,0.26,185.7575,0.0,0.0,0.66,745.26,
2023-03-21 19:00:00,2.615,6.4624999999999995,2.9000000000000004,4.44,7.345,8.4575,15.6325,0.2,8.8925,0.12,,,,0.04,0.045,15.657499999999999,99.4075,0.2125,189.2575,0.0,0.0,,745.3725,
2023-03-21 20:00:00,5.0225,12.6525,2.8025,4.2924999999999995,7.0975,8.3,16.9925,0.2375,2.245,0.14500000000000002,,,,0.045,0.055,15.3125,100.0,0.20750000000000002,196.875,0.0,0.0,,745.905,
2023-03-21 21:00:00,6.2125,18.4,2.545,3.9025,6.452500000000001,8.16,17.8575,0.27749999999999997,0.09,0.1675,,,,0.057499999999999996,0.0675,14.942499999999999,100.0,0.1975,185.08249999999998,0.0,0.0,,746.235,
2023-03-21 22:00:00,6.2,21.295,2.5525,3.9125,6.465,8.185,18.2675,0.2975,2.58,0.1775,,,,0.06,0.07,14.537500000000001,100.0,0.26,200.3175,0.0,0.0,,746.3225,
2023-03-21 23:00:00,9.052499999999998,15.635,4.1175,6.3100000000000005,10.4275,8.7775,18.9025,0.34750000000000003,1.595,0.20750000000000002,,,,0.07,0.08,14.355,100.0,0.195,207.565,0.0,0.0,,746.0525,
2023-03-22 00:00:00,10.879999999999999,21.0875,5.452500000000001,8.36,13.815000000000001,9.305,18.862499999999997,0.415,,0.2525,,,,0.08499999999999999,0.1,14.2,100.0,0.185,193.8675,0.0,0.0,,745.92,
2023-03-22 01:00:00,11.6225,26.9725,5.115,7.8374999999999995,12.95,9.2825,18.244999999999997,0.45,,0.275,,,,0.0925,0.1075,14.115,100.0,0.255,270.19,0.0,0.0,,746.0475,
2023-03-22 02:00:00,10.35,19.737499999999997,6.737500000000001,10.3275,17.0625,9.88,18.91,0.4225,,0.255,,,,0.08499999999999999,0.10250000000000001,14.5625,100.0,0.21500000000000002,215.0525,0.0,0.0,,746.1125,
2023-03-22 03:00:00,10.71,43.2625,6.69,10.2525,16.9475,9.8675,19.3575,0.4,,0.24,,,,0.08,0.1,14.0025,100.0,0.2275,234.02249999999998,0.0,0.0,,746.0,
2023-03-22 04:00:00,13.34,39.417500000000004,5.5725,8.54,14.1075,9.735,18.8625,0.3875,0.62,0.2275,,,,0.0775,0.09,13.745,100.0,0.24,252.8975,0.0,0.0,,746.135,
2023-03-22 05:00:00,13.7125,42.7875,5.155,7.9025,13.0625,9.46,18.4925,0.385,0.66,0.2225,,,,0.07500000000000001,0.09,13.7425,100.0,0.22999999999999998,156.26999999999998,0.0,0.0,,746.36,
2023-03-22 06:00:00,11.217500000000001,38.78,3.935,6.03,9.967500000000001,9.1175,18.9425,0.3925,,0.2325,,,,0.08,0.09,13.5125,100.0,0.12,150.9875,0.0,0.0,5.0200000000000005,746.995,
2023-03-22 07:00:00,10.299999999999999,32.222500000000004,3.205,4.91,8.115,8.81,18.7025,0.3975,4.15,0.235,,,,0.08,0.0975,15.3275,100.0,0.23,203.1575,0.0,0.0,54.9575,747.65,
2023-03-22 08:00:00,11.922500000000001,28.3125,4.965,7.6075,12.5725,9.43,18.9575,0.365,24.095,0.21500000000000002,,,,0.07500000000000001,0.0875,17.5075,100.0,0.40750000000000003,209.5925,0.0,0.0,31.5925,748.3675000000001,
2023-03-22 09:00:00,11.57,35.7,4.705,7.2125,11.915,9.3875,20.262500000000003,0.2925,35.9875,0.1775,,,,0.055,0.07,20.2975,88.1425,0.63,226.7825,0.0,0.0,218.6925,748.4475,
2023-03-22 10:00:00,3.3125,25.4075,4.07,6.24,10.3125,9.165,22.2775,0.2375,51.19,0.14500000000000002,,,,0.045,0.055,26.5,59.8975,0.77,218.0125,0.0,0.0,358.24,748.4675,
2023-03-22 11:00:00,2.6500000000000004,24.9575,3.985,6.109999999999999,10.094999999999999,9.215,24.03,0.20500000000000002,60.1075,0.125,,,,0.04,0.05,28.28,51.0125,0.7925,209.2425,0.0,0.0,361.925,748.095,
2023-03-22 12:00:00,4.83,15.3375,4.12,6.3175,10.435,9.35,26.42,0.2,62.2925,0.1175,,,,0.04,0.0475,29.67,47.6,0.7925,183.815,0.0,0.0,336.3425,747.39,
2023-03-22 13:00:00,1.1675,6.862500000000001,4.0625,6.2275,10.2875,9.3825,28.725,0.2,60.1125,0.12,,,,0.04,0.05,30.3425,47.31,0.8975,222.0025,0.0,0.0,283.545,746.5375,
2023-03-22 14:00:00,0.1,7.282500000000001,4.0375,6.1875,10.2275,9.31,31.9525,0.195,63.207499999999996,0.11499999999999999,,,,0.04,0.045,31.560000000000002,43.4225,0.88,240.04,0.0,0.0,238.595,745.7149999999999,
2023-03-22 15:00:00,,11.2725,5.6425,8.65,14.29,9.35,33.655,0.19,65.535,0.11,,,,0.04,0.04,31.285,42.785,0.9075,251.955,0.0,0.0,166.60500000000002,745.04,
2023-03-22 16:00:00,,10.1425,23.2025,35.567499999999995,58.769999999999996,9.120000000000001,35.942499999999995,0.19,68.92,0.11,,,,0.04,0.04,28.6725,47.870000000000005,0.7275,236.1725,0.0,0.0,52.472500000000004,744.6375,
2023-03-22 17:00:00,1.6025,8.362499999999999,25.85,39.6225,65.475,9.24,36.745,0.19,68.86,0.11,,,,0.04,0.0425,26.064999999999998,53.5775,0.595,255.10250000000002,0.0,0.0,11.807500000000001,744.42,
2023-03-22 18:00:00,0.545,9.1975,27.485,42.13,69.615,9.365,36.1725,0.20500000000000002,49.7975,0.125,,,,0.04,0.0475,22.1475,68.74,0.1125,146.11249999999998,0.0,0.0,0.39,744.4375,
2023-03-22 19:00:00,0.05,21.439999999999998,24.965,38.2625,63.224999999999994,9.7675,34.417500000000004,0.2725,34.0875,0.165,,,,0.0575,0.0675,19.0075,82.625,0.065,89.57249999999999,0.0,0.0,,744.7950000000001,
2023-03-22 20:00:00,2.62,26.66,29.46,45.16,74.6225,10.8425,32.955,0.445,21.58,0.27,,,,0.0925,0.1075,17.8775,88.37,0.15,166.0925,0.0,0.0,,745.13,
2023-03-22 21:00:00,7.0975,36.6725,30.97,47.47,78.44,11.0075,31.53,0.4475,20.4725,0.275,,,,0.095,0.10500000000000001,18.45,89.97749999999999,0.2625,212.98250000000002,0.0,0.0,,745.5,
2023-03-22 22:00:00,11.1475,35.135,27.9025,42.769999999999996,70.67,10.535,29.9425,0.39,28.575,0.23,,,,0.0775,0.095,18.5925,87.4375,0.18,171.655,0.0,0.0,,745.6475,
2023-03-22 23:00:00,12.8025,42.2,25.685000000000002,39.3725,65.055,9.942499999999999,29.432499999999997,0.375,20.6175,0.22,,,,0.07,0.09,17.5875,92.37,0.195,168.2825,0.0,0.0,,745.6775,
2023-03-23 00:00:00,8.775,34.0075,21.0425,32.2525,53.2925,10.11,28.572499999999998,0.38,15.5525,0.2225,,,,0.07,0.09,16.945,95.64750000000001,0.2425,191.015,0.0,0.0,,745.5375,
2023-03-23 01:00:00,13.215,52.5,10.455,16.0275,26.48,10.1175,28.02,0.3825,6.2375,0.2225,,,,0.07250000000000001,0.09,16.245,97.42,0.165,194.2025,0.0,0.0,,744.935,
2023-03-23 02:00:00,15.1175,48.245,6.1125,9.370000000000001,15.48,9.9175,27.0675,0.3825,5.1175,0.2225,,,,0.07250000000000001,0.09,15.7025,98.935,0.2,174.755,0.0,0.0,,744.505,
2023-03-23 03:00:00,17.075000000000003,44.965,5.717499999999999,8.7625,14.475,9.7,26.1825,0.375,5.0649999999999995,0.22,,,,0.07,0.09,15.5175,99.7075,0.1625,156.235,0.0,0.0,,744.07,
2023-03-23 04:00:00,16.259999999999998,45.68,5.1375,7.87,13.0075,9.5375,25.6725,0.3575,4.675,0.2175,,,,0.07,0.09,15.445,100.0,0.2025,173.745,0.0,0.0,,744.025,
2023-03-23 05:00:00,15.77,41.6525,6.3325,9.7125,16.0425,9.81,24.8025,0.36,5.6,0.215,,,,0.07,0.0875,15.45,100.0,0.2425,212.495,0.0,0.0,,744.3375000000001,
2023-03-23 06:00:00,19.005,48.9625,6.2075,9.5175,15.725,10.11,24.3725,0.3725,3.335,0.22,,,,0.07,0.09,15.5625,100.0,0.245,192.6825,0.0,0.0,6.390000000000001,745.0025,
2023-03-23 07:00:00,15.4825,49.3775,6.285,9.6325,15.915,9.945,24.035,0.4125,13.192499999999999,0.245,,,,0.0825,0.0975,17.2825,99.16499999999999,0.37,204.86,0.0,0.0,58.5,745.7175,
2023-03-23 08:00:00,20.4025,51.5575,7.682499999999999,11.775,19.465,10.61,26.225,0.4575,45.4575,0.2775,,,,0.0925,0.1075,21.73,76.645,0.65,256.22,0.0,0.0,39.025,746.375,
2023-03-23 09:00:00,27.1275,69.185,7.055,10.81,17.8675,10.7025,28.6675,0.4175,60.650000000000006,0.25,,,,0.0825,0.1,26.0125,60.727500000000006,0.81,244.8675,0.0,0.0,194.9125,746.7225000000001,
2023-03-23 10:00:00,22.9025,66.24000000000001,5.6675,8.6875,14.355,10.0875,30.355,0.3275,74.1625,0.195,,,,0.065,0.07500000000000001,29.9875,48.7175,0.8574999999999999,249.73,0.0,0.0,332.95,746.95,
2023-03-23 11:00:00,13.575,58.0425,5.0225,7.6975,12.719999999999999,9.825000000000001,31.97,0.265,83.6125,0.16,,,,0.0525,0.0625,31.165,42.915,1.21,256.9225,0.0,0.0,346.8725,746.6975,
2023-03-23 12:00:00,13.2025,47.0075,2.945,4.52,7.4675,8.2575,30.8675,0.2,96.3375,0.12,,,,0.04,0.05,32.36,38.89,1.0575,218.6875,0.0,0.0,325.82,746.1975,
2023-03-23 13:00:00,4.9525,43.58,2.965,4.547499999999999,7.515,8.18,28.45,0.175,96.9525,0.1075,,,,0.035,0.0425,33.445,33.917500000000004,1.1175,242.8025,0.0,0.0,285.335,745.565,
2023-03-23 14:00:00,4.407500000000001,25.8575,2.6775,4.1025,6.7825,7.950000000000001,28.8625,0.1525,96.785,0.0925,,,,0.03,0.04,33.2425,32.76,1.305,263.35,0.0,0.0,218.995,744.885,
2023-03-23 15:00:00,6.2775,28.8,2.7075,4.15,6.8575,8.0975,27.7825,0.1525,97.3275,0.09,,,,0.03,0.04,33.2525,31.59,1.0775000000000001,246.155,0.0,0.0,165.165,744.495,
2023-03-23 16:00:00,5.46,25.83,3.1550000000000002,4.835,7.9925,8.2725,25.927500000000002,0.1525,96.97999999999999,0.095,,,,0.03,0.04,30.9575,35.1275,0.965,236.72500000000002,0.0,0.0,54.3575,744.1975,
2023-03-23 17:00:00,3.955,37.5925,5.3325,8.1725,13.505,9.46,24.7975,0.1975,86.6775,0.12,,,,0.0375,0.0475,28.4025,42.2,0.6475,239.07750000000001,0.0,0.0,16.0675,744.26,
2023-03-23 18:00:00,6.6175,36.442499999999995,5.445,8.3475,13.79,9.6125,20.4375,0.21,59.93,0.13,,,,0.0425,0.05,24.0175,59.4375,0.08499999999999999,95.91499999999999,0.0,0.0,0.48,744.405,
2023-03-23 19:00:00,7.8125,54.6875,8.34,12.785,21.125,10.5125,22.2275,0.3175,37.87,0.1925,,,,0.0625,0.07250000000000001,20.83,72.08,0.08666666666666667,110.25666666666666,0.0,0.0,,744.7166666666667,
2023-03-23 20:00:00,22.0625,68.045,8.5325,13.075,21.607499999999998,10.785,23.9375,0.395,23.975,0.24,,,,0.08,0.0975,,,,,0.0,0.0,,,
2023-03-23 21:00:00,22.564999999999998,71.765,13.855,21.2425,35.095,12.285,24.9925,0.6725,8.43,0.40750000000000003,,,,0.135,0.1625,,,,,0.0,0.0,,,
2023-03-23 22:00:00,52.6525,118.365,17.8675,27.385,45.2525,14.175,25.08,0.925,3.5199999999999996,0.5575,,,,0.1875,0.225,,,,,0.0,0.0,,,
2023-03-23 23:00:00,53.1175,132.1825,20.21,30.9775,51.19,15.29,25.8125,1.1,0.10000000000000002,0.66,,,,0.22,0.265,,,,,0.0,0.0,,,
2023-03-24 00:00:00,41.49,139.4975,16.0625,24.6175,40.677499999999995,14.370000000000001,25.555,0.98,,0.585,,,,0.195,0.22999999999999998,,,,,0.0,0.0,,,
2023-03-24 01:00:00,47.644999999999996,114.78,13.3675,20.4875,33.855000000000004,13.129999999999999,24.997500000000002,0.775,1.51,0.45999999999999996,,,,0.155,0.185,,,,,0.0,0.0,,,
2023-03-24 02:00:00,30.825000000000003,94.4225,10.605,16.2575,26.865000000000002,12.1875,24.715,0.615,7.9525,0.3675,,,,0.1225,0.14750000000000002,,,,,0.0,0.0,,,
2023-03-24 03:00:00,28.4375,90.5125,8.625,13.2175,21.84,11.059999999999999,24.16,0.585,0.665,0.3525,,,,0.12,0.14,,,,,0.0,0.0,,,
2023-03-24 04:00:00,27.5625,78.275,11.25,17.2425,28.4925,11.805,23.6625,0.6125,,0.375,,,,0.12,0.15,,,,,0.0,0.0,,,
2023-03-24 05:00:00,28.8125,86.75999999999999,9.7575,14.955,24.7125,12.395,24.17,0.6325000000000001,,0.3825,,,,0.125,0.1525,,,,,0.0,0.0,,,
2023-03-24 06:00:00,29.6025,75.27,9.317499999999999,14.285,23.605,12.14,23.0575,0.6475,,0.3875,,,,0.13,0.1525,,,,,0.0,0.0,,,
2023-03-24 07:00:00,30.59,67.28750000000001,7.6274999999999995,11.6875,19.3125,11.315,23.09,0.635,,0.3825,,,,0.1275,0.1525,,,,,0.0,0.0,,,
2023-03-24 08:00:00,30.9825,71.63,19.6825,30.1725,49.86,14.295,25.619999999999997,0.78,14.926666666666668,0.47250000000000003,,,,0.155,0.19,,,,,0.0,0.0,,,
2023-03-24 09:00:00,35.445,97.75750000000001,24.715,37.885,62.6025,19.54,28.465,0.735,61.537499999999994,0.435,,,,0.14250000000000002,0.17250000000000001,,,,,0.0,0.0,,,
2023-03-24 10:00:00,29.6375,116.05,10.0025,15.3325,25.34,12.67,30.8525,0.445,96.52,0.2625,,,,0.0875,0.10500000000000001,,,,,0.0,0.0,,,
2023-03-24 11:00:00,21.415,72.9925,6.5725,10.07,16.645,9.9725,32.825,0.3275,114.7225,0.195,,,,0.065,0.0775,34.62,33.04,0.66,266.09,0.0,0.0,330.74,747.18,
2023-03-24 12:00:00,14.8225,60.715,4.7524999999999995,7.2825,12.035,9.1225,30.7725,0.2525,128.4675,0.15,,,,0.05,0.06,35.325,31.4125,0.625,213.9,0.0,0.0,311.565,746.765,
2023-03-24 13:00:00,14.29,42.2,5.1450000000000005,7.8875,13.0375,9.4825,29.5775,0.275,143.14499999999998,0.165,,,,0.055,0.065,35.677499999999995,31.05,0.6575,231.0575,0.0,0.0,268.0075,746.165,
2023-03-24 14:00:00,8.6125,53.5975,4.78,7.327500000000001,12.1125,9.1125,29.6825,0.2575,143.605,0.155,,,,0.0525,0.0625,36.32,30.6325,0.6225,221.685,0.02,0.02,212.95,745.61,
2023-03-24 15:00:00,11.3325,52.06,3.3075,5.07,8.375,8.3525,28.697499999999998,0.1925,123.63250000000001,0.1125,,,,0.04,0.0425,36.0975,31.6075,0.62,229.3375,0.0,0.0,152.51,745.0825,
2023-03-24 16:00:00,7.8825,39.475,3.0774999999999997,4.7175,7.8,8.4825,28.65,0.1975,122.5325,0.1175,,,,0.04,0.0475,33.0025,38.5975,0.43,188.73,0.0,0.0,53.6575,744.7975,
2023-03-24 17:00:00,5.3775,45.41,3.4225000000000003,5.2475000000000005,8.67,8.6425,25.7375,0.19,85.8125,0.1125,,,,0.04,0.04,29.405,51.215,0.18,144.8125,0.0,0.0,16.2475,744.67,
2023-03-24 18:00:00,10.6375,46.865,7.17,10.9875,18.1625,9.495000000000001,24.185000000000002,0.2125,75.14500000000001,0.1325,,,,0.04,0.05,25.0175,64.8075,0.1,103.1325,0.0,0.0,0.64,744.535,
2023-03-24 19:00:00,10.877500000000001,45.03,44.3425,67.965,112.3025,9.6275,26.03,0.2225,57.3575,0.1375,,,,0.0425,0.052500000000000005,22.435000000000002,74.24,0.135,111.50500000000001,0.0,0.0,,745.1125,
2023-03-24 20:00:00,14.945,52.6725,53.91,82.635,136.5475,10.2275,26.9175,0.4275,34.3975,0.2575,,,,0.0875,0.10250000000000001,21.41,81.395,0.1775,164.4425,0.0,0.0,,745.7375,
2023-03-24 21:00:00,19.1825,87.2325,51.71,79.25999999999999,130.9675,11.4575,27.6425,0.625,11.192499999999999,0.375,,,,0.125,0.15,21.03,87.6725,0.1875,169.4,0.0,0.0,,746.21,
2023-03-24 22:00:00,37.4975,105.64,47.807500000000005,73.2775,121.08,11.8125,28.14,0.65,14.695,0.39,,,,0.13,0.16,20.9925,86.045,0.1325,109.275,0.0,0.0,,746.2075,
2023-03-24 23:00:00,42.727500000000006,113.7125,47.38,72.6275,120.00999999999999,11.2275,28.25,0.615,12.540000000000001,0.37,,,,0.1225,0.15,20.4175,88.725,0.23,198.0425,0.0,0.0,,746.0825,
2023-03-25 00:00:00,42.2525,109.65,42.955,65.8475,108.8025,10.5925,28.2225,0.5475,8.469999999999999,0.3325,,,,0.11,0.1325,20.0075,91.8125,0.17500000000000002,145.3875,0.0,0.0,,746.01,
2023-03-25 01:00:00,36.3775,95.9225,43.5625,66.77250000000001,110.3325,10.3325,27.64,0.58,18.45,0.3475,,,,0.1175,0.14,19.515,90.09,0.1725,112.28999999999999,0.0,0.0,,745.6325,
2023-03-25 02:00:00,37.49,105.59,40.5825,62.2075,102.79,10.275,27.7525,0.5275000000000001,19.91,0.3175,,,,0.10250000000000001,0.125,18.855,91.735,0.1275,123.245,0.0,0.0,,745.2825,
2023-03-25 03:00:00,40.06,96.86,52.3025,80.1725,132.475,10.8375,27.5475,0.52,11.254999999999999,0.315,,,,0.1,0.125,18.4725,93.10499999999999,0.14250000000000002,105.1975,0.0,0.0,,744.985,
2023-03-25 04:00:00,43.9125,111.5975,54.03,82.82,136.8475,11.9975,26.8925,0.52,2.9349999999999996,0.3125,,,,0.1,0.1225,18.105,94.1325,0.1975,126.9075,0.0,0.0,,744.8025,
2023-03-25 05:00:00,38.45,116.1,52.3825,80.2925,132.675,12.265,26.9925,0.5075000000000001,10.3425,0.3075,,,,0.1,0.1225,19.08,90.8375,0.28,153.5075,0.0,0.0,,745.2025,
2023-03-25 06:00:00,37.5775,96.52,46.95,71.9675,118.9225,10.73,26.9375,0.425,34.2575,0.2575,,,,0.08499999999999999,0.1,20.7325,82.1875,0.6925,191.67249999999999,0.08,0.08,1.1425,747.2225,
2023-03-25 07:00:00,29.9775,97.47,44.18,67.72,111.9025,9.397499999999999,26.2125,0.3175,34.095,0.1875,,,,0.0625,0.07250000000000001,19.5,90.1825,0.48,199.6475,0.15000000000000002,0.15000000000000002,32.3725,748.1825,
2023-03-25 08:00:00,20.299999999999997,48.935,47.5325,72.8575,120.395,9.1075,27.0,0.24,40.6975,0.14500000000000002,,,,0.0475,0.055,21.8475,79.8425,0.7675,161.3525,0.0,0.0,49.0575,748.76,
2023-03-25 09:00:00,13.004999999999999,36.425,43.8275,67.18,111.0075,8.825,28.072499999999998,0.2025,49.8775,0.1225,,,,0.04,0.05,25.35,66.255,0.9450000000000001,139.85,0.0,0.0,185.69,749.355,
2023-03-25 10:00:00,6.6625,33.82,44.6725,68.47749999999999,113.15,8.8425,28.8,0.19,50.78,0.1125,,,,0.04,0.04,26.872500000000002,60.32,1.155,185.2575,0.005,0.005,251.18,749.5225,
2023-03-25 11:00:00,5.2700000000000005,35.8975,43.9275,67.3325,111.26,8.9725,30.3,0.1925,55.975,0.1125,,,,0.04,0.0425,28.6275,56.099999999999994,1.24,148.5725,0.024999999999999998,0.024999999999999998,317.8125,749.2375,
2023-03-25 12:00:00,7.547499999999999,32.5075,43.4125,66.5475,109.955,8.955,32.33,0.1825,61.505,0.1125,,,,0.04,0.0425,30.045,51.455,1.0425,139.91,0.0,0.0,304.4675,748.405,
2023-03-25 13:00:00,3.73,32.7975,48.9125,74.9775,123.89,9.0475,34.3575,0.1825,69.0525,0.11,,,,0.04,0.04,31.975,46.0525,0.9125,208.1525,0.0,0.0,267.1325,747.7675,
2023-03-25 14:00:00,3.9125,36.485,48.405,74.2,122.6075,9.2075,37.3275,0.18,73.95750000000001,0.11,,,,0.04,0.04,33.25,43.2025,0.81,145.32999999999998,0.0,0.0,214.68,747.0975,
2023-03-25 15:00:00,4.545,45.48,47.7275,73.1575,120.8875,9.129999999999999,40.004999999999995,0.175,74.59,0.1075,,,,0.0375,0.04,32.965,43.332499999999996,0.8724999999999999,163.71,0.0,0.0,159.1825,746.375,
2023-03-25 16:00:00,7.529999999999999,38.97,45.8925,70.345,116.235,8.8875,42.31,0.16,72.6075,0.1,,,,0.0325,0.04,30.6725,47.5975,0.6275,145.4675,0.0,0.0,56.745000000000005,746.2025,
2023-03-25 17:00:00,0.69,29.3625,43.095,66.06,109.155,8.9775,43.099999999999994,0.1675,61.4225,0.1,,,,0.0325,0.04,28.1775,56.004999999999995,0.21500000000000002,149.48250000000002,0.0,0.0,17.462500000000002,746.3525,
2023-03-25 18:00:00,4.105,19.1275,43.19,66.1975,109.39,9.254999999999999,42.56,0.155,47.33,0.0925,,,,0.03,0.04,23.9375,71.3275,0.15250000000000002,155.805,0.0,0.0,0.97,746.3924999999999,
2023-03-25 19:00:00,6.2725,25.475,44.2575,67.845,112.10249999999999,9.0775,40.795,0.165,25.2775,0.1,,,,0.035,0.04,21.552500000000002,84.55,0.125,180.60000000000002,0.0,0.0,,746.635,
2023-03-25 20:00:00,4.56,19.1575,52.98,81.2075,134.19,10.2925,38.9725,0.3125,13.545,0.1875,,,,0.06,0.075,20.64,88.3075,0.17250000000000001,215.415,0.0,0.0,,747.0875,
2023-03-25 21:00:00,8.467500000000001,44.44,49.265,75.5125,124.775,10.5975,37.195,0.44,8.0175,0.265,,,,0.09,0.10250000000000001,19.9925,90.9875,0.2025,258.3775,0.0,0.0,,747.3775,
2023-03-25 22:00:00,18.215,51.730000000000004,45.9925,70.4975,116.4825,10.657499999999999,35.3375,0.5175000000000001,6.795,0.3125,,,,0.10250000000000001,0.125,19.215,93.7025,0.1525,205.585,0.0,0.0,,747.24,
2023-03-25 23:00:00,21.0975,59.8675,45.665,69.9975,115.6675,10.515,33.495,0.505,9.202499999999999,0.3025,,,,0.1,0.12,18.5675,94.235,0.1875,217.4,0.0,0.0,,746.9175,
2023-03-26 00:00:00,19.3625,61.3275,44.84,68.73,113.57,10.0525,32.5575,0.4625,9.5275,0.28,,,,0.095,0.1075,17.947499999999998,95.6975,0.14250000000000002,165.4175,0.0,0.0,,746.6275,
2023-03-26 01:00:00,16.3875,53.4775,42.8025,65.61,108.4175,9.645,31.395,0.4,9.1275,0.24,,,,0.08,0.0975,17.4825,96.63499999999999,0.11,119.385,0.0,0.0,,746.3275,
2023-03-26 02:00:00,18.5875,58.4825,45.595,69.885,115.48,9.817499999999999,30.065,0.395,7.2925,0.2375,,,,0.08,0.095,17.74,97.44,0.2825,251.63,0.0,0.0,,746.245,
2023-03-26 03:00:00,20.8675,63.55,43.105000000000004,66.075,109.17750000000001,9.967500000000001,29.0125,0.4325,3.1,0.2625,,,,0.09,0.1,17.4525,97.3075,0.2425,248.725,0.0,0.0,,746.1625,
2023-03-26 04:00:00,20.724999999999998,62.8625,44.9125,68.8475,113.7625,9.715,28.225,0.435,2.1675,0.26,,,,0.09,0.1,17.0,98.72,0.235,247.7075,0.0,0.0,,746.1725,
2023-03-26 05:00:00,24.2775,59.2125,42.23,64.7275,106.955,10.09,27.4425,0.4375,1.76,0.26,,,,0.09,0.1,16.7975,99.155,0.2375,256.89750000000004,0.0,0.0,,746.4549999999999,
2023-03-26 06:00:00,23.3425,69.865,45.3925,69.5775,114.9725,9.9875,27.0325,0.44,1.8824999999999998,0.26,,,,0.09,0.1,16.5325,99.425,0.165,187.43,0.0,0.0,6.5575,746.9425,
2023-03-26 07:00:00,29.6925,65.1675,40.58,62.2025,102.785,9.945,26.605,0.445,2.155,0.265,,,,0.09,0.10500000000000001,19.1675,97.0425,0.2725,201.8175,0.0,0.0,45.2825,747.4175,
2023-03-26 08:00:00,21.2,63.0875,42.95,65.83500000000001,108.7825,11.4275,23.567500000000003,0.4425,41.61,0.265,,,,0.0875,0.1075,24.3975,70.1875,0.46499999999999997,253.605,0.0,0.0,44.05,747.825,
2023-03-26 09:00:00,25.6525,77.60499999999999,34.99,53.6375,88.6325,10.5425,21.0675,0.3325,71.43,0.1975,,,,0.0625,0.0775,29.1175,52.54,0.5475,231.1975,0.0,0.0,205.3225,748.195,
2023-03-26 10:00:00,18.490000000000002,75.38,18.265,27.9975,46.265,9.4725,23.5275,0.22,74.9275,0.1375,,,,0.0425,0.052500000000000005,32.5775,43.455,0.84,259.52750000000003,0.0,0.0,333.7825,748.2574999999999,
2023-03-26 11:00:00,11.635,34.8625,12.29,18.8425,31.1425,9.4025,27.0725,0.1925,76.51,0.1125,,,,0.04,0.0425,33.995,38.3375,0.7875,242.415,0.0,0.0,343.3075,747.8824999999999,
2023-03-26 12:00:00,6.36,34.1425,9.57,14.6675,24.2375,9.0625,30.705,0.175,76.155,0.1075,,,,0.0375,0.04,34.37,34.665,1.02,251.8725,0.027500000000000004,0.027500000000000004,320.9625,747.22,
2023-03-26 13:00:00,5.3025,38.21,7.2225,11.0675,18.29,7.7175,31.247500000000002,0.1175,86.67,0.08,,,,0.03,0.03,35.1725,31.4375,1.1324999999999998,233.53,0.0125,0.0125,277.8725,746.4375,
2023-03-26 14:00:00,3.8325,31.8125,5.525,8.4725,14.0,7.715,29.807499999999997,0.2125,89.07,0.13,,,,0.0425,0.05,35.26,29.7825,0.9025,219.1575,0.0025,0.0025,222.175,745.5175,
2023-03-26 15:00:00,2.5875,39.805,14.9475,22.91,37.8575,7.885,28.305,0.125,89.93,0.08,,,,0.03,0.03,34.655,30.185,0.9175,241.5575,0.0175,0.0175,159.615,744.735,
2023-03-26 16:00:00,10.0275,47.644999999999996,30.6575,46.9875,77.64500000000001,8.475,29.52,0.125,86.4225,0.08,,,,0.03,0.03,32.1625,30.4375,0.855,243.1225,0.0,0.0,57.3675,744.235,
2023-03-26 17:00:00,5.3525,60.6575,35.995000000000005,55.175,91.1675,8.7875,32.58,0.1375,75.0125,0.0875,,,,0.03,0.035,29.96,29.740000000000002,0.7075,271.3525,0.0,0.0,17.2025,744.1725,
2023-03-26 18:00:00,5.63,66.64250000000001,30.12,46.1675,76.285,9.467500000000001,35.045,0.2,57.7325,0.12,,,,0.04,0.0475,26.0625,40.9525,0.31,186.5025,0.0,0.0,0.91,744.485,
2023-03-26 19:00:00,10.2925,73.8875,30.5775,46.8675,77.445,9.657499999999999,35.15,0.24,42.7825,0.14250000000000002,,,,0.0475,0.057499999999999996,22.2075,55.95,0.12250000000000001,115.21,0.0,0.0,,744.9749999999999,
2023-03-26 20:00:00,11.6125,74.735,30.6575,46.995,77.655,10.1325,34.5075,0.31,35.2125,0.1875,,,,0.0625,0.07250000000000001,20.5225,64.495,0.1925,176.7825,0.0,0.0,,745.4625,
2023-03-26 21:00:00,12.46,81.28999999999999,33.67,51.6075,85.275,10.0675,33.485,0.325,26.8225,0.1975,,,,0.0675,0.0775,20.1625,70.4725,0.2075,157.8875,0.0,0.0,,745.805,
2023-03-26 22:00:00,14.59,93.6275,30.7,47.055,77.755,9.905000000000001,33.519999999999996,0.33,42.254999999999995,0.2,,,,0.07,0.08,21.32,59.4125,0.3125,232.82999999999998,0.0,0.0,,745.715,
2023-03-26 23:00:00,21.05,102.96249999999999,26.99,41.37,68.3575,9.9125,31.9125,0.33,37.3175,0.2,,,,0.07,0.08,20.9725,62.4975,0.2,162.525,0.0,0.0,,745.5025,
2023-03-27 00:00:00,20.73,114.8925,25.259999999999998,38.72,63.980000000000004,9.705,30.8975,0.335,32.145,0.2025,,,,0.07,0.08,19.57,69.2875,0.22249999999999998,171.20250000000001,0.0,0.0,,745.3225,
2023-03-27 01:00:00,21.697499999999998,103.8125,25.6375,39.3,64.94,9.977500000000001,30.2975,0.355,24.810000000000002,0.2125,,,,0.07,0.08499999999999999,18.6175,75.23,0.235,218.56,0.0,0.0,,745.075,
2023-03-27 02:00:00,26.215,98.1625,25.275,38.74,64.0125,9.8675,29.8075,0.345,28.935000000000002,0.2025,,,,0.07,0.08,17.34,77.7975,0.14500000000000002,134.57,0.0,0.0,,744.925,
2023-03-27 03:00:00,23.740000000000002,92.13499999999999,28.3975,43.53,71.9325,9.86,29.2625,0.35,23.8,0.21,,,,0.07,0.0825,16.45,82.7925,0.165,159.64249999999998,0.0,0.0,,744.8325,
2023-03-27 04:00:00,19.8875,94.7225,28.8625,44.239999999999995,73.1,10.145,27.915,0.335,21.915,0.2,,,,0.07,0.08,15.9875,84.895,0.275,209.9025,0.0,0.0,,744.9375,
2023-03-27 05:00:00,20.9725,90.965,28.9875,44.43,73.4175,10.455,27.4075,0.3225,20.0175,0.195,,,,0.065,0.07500000000000001,16.04,85.4375,0.2275,193.66750000000002,0.0,0.0,,745.295,
2023-03-27 06:00:00,18.89,87.3425,26.86,41.175,68.035,10.6775,27.305,0.325,22.18,0.195,,,,0.0675,0.0775,16.9725,82.83500000000001,0.3775,206.8275,0.0,0.0,7.095,745.845,
2023-03-27 07:00:00,17.3925,83.4,26.9175,41.2625,68.1825,10.6325,28.2975,0.3325,32.6275,0.1975,,,,0.07,0.08,20.7,69.7525,0.5575,246.7075,0.0,0.0,46.082499999999996,746.4925000000001,
2023-03-27 08:00:00,20.759999999999998,90.035,25.81,39.5625,65.3725,10.72,30.5225,0.325,48.147499999999994,0.195,,,,0.0675,0.0775,24.2525,55.4875,0.7775,249.6775,0.0,0.0,52.76,746.9775,
2023-03-27 09:00:00,17.4775,94.77000000000001,28.205000000000002,43.2325,71.435,9.940000000000001,30.585,0.28,60.9675,0.1675,,,,0.057499999999999996,0.0675,27.9175,44.614999999999995,0.8425,245.1325,0.0,0.0,223.55,747.3475,
2023-03-27 10:00:00,14.5075,76.9975,24.627499999999998,37.75,62.38,9.66,31.509999999999998,0.24,70.41749999999999,0.14500000000000002,,,,0.0475,0.057499999999999996,31.295,35.3125,0.8574999999999999,254.15500000000003,0.0,0.0,336.72749999999996,747.5975000000001,
2023-03-27 11:00:00,9.9825,63.3675,26.205,40.1725,66.375,9.469999999999999,34.6925,0.20500000000000002,75.5375,0.125,,,,0.04,0.05,33.6775,30.535,0.89,239.4925,0.0,0.0,340.78499999999997,747.3625,
2023-03-27 12:00:00,5.15,59.552499999999995,28.495,43.682500000000005,72.175,9.592500000000001,38.2375,0.175,78.5975,0.10500000000000001,,,,0.035,0.04,33.9125,27.9175,1.205,242.39499999999998,0.0,0.0,317.7375,746.6825,
2023-03-27 13:00:00,4.2575,76.35249999999999,26.6025,40.785,67.385,9.2125,39.595,0.155,74.7225,0.0975,,,,0.03,0.04,34.4025,26.905,1.05,236.585,0.0,0.0,255.39,745.9075,
2023-03-27 14:00:00,7.0925,67.6525,34.542500000000004,52.9525,87.4975,9.035,43.7125,0.1575,74.85,0.095,,,,0.03,0.04,34.43,26.83,1.1175,226.905,0.0,0.0,211.84,745.3050000000001,
2023-03-27 15:00:00,8.3725,75.7325,24.685000000000002,37.8425,62.5275,8.1375,39.475,0.14,93.095,0.0875,,,,0.03,0.0325,34.3975,27.1325,1.03,253.82,0.0,0.0,148.5875,744.8925,
2023-03-27 16:00:00,5.585,81.0075,22.8975,35.095,57.9925,8.0125,30.03,0.15000000000000002,93.56,0.09,,,,0.03,0.035,31.9175,30.0075,0.915,248.40750000000003,0.0,0.0,59.235,744.7725,
2023-03-27 17:00:00,10.445,88.685,22.1125,33.895,56.0075,8.4025,26.4775,0.1625,90.57,0.0975,,,,0.0325,0.04,29.6575,34.9825,0.8575,244.61249999999998,0.0,0.0,16.982499999999998,744.95,
2023-03-27 18:00:00,8.9975,81.25,24.675,37.8225,62.4975,9.5725,28.855,0.2275,66.7025,0.1375,,,,0.045,0.055,26.6475,44.8925,0.33749999999999997,212.0975,0.0,0.0,1.09,745.0775,
2023-03-27 19:00:00,10.055,96.63,25.0775,38.4375,63.515,9.795,31.3675,0.28,49.1525,0.1675,,,,0.055,0.065,23.0275,58.7075,0.17500000000000002,166.1275,0.0,0.0,,745.3475,
2023-03-27 20:00:00,13.1675,100.9875,29.815,45.7,75.5175,10.2525,32.49,0.345,43.5375,0.20500000000000002,,,,0.07,0.08,21.8275,62.875,0.145,131.425,0.0,0.0,,745.8050000000001,
2023-03-27 21:00:00,21.45,109.8075,27.8425,42.675,70.515,10.085,32.455,0.32,39.85,0.1925,,,,0.065,0.07500000000000001,21.2175,66.20750000000001,0.1925,155.7075,0.0,0.0,,746.1475,
2023-03-27 22:00:00,16.1275,103.4625,27.7825,42.5875,70.3725,10.0,31.942500000000003,0.305,32.3625,0.1825,,,,0.06,0.07,19.7125,73.44,0.13,146.0775,0.0,0.0,,746.165,
2023-03-27 23:00:00,17.4075,87.1025,27.0775,41.5125,68.59,9.907499999999999,31.384999999999998,0.3775,27.302500000000002,0.2225,,,,0.07500000000000001,0.09,19.0125,76.5625,0.13,157.59,0.0,0.0,,745.88,
2023-03-28 00:00:00,24.75,97.565,25.0175,38.3475,63.37,9.8675,30.9325,0.405,25.7,0.24,,,,0.08,0.1,17.75,80.53,0.14,163.05,0.0,0.0,,745.6424999999999,
2023-03-28 01:00:00,24.802500000000002,100.22,23.4525,35.95,59.4025,10.25,30.599999999999998,0.405,27.335,0.2425,,,,0.08,0.1,17.155,79.315,0.195,205.7425,0.0,0.0,,745.4275,
2023-03-28 02:00:00,25.7,94.0775,24.185000000000002,37.07,61.2525,10.6675,30.412499999999998,0.425,29.232499999999998,0.255,,,,0.0875,0.0975,17.3575,78.9625,0.27749999999999997,206.4225,0.0,0.0,,745.2375,
2023-03-28 03:00:00,27.7525,100.595,23.275,35.6775,58.9525,10.2475,31.505000000000003,0.36,48.205,0.215,,,,0.07,0.08499999999999999,18.822499999999998,72.075,0.365,198.09,0.0,0.0,,745.0775,
2023-03-28 04:00:00,29.049999999999997,83.05,23.3175,35.7425,59.0625,9.83,30.3325,0.3525,45.0125,0.2125,,,,0.07,0.0825,18.135,75.4375,0.245,191.245,0.0,0.0,,745.0275,
2023-03-28 05:00:00,20.557499999999997,64.1025,24.8075,38.0225,62.8275,9.772499999999999,29.665,0.385,38.55,0.22999999999999998,,,,0.07500000000000001,0.095,17.134999999999998,80.4025,0.36,190.4225,0.0,0.0,,745.3175,
2023-03-28 06:00:00,27.5525,66.5625,25.2275,38.6725,63.9,10.0125,29.3525,0.3975,35.3,0.2425,,,,0.08,0.1,17.345,81.095,0.2925,202.065,0.0,0.0,3.33,745.9075,
2023-03-28 07:00:00,23.46,78.92,28.7975,44.1425,72.9375,10.08,30.122500000000002,0.4075,38.155,0.2475,,,,0.08,0.1,19.25,77.38749999999999,0.275,188.9075,0.0,0.0,42.1,746.435,
2023-03-28 08:00:00,26.9575,82.9375,29.865000000000002,45.78,75.6475,10.1975,32.54,0.39,67.44,0.2325,,,,0.0775,0.0925,23.4575,60.3775,0.575,223.3025,0.0,0.0,36.3825,747.0325,
2023-03-28 09:00:00,22.349999999999998,81.26750000000001,28.35,43.455,71.805,10.3425,33.0375,0.3575,84.325,0.21000000000000002,,,,0.07250000000000001,0.08499999999999999,27.865000000000002,48.78,0.6625,198.575,0.0,0.0,244.16750000000002,747.49,
2023-03-28 10:00:00,19.855,70.24,27.2475,41.7675,69.015,9.625,29.585,0.295,108.255,0.1775,,,,0.057499999999999996,0.0675,31.4075,39.6075,0.885,233.5525,0.0,0.0,364.7175,747.6075,
2023-03-28 11:00:00,9.362499999999999,74.7025,27.05,41.4625,68.51249999999999,8.620000000000001,27.197499999999998,0.2225,104.6425,0.13,,,,0.045,0.05,33.1875,35.182500000000005,0.865,246.435,0.0,0.0,365.5525,747.3399999999999,
2023-03-28 12:00:00,15.375,61.5375,24.4625,37.5,61.9625,8.1075,28.0825,0.16749999999999998,100.48,0.10500000000000001,,,,0.035,0.04,34.3925,31.0275,0.995,252.16750000000002,0.0,0.0,336.9675,746.85,
2023-03-28 13:00:00,6.92,48.07,20.205,30.9675,51.1725,7.8475,28.6825,0.135,102.3825,0.0825,,,,0.03,0.0325,34.7425,28.3675,1.3,253.615,0.0,0.0,294.09749999999997,746.23,
2023-03-28 14:00:00,2.9675,39.155,21.9675,33.6725,55.64,7.715,29.495,0.12,101.5525,0.08,,,,0.03,0.03,35.235,26.5575,0.975,232.1425,0.0,0.0,234.25,745.5575,
2023-03-28 15:00:00,1.7475,35.152499999999996,25.0625,38.415,63.475,7.8175,29.115,0.1175,100.2525,0.07500000000000001,,,,0.0275,0.03,35.235,26.035,0.9525,264.2675,0.0,0.0,171.465,745.36,
2023-03-28 16:00:00,3.5575,38.76,26.355,40.4,66.755,7.904999999999999,28.245,0.1275,102.245,0.0775,,,,0.0275,0.03,32.6975,28.0175,1.04,248.5325,0.0,0.0,58.302499999999995,745.415,
2023-03-28 17:00:00,3.405,40.43,28.5225,43.7175,72.2375,8.005,26.7775,0.14750000000000002,99.0175,0.09,,,,0.0325,0.035,30.18,33.455,0.515,214.4075,0.0,0.0,17.267500000000002,745.335,
2023-03-28 18:00:00,5.745,37.58,26.1375,40.0675,66.2075,9.155,27.4075,0.1925,72.735,0.11499999999999999,,,,0.04,0.0425,25.9325,47.91,0.09,90.0,0.0,0.0,0.85,745.66,
2023-03-28 19:00:00,6.5424999999999995,51.7,26.895,41.2275,68.12,9.5375,29.9175,0.2575,56.5975,0.155,,,,0.05,0.0625,22.0525,60.29,0.0425,60.3125,0.0,0.0,,746.105,
2023-03-28 20:00:00,6.8725,68.015,26.29,40.3025,66.5925,9.975,31.03,0.38,39.605000000000004,0.225,,,,0.075,0.09,20.3425,69.65,0.11,121.64,0.0,0.0,,746.6424999999999,
2023-03-28 21:00:00,17.7475,72.425,29.3075,44.9275,74.235,10.9175,31.0625,0.5325,31.0725,0.3225,,,,0.1075,0.1275,19.3525,72.7675,0.095,100.65,0.0,0.0,,746.9200000000001,
2023-03-28 22:00:00,23.9425,87.20500000000001,31.002499999999998,47.522499999999994,78.525,11.74,30.982499999999998,0.7275,15.2725,0.4375,,,,0.14750000000000002,0.1775,18.6475,80.1525,0.12000000000000001,120.27,0.0,0.0,,747.005,
2023-03-28 23:00:00,40.5375,105.7125,27.5375,42.2125,69.755,11.52,30.2375,0.76,13.78,0.4525,,,,0.1525,0.1825,17.98,83.0975,0.145,144.74,0.0,0.0,,746.9925000000001,
2023-03-29 00:00:00,49.4025,138.40249999999997,28.1525,43.1525,71.3025,10.7625,30.2725,0.54,24.76,0.325,,,,0.1075,0.13,17.265,82.505,0.08249999999999999,89.1725,0.0,0.0,,746.8050000000001,
2023-03-29 01:00:00,25.4025,85.2825,29.2225,44.7875,74.005,10.7,29.205,0.5075000000000001,20.0125,0.3075,,,,0.1,0.12,16.4875,85.205,0.05500000000000001,98.7425,0.0,0.0,,746.515,
2023-03-29 02:00:00,23.315,92.75999999999999,27.0125,41.4025,68.41,10.879999999999999,28.622500000000002,0.51,15.8075,0.31,,,,0.1,0.12,15.9475,87.8325,0.0975,117.1875,0.0,0.0,,746.12,
2023-03-29 03:00:00,30.942500000000003,98.05,25.68,39.365,65.04249999999999,10.5525,28.259999999999998,0.5525,10.195,0.33,,,,0.1125,0.1325,15.6575,91.78999999999999,0.07,97.5775,0.0,0.0,,745.975,
2023-03-29 04:00:00,36.085,93.41250000000001,25.4525,39.0125,64.465,10.4125,27.1575,0.515,5.8925,0.3125,,,,0.1,0.1225,15.3275,93.47,0.04666666666666667,57.02,0.0,0.0,,745.8050000000001,
2023-03-29 05:00:00,31.7825,81.89750000000001,25.18,38.6,63.785000000000004,10.03,26.44,0.5225,10.8125,0.315,,,,0.10250000000000001,0.1275,14.745000000000001,95.45,0.0625,92.2025,0.0,0.0,,746.0025,
2023-03-29 06:00:00,30.4675,78.44,24.555,37.635,62.1875,10.035,26.47,0.5675,9.975,0.3425,,,,0.11499999999999999,0.14,14.7975,96.27,0.20750000000000002,210.705,0.0,0.0,6.5200000000000005,746.505,
2023-03-29 07:00:00,38.22,90.38499999999999,28.555,43.7725,72.33,10.1725,27.9525,0.5825,19.189999999999998,0.3475,,,,0.1175,0.14,17.995,88.9675,0.12,123.8075,0.0,0.0,38.7025,747.3175,
2023-03-29 08:00:00,48.76,110.9475,32.385,49.6375,82.02000000000001,11.43,33.0475,0.5475,72.6125,0.3275,,,,0.11,0.1325,24.4575,57.3975,0.34750000000000003,178.4375,0.0,0.0,41.8925,747.9775,
2023-03-29 09:00:00,33.8725,102.565,31.5975,48.44,80.0375,12.295,33.222500000000004,0.53,106.575,0.3175,,,,0.10500000000000001,0.13,29.97,42.075,0.69,221.64249999999998,0.0,0.0,224.985,748.34,
2023-03-29 10:00:00,30.7825,100.8025,28.57,43.7925,72.36,12.4925,33.7725,0.4075,138.7925,0.245,,,,0.0825,0.0975,32.4425,35.44,0.7925,218.805,0.0,0.0,285.5925,748.3774999999999,
2023-03-29 11:00:00,22.237499999999997,77.3725,18.9025,28.975,47.88,10.44,30.5625,0.295,141.2725,0.1775,,,,0.0575,0.07,34.725,30.127499999999998,0.845,213.145,0.0,0.0,347.645,747.97,
2023-03-29 12:00:00,12.267499999999998,80.44,13.935,21.3625,35.295,8.317499999999999,29.8475,0.16749999999999998,116.8075,0.1,,,,0.0325,0.0425,36.4275,27.5775,0.74,219.60500000000002,0.0,0.0,306.7175,747.455,
2023-03-29 13:00:00,5.2375,52.8625,13.955,21.3925,35.35,8.0975,31.385,0.14500000000000002,101.2475,0.0875,,,,0.03,0.0325,37.085,26.2625,0.765,225.8825,0.0,0.0,291.3075,746.75,
2023-03-29 14:00:00,3.9074999999999998,42.49,12.6375,19.3675,32.0075,7.8925,32.927499999999995,0.1275,107.895,0.08,,,,0.03,0.03,36.3025,26.775,0.6075,215.47,0.0,0.0,168.32,746.0475,
2023-03-29 15:00:00,4.0375,34.900000000000006,20.412499999999998,31.2925,51.7025,8.2225,33.114999999999995,0.14750000000000002,112.2375,0.0875,,,,0.03,0.035,35.1475,28.0975,0.705,221.0175,0.0,0.0,114.9525,745.6125,
2023-03-29 16:00:00,4.9775,38.167500000000004,20.9525,32.12,53.08,8.225,30.805,0.14750000000000002,107.10499999999999,0.09,,,,0.0325,0.035,33.06,30.6175,0.5925,228.255,0.0,0.0,57.2675,745.4350000000001,
2023-03-29 17:00:00,6.68,46.2425,25.5875,39.2175,64.805,8.1675,27.5725,0.15,88.2125,0.09,,,,0.03,0.04,30.12,40.805,0.1775,128.95749999999998,0.015,0.015,17.555,745.47,
2023-03-29 18:00:00,8.5175,54.18,23.755000000000003,36.4125,60.1675,9.17,26.182499999999997,0.1825,76.50999999999999,0.11,,,,0.035,0.0425,25.9275,50.92,0.0775,102.85499999999999,0.015,0.015,1.44,745.6949999999999,
2023-03-29 19:00:00,7.9725,51.62,22.6875,34.78,57.4675,9.7025,30.002499999999998,0.2875,55.79,0.175,,,,0.06,0.07,23.310000000000002,59.667500000000004,0.05,85.0125,0.0,0.0,,746.145,
2023-03-29 20:00:00,17.225,85.3275,24.8925,38.1575,63.0525,10.2575,30.7275,0.36,39.095,0.2125,,,,0.07,0.0875,22.025,67.7225,0.0975,138.7775,0.0,0.0,,746.68,
2023-03-29 21:00:00,16.54,91.6375,29.65,45.45,75.1,10.432500000000001,31.065,0.375,19.0525,0.22,,,,0.07250000000000001,0.0875,21.34,78.46000000000001,0.0675,122.6425,0.0,0.0,,746.91,
2023-03-29 22:00:00,18.905,83.27,24.22,37.1275,61.3475,10.525,30.9725,0.4175,17.6075,0.2525,,,,0.08499999999999999,0.1,20.4,81.1775,0.07,115.6075,0.0,0.0,,746.825,
2023-03-29 23:00:00,15.48,66.3075,23.7925,36.4675,60.26,10.5275,31.025,0.46,18.6025,0.275,,,,0.0925,0.11,19.8125,81.3825,0.0575,93.54249999999999,0.0,0.0,,746.6324999999999,
2023-03-30 00:00:00,25.6025,86.71000000000001,28.725,44.03,72.7525,10.9825,31.4225,0.4875,19.747500000000002,0.29,,,,0.1,0.1175,19.6425,78.99,0.095,105.4525,0.0,0.0,,746.2775,
2023-03-30 01:00:00,32.1325,102.0375,24.7275,37.9025,62.625,10.57,30.8275,0.49,10.035,0.29,,,,0.1,0.12,19.5125,84.1075,0.2875,289.5625,0.0,0.0,,745.7950000000001,
2023-03-30 02:00:00,23.8375,84.3925,24.9325,38.215,63.144999999999996,10.63,30.73,0.525,8.0625,0.3175,,,,0.10250000000000001,0.125,18.985,86.0325,0.225,245.085,0.0,0.0,,745.325,
2023-03-30 03:00:00,28.4875,88.33,22.7225,34.83,57.55,10.43,30.405,0.5625,7.525,0.335,,,,0.1125,0.1375,18.3275,88.34,0.23,219.44,0.0,0.0,,744.9025,
2023-03-30 04:00:00,37.552499999999995,98.125,18.0875,27.725,45.8125,10.3725,29.9925,0.5825,6.41,0.3525,,,,0.12,0.14,17.6,91.5075,0.195,215.88,0.0,0.0,,744.7425000000001,
2023-03-30 05:00:00,37.76,93.42500000000001,18.655,28.5925,47.245000000000005,10.34,29.4175,0.605,18.435,0.365,,,,0.12,0.1475,16.7975,92.41,0.21250000000000002,173.78,0.0,0.0,,745.2675,
2023-03-30 06:00:00,38.425,106.7525,19.775,30.3175,50.0925,10.675,28.695,0.65,19.14,0.3925,,,,0.13,0.155,16.9375,92.405,0.1875,183.8275,0.0,0.0,6.359999999999999,745.7,
2023-03-30 07:00:00,42.2325,115.99000000000001,18.83,28.8625,47.69,10.925,29.37,0.6575,16.775,0.3975,,,,0.13,0.16,19.785,85.62,0.275,200.285,0.0,0.0,39.4675,746.14,
2023-03-30 08:00:00,45.955,114.5675,16.8125,25.77,42.587500000000006,11.1675,33.41,0.5775,61.80500000000001,0.345,,,,0.115,0.135,25.59,61.625,0.255,126.36500000000001,0.0,0.0,44.34,746.535,
2023-03-30 09:00:00,39.5125,125.2475,15.022499999999999,23.0225,38.042500000000004,10.442499999999999,34.025,0.43999999999999995,101.715,0.265,,,,0.0875,0.10500000000000001,31.8425,40.625,0.4575,160.435,0.0,0.0,248.0575,746.6725,
2023-03-30 10:00:00,19.892500000000002,90.71000000000001,13.057500000000001,20.0125,33.065,9.8325,34.7125,0.335,108.1075,0.1975,,,,0.065,0.08,35.945,29.6875,0.595,218.0325,0.0,0.0,338.9275,746.6125,
2023-03-30 11:00:00,9.4325,49.12,18.3875,28.1825,46.5675,9.79,38.34,0.3275,122.325,0.195,,,,0.0675,0.0775,37.305,25.935000000000002,0.69,205.3675,0.0,0.0,332.23249999999996,746.1075000000001,
2023-03-30 12:00:00,11.622499999999999,62.397499999999994,18.38,28.177500000000002,46.56,9.67,42.95,0.2925,120.075,0.175,,,,0.057499999999999996,0.0675,37.9025,24.035,0.8200000000000001,216.255,0.0,0.0,292.935,745.4425,
2023-03-30 13:00:00,11.7975,58.4225,15.1675,23.247500000000002,38.4125,7.95,43.95666666666667,0.14,99.9525,0.085,,,,0.0275,0.0325,38.19,22.009999999999998,0.6875,198.45499999999998,0.0,0.0,247.8625,744.78,
2023-03-30 14:00:00,5.8575,35.75,12.0125,18.41,30.4225,7.705,36.832499999999996,0.145,101.9,0.0875,,,,0.03,0.0375,38.045,22.8975,0.5700000000000001,197.08249999999998,0.0,0.0,191.8175,743.8425,
2023-03-30 15:00:00,2.3200000000000003,28.322499999999998,12.5175,19.1925,31.7125,8.125,34.515,0.165,100.8125,0.1,,,,0.0325,0.04,38.05,22.6625,0.6325000000000001,219.66,0.0,0.0,137.32,743.1775,
2023-03-30 16:00:00,8.4175,44.112500000000004,12.3525,18.935000000000002,31.287499999999998,8.4775,32.932500000000005,0.1625,86.2725,0.1,,,,0.0325,0.0375,34.9125,28.3825,0.3375,167.365,0.0,0.0,57.4525,742.735,
2023-03-30 17:00:00,8.9125,56.62,12.6175,19.34,31.9575,8.0725,29.127499999999998,0.14250000000000002,77.7925,0.085,,,,0.03,0.0325,31.17,36.254999999999995,0.115,115.195,0.0,0.0,18.48,742.555,
2023-03-30 18:00:00,10.405,45.8975,15.835,24.27,40.1025,9.105,31.555,0.2025,64.62,0.1225,,,,0.0425,0.045,27.1725,44.94,0.11000000000000001,88.17750000000001,0.0,0.0,1.39,742.665,
2023-03-30 19:00:00,8.2125,54.1225,18.055,27.677500000000002,45.735,10.09,34.4525,0.3075,42.9925,0.1825,,,,0.0625,0.07250000000000001,25.265,54.06,0.155,131.195,0.0,0.0,,742.71,
2023-03-30 20:00:00,17.3475,64.735,21.435000000000002,32.855000000000004,54.29,10.3975,35.4525,0.3725,33.7,0.22,,,,0.07,0.09,24.2825,58.5625,0.17,141.29500000000002,0.0,0.0,,743.13,
2023-03-30 21:00:00,11.6975,77.30499999999999,19.575,30.009999999999998,49.5925,10.325000000000001,35.910000000000004,0.415,31.2775,0.25,,,,0.08,0.1,23.4275,62.025,0.1275,137.8225,0.0,0.0,,743.4325,
2023-03-30 22:00:00,17.2275,71.7525,24.72,37.8925,62.6125,11.3925,36.1725,0.7150000000000001,9.7925,0.43,,,,0.14250000000000002,0.16999999999999998,23.0375,68.4575,0.16,196.84,0.0,0.0,,743.3525,
2023-03-30 23:00:00,31.94,136.6925,30.7425,47.125,77.87,13.5,36.28,0.935,0.66,0.5575,,,,0.1875,0.2225,22.7575,73.2475,0.20500000000000002,216.0975,0.0,0.0,,743.3775,
2023-03-31 00:00:00,34.9775,141.06,29.4,45.0625,74.4625,14.115,35.665,0.9199999999999999,,0.5525,,,,0.1825,0.22,22.525,76.9525,0.22999999999999998,191.70499999999998,0.0,0.0,,743.385,
2023-03-31 01:00:00,27.572499999999998,122.965,30.2925,46.4375,76.7275,14.120000000000001,36.38,0.815,22.29,0.4875,,,,0.1625,0.195,23.04,72.475,0.505,238.28000000000003,0.0,0.0,,743.3775,
2023-03-31 02:00:00,28.377499999999998,119.465,23.135,35.4625,58.6,11.4525,38.1125,0.5375,48.5075,0.32,,,,0.1075,0.1275,24.47,59.34,0.905,235.8725,0.0,0.0,,744.02,
2023-03-31 03:00:00,32.074999999999996,177.53,19.785,30.33,50.115,10.0,36.3,0.405,49.925,0.24,,,,0.08,0.095,23.3975,66.27250000000001,0.595,219.055,0.0,0.0,,744.1175,
2023-03-31 04:00:00,21.5275,102.1225,17.509999999999998,26.835,44.3475,9.595,35.817499999999995,0.34750000000000003,52.405,0.20750000000000002,,,,0.0675,0.08499999999999999,22.9025,68.8425,1.01,258.5775,0.0,0.0,,744.1324999999999,
2023-03-31 05:00:00,23.86,131.1025,16.975,26.0225,42.9975,9.205,35.005,0.29,50.515,0.17250000000000001,,,,0.06,0.07,21.645,74.96,0.5800000000000001,189.665,0.0,0.0,,744.4275,
2023-03-31 06:00:00,16.61,84.8375,16.105,24.685,40.79,9.0275,34.34,0.2225,48.745000000000005,0.135,,,,0.0425,0.052500000000000005,21.265,75.845,0.8600000000000001,193.865,0.0,0.0,0.91,744.9725,
2023-03-31 07:00:00,8.622499999999999,43.8425,16.2425,24.895,41.135,8.9025,33.3775,0.21,37.677499999999995,0.135,,,,0.04,0.05,19.0325,93.01,0.78,145.545,1.9625,1.9625,0.02,747.58,
2023-03-31 08:00:00,9.495,41.027499999999996,16.5,25.2925,41.7925,9.2025,32.825,0.225,40.9375,0.14,,,,0.0425,0.052500000000000005,18.8175,97.585,0.615,118.86250000000001,0.8775,0.8775,47.989999999999995,746.3875,
2023-03-31 09:00:00,9.442499999999999,19.56,14.7775,22.655,37.435,9.265,32.3975,0.245,46.93,0.14500000000000002,,,,0.05,0.06,21.2225,88.3175,0.8425,156.575,0.0,0.0,130.4,747.035,
2023-03-31 10:00:00,10.105,27.817500000000003,13.39,20.5275,33.9175,9.345,33.254999999999995,0.2425,58.24,0.14,,,,0.05,0.06,26.045,68.16499999999999,0.875,158.4125,0.0,0.0,272.0725,747.2525,
2023-03-31 11:00:00,7.2275,24.1925,14.5075,22.2325,36.7375,9.344999999999999,33.7625,0.235,68.1475,0.14,,,,0.0475,0.057499999999999996,29.3725,55.465,0.8175,147.5975,0.0,0.0,365.4925,747.165,
2023-03-31 12:00:00,2.4699999999999998,24.3425,10.875,16.67,27.5425,9.4225,35.6125,0.21,74.3725,0.13,,,,0.04,0.05,30.72,49.4575,0.69,166.845,0.0,0.0,299.555,746.695,
2023-03-31 13:00:00,4.275,18.174999999999997,9.665,14.8125,24.4775,9.2875,38.81,0.21,75.6625,0.13,,,,0.04,0.05,31.6075,47.735,0.8250000000000001,164.9,0.0,0.0,265.18,745.805,
2023-03-31 14:00:00,6.3125,24.3525,9.405000000000001,14.415,23.8225,9.315,42.135,0.2,77.7,0.12,,,,0.04,0.05,32.6925,45.435,0.6,180.79749999999999,0.0,0.0,227.76,745.0975,
2023-03-31 15:00:00,5.5,22.7125,9.86,15.1075,24.97,9.3575,45.370000000000005,0.195,83.7,0.1175,,,,0.04,0.0475,33.11,44.2325,0.67,153.965,0.0,0.0,165.0725,744.36,
2023-03-31 16:00:00,3.525,23.4225,9.325,14.2925,23.62,9.3525,48.004999999999995,0.1975,85.5075,0.1175,,,,0.04,0.0475,30.25,51.655,0.5025,146.33249999999998,0.0,0.0,65.96,743.7425,
2023-03-31 17:00:00,7.545,20.825,10.559999999999999,16.189999999999998,26.75,9.455,48.125,0.2125,75.7225,0.13,,,,0.04,0.05,26.8325,63.4825,0.4175,161.04000000000002,0.0,0.0,8.112499999999999,743.3125,
2023-03-31 18:00:00,6.8975,28.03,12.54,19.22,31.752499999999998,9.98,47.045,0.2525,61.8875,0.1575,,,,0.05,0.06,25.3125,70.0575,0.53,198.11,0.01,0.01,0.07,743.565,
2023-03-31 19:00:00,12.705,32.905,11.3575,17.4125,28.7725,9.75,45.185,0.2475,51.769999999999996,0.15,,,,0.05,0.06,23.51,76.32,0.465,186.16,0.03,0.03,,744.085,
2023-03-31 20:00:00,11.9025,29.6275,10.635,16.302500000000002,26.935,9.655000000000001,43.33,0.2525,39.9025,0.15,,,,0.05,0.06,22.4375,81.5725,0.345,133.48250000000002,0.0,0.0,,745.1225,
2023-03-31 21:00:00,8.91,30.32,10.535,16.1475,26.6825,9.6975,41.3675,0.26,36.06,0.1575,,,,0.052500000000000005,0.0625,21.965,82.82,0.2525,202.23,0.0,0.0,,745.5375,
2023-03-31 22:00:00,7.4725,35.515,10.16,15.5725,25.735,9.8,39.485,0.29,32.165,0.17,,,,0.06,0.07,21.9125,84.735,0.40249999999999997,176.5475,0.005,0.005,,745.795,
2023-03-31 23:00:00,12.835,24.305,9.0725,13.9075,22.982499999999998,9.57,38.4425,0.2725,20.9625,0.17,,,,0.06,0.0675,20.685000000000002,92.775,0.315,168.385,0.015,0.015,,745.5625,
2023-04-01 00:00:00,10.77,29.314999999999998,11.145,17.085,28.2325,9.73,37.3925,0.28500000000000003,27.9475,0.17,,,,0.06,0.07,21.195,88.225,0.42,226.54000000000002,0.0,0.0,,745.475,
2023-04-01 01:00:00,13.182500000000001,36.91,9.77,14.975,24.745,9.525,36.349999999999994,0.195,52.542500000000004,0.11750000000000001,,,,0.04,0.0475,18.59,92.63499999999999,1.51,257.07,3.195,3.195,,746.8475,
2023-04-01 02:00:00,1.2,13.6625,7.6850000000000005,11.7775,19.4625,8.795,34.615,0.14500000000000002,55.3975,0.0875,,,,0.03,0.0375,17.052500000000002,99.8475,0.5825,233.9825,5.745,5.745,,746.885,
2023-04-01 03:00:00,,2.28,8.1525,12.4975,20.6475,8.815,32.955,0.14500000000000002,43.19,0.0875,,,,0.03,0.035,17.03,100.0,0.36,114.1725,2.0,2.0,,745.535,
2023-04-01 04:00:00,,,8.915,13.665,22.58,9.01,31.4625,0.14500000000000002,45.614999999999995,0.0825,,,,0.03,0.0325,16.8325,100.0,0.36,164.715,0.175,0.175,,744.82,
2023-04-01 05:00:00,1.7833333333333332,7.553333333333332,8.83,13.536666666666667,22.37,9.29,30.540000000000003,0.13,28.686666666666667,0.08,,,,0.03,0.03,16.483333333333334,100.0,0.26,219.87,0.006666666666666667,0.005,,745.13,
2023-04-01 06:00:00,,,,,,,,,,,,,,,,,,,,,0.0,,,
2023-04-01 07:00:00,,,,,,,,,,,,,,,,,,,,,0.0,,,
2023-04-01 08:00:00,,,,,,,,,,,,,,,,,,,,,0.0,,,
2023-04-01 09:00:00,,,13.955,21.384999999999998,35.34,8.59,25.355,0.18,56.845,2.055,,,,0.5700000000000001,0.45,25.59,67.6,0.7250000000000001,253.265,0.0,0.0,230.76,747.615,
2023-04-01 10:00:00,,,8.9825,13.7725,22.755,8.25,20.69,0.1725,65.94,0.10500000000000001,,,,0.0375,0.04,26.6825,62.78,0.79,182.685,0.0,0.0,339.9375,747.6375,
2023-04-01 11:00:00,,22.26,11.0375,16.915,27.95,8.17,17.192500000000003,0.1625,73.5625,0.0975,,,,0.03,0.04,27.8175,58.7925,0.7175,192.3725,0.0,0.0,283.055,747.3775,
2023-04-01 12:00:00,5.317500000000001,12.6375,11.1125,17.03,28.1425,8.272499999999999,17.427500000000002,0.16,80.99,0.1,,,,0.03,0.04,28.814999999999998,55.955,0.6825,170.2175,0.0,0.0,272.4275,746.675,
2023-04-01 13:00:00,3.8775,21.287499999999998,9.467500000000001,14.5125,23.985,8.405,18.5,0.1825,93.0575,0.11,,,,0.04,0.04,30.05,51.61,0.75,223.45,0.0,0.0,231.82999999999998,746.1075,
2023-04-01 14:00:00,8.03,17.049999999999997,9.35,14.3325,23.685,9.09,20.4175,0.195,95.265,0.12,,,,0.04,0.045,31.0,48.1,0.7025,234.8075,0.0,0.0,203.585,745.5325,
2023-04-01 15:00:00,8.59,21.045,8.7325,13.385,22.115,9.265,24.4725,0.1625,81.445,0.10250000000000001,,,,0.03,0.04,31.349999999999998,46.71,0.7225,206.71,0.0,0.0,171.635,744.845,
2023-04-01 16:00:00,4.8475,14.372499999999999,8.275,12.682500000000001,20.9575,9.21,28.3325,0.1525,77.47,0.095,,,,0.03,0.04,28.5475,53.0875,0.5675,185.4125,0.0,0.0,59.1175,744.38,
2023-04-01 17:00:00,3.38,17.415,7.76,11.895,19.6575,9.0,30.4125,0.1575,72.1625,0.1,,,,0.03,0.04,26.1325,59.94,0.395,210.1825,0.0,0.0,15.035,744.2625,
2023-04-01 18:00:00,2.8899999999999997,14.005,7.97,12.215,20.1825,9.1875,31.887500000000003,0.175,56.6975,0.10500000000000001,,,,0.035,0.04,22.552500000000002,73.76,0.0875,87.2,0.0,0.0,1.2,744.425,
2023-04-01 19:00:00,3.6625,10.6475,10.3525,15.8725,26.23,9.27,32.03,0.20750000000000002,44.5375,0.125,,,,0.0425,0.05,19.9875,84.8,0.056666666666666664,74.34666666666668,0.0,0.0,,744.7275,
2023-04-01 20:00:00,2.99,13.03,13.075,20.0475,33.125,9.7325,31.5175,0.31,30.9625,0.185,,,,0.0625,0.07250000000000001,19.0075,90.35249999999999,0.0425,65.24,0.0,0.0,,745.115,
2023-04-01 21:00:00,3.7824999999999998,23.1,15.767499999999998,24.1675,39.93,10.307500000000001,31.06,0.41500000000000004,15.3725,0.2475,,,,0.0825,0.1,18.439999999999998,94.42,0.065,100.83,0.0,0.0,,745.5074999999999,
2023-04-01 22:00:00,10.015,39.9725,21.6425,33.175,54.82,10.73,30.615,0.595,3.1075,0.36,,,,0.12000000000000001,0.14500000000000002,18.185,97.20500000000001,0.0675,83.0475,0.0,0.0,,745.5775,
2023-04-01 23:00:00,20.95,61.09,20.415,31.292499999999997,51.71,10.945,30.2175,0.7075,0.09999999999999999,0.425,,,,0.14,0.17,18.025,98.51,0.0925,106.3,0.0,0.0,,745.655,
2023-04-02 00:00:00,23.7675,57.7075,21.465,32.8975,54.36,10.627500000000001,29.6275,0.6325,2.1575,0.3775,,,,0.1275,0.155,17.64,99.225,0.135,134.9875,0.0,0.0,,745.5175,
2023-04-02 01:00:00,19.4225,58.165000000000006,17.84,27.3475,45.1875,10.0625,28.355,0.525,1.8233333333333333,0.3175,,,,0.10250000000000001,0.125,17.345,99.72,0.1375,168.545,0.0,0.0,,745.1949999999999,
2023-04-02 02:00:00,18.89,54.2475,15.19,23.285,38.475,10.1025,27.375,0.5025,0.835,0.3025,,,,0.1,0.12,17.12,99.9875,0.1175,134.73,0.0,0.0,,744.6925,
2023-04-02 03:00:00,22.2025,53.03,14.965,22.94,37.905,9.692499999999999,26.905,0.495,1.335,0.295,,,,0.1,0.12,16.8575,100.0,0.12000000000000001,146.4225,0.0,0.0,,744.3299999999999,
2023-04-02 04:00:00,21.38,47.652499999999996,15.192499999999999,23.29,38.485,9.555,26.245,0.4825,,0.29,,,,0.1,0.11499999999999999,16.86,100.0,0.225,198.8675,0.0,0.0,,744.285,
2023-04-02 05:00:00,23.509999999999998,59.485,16.37,25.09,41.46,9.7675,26.0075,0.5,,0.3025,,,,0.1,0.1175,16.9,100.0,0.27249999999999996,223.1875,0.0,0.0,,744.51,
2023-04-02 06:00:00,19.5325,45.2825,17.685,27.1075,44.792500000000004,10.0775,25.674999999999997,0.565,,0.3425,,,,0.11499999999999999,0.1375,17.384999999999998,100.0,0.2675,239.4625,0.0,0.0,5.195,744.9825,
2023-04-02 07:00:00,21.395000000000003,67.4325,20.0475,30.73,50.7775,11.5075,25.42,0.5700000000000001,12.823333333333332,0.345,,,,0.1125,0.1375,19.205,100.0,0.32999999999999996,213.1125,0.0,0.0,39.225,745.515,
2023-04-02 08:00:00,23.707500000000003,65.6575,21.3325,32.7,54.0325,11.55,26.29,0.41000000000000003,46.1775,0.245,,,,0.0825,0.0975,22.5675,82.85249999999999,0.6775,233.765,0.0,0.0,45.207499999999996,746.07,
2023-04-02 09:00:00,19.7325,52.29,16.41,25.1525,41.56,9.705,27.7925,0.2925,70.325,0.1775,,,,0.0575,0.0675,28.8625,55.7975,0.73,211.8675,0.0,0.0,299.14,746.385,
2023-04-02 10:00:00,9.125,39.4025,12.89,19.7575,32.6525,8.0475,24.2925,0.19,80.505,0.115,,,,0.04,0.0425,31.2975,46.4775,1.0125,248.67249999999999,0.0,0.0,358.7975,746.38,
2023-04-02 11:00:00,6.0275,21.237499999999997,12.145,18.61,30.7525,7.922499999999999,25.634999999999998,0.165,87.4975,0.10250000000000001,,,,0.0325,0.04,31.255,44.5925,1.1425,241.6175,0.0,0.0,283.7075,746.2025,
2023-04-02 12:00:00,3.9675000000000002,29.0475,12.805,19.625,32.43,7.835,24.4375,0.1475,88.7825,0.09,,,,0.03,0.04,32.6025,40.7225,1.0550000000000002,235.4875,0.0,0.0,316.755,745.6175000000001,
2023-04-02 13:00:00,1.81,24.2475,12.25,18.78,31.03,7.87,25.235,0.14500000000000002,92.1875,0.08499999999999999,,,,0.03,0.035,33.585,37.345,1.15,270.32,0.0,0.0,281.7375,744.895,
2023-04-02 14:00:00,1.6025,21.5375,12.05,18.4675,30.517500000000002,7.755,25.884999999999998,0.135,93.5175,0.08,,,,0.03,0.03,33.7225,35.932500000000005,1.2999999999999998,263.34250000000003,0.0,0.0,214.3075,744.2375,
2023-04-02 15:00:00,3.32,19.13,12.695,19.46,32.15,7.8875,25.752499999999998,0.13,96.425,0.08,,,,0.03,0.03,33.355,34.7925,1.2425,250.6225,0.0,0.0,178.04250000000002,743.7225,
2023-04-02 16:00:00,1.9925,25.72,14.2625,21.8625,36.1225,9.3025,28.09,0.1475,90.15,0.0875,,,,0.03,0.035,30.97,39.36,0.875,259.3675,0.0,0.0,63.7475,743.435,
2023-04-02 17:00:00,2.7025,20.255,14.8525,22.77,37.629999999999995,9.6,31.3875,0.1675,83.5,0.10250000000000001,,,,0.0325,0.04,29.2,43.9525,0.73,246.765,0.0,0.0,15.805,743.29,
2023-04-02 18:00:00,3.1500000000000004,32.7525,17.375,26.63,44.005,9.772499999999999,33.192499999999995,0.20500000000000002,63.64,0.125,,,,0.04,0.05,25.61,56.99,0.1375,124.295,0.0,0.0,1.22,743.33,
2023-04-02 19:00:00,3.4325,41.0925,19.6475,30.115,49.760000000000005,10.015,33.25,0.2625,48.550000000000004,0.1575,,,,0.055,0.065,21.9575,71.49000000000001,0.095,109.0325,0.0,0.0,,743.405,
2023-04-02 20:00:00,5.0425,30.462500000000002,20.2575,31.0475,51.305,10.15,32.8725,0.335,31.2825,0.2,,,,0.07,0.08,20.42,81.4075,0.07750000000000001,70.8125,0.0,0.0,,743.7475,
2023-04-02 21:00:00,11.1775,40.192499999999995,20.1375,30.872500000000002,51.0125,10.3225,32.207499999999996,0.40249999999999997,32.2275,0.24,,,,0.08,0.0975,19.7775,83.5,0.1675,175.0275,0.0,0.0,,744.1274999999999,
2023-04-02 22:00:00,12.4525,61.47,21.135,32.394999999999996,53.5325,10.815,31.1,0.54,28.325,0.3275,,,,0.1075,0.1275,19.495,83.3925,0.1175,145.0225,0.0,0.0,,744.145,
2023-04-02 23:00:00,24.012500000000003,67.385,20.06,30.75,50.81,11.2075,30.7,0.5874999999999999,21.4525,0.3525,,,,0.1175,0.14,19.025,86.915,0.15,164.97,0.0,0.0,,743.9549999999999,
2023-04-03 00:00:00,24.2025,73.6325,17.917499999999997,27.4675,45.3875,11.295,30.505,0.54,23.9575,0.3225,,,,0.1075,0.13,18.405,87.58500000000001,0.11499999999999999,142.38750000000002,0.0,0.0,,743.6875,
2023-04-03 01:00:00,24.122500000000002,73.52,17.4025,26.675,44.075,11.53,29.7775,0.5025,21.6,0.3,,,,0.1,0.12,17.975,88.8925,0.155,180.285,0.0,0.0,,743.3925,
2023-04-03 02:00:00,24.822499999999998,68.7475,17.59,26.9625,44.555,11.345,29.495,0.46499999999999997,15.32,0.2825,,,,0.095,0.1075,17.7175,92.055,0.275,219.675,0.0,0.0,,743.2225,
2023-04-03 03:00:00,23.94,60.3875,15.805,24.225,40.025,10.76,28.9675,0.4225,22.009999999999998,0.2525,,,,0.08499999999999999,0.1,17.7625,91.1525,0.2,166.94,0.0,0.0,,742.95,
2023-04-03 04:00:00,19.032500000000002,59.542500000000004,15.555,23.84,39.395,10.3075,28.1175,0.385,23.89,0.225,,,,0.07500000000000001,0.09,17.375,92.78,0.16,149.53,0.0,0.0,,742.905,
2023-04-03 05:00:00,22.0075,55.74,16.1175,24.7075,40.8275,10.3525,27.4925,0.38,22.91,0.22,,,,0.07,0.09,17.095,94.9125,0.2,180.635,0.0,0.0,,743.255,
2023-04-03 06:00:00,21.572499999999998,59.3975,14.3225,21.9525,36.2775,10.1875,26.985,0.38,17.3325,0.2225,,,,0.07250000000000001,0.09,17.35,96.34,0.1575,164.8025,0.0,0.0,7.047499999999999,743.6725,
2023-04-03 07:00:00,22.7725,60.61,15.892499999999998,24.36,40.25,10.65,27.182499999999997,0.425,29.825,0.255,,,,0.08499999999999999,0.10250000000000001,20.615000000000002,86.495,0.3075,216.6675,0.0,0.0,38.402499999999996,744.365,
2023-04-03 08:00:00,23.9325,76.69749999999999,18.017500000000002,27.6175,45.635000000000005,11.1875,29.41,0.4525,66.8775,0.27,,,,0.09,0.10500000000000001,25.85,64.375,0.515,232.77,0.0,0.0,56.1225,745.0175,
2023-04-03 09:00:00,21.6525,75.97,16.2275,24.875,41.1075,10.73,31.5,0.39249999999999996,90.085,0.235,,,,0.08,0.0925,30.645,50.2825,0.71,244.7625,0.0,0.0,284.9525,745.37,
2023-04-03 10:00:00,14.68,64.045,12.65,19.395,32.05,10.1175,34.1,0.33,104.3575,0.2,,,,0.0675,0.0775,32.975,44.207499999999996,0.9625,255.61249999999998,0.0,0.0,351.945,745.5075,
2023-04-03 11:00:00,10.2975,55.4625,12.092500000000001,18.5375,30.6325,10.0425,36.1725,0.275,99.175,0.1675,,,,0.055,0.065,34.215,41.2225,0.9199999999999999,239.48,0.0175,0.0175,351.01,745.4325,
2023-04-03 12:00:00,6.1725,37.44,11.225,17.2025,28.425,10.105,39.6575,0.23249999999999998,96.605,0.14,,,,0.045,0.055,35.0625,37.5675,1.0,236.63,0.0025,0.0025,326.1375,745.105,
2023-04-03 13:00:00,6.8225,33.9075,10.51,16.11,26.6175,9.7425,43.295,0.1825,93.605,0.11,,,,0.0375,0.0425,35.3675,34.425,1.2225000000000001,263.8225,0.0,0.0,288.36,744.4925000000001,
2023-04-03 14:00:00,0.78,27.1375,8.0525,12.345,20.4025,7.9875,39.489999999999995,0.1275,102.2475,0.08,,,,0.03,0.03,36.3625,31.740000000000002,0.9850000000000001,234.7525,0.0,0.0,236.065,743.9375,
2023-04-03 15:00:00,1.695,35.41,8.36,12.817499999999999,21.18,7.695,34.91,0.11499999999999999,99.4925,0.07500000000000001,,,,0.0275,0.03,36.8975,29.4025,0.875,242.14499999999998,0.0,0.0,178.055,743.475,
2023-04-03 16:00:00,2.0324999999999998,27.572499999999998,9.3525,14.335,23.685000000000002,7.7825,33.019999999999996,0.1125,96.5925,0.07250000000000001,,,,0.0225,0.03,33.707499999999996,30.91,0.87,258.01,0.0,0.0,66.875,743.2574999999999,
2023-04-03 17:00:00,1.8824999999999998,37.775,10.307500000000001,15.7975,26.1025,8.0625,29.5575,0.1175,89.78999999999999,0.07500000000000001,,,,0.025,0.03,31.355,36.745,0.44,218.20499999999998,0.0,0.0,13.86,743.2075,
2023-04-03 18:00:00,2.8575,44.35,12.5,19.16,31.6575,9.385,31.155,0.1775,70.6375,0.10500000000000001,,,,0.035,0.04,26.44,50.725,0.0825,73.185,0.0,0.0,1.39,743.245,
2023-04-03 19:00:00,3.1525,37.8825,14.355,22.005,36.36,9.7275,32.995,0.24000000000000002,53.965,0.14500000000000002,,,,0.0475,0.0575,23.1025,62.8275,0.04,60.375,0.0,0.0,,743.4675,
2023-04-03 20:00:00,7.46,35.67,19.84,30.4125,50.25,10.7425,33.74,0.4225,34.1025,0.26,,,,0.0875,0.1,21.6025,70.85249999999999,0.08,85.6625,0.0,0.0,,743.96,
2023-04-03 21:00:00,8.655,50.412499999999994,22.5625,34.582499999999996,57.144999999999996,12.04,33.542500000000004,0.605,11.475,0.36,,,,0.12,0.14500000000000002,20.69,81.69,0.017499999999999998,32.8525,0.0,0.0,,744.2925,
2023-04-03 22:00:00,8.485,49.2875,27.5875,42.2825,69.86749999999999,13.885,33.1775,0.915,0.88,0.5475,,,,0.18,0.22,20.1025,86.92,0.195,214.13,0.0,0.0,,744.2325000000001,
2023-04-03 23:00:00,30.1375,116.61,24.755,37.942499999999995,62.695,13.6975,32.6175,0.85,,0.505,,,,0.17,0.2025,19.7975,89.08250000000001,0.16999999999999998,187.0175,0.0,0.0,,744.22,
2023-04-04 00:00:00,28.1375,98.9725,20.68,31.7,52.385,12.4375,33.04,0.66,20.7,0.395,,,,0.1325,0.1575,21.2,76.7025,0.22499999999999998,158.45250000000001,0.0,0.0,,744.3275,
2023-04-04 01:00:00,26.165,88.3575,20.700000000000003,31.7275,52.432500000000005,11.6175,32.6,0.5475000000000001,15.665000000000001,0.3275,,,,0.11,0.13,20.23,81.63,0.07250000000000001,86.78999999999999,0.0,0.0,,743.77,
2023-04-04 02:00:00,30.1475,94.2575,20.8425,31.9525,52.79,11.5475,32.120000000000005,0.54,16.075,0.325,,,,0.11,0.13,18.675,87.7975,0.06,89.545,0.0,0.0,,743.2925,
2023-04-04 03:00:00,28.8325,90.49249999999999,17.2675,26.47,43.7375,10.4375,31.7225,0.5425,25.055,0.325,,,,0.1075,0.13,18.11,90.4125,0.14,132.01749999999998,0.0,0.0,,742.885,
2023-04-04 04:00:00,27.55,69.9675,16.78,25.7225,42.5025,9.872499999999999,30.887500000000003,0.535,12.46,0.32,,,,0.10500000000000001,0.13,19.427500000000002,90.515,0.49,177.6325,0.0,0.0,,742.935,
2023-04-04 05:00:00,26.5425,65.2775,16.8825,25.875,42.7575,9.85,30.865000000000002,0.535,15.2975,0.32,,,,0.10500000000000001,0.13,18.8625,90.23,0.23500000000000001,222.0575,0.0,0.0,,743.3275,
2023-04-04 06:00:00,34.5325,80.0475,16.995,26.055,43.05,10.2225,30.8375,0.525,7.6899999999999995,0.315,,,,0.10250000000000001,0.125,19.8825,90.1675,0.41250000000000003,204.45,0.0,0.0,11.465,744.38,
2023-04-04 07:00:00,28.427500000000002,77.4375,19.9125,30.52,50.435,11.065000000000001,32.427499999999995,0.51,21.5625,0.3075,,,,0.1,0.125,23.03,74.945,0.595,235.04250000000002,0.0,0.0,39.865,745.325,
2023-04-04 08:00:00,26.56,83.58,16.595,25.43,42.0225,10.0725,33.0675,0.3625,48.8525,0.2175,,,,0.07250000000000001,0.085,27.119999999999997,54.4225,0.6175,196.555,0.0,0.0,78.2175,745.8775,
2023-04-04 09:00:00,15.182500000000001,54.3275,15.23,23.3475,38.575,9.495,35.6375,0.2175,57.3575,0.1325,,,,0.045,0.05,30.5425,43.81,1.0325,230.2275,0.0,0.0,271.19,746.5825,
2023-04-04 10:00:00,5.85,47.88,15.695,24.0575,39.7475,8.5225,33.9925,0.1375,67.3475,0.08750000000000001,,,,0.0275,0.035,32.73,37.5075,0.96,224.3475,0.0,0.0,286.055,746.9449999999999,
2023-04-04 11:00:00,2.8649999999999998,23.5275,17.1625,26.305,43.465,7.635,29.1775,0.1125,75.7525,0.07250000000000001,,,,0.0225,0.03,31.9475,38.0725,0.95,197.67000000000002,0.0,0.0,287.23,747.0699999999999,
2023-04-04 12:00:00,3.3475,45.805,16.8475,25.8275,42.667500000000004,7.7775,26.4875,0.135,78.56,0.08499999999999999,,,,0.03,0.035,31.712500000000002,40.465,0.805,188.07,0.0,0.0,183.315,746.825,
2023-04-04 13:00:00,5.4325,29.05,20.9825,32.165,53.144999999999996,7.82,24.315,0.1325,75.1425,0.08,,,,0.03,0.03,29.89,45.765,0.575,241.255,0.0,0.0,109.6525,745.66,
2023-04-04 14:00:00,5.9875,21.9575,23.3825,35.845,59.225,7.8025,23.9075,0.135,81.97749999999999,0.08,,,,0.03,0.03,33.615,38.805,0.7025,193.345,0.0,0.0,242.92000000000002,745.235,
2023-04-04 15:00:00,5.569999999999999,25.555,22.1825,34.005,56.185,7.555,25.15,0.11499999999999999,86.8725,0.07500000000000001,,,,0.025,0.03,34.78,33.045,0.62,232.315,0.0,0.0,177.89,744.725,
2023-04-04 16:00:00,3.41,13.655000000000001,19.1725,29.3925,48.565,7.702500000000001,26.5,0.125,89.755,0.08,,,,0.03,0.03,31.395,40.0875,0.635,225.865,0.0,0.0,59.7,744.385,
2023-04-04 17:00:00,5.1975,25.05,19.655,30.1275,49.7825,7.9375,25.0225,0.135,80.6625,0.08,,,,0.03,0.03,29.1875,43.3075,0.5375,235.9625,0.0,0.0,15.91,744.3,
2023-04-04 18:00:00,3.56,29.4,17.552500000000002,26.9025,44.455,8.6625,22.85,0.1575,60.7475,0.0925,,,,0.0325,0.035,25.82,54.175,0.1725,143.35500000000002,0.0,0.0,1.74,744.5975,
2023-04-04 19:00:00,8.8375,32.099999999999994,21.4725,32.910000000000004,54.38,9.4725,25.759999999999998,0.2375,46.8575,0.14250000000000002,,,,0.0475,0.0575,22.46,67.4525,0.14,154.42,0.0,0.0,,745.03,
2023-04-04 20:00:00,9.8975,45.565,22.355,34.265,56.6175,10.04,27.03,0.3425,33.4125,0.20500000000000002,,,,0.07,0.0825,21.25,76.12,0.105,102.05,0.0,0.0,,745.5375,
2023-04-04 21:00:00,15.432500000000001,67.44749999999999,21.565,33.0575,54.6225,10.405000000000001,27.97,0.4,31.0525,0.2375,,,,0.08,0.0975,20.2375,80.1275,0.06,71.9825,0.0,0.0,,745.905,
2023-04-04 22:00:00,13.682500000000001,56.5475,22.1575,33.965,56.1225,10.15,28.0625,0.425,30.64,0.2575,,,,0.0875,0.1,19.2275,85.14,0.08,115.2025,0.0,0.0,,745.86,
2023-04-04 23:00:00,16.0625,59.4725,19.195,29.4225,48.62,9.88,28.1475,0.4175,25.8625,0.255,,,,0.08499999999999999,0.1,18.7675,87.95750000000001,0.0975,107.74,0.0,0.0,,745.6675,
2023-04-05 00:00:00,21.945,64.45,16.775,25.715,42.4875,9.8975,28.7,0.415,26.13,0.2525,,,,0.0825,0.1,18.1825,89.625,0.095,118.19,0.0,0.0,,745.4825,
2023-04-05 01:00:00,19.6575,63.535,16.4075,25.1475,41.5525,9.765,28.195,0.3975,20.7225,0.2375,,,,0.08,0.095,17.765,91.385,0.0875,127.365,0.0,0.0,,745.2149999999999,
2023-04-05 02:00:00,18.545,57.695,14.29,21.9025,36.1925,10.295,28.5275,0.4075,25.7175,0.2475,,,,0.08,0.0975,17.3775,90.93,0.1725,170.10250000000002,0.0,0.0,,744.7574999999999,
2023-04-05 03:00:00,20.8275,72.31,14.7625,22.627499999999998,37.3875,10.9625,28.4725,0.3825,21.28,0.225,,,,0.07500000000000001,0.09,17.1125,91.81,0.2025,188.6875,0.0,0.0,,744.5275,
2023-04-05 04:00:00,26.1575,63.455,12.782499999999999,19.595,32.375,10.407499999999999,28.1575,0.3525,26.5,0.2125,,,,0.07,0.0825,16.9125,93.095,0.2225,189.15,0.0,0.0,,744.55,
2023-04-05 05:00:00,19.4775,63.6875,11.932500000000001,18.2925,30.22,10.4,27.6125,0.35,22.92,0.21,,,,0.07,0.08,16.7325,93.4625,0.255,186.6,0.0,0.0,,745.035,
2023-04-05 06:00:00,21.04,60.6275,11.0,16.8625,27.8625,10.515,27.345,0.36,23.375,0.2175,,,,0.07,0.0875,17.0375,93.295,0.23500000000000001,207.3475,0.0,0.0,8.915,745.5799999999999,
2023-04-05 07:00:00,19.4375,61.97,8.655000000000001,13.2675,21.9225,10.3825,28.8,0.3825,35.7425,0.225,,,,0.07250000000000001,0.0925,20.8325,79.61749999999999,0.4175,243.87,0.0,0.0,37.965,746.1675,
2023-04-05 08:00:00,20.064999999999998,67.47999999999999,7.3675,11.2975,18.665,10.1175,29.42,0.325,60.43,0.1925,,,,0.065,0.07500000000000001,26.6325,55.4975,0.7125,266.19,0.0,0.0,88.675,746.615,
2023-04-05 09:00:00,13.0825,59.0925,5.155,7.897500000000001,13.05,9.435,31.325,0.24,70.805,0.14750000000000002,,,,0.0475,0.0575,30.83,42.6775,0.9525,234.84,0.0,0.0,303.515,746.865,
2023-04-05 10:00:00,12.7625,49.975,3.7199999999999998,5.699999999999999,9.4175,8.8375,31.9075,0.1825,71.6625,0.1075,,,,0.0375,0.0425,33.15,34.792500000000004,0.915,251.75,0.0,0.0,375.65,746.8525,
2023-04-05 11:00:00,7.455,41.295,2.775,4.25,7.025,7.8575,33.196666666666665,0.1175,79.795,0.08,,,,0.03,0.03,34.9725,29.185000000000002,0.9475,232.7025,0.0,0.0,376.96999999999997,746.54,
2023-04-05 12:00:00,7.9075,46.0725,3.115,4.775,7.890000000000001,7.5175,28.4725,0.1125,72.295,0.07250000000000001,,,,0.0225,0.03,35.635,23.3775,1.3225,228.185,0.0,0.0,354.2275,746.1025,
2023-04-05 13:00:00,3.2675,58.347500000000004,3.3825,5.1825,8.56,7.5525,30.965,0.11499999999999999,77.7775,0.07500000000000001,,,,0.025,0.03,36.1625,21.235,1.2774999999999999,239.3,0.0,0.0,308.57,745.5024999999999,
2023-04-05 14:00:00,4.49,37.3275,2.2075,3.3775,5.5825,7.5375,33.0025,0.11,81.935,0.07,,,,0.02,0.03,36.9375,19.785,1.0375,260.57,0.0,0.0,246.9075,744.9449999999999,
2023-04-05 15:00:00,1.7825,43.057500000000005,3.37,5.1675,8.5375,7.535,32.585,0.10250000000000001,84.4875,0.0675,,,,0.02,0.025,36.394999999999996,19.595,1.0575,259.92,0.0,0.0,181.72,744.5225,
2023-04-05 16:00:00,3.5575,55.865,4.05,6.21,10.254999999999999,7.8325,31.979999999999997,0.1075,84.24,0.065,,,,0.02,0.0275,33.57,21.14,1.0075,250.27249999999998,0.0,0.0,59.7625,744.375,
2023-04-05 17:00:00,9.149999999999999,57.089999999999996,4.455,6.83,11.2825,8.14,30.2075,0.125,81.0175,0.08,,,,0.0275,0.0325,31.53,22.6025,0.7525000000000001,246.47000000000003,0.0,0.0,20.1525,744.4225,
2023-04-05 18:00:00,11.04,65.1375,6.605,10.120000000000001,16.72,9.335,30.145,0.1975,63.0825,0.12,,,,0.04,0.0475,27.9475,31.615000000000002,0.3625,222.0925,0.0,0.0,1.3099999999999998,744.6375,
2023-04-05 19:00:00,11.315000000000001,73.9975,8.344999999999999,12.79,21.134999999999998,9.665,32.625,0.2525,45.7,0.15250000000000002,,,,0.05,0.0625,23.1425,45.54,0.10250000000000001,114.54,0.0,0.0,,744.9200000000001,
2023-04-05 20:00:00,14.995000000000001,72.9675,9.2125,14.1225,23.330000000000002,9.715,33.0875,0.29,40.025,0.17250000000000001,,,,0.06,0.07,20.665,53.230000000000004,0.0875,100.3875,0.0,0.0,,745.4025,
2023-04-05 21:00:00,20.7475,77.4825,9.1,13.9525,23.052500000000002,9.92,33.0025,0.3275,33.47,0.195,,,,0.065,0.07500000000000001,19.275,59.8625,0.0725,103.0475,0.0,0.0,,745.88,
2023-04-05 22:00:00,20.762500000000003,77.5275,10.3175,15.8125,26.1325,9.7675,31.915000000000003,0.34,28.52,0.2025,,,,0.07,0.08,18.4625,66.03999999999999,0.08,105.05,0.0,0.0,,746.0975,
2023-04-05 23:00:00,19.43,65.435,9.7325,14.9175,24.655,9.795,31.755,0.3675,23.945,0.2175,,,,0.07,0.0875,18.1275,69.9625,0.09,126.00999999999999,0.0,0.0,,746.1775,
2023-04-06 00:00:00,20.767500000000002,88.1125,10.7225,16.44,27.16,9.9825,31.52,0.405,23.7925,0.2425,,,,0.0825,0.0975,17.91,69.5325,0.12,150.60250000000002,0.0,0.0,,746.145,
2023-04-06 01:00:00,27.445,89.39250000000001,11.48,17.6,29.08,10.27,31.5325,0.4325,24.4675,0.26,,,,0.09,0.1,18.21,67.8475,0.1825,174.0075,0.0,0.0,,745.9725,
2023-04-06 02:00:00,32.2125,88.36999999999999,11.3925,17.465,28.855,10.2975,32.015,0.4475,25.1175,0.2725,,,,0.09,0.1075,17.8325,67.18,0.10500000000000001,104.55250000000001,0.0,0.0,,745.7325,
2023-04-06 03:00:00,32.6725,95.3075,11.2525,17.25,28.502499999999998,10.18,31.27,0.4425,23.64,0.2625,,,,0.09,0.10250000000000001,17.134999999999998,73.065,0.1675,157.07,0.0,0.0,,745.5425,
2023-04-06 04:00:00,32.9925,89.7975,10.7025,16.4,27.105,9.9,30.857499999999998,0.425,28.740000000000002,0.26,,,,0.09,0.1,16.1175,73.8125,0.13,139.3975,0.0,0.0,,745.63,
2023-04-06 05:00:00,32.6875,85.11,9.7925,15.0125,24.805,9.6175,28.9975,0.405,20.4225,0.245,,,,0.08,0.1,15.5025,81.545,0.08499999999999999,98.2125,0.0,0.0,,746.04,
2023-04-06 06:00:00,30.725,85.41499999999999,11.1175,17.04,28.1525,10.0625,28.7775,0.4275,17.135,0.2575,,,,0.0875,0.1,15.629999999999999,80.7475,0.1525,187.4125,0.0,0.0,7.88,746.6275,
2023-04-06 07:00:00,30.29,81.145,13.345,20.4525,33.8,10.7375,31.22,0.495,23.495,0.2975,,,,0.1,0.12,20.095,69.15,0.5125,233.01,0.0,0.0,36.510000000000005,747.7574999999999,
2023-04-06 08:00:00,38.685,107.74249999999999,12.9,19.78,32.685,11.0225,35.7175,0.46,59.7275,0.2775,,,,0.0925,0.1075,26.877499999999998,40.195,0.69,262.3875,0.0,0.0,111.66499999999999,748.3975,
2023-04-06 09:00:00,34.97,102.2625,10.6275,16.29,26.915,10.432500000000001,36.43,0.38,80.3625,0.23,,,,0.0775,0.0925,31.7225,31.63,0.645,185.3075,0.0,0.0,319.8025,748.7075,
2023-04-06 10:00:00,21.9025,85.9025,9.6875,14.8525,24.545,9.7375,35.86,0.265,87.3375,0.16,,,,0.052500000000000005,0.0625,34.065,26.1225,0.9475,253.52499999999998,0.0,0.0,384.2675,748.7975,
2023-04-06 11:00:00,13.04,54.7275,9.075,13.91,22.985,8.63,35.457499999999996,0.1825,92.49,0.11,,,,0.035,0.04,34.91,24.2425,1.205,259.855,0.0,0.0,382.705,748.61,
2023-04-06 12:00:00,8.11,34.265,7.4475,11.4125,18.86,8.01,37.667500000000004,0.14250000000000002,104.8725,0.0825,,,,0.03,0.03,35.905,22.7675,1.0350000000000001,254.3975,0.0,0.0,351.075,748.2,
2023-04-06 13:00:00,4.17,34.9625,5.6525,8.66,14.305,7.987500000000001,36.245,0.1575,109.57,0.0975,,,,0.03,0.04,36.565,21.4425,1.085,250.36,0.0,0.0,302.6975,747.5575,
2023-04-06 14:00:00,7.4025,30.802500000000002,5.6175,8.615,14.2325,7.7625,34.05,0.14750000000000002,102.28,0.085,,,,0.0325,0.0325,37.6475,20.2625,0.86,221.9525,0.0,0.0,242.0075,746.875,
2023-04-06 15:00:00,6.5025,26.7625,5.84,8.9525,14.795,7.825,34.495000000000005,0.1325,103.8375,0.0825,,,,0.03,0.03,37.2275,19.9075,0.9125000000000001,219.1025,0.0,0.0,177.8375,746.3375,
2023-04-06 16:00:00,8.59,28.985,4.865,7.46,12.325,7.74,33.7875,0.13,108.155,0.0825,,,,0.03,0.0325,34.0375,23.4725,0.565,208.72,0.0,0.0,55.08,745.96,
2023-04-06 17:00:00,8.4825,33.4525,5.77,8.844999999999999,14.620000000000001,8.085,30.052500000000002,0.1575,101.82,0.0975,,,,0.0325,0.04,31.685000000000002,28.4475,0.4225,218.5725,0.0,0.0,16.585,745.905,
2023-04-06 18:00:00,9.105,41.965,7.797499999999999,11.9575,19.752499999999998,9.2125,22.509999999999998,0.2025,75.7875,0.1225,,,,0.04,0.0475,27.44,40.345,0.16999999999999998,157.14,0.0,0.0,1.0999999999999999,746.185,
2023-04-06 19:00:00,13.067499999999999,63.78,10.055,15.415000000000001,25.47,9.71,23.8575,0.3,55.0525,0.18,,,,0.060000000000000005,0.07,24.035,49.489999999999995,0.1325,130.6275,0.0,0.0,,746.765,
2023-04-06 20:00:00,14.215,55.235,13.595,20.84,34.4325,10.6475,31.3475,0.4225,40.6075,0.2525,,,,0.08499999999999999,0.10250000000000001,22.355,56.7675,0.105,126.265,0.0,0.0,,747.3325,
2023-04-06 21:00:00,18.11,70.5875,15.530000000000001,23.8075,39.3425,11.2225,33.18,0.5125,32.885,0.31,,,,0.10250000000000001,0.125,21.2425,61.705,0.15,134.53,0.0,0.0,,747.73,
2023-04-06 22:00:00,21.7575,84.9125,15.7625,24.1625,39.9225,11.52,33.182500000000005,0.5175000000000001,33.045,0.3125,,,,0.10250000000000001,0.125,20.43,64.0975,0.2325,227.21499999999997,0.0,0.0,,747.87,
2023-04-06 23:00:00,18.127499999999998,79.3175,12.445,19.080000000000002,31.5275,10.655,33.3325,0.38,44.29,0.2225,,,,0.07250000000000001,0.0875,21.79,57.7725,0.2625,192.22750000000002,0.0,0.0,,747.8175,
2023-04-07 00:00:00,16.555,70.8875,11.5525,17.7125,29.265,9.95,33.285,0.315,42.5925,0.19,,,,0.0625,0.07250000000000001,20.43,62.150000000000006,0.23,170.34,0.0,0.0,,747.8325,
2023-04-07 01:00:00,20.78,65.575,11.22,17.197499999999998,28.4175,9.74,32.5125,0.2725,37.8925,0.165,,,,0.055,0.065,19.2025,67.3475,0.21250000000000002,198.60250000000002,0.0,0.0,,747.8425,
2023-04-07 02:00:00,19.8625,67.22999999999999,10.440000000000001,16.0,26.442500000000003,9.57,31.875,0.2475,37.285,0.1475,,,,0.05,0.06,18.53,70.0875,0.1875,154.745,0.0,0.0,,747.54,
2023-04-07 03:00:00,13.86,56.725,10.4725,16.055,26.5275,9.565,31.775,0.25,38.6725,0.15,,,,0.05,0.06,17.502499999999998,71.16499999999999,0.17250000000000001,157.01999999999998,0.0,0.0,,747.33,
2023-04-07 04:00:00,14.657499999999999,57.595,10.0,15.325,25.3225,9.4525,31.9875,0.2425,41.0475,0.14500000000000002,,,,0.05,0.06,17.79,68.41,0.25,205.5725,0.0,0.0,,747.3575,
2023-04-07 05:00:00,13.0,54.5675,8.72,13.365,22.085,9.305,32.292500000000004,0.22,47.0375,0.14,,,,0.04,0.05,19.41,58.6625,0.245,195.8025,0.0,0.0,0.07,747.8325,
2023-04-07 06:00:00,10.42,60.605,8.7925,13.4775,22.27,9.195,32.182500000000005,0.2275,42.2825,0.14,,,,0.0425,0.052500000000000005,19.535,60.825,0.28,191.8925,0.0,0.0,9.0375,748.2075,
2023-04-07 07:00:00,17.475,67.3725,9.3125,14.275,23.59,9.44,33.2875,0.27,45.5475,0.165,,,,0.057499999999999996,0.065,22.07,56.7325,0.555,244.7625,0.0,0.0,46.5025,748.875,
2023-04-07 08:00:00,16.1925,72.8925,8.7775,13.455,22.23,9.39,33.695,0.2725,61.8825,0.17,,,,0.057499999999999996,0.0675,27.6675,43.0525,0.76,244.09,0.0,0.0,133.815,749.4825,
2023-04-07 09:00:00,18.505,64.14750000000001,8.4925,13.02,21.5125,9.467500000000001,32.655,0.26,69.69749999999999,0.1575,,,,0.05,0.06,32.195,34.4075,0.71,218.2475,0.0,0.0,332.9575,749.9225,
2023-04-07 10:00:00,17.3475,67.3275,8.0425,12.33,20.372500000000002,9.3575,33.435,0.2225,77.375,0.135,,,,0.0425,0.052500000000000005,34.302499999999995,25.3675,0.8825,245.1525,0.0,0.0,367.02,750.0,
2023-04-07 11:00:00,10.91,72.8825,7.84,12.015,19.855,9.2575,37.53,0.1875,79.245,0.1125,,,,0.04,0.0425,36.3,20.9325,1.01,251.2825,0.0,0.0,383.9425,749.9275,
2023-04-07 12:00:00,9.0,63.8625,6.48,9.93,16.405,7.7475,42.4,0.125,92.125,0.0775,,,,0.025,0.0325,36.7175,19.1575,1.3074999999999999,248.5825,0.0,0.0,358.96999999999997,749.4225,
2023-04-07 13:00:00,5.325,65.53999999999999,5.9,9.0425,14.9425,7.695,1.7200000000000002,0.10250000000000001,88.065,0.0625,,,,0.02,0.02,37.302499999999995,17.735,1.295,245.4075,0.0,0.0,313.9725,748.6324999999999,
2023-04-07 14:00:00,5.4750000000000005,70.3375,5.435,8.33,13.76,7.5825,2.385,0.10500000000000001,87.91499999999999,0.06,,,,0.02,0.025,37.92,16.25,1.0675,246.8025,0.0,0.0,255.9925,748.0450000000001,
2023-04-07 15:00:00,3.0625,51.2375,14.497500000000002,22.225,36.7225,8.6125,2.32,0.285,,0.16749999999999998,,,,0.055,0.07,37.075,16.262500000000003,1.2349999999999999,265.21500000000003,0.07,0.07,186.27249999999998,747.5550000000001,
2023-04-07 16:00:00,4.795,57.175,5.1875,7.95,13.135,7.800000000000001,1.96,0.10500000000000001,,0.0625,,,,0.02,0.0225,34.415,18.259999999999998,1.04,256.5325,0.005,0.005,60.537499999999994,747.075,
2023-04-07 17:00:00,10.455,46.425000000000004,6.575,10.08,16.655,8.355,2.46,0.14750000000000002,,0.08499999999999999,,,,0.03,0.035,32.51,21.2125,0.7775,236.62,0.015,0.015,18.814999999999998,747.0699999999999,
2023-04-07 18:00:00,19.22,56.84,8.592500000000001,13.1725,21.7675,8.7375,0.5,0.20750000000000002,,0.1275,,,,0.0425,0.0475,27.759999999999998,32.269999999999996,0.2275,165.5,0.0,0.0,1.5,747.275,
2023-04-07 19:00:00,,,10.985,16.835,27.82,9.7575,0.5775,0.305,,0.1875,,,,0.0625,0.07250000000000001,23.52,42.91,0.1675,155.245,0.005,0.005,,747.6600000000001,
2023-04-07 20:00:00,9.4,77.22,12.4025,19.01,31.41,10.2925,0.3,0.37,,0.22,,,,0.07250000000000001,0.0875,22.1025,46.5875,0.1975,140.9375,0.0025,0.0025,,748.2325,
2023-04-07 21:00:00,17.94,75.965,11.8375,18.1475,29.9875,10.2575,1.06,0.4075,,0.245,,,,0.08499999999999999,0.1,20.915,49.3675,0.125,133.48250000000002,0.0,0.0,,748.615,
2023-04-07 22:00:00,13.325,85.2475,11.67,17.89,29.56,10.3625,2.205,0.45499999999999996,,0.27749999999999997,,,,0.095,0.1075,19.945,53.942499999999995,0.21,184.87,0.0,0.0,,748.7725,
2023-04-07 23:00:00,22.287499999999998,103.0725,12.2625,18.8,31.065,10.6675,2.7025,0.4975,,0.3,,,,0.1,0.12,19.27,53.39,0.1925,152.5625,0.0,0.0,,748.765,
2023-04-08 00:00:00,21.2775,93.50999999999999,12.9275,19.815,32.745000000000005,10.775,2.7375,0.5,,0.3025,,,,0.1,0.12,18.7075,56.58,0.1825,170.76749999999998,0.0,0.0,,748.625,
2023-04-08 01:00:00,22.0975,82.565,13.1625,20.177500000000002,33.3375,10.7275,2.565,0.5,,0.2975,,,,0.1,0.12,18.36,58.08,0.215,181.4675,0.0,0.0,,748.4175,
2023-04-08 02:00:00,21.965,97.9225,12.765,19.567500000000003,32.3325,10.845,2.83,0.49,,0.2925,,,,0.1,0.12,18.0875,61.78,0.20750000000000002,166.44,0.0,0.0,,748.3325,
2023-04-08 03:00:00,25.9375,87.815,12.5225,19.195,31.7175,10.8375,2.73,0.4925,,0.295,,,,0.1,0.1175,17.095,63.455,0.2025,226.83,0.0,0.0,,748.23,
2023-04-08 04:00:00,25.495,91.2875,13.0775,20.0475,33.1225,10.745000000000001,2.7225,0.465,,0.28,,,,0.095,0.11,17.212500000000002,60.665,0.3075,228.66,0.0,0.0,,748.46,
2023-04-08 05:00:00,25.9875,84.545,12.754999999999999,19.55,32.3,10.8,2.6799999999999997,0.4575,,0.28,,,,0.0925,0.11,17.0875,62.6025,0.26,220.5,0.0,0.0,,748.775,
2023-04-08 06:00:00,25.415,74.20500000000001,13.5775,20.8125,34.3925,10.717500000000001,3.08,0.4475,,0.2625,,,,0.09,0.10500000000000001,17.835,60.9525,0.36,215.615,0.0,0.0,7.3825,749.535,
2023-04-08 07:00:00,27.427500000000002,94.2,13.39,20.525000000000002,33.9125,10.8975,3.5175,0.46,,0.28,,,,0.09,0.11,21.62,53.957499999999996,0.39249999999999996,213.08249999999998,0.0,0.0,53.542500000000004,749.955,
2023-04-08 08:00:00,29.47,113.23500000000001,13.35,20.465,33.8125,10.67,4.1525,0.46,,0.28,,,,0.095,0.11,28.27,35.4175,0.63,246.815,0.0,0.0,128.2575,750.0,
2023-04-08 09:00:00,27.14,96.395,11.6675,17.8925,29.560000000000002,10.16,3.625,0.4475,,0.2675,,,,0.09,0.10500000000000001,32.3975,31.855,0.6725,234.6975,0.0,0.0,308.48,750.0,
2023-04-08 10:00:00,25.9875,88.2775,10.317499999999999,15.8125,26.1325,9.6425,3.545,0.41,,0.2475,,,,0.0825,0.1,35.224999999999994,27.175,0.65,237.185,0.0,0.0,348.325,750.0,
2023-04-08 11:00:00,15.78,66.64,9.66,14.805,24.4625,9.295,3.6574999999999998,0.3625,,0.2175,,,,0.07250000000000001,0.08499999999999999,35.8675,22.3425,0.7,224.4475,0.0,0.0,261.5675,750.0,
2023-04-08 12:00:00,14.8575,41.58,8.8325,13.54,22.3725,9.1625,3.3325,0.3325,,0.2,,,,0.07,0.08,34.8825,23.4825,0.6075,226.1125,0.0,0.0,177.22,749.9325,
2023-04-08 13:00:00,14.645,44.480000000000004,8.15,12.4925,20.6425,8.8125,3.865,0.2475,69.50333333333333,0.155,,,,0.045,0.05500000000000001,37.3475,21.115,0.69,228.785,0.0,0.0,258.905,749.4200000000001,
2023-04-08 14:00:00,8.620000000000001,45.33,7.83,12.0025,19.8325,8.715,3.7725,0.19,65.9375,0.11750000000000001,,,,0.04,0.045,38.5475,18.85,0.89,241.28750000000002,0.0,0.0,236.29000000000002,748.82,
2023-04-08 15:00:00,6.995,57.6725,6.88,10.545,17.427500000000002,8.4475,4.54,0.14500000000000002,87.9175,0.0825,,,,0.03,0.035,37.8875,19.0,0.97,239.2,0.0,0.0,170.07,748.275,
2023-04-08 16:00:00,11.1025,57.2875,6.8975,10.575,17.47,8.665,6.327500000000001,0.14,94.085,0.08,,,,0.03,0.03,34.9,20.1025,0.85,253.005,0.0,0.0,56.152499999999996,747.9825000000001,
2023-04-08 17:00:00,10.73,54.6625,7.5125,11.515,19.0325,8.705,7.6175,0.1575,55.2125,0.095,,,,0.0325,0.0375,32.3625,25.0325,0.39,219.685,0.0,0.0,17.5575,748.0799999999999,
2023-04-08 18:00:00,18.6175,65.765,8.5125,13.0475,21.557499999999997,8.79,8.4475,0.2,34.9625,0.1225,,,,0.04,0.0475,27.505000000000003,35.445,0.0925,99.1725,0.0175,0.0175,1.2349999999999999,748.2425000000001,
2023-04-08 19:00:00,9.575,65.67,9.6325,14.7625,24.392500000000002,9.32,7.335,0.265,10.55,0.1625,,,,0.052500000000000005,0.0625,23.915,43.7425,0.06,61.05,0.0125,0.0125,,748.5125,
2023-04-08 20:00:00,20.1875,91.355,11.165,17.1175,28.285,9.82,6.9575,0.36250000000000004,2.0533333333333332,0.215,,,,0.07250000000000001,0.08499999999999999,22.0375,50.1125,0.135,147.8125,0.0,0.0,,749.04,
2023-04-08 21:00:00,31.0325,105.81,12.815000000000001,19.645000000000003,32.46,10.4675,7.175,0.47750000000000004,0.415,0.2875,,,,0.095,0.115,21.13,55.555,0.20500000000000002,173.275,0.0,0.0,,749.7,
2023-04-08 22:00:00,26.98,98.995,14.985,22.9675,37.95,11.445,7.279999999999999,0.6275,,0.375,,,,0.1225,0.15,20.5,58.26,0.13,137.72,0.0,0.0,,749.87,
2023-04-08 23:00:00,36.81,121.6075,17.615000000000002,27.0,44.614999999999995,12.6525,7.0275,0.8425,,0.505,,,,0.1675,0.2,19.7575,69.205,0.1775,218.74,0.0,0.0,,749.75,
2023-04-09 00:00:00,37.47,132.4375,20.752499999999998,31.815,52.567499999999995,13.8525,7.470000000000001,1.0575,,0.6325000000000001,,,,0.2125,0.255,19.9325,64.545,0.28,194.2825,0.0,0.0,,749.885,
2023-04-09 01:00:00,33.962500000000006,150.5975,19.2025,29.4375,48.6425,13.817499999999999,7.695,1.0175,1.8475000000000001,0.61,,,,0.20500000000000002,0.2475,22.052500000000002,57.185,0.385,185.5725,0.0,0.0,,749.85,
2023-04-09 02:00:00,25.5525,115.415,16.17,24.7825,40.955,12.82,7.285,0.9199999999999999,2.875,0.545,,,,0.185,0.2175,22.39,58.7025,0.295,175.9875,0.0,0.0,,749.6175000000001,
2023-04-09 03:00:00,23.21,67.825,14.2275,21.805,36.0275,11.715,7.7925,0.75,12.8525,0.4425,,,,0.14750000000000002,0.18,24.09,52.552499999999995,0.5725,225.485,0.0175,0.0175,,749.4025,
2023-04-09 04:00:00,15.5775,62.89,12.605,19.322499999999998,31.927500000000002,10.68,7.07,0.69,6.265000000000001,0.4125,,,,0.1375,0.1675,22.3775,59.12,0.23750000000000002,118.8125,0.0025,0.0025,,749.3325,
2023-04-09 05:00:00,15.0475,47.125,12.425,19.0475,31.4725,10.2925,7.27,0.605,1.8650000000000002,0.3675,,,,0.125,0.14500000000000002,20.53,67.2875,0.255,183.9225,0.0,0.0,,749.31,
2023-04-09 06:00:00,12.537500000000001,34.010000000000005,11.317499999999999,17.35,28.665,10.115,7.07,0.5425,0.6833333333333335,0.3225,,,,0.1075,0.1275,19.915,73.9525,0.165,161.37,0.0,0.0,10.434999999999999,749.6999999999999,
2023-04-09 07:00:00,12.91,55.47,11.2,17.165,28.365000000000002,9.975000000000001,7.055,0.47750000000000004,6.425,0.28,,,,0.095,0.11,22.9425,65.0625,0.3375,204.8625,0.0,0.0,59.705,749.9975,
2023-04-09 08:00:00,19.2125,56.6925,10.9775,16.8275,27.805,9.685,7.4675,0.425,16.5975,0.26,,,,0.0875,0.1,29.055,44.5725,0.6975,253.16750000000002,0.0,0.0,140.1625,750.0,
2023-04-09 09:00:00,13.535,54.3525,10.01,15.345,25.355,9.335,7.79,0.3975,25.89,0.2375,,,,0.08,0.095,32.4875,36.835,0.6125,208.265,0.0,0.0,316.165,750.0,
2023-04-09 10:00:00,22.3125,75.3725,9.497499999999999,14.56,24.06,9.2175,8.2375,0.3725,36.455,0.2225,,,,0.07,0.09,35.46,28.6625,0.72,207.29,0.0,0.0,356.625,750.0,
2023-04-09 11:00:00,15.7975,64.1225,9.39,14.3925,23.78,8.895,8.567499999999999,0.3425,43.2125,0.20500000000000002,,,,0.07,0.08,36.98,22.5725,0.6925,204.60250000000002,0.0,0.0,359.1675,750.0,
2023-04-09 12:00:00,15.717500000000001,59.7025,9.93,15.215,25.145,8.8775,8.685,0.32,43.230000000000004,0.19,,,,0.0625,0.07500000000000001,37.6825,20.7775,0.8725,249.9175,0.0,0.0,335.34,749.9475,
2023-04-09 13:00:00,17.0875,52.190000000000005,9.5975,14.7075,24.3075,8.955,8.2125,0.2975,43.59,0.175,,,,0.06,0.07,39.067499999999995,19.055,0.6975,221.0225,0.0,0.0,292.7875,749.2275,
2023-04-09 14:00:00,8.872499999999999,45.197500000000005,9.6375,14.77,24.4025,8.9375,9.105,0.27,48.11,0.165,,,,0.052500000000000005,0.0625,38.8325,17.9025,0.91,254.56,0.0,0.0,237.0525,748.4125,
2023-04-09 15:00:00,14.27,59.942499999999995,9.32,14.285,23.6025,8.9175,8.245,0.25,45.4525,0.1525,,,,0.05,0.06,38.4425,17.9525,0.85,251.93,0.0,0.0,169.6875,747.745,
2023-04-09 16:00:00,15.26,50.1225,8.567499999999999,13.1325,21.697499999999998,8.6125,7.8425,0.235,48.614999999999995,0.14,,,,0.045,0.055,35.0775,21.425,0.5975,239.1925,0.0,0.0,54.14,747.22,
2023-04-09 17:00:00,7.15,66.1725,8.2675,12.675,20.9425,8.5225,7.88,0.2325,38.455,0.14,,,,0.045,0.057499999999999996,32.2975,26.91,0.3225,203.9125,0.0,0.0,18.884999999999998,746.9475,
2023-04-09 18:00:00,11.65,68.62,8.8275,13.532499999999999,22.362499999999997,8.6225,7.4725,0.265,13.43,0.16,,,,0.052500000000000005,0.0625,27.6725,36.6825,0.1475,116.6875,0.0,0.0,1.49,747.1275,
2023-04-09 19:00:00,13.4025,79.525,10.0275,15.370000000000001,25.4025,9.115,7.3774999999999995,0.31,4.295,0.1875,,,,0.065,0.07250000000000001,24.2,45.072500000000005,0.095,103.6625,0.0,0.0,,747.6,
2023-04-09 20:00:00,17.740000000000002,76.4325,10.795,16.55,27.3425,9.3975,7.15,0.3425,2.1425,0.2025,,,,0.07,0.08,22.6125,52.6,0.1275,150.9725,0.0,0.0,,748.1525,
2023-04-09 21:00:00,19.755000000000003,81.1275,11.3075,17.332500000000003,28.6375,9.585,6.9875,0.375,1.4366666666666665,0.2225,,,,0.07250000000000001,0.0875,22.0,56.3675,0.12,146.0525,0.0,0.0,,748.425,
2023-04-09 22:00:00,21.2075,89.55,11.84,18.15,29.99,9.850000000000001,7.445,0.415,0.7333333333333334,0.2525,,,,0.0825,0.1,20.84,58.2125,0.10250000000000001,106.1,0.0,0.0,,748.3299999999999,
2023-04-09 23:00:00,27.767500000000002,97.27000000000001,12.22,18.7325,30.9525,10.2075,7.4025,0.46,0.3433333333333333,0.28,,,,0.0925,0.11,19.7475,57.23,0.1425,153.765,0.0,0.0,,748.1375,
2023-04-10 00:00:00,31.595,109.36,12.6475,19.3875,32.0325,10.3875,7.077500000000001,0.5,0.16,0.3,,,,0.1,0.12,18.8275,58.4525,0.06,78.245,0.0,0.0,,747.7875,
2023-04-10 01:00:00,30.0,102.875,13.66,20.939999999999998,34.605000000000004,10.84,7.24,0.535,,0.3225,,,,0.10500000000000001,0.13,18.0875,62.032500000000006,0.0975,144.6525,0.0,0.0,,747.3699999999999,
2023-04-10 02:00:00,29.6875,99.10249999999999,14.82,22.7125,37.535,11.5075,7.3549999999999995,0.5825,,0.35,,,,0.1175,0.14,17.725,68.8925,0.16999999999999998,200.5925,0.0,0.0,,746.9575,
2023-04-10 03:00:00,31.712500000000002,106.5575,15.504999999999999,23.765,39.27,11.795,7.475,0.6125,,0.375,,,,0.12,0.1475,17.5875,68.955,0.1625,190.7675,0.0,0.0,,746.8175,
2023-04-10 04:00:00,36.372499999999995,102.0525,15.295,23.45,38.7475,11.9125,7.325,0.6275,,0.38,,,,0.1225,0.15,17.002499999999998,67.5475,0.16,173.66750000000002,0.0,0.0,,747.0025,
2023-04-10 05:00:00,33.3925,95.6925,15.525,23.795,39.3225,12.02,7.28,0.605,,0.365,,,,0.12,0.14500000000000002,16.6425,70.555,0.2325,236.2075,0.0,0.0,0.12,747.385,
2023-04-10 06:00:00,29.84,78.39,14.865,22.785,37.6475,11.61,7.2875,0.585,,0.35,,,,0.12,0.14,16.9325,72.4,0.185,155.3825,0.0,0.0,8.3825,747.8675000000001,
2023-04-10 07:00:00,27.845,79.985,15.585,23.895,39.48,11.4575,8.015,0.56,6.842499999999999,0.3375,,,,0.1125,0.1375,21.455,55.3275,0.3725,205.8125,0.0,0.0,81.47,748.7125,
2023-04-10 08:00:00,33.155,109.3675,15.365,23.55,38.915,11.0425,9.4175,0.545,25.549999999999997,0.325,,,,0.11,0.13,30.330000000000002,31.525,0.76,256.98249999999996,0.0,0.0,188.4475,749.3975,
2023-04-10 09:00:00,32.9275,110.875,13.9275,21.35,35.2725,10.16,9.4975,0.515,37.79,0.3075,,,,0.1,0.1225,33.7425,27.48,0.9075,254.735,0.0,0.0,357.1925,749.7525,
2023-04-10 10:00:00,24.71,101.315,12.07,18.502499999999998,30.57,9.675,10.2,0.4225,59.3775,0.2525,,,,0.08499999999999999,0.1,36.675,23.515,0.7875,263.71500000000003,0.0,0.0,388.435,749.6875,
2023-04-10 11:00:00,22.0575,76.7475,10.76,16.497500000000002,27.2575,9.605,9.6375,0.29000000000000004,61.24,0.17500000000000002,,,,0.06,0.07,37.557500000000005,18.195,1.02,253.8675,0.0,0.0,390.54,749.3075,
2023-04-10 12:00:00,13.0875,55.4975,9.1325,13.995000000000001,23.127499999999998,8.805,7.6975,0.1175,63.32,0.07250000000000001,,,,0.045,0.055,38.0925,15.917499999999999,1.0899999999999999,243.32,0.0,0.0,370.825,748.5225,
2023-04-10 13:00:00,5.922499999999999,54.14,8.6875,13.317499999999999,22.005,8.3625,6.6625,0.1875,58.165,0.0925,,,,0.03,0.055,38.807500000000005,15.0725,1.0550000000000002,254.325,0.0,0.0,322.83000000000004,747.7125,
2023-04-10 14:00:00,6.1125,35.0475,8.5375,13.085,21.62,8.475,5.7325,0.175,55.3,0.1075,,,,0.04,0.04,39.155,14.975,1.05,229.2375,0.0,0.0,259.2925,746.985,
2023-04-10 15:00:00,11.592500000000001,46.74,3.1966666666666668,4.903333333333333,6.075,8.096666666666666,6.7524999999999995,0.1325,89.5625,0.0775,,,,0.025,0.0325,38.705,15.265,1.0499999999999998,254.9525,0.0,0.0,185.1325,746.47,
2023-04-10 16:00:00,7.03,48.1425,2.24,3.435,5.6775,19.445,10.265,0.115,83.4875,0.07500000000000001,,,,0.025,0.03,35.315,17.8475,0.9450000000000001,244.2075,0.0,0.0,51.457499999999996,746.2675,
2023-04-10 17:00:00,8.17,40.5625,3.0,4.595,7.6,8.44,12.185,0.155,49.629999999999995,0.0925,,,,0.03,0.0375,33.2125,21.3875,0.635,253.695,0.0,0.0,18.4475,746.1775,
2023-04-10 18:00:00,12.93,54.175000000000004,4.495,6.8875,11.375,8.8175,9.14,0.21,48.2725,0.1325,,,,0.04,0.05,29.34,28.115000000000002,0.2575,201.0675,0.0,0.0,1.365,746.4,
2023-04-10 19:00:00,16.7925,87.0275,5.085,7.795,12.8825,9.149999999999999,5.9075,0.245,20.355,0.14750000000000002,,,,0.05,0.057499999999999996,24.990000000000002,37.9825,0.1375,106.805,0.0025,0.0025,,746.81,
2023-04-10 20:00:00,17.8175,68.0,7.3825,11.315,18.697499999999998,9.7275,5.6675,0.305,3.535,0.1825,,,,0.0625,0.07250000000000001,21.915,45.7725,0.065,95.2,0.0275,0.0275,,747.15,
2023-04-10 21:00:00,20.1475,83.9725,8.3125,12.745000000000001,21.060000000000002,10.035,5.7175,0.37,0.78,0.2225,,,,0.07500000000000001,0.0875,20.560000000000002,50.8925,0.09,118.65,0.0,0.0,,747.2375,
2023-04-10 22:00:00,26.9225,93.2575,9.64,14.775,24.412499999999998,10.375,5.7475,0.485,0.9675,0.2975,,,,0.0975,0.1175,20.37,54.1375,0.14250000000000002,128.865,0.0,0.0,,747.4,
2023-04-10 23:00:00,30.6375,112.045,9.165000000000001,14.045,23.21,10.620000000000001,5.3325,0.535,0.6425000000000001,0.3225,,,,0.10500000000000001,0.1275,19.8825,50.7625,0.1,119.44,0.0,0.0,,747.1825,
2023-04-11 00:00:00,24.7775,88.1775,8.725,13.370000000000001,22.0925,10.4925,5.2725,0.5575,0.5700000000000001,0.3325,,,,0.1125,0.135,19.0125,54.185,0.09,125.3,0.0,0.0,,746.95,
2023-04-11 01:00:00,26.9075,88.9475,9.3075,14.2675,23.575,10.7225,5.5225,0.5725,0.45,0.3475,,,,0.1175,0.14,18.4025,58.3475,0.18,177.785,0.0,0.0,,746.63,
2023-04-11 02:00:00,26.2175,95.57,9.2725,14.2125,23.4875,10.5825,5.57,0.585,0.22,0.3525,,,,0.12,0.14,18.6825,59.97,0.2225,183.45,0.0,0.0,,746.25,
2023-04-11 03:00:00,30.07,90.6675,9.075,13.91,22.9875,10.59,5.3975,0.5874999999999999,0.29,0.35,,,,0.12,0.14,18.119999999999997,62.1975,0.1575,177.435,0.0,0.0,,746.035,
2023-04-11 04:00:00,26.485,80.97,8.805,13.495,22.2975,10.5525,5.55,0.5575,1.2266666666666666,0.335,,,,0.1125,0.135,17.7525,62.045,0.205,177.4125,0.0,0.0,,746.105,
2023-04-11 05:00:00,29.37,84.41499999999999,8.9475,13.717500000000001,22.67,10.6125,5.2925,0.555,0.03,0.3325,,,,0.11,0.135,16.9475,66.3875,0.1775,175.27,0.0,0.0,0.2,746.375,
2023-04-11 06:00:00,35.5375,79.96,8.8225,13.5225,22.3475,10.5175,5.4125,0.5475000000000001,,0.3325,,,,0.11,0.1325,17.145,74.5625,0.21,175.54999999999998,0.0,0.0,8.004999999999999,746.905,
2023-04-11 07:00:00,31.9275,84.035,9.584999999999999,14.695,24.28,10.692499999999999,5.96,0.56,7.0975,0.3375,,,,0.11,0.135,21.415,60.955,0.2175,159.17,0.0,0.0,86.1025,747.465,
2023-04-11 08:00:00,37.43,124.27250000000001,9.0175,13.8225,22.84,10.42,7.325,0.53,34.5075,0.3175,,,,0.10500000000000001,0.1275,31.3825,31.7275,0.7625,236.055,0.0,0.0,228.8025,748.1525,
2023-04-11 09:00:00,32.322500000000005,121.885,6.904999999999999,10.58,17.485,9.87,7.53,0.475,44.2725,0.28500000000000003,,,,0.0975,0.11499999999999999,34.67,26.4225,0.95,254.555,0.0,0.0,364.675,748.435,
2023-04-11 10:00:00,18.009999999999998,79.87,6.015,9.219999999999999,15.235,9.525,7.37,0.425,49.495,0.255,,,,0.0875,0.0975,36.2425,24.4775,0.9199999999999999,247.90000000000003,0.0,0.0,393.9325,748.4725,
2023-04-11 11:00:00,16.195,72.955,5.1525,7.905,13.0575,9.3275,7.0649999999999995,0.36,51.86,0.215,,,,0.07250000000000001,0.085,37.3225,20.765,1.2275,267.28249999999997,0.0,0.0,391.6375,748.175,
2023-04-11 12:00:00,8.967500000000001,57.4275,4.4725,6.85,11.325,8.865,6.6975,0.275,57.87,0.1625,,,,0.057499999999999996,0.0675,37.96,18.4,1.3575,257.0375,0.0,0.0,362.6325,747.6700000000001,
2023-04-11 13:00:00,8.9575,69.5875,4.4325,6.7925,11.2225,9.0825,6.625,0.23249999999999998,57.6175,0.14250000000000002,,,,0.0475,0.057499999999999996,38.9925,17.14,1.0675000000000001,253.84,0.0,0.0,312.9825,746.9275,
2023-04-11 14:00:00,14.822500000000002,73.75,4.3275,6.6325,10.96,8.85,6.1875,0.2025,55.605000000000004,0.12,,,,0.04,0.0475,39.527499999999996,15.1475,1.1725,259.45000000000005,0.0,0.0,253.89999999999998,746.235,
2023-04-11 15:00:00,12.4575,63.325,4.2225,6.475,10.7,8.915,6.25,0.1975,53.745000000000005,0.11499999999999999,,,,0.04,0.045,38.955,15.275,1.25,239.71249999999998,0.0,0.0,179.61,745.7125,
2023-04-11 16:00:00,13.3,59.555,3.8825000000000003,5.9475,9.8225,8.66,6.4475,0.195,71.105,0.11499999999999999,,,,0.04,0.0425,36.2825,17.34,1.1125,270.59999999999997,0.0,0.0,54.22,745.46,
2023-04-11 17:00:00,16.212500000000002,86.26,4.505,6.907500000000001,11.4175,8.6875,6.71,0.20750000000000002,74.97,0.13,,,,0.04,0.05,34.415,21.55,0.855,247.12,0.0,0.0,20.4375,745.545,
2023-04-11 18:00:00,18.0775,91.09,5.855,8.975,14.83,9.24,6.275,0.2625,59.555,0.16,,,,0.055,0.065,29.854999999999997,31.5225,0.255,164.7375,0.0,0.0,1.8800000000000001,745.895,
2023-04-11 19:00:00,18.4725,95.27,6.83,10.465,17.295,9.45,5.8975,0.32,22.865,0.1925,,,,0.065,0.07250000000000001,25.7075,38.555,0.1575,131.65,0.0,0.0,,746.2175,
2023-04-11 20:00:00,24.5,83.2025,8.3,12.7175,21.0225,9.46,5.9,0.405,11.49,0.24,,,,0.08,0.0975,24.095,42.557500000000005,0.20500000000000002,150.7575,0.0,0.0,,746.7049999999999,
2023-04-11 21:00:00,27.025,111.25750000000001,8.0325,12.31,20.34,9.8675,5.6325,0.44,6.1125,0.2625,,,,0.09,0.10500000000000001,23.3125,45.5375,0.1775,152.2025,0.0,0.0,,747.115,
2023-04-11 22:00:00,24.89,98.7025,7.41,11.3575,18.77,9.795,5.675,0.4525,9.285,0.275,,,,0.09,0.11,23.565,44.8825,0.22500000000000003,181.56,0.0,0.0,,747.21,
2023-04-11 23:00:00,17.3725,110.4675,6.89,10.565,17.46,9.67,5.8475,0.4575,8.625,0.28,,,,0.0925,0.11,22.835,46.8525,0.21250000000000002,150.4325,0.0,0.0,,747.05,
2023-04-12 00:00:00,21.3825,85.115,7.295,11.182500000000001,18.485,9.79,5.65,0.47,4.045,0.2875,,,,0.0975,0.1125,21.96,48.0475,0.19,191.3725,0.0,0.0,,746.735,
2023-04-12 01:00:00,19.447499999999998,99.4,7.46,11.435,18.9,9.8875,5.7075,0.48,0.98,0.29,,,,0.1,0.11499999999999999,21.134999999999998,52.305,0.2,221.9075,0.0,0.0,,746.395,
2023-04-12 02:00:00,17.9525,87.9975,7.515000000000001,11.5225,19.04,9.895,5.9025,0.47,3.3049999999999997,0.28250000000000003,,,,0.0925,0.1125,20.552500000000002,57.905,0.1625,165.6625,0.0,0.0,,745.9549999999999,
2023-04-12 03:00:00,21.985,91.83000000000001,7.23,11.0825,18.3125,9.7975,6.0175,0.45999999999999996,7.1025,0.28,,,,0.0975,0.11,20.615000000000002,57.53,0.255,184.63,0.0,0.0,,745.8425,
2023-04-12 04:00:00,23.7225,87.515,7.26,11.125,18.385,9.8325,5.965,0.46,4.9775,0.2775,,,,0.0925,0.11,20.314999999999998,58.7425,0.23750000000000002,162.9475,0.0,0.0,,746.04,
2023-04-12 05:00:00,23.6425,80.19749999999999,7.1725,10.995000000000001,18.1675,9.785,5.9825,0.46,2.8925,0.28,,,,0.09,0.11,19.697499999999998,61.69,0.18,160.5775,0.0,0.0,0.33,746.2425000000001,
2023-04-12 06:00:00,21.53,92.1725,7.2925,11.1775,18.4725,9.84,6.3625,0.47,2.5833333333333335,0.28500000000000003,,,,0.0975,0.11,19.8475,62.605000000000004,0.1625,140.355,0.0,0.0,9.932500000000001,746.5450000000001,
2023-04-12 07:00:00,28.0875,98.14250000000001,7.5825,11.62,19.2,9.7125,6.8375,0.4825,6.46,0.2925,,,,0.1,0.12,23.5325,58.335,0.2175,190.3825,0.0,0.0,82.09,747.0025,
2023-04-12 08:00:00,26.8325,111.0575,6.955,10.655000000000001,17.61,9.67,7.5649999999999995,0.4625,27.14,0.28,,,,0.095,0.11,31.98,34.8275,0.72,253.06,0.0,0.0,248.635,747.585,
2023-04-12 09:00:00,23.79,111.03,5.99,9.1775,15.165,9.295,7.3325,0.4325,37.155,0.2575,,,,0.0875,0.10250000000000001,35.557500000000005,30.4775,0.8125,248.945,0.0,0.0,328.555,747.9025,
2023-04-12 10:00:00,20.6325,87.805,5.4025,8.2775,13.6775,9.1175,9.67,0.385,48.4175,0.23,,,,0.0775,0.09,36.775,27.8625,1.09,250.885,0.0,0.0,360.5,747.9200000000001,
2023-04-12 11:00:00,19.5825,80.3425,4.715,7.2275,11.940000000000001,9.2875,8.7325,0.3175,73.21000000000001,0.19,,,,0.0625,0.075,38.6975,25.384999999999998,1.0125,243.38,0.0,0.0,358.7325,747.5825,
2023-04-12 12:00:00,21.122500000000002,73.91250000000001,3.7275,5.7125,9.4375,9.14,8.095,0.215,94.4475,0.13,,,,0.0425,0.05,39.74,21.9675,0.9725,234.27499999999998,0.0,0.0,331.0925,747.0525,
2023-04-12 13:00:00,17.29,79.8625,3.3425000000000002,5.1225000000000005,8.4675,8.95,6.785,0.1725,86.03999999999999,0.10500000000000001,,,,0.035,0.04,40.7525,18.6425,1.0625,245.85,0.0,0.0,292.885,746.325,
2023-04-12 14:00:00,14.2675,81.305,3.2025,4.9075,8.115,8.87,6.8950000000000005,0.16,90.97999999999999,0.0975,,,,0.03,0.04,40.7325,18.5575,1.1625,264.58500000000004,0.0,0.0,236.43,745.5775,
2023-04-12 15:00:00,16.155,78.84,3.045,4.6675,7.715,8.73,6.6275,0.155,91.7175,0.0925,,,,0.03,0.04,40.4125,18.6375,0.965,242.9625,0.0,0.0,162.3425,745.0074999999999,
2023-04-12 16:00:00,13.855,68.0675,3.085,4.7325,7.8225,8.425,6.3825,0.1625,72.96000000000001,0.1,,,,0.0325,0.04,37.885,21.2575,0.88,246.83,0.0,0.0,56.0325,744.8,
2023-04-12 17:00:00,14.035,66.53,3.9225000000000003,6.0125,9.935,8.530000000000001,6.345,0.1925,56.3175,0.1175,,,,0.04,0.045,35.462500000000006,26.127499999999998,0.545,250.3725,0.0,0.0,19.9025,744.8975,
2023-04-12 18:00:00,17.439999999999998,74.555,5.245,8.04,13.2825,8.7775,6.27,0.235,38.3325,0.14500000000000002,,,,0.045,0.057499999999999996,30.91,36.480000000000004,0.2025,166.10250000000002,0.0,0.0,1.66,745.255,
2023-04-12 19:00:00,14.4325,80.9525,6.6025,10.125,16.7325,9.162500000000001,6.1325,0.2875,20.68,0.175,,,,0.057499999999999996,0.0675,27.560000000000002,44.1975,0.155,150.12,0.0,0.0,,745.63,
2023-04-12 20:00:00,21.435000000000002,97.9075,7.7225,11.844999999999999,19.57,9.56,6.23,0.345,12.225,0.2075,,,,0.0675,0.0825,26.0325,47.754999999999995,0.1975,193.0775,0.0125,0.0125,,746.1225,
2023-04-12 21:00:00,23.555,113.5325,7.4875,11.475,18.96,9.467500000000001,6.165,0.385,9.6625,0.23249999999999998,,,,0.07500000000000001,0.0925,25.23,50.2575,0.1725,168.0575,0.017499999999999998,0.017499999999999998,,746.38,
2023-04-12 22:00:00,23.5225,99.63499999999999,7.455,11.4275,18.8875,9.545,6.1825,0.41000000000000003,12.91,0.2475,,,,0.0825,0.1,25.0325,50.582499999999996,0.2225,168.5475,0.0,0.0,,746.3399999999999,
2023-04-12 23:00:00,21.292499999999997,114.51750000000001,7.282500000000001,11.162500000000001,18.442500000000003,9.450000000000001,6.2425,0.44,6.545,0.2625,,,,0.09,0.10250000000000001,24.0825,53.03,0.185,161.445,0.0,0.0,,746.05,
2023-04-13 00:00:00,22.14,104.94999999999999,8.0475,12.3375,20.384999999999998,9.6375,6.35,0.4575,5.0975,0.2775,,,,0.0925,0.11,23.2925,54.865,0.2425,190.84,0.0,0.0,,745.775,
2023-04-13 01:00:00,27.6325,110.4725,7.5575,11.585,19.145,9.6575,5.8875,0.4775,2.8449999999999998,0.28500000000000003,,,,0.1,0.1125,22.252499999999998,60.2375,0.2025,182.0175,0.0,0.0,,745.475,
2023-04-13 02:00:00,24.32,113.05,7.87,12.0625,19.932499999999997,9.7775,6.0649999999999995,0.45999999999999996,5.665,0.28,,,,0.0925,0.1075,22.2025,61.445,0.2725,187.225,0.0,0.0,,745.3050000000001,
2023-04-13 03:00:00,23.85,107.2025,7.5575,11.585,19.15,9.805,6.1025,0.46749999999999997,3.0375,0.28,,,,0.095,0.1125,21.895,61.5375,0.1725,173.26,0.0,0.0,,745.0725,
2023-04-13 04:00:00,21.025,102.4525,7.3475,11.265,18.615000000000002,9.6875,5.9975000000000005,0.4625,1.5625,0.2825,,,,0.095,0.1125,21.5075,64.1825,0.1925,201.6275,0.0,0.0,,745.005,
2023-04-13 05:00:00,23.4225,109.57,7.2625,11.135,18.3975,9.59,6.3100000000000005,0.445,3.0475,0.2725,,,,0.09,0.1075,21.3675,63.7725,0.31,182.9075,0.0,0.0,0.36,745.31,
2023-04-13 06:00:00,24.2225,112.44,7.4275,11.3875,18.815,9.5975,6.595000000000001,0.445,2.7675,0.27,,,,0.09,0.10250000000000001,21.785,64.1025,0.28250000000000003,192.4675,0.0,0.0,10.6,745.8525,
2023-04-13 07:00:00,23.0275,115.4225,7.8125,11.98,19.795,9.6525,7.297499999999999,0.45,7.4025,0.2725,,,,0.09,0.11,25.3775,52.965,0.3425,188.6575,0.0,0.0,82.66999999999999,746.4925000000001,
2023-04-13 08:00:00,28.6675,125.6975,7.4175,11.3725,18.7925,9.485,7.2825,0.45,20.1425,0.27,,,,0.09,0.11,31.885,36.82,0.6200000000000001,243.1525,0.0,0.0,241.81,746.875,
2023-04-13 09:00:00,34.43,131.1625,7.047499999999999,10.7975,17.8425,9.5075,7.047499999999999,0.4375,31.979999999999997,0.26,,,,0.09,0.1,35.7825,32.0175,0.6799999999999999,250.23749999999998,0.0,0.0,317.0425,747.035,
2023-04-13 10:00:00,31.1975,119.4875,6.455,9.8925,16.345,9.485,8.8275,0.395,49.1375,0.23249999999999998,,,,0.0775,0.095,38.085,26.9825,0.9225,265.53999999999996,0.0,0.0,353.435,747.0825,
2023-04-13 11:00:00,22.2075,95.03750000000001,6.01,9.21,15.219999999999999,9.56,9.5325,0.33,66.0575,0.2,,,,0.0675,0.0775,39.557500000000005,23.9225,0.875,249.5425,0.0,0.0,353.84000000000003,746.7675,
2023-04-13 12:00:00,24.0725,92.52499999999999,5.3,8.1225,13.4225,9.4275,7.3375,0.305,59.815,0.185,,,,0.0625,0.07250000000000001,40.41,21.5575,1.2,255.725,0.0,0.0,332.9275,746.175,
2023-04-13 13:00:00,17.7875,90.74249999999999,4.8975,7.5125,12.41,9.1175,7.529999999999999,0.29000000000000004,62.0725,0.17500000000000002,,,,0.06,0.07,40.65,21.7075,1.0175,247.1775,0.0,0.0,273.095,745.375,
2023-04-13 14:00:00,15.567499999999999,89.80000000000001,4.1,6.285,10.39,8.6275,7.5725,0.2275,74.1825,0.1375,,,,0.0425,0.052500000000000005,41.135000000000005,20.68,1.0474999999999999,247.7375,0.0,0.0,236.3575,744.5425,
2023-04-13 15:00:00,12.274999999999999,95.43,3.6399999999999997,5.5825,9.225,8.43,6.717499999999999,0.2025,60.2275,0.1225,,,,0.04,0.05,40.5675,20.705,1.0425,245.875,0.0,0.0,167.4325,743.9,
2023-04-13 16:00:00,13.295,84.64750000000001,4.76,7.295,12.055,8.557500000000001,7.325,0.225,54.8975,0.1375,,,,0.045,0.052500000000000005,38.155,22.895,1.0350000000000001,253.65,0.0,0.0,54.6475,743.6275,
2023-04-13 17:00:00,24.305,101.1875,4.675,7.1675,11.842500000000001,8.7225,7.0225,0.2275,57.5975,0.14250000000000002,,,,0.0425,0.055,36.2875,24.82,0.69,231.16,0.0,0.0,19.905,743.72,
2023-04-13 18:00:00,23.1925,93.41,6.467499999999999,9.9125,16.38,9.0475,6.6975,0.27,33.915,0.165,,,,0.057499999999999996,0.0675,32.035,33.895,0.19,158.315,0.0,0.0,1.875,743.9875,
2023-04-13 19:00:00,15.2625,87.1,7.640000000000001,11.709999999999999,19.355,9.3625,6.5725,0.315,15.92,0.1875,,,,0.0625,0.07250000000000001,28.155,42.9425,0.0625,94.9725,0.0,0.0,,744.4575,
2023-04-13 20:00:00,19.38,90.485,8.385,12.855,21.2425,9.6675,6.4125,0.3675,5.137499999999999,0.2175,,,,0.07500000000000001,0.0875,26.1125,48.3525,0.08750000000000001,105.41,0.0,0.0,,744.95,
2023-04-13 21:00:00,25.97,117.0625,8.477500000000001,12.9925,21.4675,9.715,6.51,0.4225,4.91,0.2575,,,,0.08499999999999999,0.1,24.9575,55.3125,0.11249999999999999,166.20749999999998,0.0,0.0,,745.215,
2023-04-13 22:00:00,30.38,134.35750000000002,7.797499999999999,11.955,19.752499999999998,9.7625,6.1525,0.4575,5.4350000000000005,0.275,,,,0.0925,0.11,24.122500000000002,55.072500000000005,0.10750000000000001,139.63750000000002,0.0,0.0,,745.2725,
2023-04-13 23:00:00,25.985,114.3875,8.057500000000001,12.3525,20.41,9.7325,6.15,0.4975,2.473333333333333,0.2975,,,,0.1,0.12,23.2075,58.14,0.0925,106.0,0.0,0.0,,745.0525,
2023-04-14 00:00:00,29.5925,117.69500000000001,7.43,11.3875,18.8225,9.57,6.0325,0.54,1.7966666666666666,0.3225,,,,0.1075,0.13,22.3625,60.215,0.07500000000000001,107.435,0.0,0.0,,744.78,
2023-04-14 01:00:00,28.5475,124.3725,9.0475,13.870000000000001,22.92,10.1775,5.8325,0.5725,1.44,0.345,,,,0.11499999999999999,0.1375,21.7225,62.39,0.0875,108.4875,0.0,0.0,,744.505,
2023-04-14 02:00:00,29.887500000000003,127.77250000000001,9.5275,14.605,24.134999999999998,10.225,6.2225,0.595,0.12,0.3575,,,,0.12,0.14250000000000002,21.564999999999998,67.46000000000001,0.1775,184.1875,0.0,0.0,,744.385,
2023-04-14 03:00:00,32.2275,121.4475,10.26,15.7275,25.9875,10.3925,6.2525,0.625,0.245,0.3775,,,,0.125,0.15,21.1625,68.995,0.16499999999999998,168.005,0.0,0.0,,744.21,
2023-04-14 04:00:00,34.1175,110.43,12.2175,18.725,30.939999999999998,10.8625,6.3325,0.695,,0.4175,,,,0.1375,0.1675,20.6375,73.9075,0.2025,175.5525,0.0,0.0,,744.3375000000001,
2023-04-14 05:00:00,41.86,125.9575,11.5875,17.7675,29.3575,11.3325,6.0675,0.7324999999999999,,0.4375,,,,0.14500000000000002,0.175,20.14,78.6425,0.1775,229.3425,0.0,0.0,0.68,744.7275,
2023-04-14 06:00:00,38.795,108.1075,10.7975,16.555,27.3525,11.1175,6.165,0.76,,0.455,,,,0.15,0.1825,20.685,82.6675,0.23500000000000001,242.32,0.0,0.0,13.057500000000001,745.355,
2023-04-14 07:00:00,41.065,134.8825,9.815,15.04,24.855,10.6525,6.4925,0.75,2.5833333333333335,0.4425,,,,0.15,0.175,24.5725,66.32,0.255,227.265,0.0,0.0,79.7375,746.0525,
2023-04-14 08:00:00,40.025,160.54,9.55,14.6325,24.1825,10.275,8.165,0.6925,19.7275,0.415,,,,0.1375,0.165,32.66,38.6175,0.395,204.6325,0.0,0.0,209.49,746.665,
2023-04-14 09:00:00,41.72,163.4175,8.715,13.3575,22.0775,10.075,7.8125,0.6375,36.225,0.3825,,,,0.1275,0.1525,36.8475,29.0725,0.61,273.26750000000004,0.0,0.0,289.03249999999997,746.9375,
2023-04-14 10:00:00,35.4675,135.2075,7.5925,11.6375,19.23,9.675,7.975,0.565,50.6425,0.335,,,,0.1125,0.135,39.870000000000005,24.9675,0.5875,218.34,0.0,0.0,328.3375,747.035,
2023-04-14 11:00:00,25.665,113.185,6.265,9.6,15.8675,9.545,7.355,0.4875,50.6925,0.29000000000000004,,,,0.095,0.115,40.8125,22.835,0.5875,214.6375,0.0,0.0,278.005,746.7525,
2023-04-14 12:00:00,22.86,88.145,5.47,8.385,13.855,9.3725,7.375,0.405,51.92,0.2425,,,,0.08,0.0975,39.870000000000005,21.9725,0.665,201.3475,0.0,0.0,210.0025,746.22,
2023-04-14 13:00:00,19.0475,73.3125,5.7825,8.86,14.64,9.485,8.1425,0.36250000000000004,57.095,0.21500000000000002,,,,0.07500000000000001,0.08499999999999999,39.6375,22.895,0.715,238.5,0.0,0.0,184.8775,745.5799999999999,
2023-04-14 14:00:00,18.335,72.94749999999999,5.6625,8.6775,14.3375,9.26,11.995000000000001,0.335,67.2275,0.1975,,,,0.07,0.08,39.182500000000005,23.935,0.5725,213.26,0.0,0.0,137.825,744.845,
2023-04-14 15:00:00,18.32,83.27000000000001,7.2675,11.1375,18.4025,9.3875,10.89,0.345,57.730000000000004,0.2075,,,,0.07,0.0825,37.7975,24.3425,0.615,237.9625,0.0,0.0,93.1875,744.2775,
2023-04-14 16:00:00,,96.9325,5.955,9.125,15.08,9.3875,7.9,0.3125,54.5475,0.19,,,,0.0625,0.07250000000000001,36.25,25.5,0.345,164.7525,0.0225,0.0225,59.269999999999996,743.9075,
2023-04-14 17:00:00,,80.2625,6.6975,10.27,16.97,9.455,7.285,0.3375,51.0825,0.2,,,,0.0675,0.0775,34.1075,28.494999999999997,0.3075,149.615,0.015,0.015,21.5675,743.725,
2023-04-14 18:00:00,,82.7625,8.9,13.6375,22.535,9.6525,6.8149999999999995,0.4125,28.225,0.25,,,,0.0825,0.1,30.325,37.01,0.21750000000000003,119.3275,0.0225,0.0225,1.84,743.7975,
2023-04-14 19:00:00,,88.095,11.2575,17.26,28.52,9.9875,6.4675,0.51,11.005,0.3025,,,,0.10250000000000001,0.12,27.87,42.5875,0.16,133.42249999999999,0.0,0.0,,744.0375,
2023-04-14 20:00:00,,99.57,11.12,17.05,28.17,10.13,7.27,0.53,7.45,0.34,,,,0.11,0.14,26.83,43.7,0.21,178.91,0.0,0.0,,744.19,
2023-04-14 21:00:00,,,,,,,,,,,,,,,,,,,,,0.0,,,
2023-04-14 22:00:00,,,,,,,,,,,,,,,,,,,,,0.0,,,
2023-04-14 23:00:00,,,,,,,,,,,,,,,,,,,,,0.0,,,
2023-04-15 00:00:00,,,,,,,,,,,,,,,,,,,,,0.0,,,
2023-04-15 01:00:00,,,,,,,,,,,,,,,,,,,,,0.0,,,
2023-04-15 02:00:00,,,,,,,,,,,,,,,,,,,,,0.0,,,
2023-04-15 03:00:00,,,,,,,,,,,,,,,,,,,,,0.0,,,
2023-04-15 04:00:00,,,,,,,,,,,,,,,,,,,,,0.0,,,
2023-04-15 05:00:00,,,,,,,,,,,,,,,,,,,,,0.0,,,
2023-04-15 06:00:00,,,,,,,,,,,,,,,,,,,,,0.0,,,
2023-04-15 07:00:00,,,,,,,,,,,,,,,,,,,,,0.0,,,
2023-04-15 08:00:00,,,,,,,,,,,,,,,,,,,,,0.0,,,
2023-04-15 09:00:00,,,,,,,,,,,,,,,,,,,,,0.0,,,
2023-04-15 10:00:00,,,4.29,6.57,5.43,10.72,5.19,0.34,43.07,0.22,,,,0.15,0.18,33.91,41.63,0.19,223.34,0.0,0.0,110.14,747.3,
2023-04-15 11:00:00,,,10.16,15.573333333333332,19.305,12.559999999999999,6.333333333333333,0.5075000000000001,53.57666666666666,0.3125,,,,0.14,0.155,35.4525,31.14,0.51,117.625,0.0,0.0,203.03750000000002,747.0275,
2023-04-15 12:00:00,,,11.98,18.357499999999998,30.335,11.5675,9.0675,0.6475,50.4975,0.38,,,,0.1225,0.1525,38.0025,26.134999999999998,0.44499999999999995,155.4725,0.0,0.0,200.6275,746.53,
2023-04-15 13:00:00,,121.38,9.61,14.73,24.3425,10.8475,9.7275,0.58,73.33,0.34750000000000003,,,,0.11499999999999999,0.14,39.707499999999996,22.895,0.5925,253.62,0.0,0.0,188.6575,745.7725,
2023-04-15 14:00:00,23.96,114.28,7.8525,12.0375,19.8875,10.377500000000001,8.28,0.5275000000000001,63.435,0.3175,,,,0.10250000000000001,0.13,40.435,22.1075,0.345,187.33249999999998,0.0,0.0,154.6575,744.995,
2023-04-15 15:00:00,24.86,98.33,6.6899999999999995,10.255,16.947499999999998,9.92,8.4925,0.425,62.37,0.255,,,,0.08499999999999999,0.1,39.0875,25.8325,0.3,167.8225,0.0,0.0,134.7825,744.4200000000001,
2023-04-15 16:00:00,20.97,82.27250000000001,5.9425,9.105,15.05,9.489999999999998,8.415,0.3125,62.605000000000004,0.1875,,,,0.065,0.07500000000000001,36.7275,27.075,0.20500000000000002,123.3375,0.0,0.0,40.725,743.985,
2023-04-15 17:00:00,22.0925,81.9625,6.755,10.3575,17.11,9.5425,8.1175,0.32,41.49,0.1925,,,,0.065,0.07500000000000001,31.8525,34.67,0.10500000000000001,100.6325,0.0,0.0,21.2375,743.655,
2023-04-15 18:00:00,18.990000000000002,66.925,8.41,12.8875,21.2975,9.63,7.49,0.3775,23.4325,0.2225,,,,0.0775,0.09,28.622500000000002,38.195,0.0625,83.1325,0.0,0.0,3.5949999999999998,743.6800000000001,
2023-04-15 19:00:00,23.8825,82.2575,11.425,17.509999999999998,28.935,10.1075,7.2925,0.5075000000000001,7.75,0.3075,,,,0.1,0.1225,26.37,44.975,0.1525,151.5025,0.0,0.0,,744.105,
2023-04-15 20:00:00,22.6625,108.73,14.5,22.225,36.725,10.64,6.9825,0.635,3.6566666666666667,0.3875,,,,0.1275,0.1525,25.240000000000002,48.3625,0.195,165.35,0.0,0.0,,744.5525,
2023-04-15 21:00:00,34.36,110.0775,16.625,25.48,42.1,11.555,6.285,0.775,,0.45999999999999996,,,,0.1525,0.185,23.83,56.9025,0.0975,100.0275,0.0,0.0,,744.915,
2023-04-15 22:00:00,32.705,109.36999999999999,20.7775,31.85,52.6225,13.0125,6.3575,1.04,,0.615,,,,0.2025,0.25,22.61,69.8225,0.1625,179.11,0.0,0.0,,744.9725,
2023-04-15 23:00:00,42.7625,144.5975,18.3475,28.125,46.472500000000004,13.255,6.387499999999999,1.18,,0.71,,,,0.2375,0.28250000000000003,21.8675,75.095,0.10250000000000001,130.3075,0.0075,0.0075,,744.8199999999999,
2023-04-16 00:00:00,52.4375,167.7575,14.4175,22.1,36.52,12.6975,6.1625,1.175,0.02,0.7025,,,,0.235,0.28,21.35,72.64,0.125,173.5375,0.0225,0.0225,,744.395,
2023-04-16 01:00:00,49.99,188.22,14.3975,22.07,36.4675,12.155,6.08,1.15,,0.6849999999999999,,,,0.2275,0.275,21.675,77.9925,0.14750000000000002,174.7775,0.0,0.0,,744.0525,
2023-04-16 02:00:00,42.51,154.41250000000002,13.620000000000001,20.872500000000002,34.4925,11.405,6.4475,1.045,1.2933333333333332,0.6325000000000001,,,,0.21,0.25,22.5525,62.722500000000004,0.3025,173.3225,0.0,0.0,,743.89,
2023-04-16 03:00:00,33.0775,155.3725,18.0675,27.695,45.7575,11.795,6.717499999999999,1.1549999999999998,,0.695,,,,0.23,0.2775,23.915,60.81,0.3725,170.3375,0.0,0.0,,743.91,
2023-04-16 04:00:00,35.6475,144.0625,15.2675,23.4025,38.665,12.225,6.755,1.09,,0.655,,,,0.22,0.2625,23.3175,60.525,0.2525,178.3975,0.0,0.0,,743.5925,
2023-04-16 05:00:00,32.055,116.4425,14.165,21.71,35.8725,12.0225,6.5325,1.025,,0.615,,,,0.2025,0.245,21.4475,68.2125,0.32,157.8275,0.0,0.0,0.64,743.7850000000001,
2023-04-16 06:00:00,27.825,112.79750000000001,12.905,19.785,32.692499999999995,11.765,6.85,0.985,0.09,0.595,,,,0.2,0.2375,21.53,69.66499999999999,0.365,221.58,0.0,0.0,13.4525,744.075,
2023-04-16 07:00:00,29.63,116.72749999999999,12.5525,19.24,31.7925,11.4025,7.41,0.9075,8.5,0.5425,,,,0.1775,0.215,25.29,65.3125,0.31,215.9575,0.0,0.0,85.005,744.69,
2023-04-16 08:00:00,32.565,153.7625,10.6875,16.384999999999998,27.072499999999998,10.915,8.0075,0.8075,20.505,0.49,,,,0.1625,0.2,33.9125,34.595,0.405,209.88,0.0,0.0,242.31,745.0125,
2023-04-16 09:00:00,32.5225,137.8025,10.69,16.385,27.0775,10.6975,8.2675,0.7475,40.9425,0.4475,,,,0.1475,0.18,38.695,26.0875,0.47250000000000003,233.6025,0.0,0.0,317.475,745.3225,
2023-04-16 10:00:00,34.705,125.46000000000001,9.345,14.33,23.6725,10.3025,8.2525,0.6875,52.43,0.4125,,,,0.1375,0.1675,41.3375,24.3575,0.4725,180.535,0.0,0.0,349.4775,745.46,
2023-04-16 11:00:00,30.3525,133.6375,7.8525,12.0375,19.8875,10.1,8.3,0.575,53.6925,0.3475,,,,0.1175,0.1375,42.21,22.365,0.7125,240.865,0.0,0.0,355.975,745.115,
2023-04-16 12:00:00,26.145,90.095,7.04,10.795,17.84,9.8575,8.385,0.5125,57.7125,0.3125,,,,0.1,0.1225,42.405,22.98,0.64,176.89249999999998,0.0,0.0,331.775,744.6675,
2023-04-16 13:00:00,23.2325,98.9525,6.2,9.5025,15.7025,9.647499999999999,8.39,0.4525,68.79,0.27,,,,0.09,0.10500000000000001,43.0225,20.4575,0.785,201.9,0.0025,0.0025,289.8225,743.86,
2023-04-16 14:00:00,24.8375,111.4525,5.285,8.0975,13.3825,9.425,7.77,0.375,65.09,0.225,,,,0.07250000000000001,0.09,42.8525,16.5125,1.0775000000000001,236.5875,0.0275,0.0275,229.175,743.02,
2023-04-16 15:00:00,19.575000000000003,126.55749999999999,5.5600000000000005,8.525,14.0875,9.0725,8.1775,0.33499999999999996,63.55,0.2025,,,,0.0675,0.08,42.565,15.43,0.8475,267.1225,0.0,0.0,167.67000000000002,742.3425,
2023-04-16 16:00:00,17.45,84.0,7.1,10.885,17.987499999999997,9.325,8.665,0.335,64.965,0.2025,,,,0.0675,0.0775,39.9025,18.2225,0.7175,203.58749999999998,0.0,0.0,66.2475,742.0025,
2023-04-16 17:00:00,25.707500000000003,85.31,6.2925,9.65,15.942499999999999,9.440000000000001,7.1850000000000005,0.3225,48.9825,0.1925,,,,0.065,0.07500000000000001,36.2975,25.6725,0.2675,213.54500000000002,0.0,0.0,23.4725,741.9175,
2023-04-16 18:00:00,18.6275,118.44500000000001,7.4625,11.44,18.905,9.7,6.9175,0.34750000000000003,31.7275,0.2075,,,,0.07,0.0825,31.072499999999998,33.2625,0.0875,105.555,0.0,0.0,2.34,742.2075,
2023-04-16 19:00:00,15.555,108.4375,9.0175,13.8225,22.8425,9.9325,6.8925,0.395,11.5525,0.2375,,,,0.08,0.095,27.525,41.1375,0.06,82.1325,0.0,0.0,,742.7225,
2023-04-16 20:00:00,31.002499999999998,115.4,10.4675,16.0425,26.51,10.16,6.925,0.495,4.88,0.3,,,,0.0975,0.12000000000000001,25.795,45.77,0.0775,110.61000000000001,0.0,0.0,,743.1675,
2023-04-16 21:00:00,31.985,151.88,12.045,18.465,30.515,10.5475,6.6375,0.615,0.955,0.3675,,,,0.12250000000000001,0.15,24.8425,47.29,0.0925,114.72500000000001,0.0,0.0,,743.39,
2023-04-16 22:00:00,31.1025,160.73499999999999,13.415,20.5625,33.974999999999994,11.0775,6.215,0.7575,,0.4475,,,,0.15000000000000002,0.1825,24.3275,49.7225,0.1525,164.2475,0.0,0.0,,743.5225,
2023-04-16 23:00:00,38.8025,165.1475,13.9375,21.3625,35.295,11.6,6.465,0.8674999999999999,0.32,0.5175000000000001,,,,0.17,0.20750000000000002,23.79,51.025,0.1275,160.41500000000002,0.0,0.0,,743.5325,
2023-04-17 00:00:00,34.864999999999995,161.94,12.68,19.4375,32.1175,11.6275,6.755,0.89,2.35,0.5325,,,,0.1775,0.215,23.6425,48.3425,0.1275,152.335,0.0,0.0,,743.2149999999999,
2023-04-17 01:00:00,31.485,121.51750000000001,12.085,18.5225,30.605,11.3,7.1925,0.8575,2.6566666666666667,0.5175000000000001,,,,0.175,0.2075,23.685000000000002,47.2075,0.12000000000000001,145.595,0.0,0.0,,742.8775,
2023-04-17 02:00:00,25.2775,108.7975,10.9575,16.7975,27.755,11.125,7.1825,0.8625,0.845,0.515,,,,0.17,0.2075,23.2025,51.4775,0.2025,216.175,0.0,0.0,,742.645,
2023-04-17 03:00:00,29.7225,115.1375,9.995000000000001,15.3175,25.310000000000002,10.465,7.275,0.8025,1.07,0.48,,,,0.1625,0.1925,22.765,55.152499999999996,0.175,172.325,0.0,0.0,,742.6025,
2023-04-17 04:00:00,31.400000000000002,114.93,10.095,15.469999999999999,25.565,10.4925,6.93,0.7775000000000001,0.56,0.4625,,,,0.1525,0.19,22.18,57.44,0.13,157.54250000000002,0.0,0.0,,742.68,
2023-04-17 05:00:00,31.244999999999997,111.65,9.8575,15.105,24.9625,10.475000000000001,7.3025,0.7175,,0.435,,,,0.14500000000000002,0.175,21.822499999999998,61.2725,0.2375,196.9075,0.0,0.0,0.5,742.9449999999999,
2023-04-17 06:00:00,30.927500000000002,129.7775,9.5125,14.5825,24.0975,10.265,7.8825,0.6575,0.2933333333333334,0.3975,,,,0.13,0.16,22.06,71.5175,0.26,163.925,0.0,0.0,11.317499999999999,743.36,
2023-04-17 07:00:00,29.4,129.2,9.77,14.969999999999999,24.7425,10.120000000000001,8.5175,0.6375,5.35,0.3875,,,,0.1275,0.15,25.7775,60.0225,0.385,236.32,0.0,0.0,92.6575,744.1175000000001,
2023-04-17 08:00:00,41.1,158.8175,9.4575,14.4975,23.955,10.0375,8.9975,0.6,30.7725,0.3675,,,,0.12,0.1475,34.49,33.97,0.4225,218.6125,0.0,0.0,242.875,744.69,
2023-04-17 09:00:00,31.3375,152.8,8.42,12.905000000000001,21.3225,9.9975,7.8525,0.5575,38.875,0.335,,,,0.1125,0.1325,39.3025,25.6525,0.615,237.26999999999998,0.0,0.0,315.565,745.0975,
2023-04-17 10:00:00,26.05,111.475,6.3425,9.719999999999999,16.06,9.555,9.5075,0.375,91.4925,0.2225,,,,0.07500000000000001,0.085,41.2475,23.38,0.7949999999999999,231.5425,0.0,0.0,354.6,745.18,
2023-04-17 11:00:00,20.03,103.8475,5.62,8.615,14.2275,9.35,8.5325,0.3425,72.53,0.20500000000000002,,,,0.07,0.08,41.864999999999995,22.0225,1.0275,264.21,0.0,0.0,362.275,745.035,
2023-04-17 12:00:00,23.43,113.7625,4.8725000000000005,7.4675,12.3375,9.1075,7.75,0.315,63.9375,0.1875,,,,0.0625,0.07250000000000001,42.85,20.8475,0.995,250.8325,0.0,0.0,337.38,744.645,
2023-04-17 13:00:00,15.4475,83.4625,4.5125,6.915,11.43,8.865,7.484999999999999,0.2925,59.4075,0.1775,,,,0.06,0.07250000000000001,43.62,18.8125,0.935,250.86,0.0,0.0,286.275,743.9375,
2023-04-17 14:00:00,14.265,84.80499999999999,4.09,6.265000000000001,10.352500000000001,8.6275,7.33,0.23249999999999998,66.69,0.1375,,,,0.045,0.052500000000000005,43.6825,16.4625,1.06,236.98,0.02,0.02,225.18,743.3,
2023-04-17 15:00:00,12.2125,72.47749999999999,2.51,3.8475,6.36,8.057500000000001,7.0125,0.125,94.41,0.08,,,,0.0275,0.0325,43.455,14.0875,1.0075,229.5025,0.0025,0.0025,182.51,742.8775,
2023-04-17 16:00:00,5.0625,73.075,3.2875,5.04,8.33,8.2675,6.79,0.135,65.80250000000001,0.08,,,,0.03,0.0325,40.98,15.52,1.185,247.4325,0.0,0.0,67.46,742.7225000000001,
2023-04-17 17:00:00,10.8475,48.572500000000005,4.255,6.52,10.775,8.5275,7.0075,0.17250000000000001,70.0675,0.10250000000000001,,,,0.0325,0.04,38.32,21.1175,0.5475,224.57,0.0,0.0,22.8275,742.845,
2023-04-17 18:00:00,13.185,57.71,5.3425,8.185,13.5275,8.7525,6.7925,0.225,52.735,0.135,,,,0.045,0.05500000000000001,32.86,30.5325,0.12,136.735,0.0,0.0,2.935,743.2475,
2023-04-17 19:00:00,14.760000000000002,76.8425,7.795,11.942499999999999,19.735,9.11,6.3175,0.32,24.4075,0.19,,,,0.0625,0.07500000000000001,28.8875,38.17,0.0875,97.625,0.0,0.0,,743.7825,
2023-04-17 20:00:00,22.365,116.75,8.995000000000001,13.7875,22.7825,9.7775,6.435,0.365,16.116666666666664,0.2225,,,,0.075,0.0875,26.9225,42.105000000000004,0.07750000000000001,100.1425,0.0,0.0,,744.115,
2023-04-17 21:00:00,21.625,104.8925,8.465,12.9775,21.44,9.7625,6.2625,0.4425,5.6925,0.2675,,,,0.09,0.10500000000000001,25.762500000000003,45.76,0.0825,112.79249999999999,0.0,0.0,,744.3675000000001,
2023-04-17 22:00:00,27.8,108.265,10.1475,15.549999999999999,25.705,9.7325,6.54,0.585,5.8999999999999995,0.35,,,,0.1175,0.14,24.9275,50.1275,0.1625,157.8625,0.0,0.0,,744.5525,
2023-04-17 23:00:00,29.13,105.175,11.9575,18.33,30.285,10.395,5.93,0.7175,0.22499999999999998,0.4325,,,,0.14500000000000002,0.175,24.03,56.6375,0.14500000000000002,144.3025,0.0,0.0,,744.6625,
2023-04-18 00:00:00,32.475,119.935,12.8975,19.77,32.667500000000004,10.955,6.0649999999999995,0.805,0.02,0.4825,,,,0.16,0.19,23.8675,53.7825,0.2425,214.2775,0.0,0.0,,744.41,
2023-04-18 01:00:00,36.7825,117.05499999999999,11.0525,16.94,27.9975,10.84,6.2475000000000005,0.8075,0.6100000000000001,0.48,,,,0.1625,0.1975,23.715,56.3925,0.2125,222.495,0.0,0.0,,744.175,
2023-04-18 02:00:00,29.8825,100.4425,11.155,17.1,28.255,10.635,6.047499999999999,0.785,1.28,0.46749999999999997,,,,0.1575,0.1875,23.315,54.305,0.1925,168.2625,0.0,0.0,,743.9449999999999,
2023-04-18 03:00:00,25.1075,85.4,9.915,15.2025,25.1175,10.3925,5.87,0.7575000000000001,0.4933333333333334,0.455,,,,0.1475,0.185,22.9575,63.605000000000004,0.175,186.2475,0.0,0.0,,743.94,
2023-04-18 04:00:00,27.8525,75.5575,9.05,13.8675,22.9175,10.219999999999999,5.8975,0.69,2.325,0.4175,,,,0.1375,0.165,22.365,62.685,0.1575,144.035,0.0,0.0,,743.7975,
2023-04-18 05:00:00,22.76,75.17750000000001,8.2625,12.665,20.927500000000002,9.8325,5.8325,0.665,0.5925,0.4,,,,0.135,0.16,21.3675,70.22,0.1925,189.8125,0.0,0.0,0.8,744.1425,
2023-04-18 06:00:00,25.5725,96.4275,8.2625,12.665,20.927500000000002,9.9175,5.81,0.6525000000000001,0.02,0.3925,,,,0.1325,0.1575,21.945,69.57000000000001,0.185,193.38,0.0,0.0,11.81,744.8225,
2023-04-18 07:00:00,26.07,97.32499999999999,9.0625,13.8875,22.9525,9.88,6.4325,0.6375,4.1775,0.3875,,,,0.1275,0.155,25.575,61.1875,0.1075,102.9225,0.0,0.0,100.37,745.3875,
2023-04-18 08:00:00,35.15,130.4225,10.8975,16.705000000000002,27.6075,10.09,7.465,0.675,35.1975,0.40249999999999997,,,,0.1325,0.1625,35.71,36.942499999999995,0.325,136.575,0.0,0.0,265.0125,745.965,
2023-04-18 09:00:00,34.3825,138.2425,12.307500000000001,18.86,31.165,10.3575,9.165,0.6875,75.0875,0.41,,,,0.1375,0.1675,40.8125,26.075,0.575,208.6,0.0,0.0,334.235,746.3675000000001,
2023-04-18 10:00:00,38.035,137.795,9.9525,15.2525,25.205,10.6575,7.83,0.615,79.9975,0.3675,,,,0.1225,0.14750000000000002,42.085,22.5025,0.6725,183.4125,0.0,0.0,364.1325,746.35,
2023-04-18 11:00:00,29.91,119.14750000000001,7.785,11.935,19.7175,10.0775,6.8149999999999995,0.5275,58.0175,0.315,,,,0.105,0.125,42.83,20.96,0.915,236.9975,0.0,0.0,369.0575,745.9575,
2023-04-18 12:00:00,18.6975,86.5875,5.6175,8.615,14.235,9.455,6.575,0.4175,52.3075,0.2525,,,,0.0825,0.1,43.432500000000005,19.4925,1.16,257.03499999999997,0.0,0.0,342.45500000000004,745.54,
2023-04-18 13:00:00,11.4025,61.427499999999995,4.6899999999999995,7.19,11.879999999999999,9.05,6.875,0.325,60.6875,0.195,,,,0.0625,0.075,44.175,17.884999999999998,0.905,254.305,0.0,0.0,290.715,744.9025,
2023-04-18 14:00:00,9.715,53.255,4.275,6.5525,10.83,9.0425,7.125,0.2825,56.3525,0.1725,,,,0.057499999999999996,0.0675,44.25,17.3,0.88,258.945,0.0,0.0,236.645,744.2525,
2023-04-18 15:00:00,10.305,61.2425,4.5525,6.9825,11.530000000000001,8.8325,8.3675,0.255,63.855000000000004,0.1575,,,,0.05,0.06,43.64,17.895,0.9675,220.645,0.0,0.0,171.1975,743.685,
2023-04-18 16:00:00,15.625,69.09,5.4399999999999995,8.3325,13.77,9.057500000000001,8.295,0.275,58.815,0.1675,,,,0.0525,0.0675,40.845,20.05,0.7849999999999999,227.85,0.0,0.0,67.89,743.3050000000001,
2023-04-18 17:00:00,30.035,85.555,4.145,6.35,10.495000000000001,8.907499999999999,7.68,0.2425,64.6725,0.14500000000000002,,,,0.0475,0.057499999999999996,37.9075,24.645,0.44,229.405,0.0,0.0,24.267500000000002,743.16,
2023-04-18 18:00:00,17.375,71.01,6.1325,9.399999999999999,15.530000000000001,9.08,7.9725,0.295,44.6125,0.1775,,,,0.06,0.0675,33.5775,32.1175,0.2025,146.2375,0.0,0.0,2.83,743.345,
2023-04-18 19:00:00,22.265,96.42,9.765,14.9725,24.74,9.6325,8.44,0.375,28.5575,0.2225,,,,0.07500000000000001,0.09,30.317500000000003,39.2875,0.185,152.305,0.0,0.0,,743.6875,
2023-04-18 20:00:00,42.0625,136.115,9.36,14.3475,23.71,9.985,7.795,0.3875,28.2975,0.23,,,,0.0775,0.09,29.0575,41.45,0.175,178.155,0.0,0.0,,744.0675,
2023-04-18 21:00:00,28.5975,106.02000000000001,9.7,14.87,24.575,9.895,7.404999999999999,0.4175,18.490000000000002,0.2525,,,,0.08499999999999999,0.1,28.057499999999997,43.3825,0.17750000000000002,155.39,0.0,0.0,,744.3,
2023-04-18 22:00:00,29.8775,108.72999999999999,9.3925,14.3975,23.7925,9.81,6.8725000000000005,0.4375,11.145,0.26,,,,0.09,0.1,27.025,44.8425,0.1625,163.885,0.0,0.0,,744.315,
2023-04-18 23:00:00,28.595,99.1,9.467500000000001,14.504999999999999,23.9725,9.8575,6.57,0.46,7.010000000000001,0.2775,,,,0.0925,0.11,26.2025,47.1875,0.1725,146.0575,0.0,0.0,,744.165,
2023-04-19 00:00:00,31.33,108.4975,9.467500000000001,14.5075,23.9725,9.6675,6.575,0.46,4.865,0.2775,,,,0.0925,0.11,25.71,49.2825,0.15,151.39,0.0,0.0,,743.7025,
2023-04-19 01:00:00,30.2275,103.3725,9.2375,14.1525,23.3925,10.0525,6.8025,0.4575,5.307499999999999,0.28,,,,0.095,0.11,25.325,52.1475,0.15,153.95,0.0,0.0,,743.34,
2023-04-19 02:00:00,28.835,101.535,8.415,12.8925,21.302500000000002,9.73,6.79,0.4575,5.4175,0.275,,,,0.095,0.11,24.8825,53.1575,0.2275,181.51,0.0,0.0,,742.9775,
2023-04-19 03:00:00,28.955000000000002,98.21000000000001,8.69,13.32,22.01,9.7425,6.3225,0.455,3.606666666666667,0.28,,,,0.095,0.1075,24.5625,56.4475,0.245,183.255,0.0,0.0,,742.59,
2023-04-19 04:00:00,22.6425,106.135,8.5875,13.165000000000001,21.752499999999998,9.692499999999999,6.3774999999999995,0.4575,1.6275,0.2775,,,,0.095,0.1075,24.425,55.8575,0.1925,180.9325,0.0,0.0,,742.37,
2023-04-19 05:00:00,22.869999999999997,93.3925,7.9625,12.2075,20.175,9.5075,6.16,0.455,0.81,0.275,,,,0.0925,0.1075,23.8375,60.6375,0.23,179.2575,0.0,0.0,1.48,742.5075,
2023-04-19 06:00:00,26.5075,142.405,8.045,12.33,20.3775,9.6625,6.2325,0.4475,2.53,0.275,,,,0.09,0.10500000000000001,24.4375,61.1825,0.225,190.05,0.0,0.0,14.79,742.7375,
2023-04-19 07:00:00,28.55,104.265,8.46,12.97,21.4325,9.55,6.74,0.45,8.085,0.275,,,,0.09,0.1075,27.7725,56.4275,0.325,197.20749999999998,0.0,0.0,85.32,743.1775,
2023-04-19 08:00:00,24.935,135.635,8.54,13.094999999999999,21.634999999999998,9.5125,7.575,0.46,25.985,0.28,,,,0.095,0.11,35.075,36.39,0.515,212.775,0.0,0.0,243.74,743.6475,
2023-04-19 09:00:00,37.3975,157.5775,7.89,12.1,19.9875,9.5875,7.47,0.45,43.7175,0.27,,,,0.09,0.1075,38.3825,32.3575,0.7025,225.29500000000002,0.0,0.0,316.95,743.8975,
2023-04-19 10:00:00,32.025,150.775,6.84,10.485,17.322499999999998,9.307500000000001,7.2175,0.43,52.902499999999996,0.2575,,,,0.0875,0.10250000000000001,39.815,29.8425,0.9175,211.89,0.0,0.0,353.28,743.85,
2023-04-19 11:00:00,20.805,133.375,5.7975,8.8875,14.685,9.2675,7.78,0.375,55.894999999999996,0.22749999999999998,,,,0.07500000000000001,0.095,41.15,27.48,1.0275,237.07,0.0,0.0,359.95,743.4100000000001,
2023-04-19 12:00:00,18.5275,130.8775,4.6850000000000005,7.1825,11.864999999999998,8.895,7.952500000000001,0.3225,61.18,0.1925,,,,0.065,0.07500000000000001,42.120000000000005,25.2225,1.2775,233.5225,0.0,0.0,333.7175,742.88,
2023-04-19 13:00:00,18.9475,121.39500000000001,4.4775,6.8675,11.34,8.8675,7.96,0.2825,53.5675,0.1675,,,,0.055,0.065,43.14,21.67,1.0425,242.3825,0.0,0.0,295.0475,741.9300000000001,
2023-04-19 14:00:00,14.67,107.505,4.800000000000001,7.3625,12.165,8.834999999999999,8.0025,0.2675,49.265,0.1625,,,,0.057499999999999996,0.065,43.317499999999995,20.775,1.0375,246.10750000000002,0.0,0.0,231.12,741.1025,
2023-04-19 15:00:00,16.197499999999998,94.60249999999999,5.24,8.03,13.2675,9.1125,9.252500000000001,0.2825,60.6625,0.17,,,,0.0575,0.0675,40.6825,22.36,0.9724999999999999,256.3875,0.0,0.0,113.44749999999999,740.54,
2023-04-19 16:00:00,33.1275,93.96,4.7275,7.2475,11.9725,9.057500000000001,7.4825,0.2275,52.68,0.135,,,,0.045,0.055,40.2425,19.785,0.8975,256.49,0.0,0.0,71.12,740.275,
2023-04-19 17:00:00,15.425,,6.635,10.1725,16.8075,9.455,8.08,0.2,38.8425,0.12,,,,0.04,0.045,38.0625,20.1075,0.765,256.185,0.0,0.0,33.825,740.1175000000001,
2023-04-19 18:00:00,6.925,,7.265,11.135,18.3975,9.37,8.2775,0.22,25.415,0.1325,,,,0.0425,0.052500000000000005,34.515,26.009999999999998,0.3375,215.76749999999998,0.0,0.0,1.555,740.3475,
2023-04-19 19:00:00,12.975,83.64,7.485,11.4775,18.965,9.49,8.07,0.2525,11.3875,0.1525,,,,0.05,0.0625,31.012500000000003,34.0375,0.2275,208.6975,0.0,0.0,,740.75,
2023-04-19 20:00:00,19.945,93.6725,7.9624999999999995,12.205,20.1675,9.545,8.5975,0.2975,13.6775,0.18,,,,0.06,0.07,30.415,34.3175,0.4425,233.1775,0.0,0.0,,741.2425000000001,
2023-04-19 21:00:00,14.932500000000001,115.175,6.675,10.2325,16.91,9.362499999999999,8.4,0.3025,18.7875,0.1825,,,,0.06,0.07,31.630000000000003,31.9925,0.525,244.7625,0.0,0.0,,741.54,
2023-04-19 22:00:00,17.8025,124.14500000000001,6.465,9.9125,16.38,9.3075,8.7325,0.29000000000000004,21.137500000000003,0.175,,,,0.06,0.07,31.9325,31.765,0.6475,228.9875,0.0,0.0,,741.5975000000001,
2023-04-19 23:00:00,17.3725,113.6275,5.6825,8.709999999999999,14.39,9.045,8.7925,0.2875,19.9575,0.17,,,,0.06,0.07,31.335,34.01,0.5875,215.1875,0.0,0.0,,741.4875,
2023-04-20 00:00:00,15.605,112.5175,5.2875,8.105,13.395,8.715,8.559999999999999,0.295,13.0625,0.175,,,,0.06,0.07,29.125,39.322500000000005,0.32999999999999996,272.635,0.0,0.0,,741.2049999999999,
2023-04-20 01:00:00,21.932499999999997,107.41250000000001,5.7825,8.86,14.6375,8.8,8.2025,0.31,7.9475,0.1925,,,,0.065,0.07500000000000001,27.625,43.667500000000004,0.2625,239.89,0.0,0.0,,740.74,
2023-04-20 02:00:00,18.805,112.8125,6.43,9.8525,16.28,9.21,7.945,0.335,3.1950000000000003,0.20500000000000002,,,,0.07,0.08,26.182499999999997,48.6075,0.1975,187.01749999999998,0.0,0.0,,740.1875,
2023-04-20 03:00:00,19.4225,113.6225,6.3225,9.6875,16.009999999999998,9.1025,7.6425,0.3575,1.01,0.2175,,,,0.07,0.0875,24.4075,56.725,0.1575,149.5925,0.0,0.0,,739.7175,
2023-04-20 04:00:00,22.45,104.47,6.37,9.7675,16.1325,9.2425,7.56,0.385,0.24,0.23,,,,0.0775,0.0925,23.19,61.78,0.07,81.7125,0.0,0.0,,739.6125,
2023-04-20 05:00:00,21.035,99.6075,6.952500000000001,10.6525,17.6025,9.4575,7.5925,0.415,,0.2525,,,,0.08499999999999999,0.1,22.635,63.3675,0.1225,130.7275,0.0,0.0,3.045,739.84,
2023-04-20 06:00:00,28.4875,109.5675,8.0125,12.280000000000001,20.295,9.9175,7.75,0.44,,0.2625,,,,0.09,0.10250000000000001,23.822499999999998,64.675,0.1775,165.91250000000002,0.0,0.0,18.2725,740.3325,
2023-04-20 07:00:00,25.200000000000003,114.705,8.98,13.7625,22.740000000000002,9.9325,8.795,0.465,7.203333333333333,0.28,,,,0.0925,0.1125,27.8075,53.0975,0.5575,239.935,0.0,0.0,80.0075,741.125,
2023-04-20 08:00:00,30.5925,152.87,9.3275,14.2975,23.625,10.15,9.052499999999998,0.4575,20.2825,0.28,,,,0.095,0.11,33.3525,37.85,0.8375,225.935,0.0,0.0,223.14249999999998,742.0225,
2023-04-20 09:00:00,31.2275,154.1425,7.525,11.5325,19.0525,9.735,8.985,0.4425,32.8075,0.2625,,,,0.09,0.10250000000000001,36.81,32.49,0.89,246.605,0.0,0.0,299.5225,742.315,
2023-04-20 10:00:00,26.99,130.25,7.035,10.787500000000001,17.82,9.5225,8.3875,0.425,39.3575,0.255,,,,0.0875,0.1,38.865,29.6225,0.88,236.0,0.0,0.0,322.745,742.2674999999999,
2023-04-20 11:00:00,22.775,122.85000000000001,5.7525,8.82,14.5675,9.2025,8.22,0.3625,41.39,0.215,,,,0.07250000000000001,0.0875,40.3175,26.26,0.9824999999999999,204.5525,0.0,0.0,347.65,741.9075,
2023-04-20 12:00:00,18.662499999999998,103.53,5.32,8.15,13.467500000000001,9.035,7.9925,0.31,34.185,0.1875,,,,0.0625,0.07250000000000001,41.735,23.325,0.99,254.0,0.0,0.0,322.9925,741.3,
2023-04-20 13:00:00,21.6475,107.2,5.025,7.705,12.7325,8.885,8.1475,0.2675,34.44,0.1625,,,,0.052500000000000005,0.065,41.865,22.1425,0.84,229.2575,0.0,0.0,245.62,740.505,
2023-04-20 14:00:00,12.71,95.2025,3.8475,5.8975,9.7425,8.5425,7.9925,0.20500000000000002,40.04,0.125,,,,0.04,0.0475,42.4375,20.0225,0.9450000000000001,249.14249999999998,0.0,0.0,234.2375,739.775,
2023-04-20 15:00:00,16.740000000000002,109.6875,3.665,5.6175,9.282499999999999,8.6,7.1325,0.185,46.275,0.11,,,,0.04,0.0425,41.155,21.4075,0.9675,242.3975,0.0,0.0,147.0475,739.1825,
2023-04-20 16:00:00,16.5275,109.9075,4.04,6.1925,10.2275,8.595,7.1274999999999995,0.1875,51.65,0.11,,,,0.04,0.04,38.760000000000005,23.6375,0.8975,255.285,0.0,0.0,64.985,738.8725,
2023-04-20 17:00:00,15.935,97.54,5.2225,8.0075,13.23,8.91,7.595000000000001,0.195,54.4375,0.11499999999999999,,,,0.04,0.045,37.015,26.35,0.6075,230.9375,0.005,0.005,38.84,738.9625000000001,
2023-04-20 18:00:00,15.6475,102.63499999999999,6.4675,9.9125,16.3775,9.34,8.91,0.225,39.6375,0.1375,,,,0.0425,0.052500000000000005,33.31,34.585,0.18,136.7975,0.015,0.015,9.33,739.1949999999999,
2023-04-20 19:00:00,14.077499999999999,100.285,7.1925,11.022499999999999,18.2175,9.25,10.09,0.2925,26.9,0.1775,,,,0.06,0.07,29.2675,43.5125,0.125,132.5525,0.0,0.0,,739.615,
2023-04-20 20:00:00,15.602500000000001,99.465,7.995,12.252500000000001,20.2425,9.5525,10.01,0.3425,16.54,0.2025,,,,0.07,0.08,27.575,51.1275,0.21250000000000002,188.025,0.0,0.0,,740.065,
2023-04-20 21:00:00,21.5675,126.095,7.9425,12.1775,20.1225,9.345,10.195,0.3425,20.38,0.2025,,,,0.07,0.08,27.85,45.95,0.24000000000000002,242.135,0.0,0.0,,740.5125,
2023-04-20 22:00:00,18.169999999999998,130.4075,7.45,11.42,18.8675,9.555,11.2075,0.35,24.8875,0.2075,,,,0.07,0.0825,28.08,44.8575,0.3075,172.78,0.0,0.0,,740.5825,
2023-04-20 23:00:00,22.252499999999998,153.37,6.295,9.65,15.942499999999999,9.325,10.075,0.35500000000000004,21.695,0.2125,,,,0.07250000000000001,0.0825,26.6475,47.18,0.1725,158.675,0.0,0.0,,740.2725,
2023-04-21 00:00:00,21.5025,204.925,6.3075,9.67,15.977500000000001,9.3825,9.912500000000001,0.37,16.41,0.2175,,,,0.07,0.09,25.24,53.2975,0.185,165.9425,0.0,0.0,,739.985,
2023-04-21 01:00:00,28.655,224.245,6.6925,10.26,16.9525,9.3275,10.592500000000001,0.35,16.2325,0.21,,,,0.07,0.0825,24.405,55.9125,0.385,176.895,0.0,0.0,,740.0625,
2023-04-21 02:00:00,26.345,224.1025,6.89,10.5625,17.45,9.375,10.442499999999999,0.35,13.95,0.20750000000000002,,,,0.07,0.0825,25.985,53.145,0.28500000000000003,146.54500000000002,0.0,0.0,,740.0525,
2023-04-21 03:00:00,28.7025,191.27249999999998,6.7225,10.307500000000001,17.0275,9.219999999999999,9.7425,0.365,9.5275,0.2175,,,,0.07,0.0875,24.9025,58.755,0.33999999999999997,156.9625,0.0,0.0,,739.9025,
2023-04-21 04:00:00,24.655,157.46,8.4625,12.9725,21.4325,9.48,10.1675,0.38,5.54,0.22,,,,0.07,0.09,24.6875,56.3775,0.325,183.2375,0.0,0.0,,739.9325,
2023-04-21 05:00:00,25.9675,167.3475,8.285,12.6975,20.9775,9.555,10.145,0.3775,6.6,0.22,,,,0.07,0.09,24.634999999999998,57.975,0.195,142.93,0.0,0.0,1.03,740.9525,
2023-04-21 06:00:00,28.54,148.505,6.945,10.645,17.59,9.4925,9.8125,0.3625,14.41,0.215,,,,0.07,0.08499999999999999,24.7325,60.7375,0.3075,181.355,0.0,0.0,12.0875,741.9625,
2023-04-21 07:00:00,26.0975,125.0875,5.13,7.8675,13.0,9.1325,10.365,0.325,31.0375,0.1925,,,,0.065,0.07500000000000001,26.7425,53.075,0.4575,160.98000000000002,0.0,0.0,74.47749999999999,743.065,
2023-04-21 08:00:00,18.0275,92.06,4.6325,7.1025,11.735,8.8975,10.195,0.295,38.082499999999996,0.1775,,,,0.06,0.07,28.8525,47.8975,0.5325,158.4925,0.0,0.0,125.3925,743.755,
2023-04-21 09:00:00,16.6275,65.3275,4.27,6.547499999999999,10.8175,8.737499999999999,10.0525,0.25,40.64,0.15250000000000002,,,,0.05,0.06,30.3,44.74,0.9725,153.0375,0.0,0.0,315.205,744.2375,
2023-04-21 10:00:00,16.21,150.255,3.5875,5.5024999999999995,9.09,8.592500000000001,10.115,0.2025,45.7875,0.1225,,,,0.04,0.05,32.17,40.4025,0.9975,142.825,0.0,0.0,357.40500000000003,744.3775,
2023-04-21 11:00:00,16.59,215.08,3.455,5.295,8.752500000000001,8.415000000000001,9.1175,0.1875,49.0775,0.11,,,,0.04,0.04,33.97,36.6525,0.9825,157.7975,0.0,0.0,359.23,744.2075,
2023-04-21 12:00:00,10.2275,86.8,3.335,5.1175,8.4525,8.35,8.7475,0.15,53.65,0.09,,,,0.03,0.04,35.075,34.675,0.7925,159.3425,0.0,0.0,323.5825,743.6025,
2023-04-21 13:00:00,10.1575,74.58500000000001,3.4225000000000003,5.25,8.6725,8.495,7.545,0.1575,51.275,0.095,,,,0.03,0.04,35.6425,32.8425,0.635,181.0225,0.0,0.0,206.9775,742.76,
2023-04-21 14:00:00,12.8575,59.8625,3.5675,5.4625,9.032499999999999,8.565,7.0675,0.1575,54.1975,0.0975,,,,0.03,0.04,36.645,30.060000000000002,0.5675,241.465,0.0,0.0,206.245,742.1525,
2023-04-21 15:00:00,12.57,49.337500000000006,3.05,4.67,7.72,8.317499999999999,7.3325000000000005,0.1575,54.705,0.0975,,,,0.03,0.04,38.04,28.49,0.495,210.695,0.0,0.0,168.405,741.7425,
2023-04-21 16:00:00,13.885,42.285,3.375,5.1775,8.55,8.5125,7.295,0.1625,57.9375,0.0975,,,,0.0325,0.04,35.315,32.58,0.3875,139.35,0.0,0.0,80.0375,741.4125,
2023-04-21 17:00:00,11.105,45.575,3.2575,4.9975,8.254999999999999,8.440000000000001,7.0375,0.1575,51.8625,0.0975,,,,0.0325,0.0375,30.9375,43.5775,0.22,124.5025,0.0,0.0,22.1775,741.3725,
2023-04-21 18:00:00,12.370000000000001,59.705,3.5700000000000003,5.475,9.0475,8.4875,7.3425,0.1625,44.715,0.0975,,,,0.0325,0.04,27.7325,51.11,0.11499999999999999,107.98,0.0,0.0,1.385,741.5550000000001,
2023-04-21 19:00:00,10.445,54.457499999999996,4.58,7.0225,11.6075,8.622499999999999,7.234999999999999,0.1975,37.6925,0.1175,,,,0.04,0.0425,26.16,56.4475,0.1475,145.625,0.0,0.0,,742.0725,
2023-04-21 20:00:00,10.870000000000001,53.1625,6.1,9.35,15.447500000000002,8.5625,7.4725,0.27,29.39,0.1625,,,,0.055,0.065,25.6225,59.035,0.1675,169.48,0.0,0.0,,742.4675,
2023-04-21 21:00:00,12.870000000000001,68.9725,7.1825,11.01,18.1925,8.79,7.23,0.335,24.6125,0.2025,,,,0.0675,0.0775,25.1575,60.595,0.165,143.995,0.0,0.0,,742.62,
2023-04-21 22:00:00,20.095,90.685,8.0825,12.3875,20.4725,9.1875,7.635,0.3425,17.29,0.2025,,,,0.07,0.08,24.225,67.3475,0.2125,169.6325,0.0,0.0,,742.7275,
2023-04-21 23:00:00,23.517500000000002,106.5475,7.45,11.425,18.877499999999998,9.079999999999998,7.5625,0.355,12.915,0.215,,,,0.07,0.08499999999999999,23.0875,71.2775,0.21000000000000002,160.8075,0.0,0.0,,742.2850000000001,
2023-04-22 00:00:00,27.93,123.01750000000001,9.855,15.1075,24.965,9.315,7.390000000000001,0.385,5.955,0.225,,,,0.07500000000000001,0.0925,21.9475,78.9375,0.24,259.7225,0.0,0.0,,741.665,
2023-04-22 01:00:00,30.2625,114.6575,10.2525,15.715,25.965,9.6875,7.24,0.415,2.1399999999999997,0.25,,,,0.0825,0.1,21.09,81.9825,0.0975,97.785,0.0,0.0,,741.255,
2023-04-22 02:00:00,27.6675,98.45,9.235,14.157499999999999,23.39,9.375,7.154999999999999,0.44,2.5075,0.26,,,,0.09,0.1,20.1575,84.2325,0.185,173.3775,0.0,0.0,,740.9825000000001,
2023-04-22 03:00:00,24.98,87.91999999999999,8.69,13.325,22.015,9.605,7.6925,0.475,6.005,0.2875,,,,0.0975,0.11499999999999999,19.7875,84.2175,0.235,176.3525,0.0,0.0,,740.8125,
2023-04-22 04:00:00,28.595,73.20750000000001,8.895,13.63,22.5225,9.54,7.66,0.49,1.725,0.2925,,,,0.1,0.1175,19.185,88.335,0.2,191.96,0.0,0.0,,741.045,
2023-04-22 05:00:00,32.94,75.0875,8.4125,12.895,21.305,9.405000000000001,7.495,0.5175000000000001,2.7875,0.3125,,,,0.10500000000000001,0.125,20.1275,88.7525,0.45,211.76749999999998,0.0,0.0,1.69,742.0450000000001,
2023-04-22 06:00:00,24.48,66.745,7.4775,11.455,18.9275,9.385,8.5725,0.4525,15.175,0.2725,,,,0.09,0.1075,22.785,70.445,0.485,210.15,0.0,0.0,17.1425,743.1125,
2023-04-22 07:00:00,28.619999999999997,105.7025,6.6425,10.184999999999999,16.825,9.3025,8.897499999999999,0.42,25.575,0.2525,,,,0.08499999999999999,0.1,24.965,59.455,0.46499999999999997,180.66500000000002,0.0,0.0,84.22749999999999,743.685,
2023-04-22 08:00:00,24.655,100.88499999999999,6.1025,9.3525,15.457500000000001,9.075,8.81,0.39,36.864999999999995,0.23,,,,0.0775,0.0925,31.052500000000002,40.16,0.4125,157.51,0.0,0.0,265.1,743.9775,
2023-04-22 09:00:00,23.112499999999997,88.075,5.4475,8.35,13.8,8.81,9.120000000000001,0.3675,50.91,0.2175,,,,0.07,0.09,34.39,33.2725,0.6225,152.47,0.0,0.0,340.97249999999997,744.2725,
2023-04-22 10:00:00,22.5325,70.85499999999999,5.3875,8.26,13.6475,8.91,8.58,0.345,62.542500000000004,0.20750000000000002,,,,0.07,0.0825,36.1775,29.6675,0.6074999999999999,125.92999999999999,0.0,0.0,371.3025,744.385,
2023-04-22 11:00:00,19.1575,66.58500000000001,5.01,7.68,12.692499999999999,8.805,8.3775,0.31,70.88,0.185,,,,0.06,0.07250000000000001,37.195,27.635,0.5425,189.1175,0.0,0.0,370.68,744.1275,
2023-04-22 12:00:00,18.689999999999998,67.4775,4.8125,7.375,12.1875,8.885,8.5375,0.295,77.9575,0.18,,,,0.06,0.07,38.5625,24.5175,0.6375000000000001,158.8375,0.0,0.0,340.8425,743.7125,
2023-04-22 13:00:00,23.252499999999998,66.66499999999999,4.945,7.575,12.5225,9.0225,9.004999999999999,0.28,83.0625,0.17,,,,0.06,0.07,39.4625,23.17,0.57,163.0775,0.0,0.0,293.925,743.025,
2023-04-22 14:00:00,17.34,60.002500000000005,4.91,7.5225,12.43,9.0425,7.8125,0.26,83.61,0.16,,,,0.05,0.06,38.8725,22.2625,0.6075,204.925,0.0,0.0,178.745,742.3199999999999,
2023-04-22 15:00:00,17.902500000000003,54.3025,4.885,7.49,12.379999999999999,9.1275,7.73,0.2525,80.78999999999999,0.15,,,,0.05,0.06,38.8425,22.815,0.445,151.135,0.0,0.0,170.48000000000002,741.65,
2023-04-22 16:00:00,16.6325,59.2625,4.89,7.4925,12.38,9.3,7.7075000000000005,0.24,79.515,0.14250000000000002,,,,0.05,0.06,35.8625,28.5975,0.3925,154.845,0.0,0.0,71.405,741.365,
2023-04-22 17:00:00,18.4325,77.905,4.735,7.26,11.9975,8.9825,7.4275,0.2325,63.8825,0.14250000000000002,,,,0.0425,0.052500000000000005,32.765,37.1625,0.1875,180.11,0.0,0.0,31.285,741.175,
2023-04-22 18:00:00,20.39,81.4325,5.1049999999999995,7.824999999999999,12.93,9.05,7.65,0.245,56.66,0.14750000000000002,,,,0.05,0.06,28.4675,45.525,0.175,121.1825,0.0,0.0,4.155,741.2425000000001,
2023-04-22 19:00:00,18.2175,99.30499999999999,5.5,8.432500000000001,13.93,8.9025,7.58,0.2675,32.4,0.1625,,,,0.052500000000000005,0.0625,25.1925,59.6275,0.11499999999999999,170.7275,0.0,0.0,,741.58,
2023-04-22 20:00:00,21.32,92.36000000000001,5.7475,8.807500000000001,14.5525,8.9375,7.32,0.2875,33.825,0.17250000000000001,,,,0.06,0.07,23.7125,62.332499999999996,0.17750000000000002,170.275,0.0,0.0,,741.84,
2023-04-22 21:00:00,22.415,82.9675,6.2275,9.5425,15.7675,8.9225,7.077500000000001,0.33,18.55,0.2,,,,0.0675,0.0775,22.535,69.1625,0.1125,167.9875,0.0,0.0,,742.155,
2023-04-22 22:00:00,24.8575,83.98,7.395,11.3325,18.725,9.190000000000001,7.49,0.40249999999999997,18.4575,0.24,,,,0.0825,0.0925,22.259999999999998,71.3725,0.2225,195.315,0.0,0.0,,742.3775,
2023-04-22 23:00:00,27.415,104.045,8.0625,12.36,20.424999999999997,9.365,7.1925,0.4275,13.3625,0.2575,,,,0.0875,0.1,21.7075,73.6625,0.0775,95.0125,0.0,0.0,,742.3025,
2023-04-23 00:00:00,36.295,123.8075,8.0875,12.3975,20.485,9.4725,7.0175,0.4425,11.9725,0.2675,,,,0.09,0.10500000000000001,21.0175,76.7075,0.165,200.475,0.0,0.0,,741.995,
2023-04-23 01:00:00,27.005000000000003,111.405,7.827500000000001,12.0,19.8275,9.57,6.765000000000001,0.4575,11.879999999999999,0.2775,,,,0.0925,0.11,20.3125,77.38,0.1375,133.6475,0.0,0.0,,741.8,
2023-04-23 02:00:00,30.7375,102.62,8.4975,13.025,21.5225,9.3825,6.8025,0.49,3.0625,0.295,,,,0.1,0.1175,19.5475,83.1325,0.0875,130.58249999999998,0.0,0.0,,741.6700000000001,
2023-04-23 03:00:00,31.3875,106.975,7.1825,11.0075,18.1875,9.36,6.945,0.5125,9.934999999999999,0.305,,,,0.1,0.12,19.1175,80.9025,0.1625,169.4875,0.0,0.0,,741.6225,
2023-04-23 04:00:00,33.59,96.7175,8.9975,13.79,22.79,9.3775,6.9775,0.505,7.217499999999999,0.305,,,,0.1,0.12,18.8875,77.9425,0.14,154.8725,0.0,0.0,,742.0225,
2023-04-23 05:00:00,34.459999999999994,89.17500000000001,11.3625,17.4175,28.78,10.0125,6.7875,0.5125,0.09,0.3125,,,,0.1,0.1225,18.314999999999998,81.86749999999999,0.11,131.525,0.0,0.0,1.17,742.4575,
2023-04-23 06:00:00,29.085,87.8425,9.6725,14.83,24.502499999999998,10.05,6.9975,0.5375000000000001,1.1466666666666667,0.3225,,,,0.10500000000000001,0.1325,19.4075,82.0575,0.155,108.03,0.0,0.0,15.1075,742.6875,
2023-04-23 07:00:00,30.9525,92.5875,8.8225,13.5225,22.3475,9.81,8.0275,0.555,7.565,0.3325,,,,0.11,0.1325,24.365000000000002,74.8375,0.2025,229.26999999999998,0.0,0.0,93.60000000000001,743.31,
2023-04-23 08:00:00,37.019999999999996,114.6325,7.6925,11.7925,19.490000000000002,9.645,8.805,0.52,38.92,0.31,,,,0.10500000000000001,0.125,33.26,40.0675,0.2575,133.5325,0.0,0.0,271.9975,743.9175,
2023-04-23 09:00:00,32.47,140.205,5.91,9.057500000000001,14.969999999999999,9.2325,11.0675,0.43,63.6125,0.255,,,,0.0875,0.1,37.545,23.64,0.40249999999999997,158.635,0.0,0.0,337.4925,744.3575000000001,
2023-04-23 10:00:00,18.795,99.4125,4.952500000000001,7.595000000000001,12.545,9.0775,10.6525,0.3775,68.6525,0.225,,,,0.07250000000000001,0.09,39.1275,21.1,0.485,194.8125,0.0,0.0,368.8475,744.405,
2023-04-23 11:00:00,16.57,69.2725,4.705,7.21,11.92,8.9725,9.4225,0.335,75.5275,0.2,,,,0.0675,0.0775,39.5475,19.875,0.5675,195.3475,0.0,0.0,366.375,744.2725,
2023-04-23 12:00:00,17.0675,69.53999999999999,4.7075,7.2175,11.9225,9.0775,9.252500000000001,0.3025,79.795,0.1825,,,,0.06,0.07,39.8225,20.145,0.6725,159.135,0.0,0.0,340.7875,743.785,
2023-04-23 13:00:00,13.835,75.59,4.7225,7.24,11.969999999999999,9.0775,8.7125,0.2875,67.69749999999999,0.17,,,,0.057499999999999996,0.0675,37.63,24.744999999999997,0.2825,175.8575,0.0,0.0,87.49249999999999,743.0025,
2023-04-23 14:00:00,14.3475,74.0075,5.2125,7.99,13.2,9.0775,8.629999999999999,0.275,65.775,0.165,,,,0.055,0.065,30.99,30.9175,0.7025,197.085,0.005,0.005,0.52,743.8824999999999,
2023-04-23 15:00:00,18.072499999999998,68.94,6.7775,10.39,17.1675,9.11,7.995,0.26,41.792500000000004,0.1575,,,,0.05,0.06,24.6675,60.7575,0.5575,177.45,0.48750000000000004,0.48750000000000004,13.362499999999999,744.68,
2023-04-23 16:00:00,13.469999999999999,105.48,7.145,10.9525,18.0975,9.0075,7.800000000000001,0.2675,30.1725,0.1625,,,,0.055,0.065,23.365000000000002,69.265,0.6625,171.4625,0.3225,0.3225,19.12333333333333,743.3199999999999,
2023-04-23 17:00:00,11.405,55.290000000000006,4.7175,7.2299999999999995,11.942499999999999,8.835,7.9025,0.22,49.0375,0.135,,,,0.04,0.05,23.985,54.625,0.785,171.4,0.2125,0.2125,,745.455,
2023-04-23 18:00:00,10.5,27.1,7.125,10.925,18.0475,9.1275,7.5375,0.2525,39.2475,0.1525,,,,0.05,0.06,21.0125,73.8425,0.8500000000000001,186.1875,0.48,0.48,,746.01,
2023-04-23 19:00:00,11.26,41.415,5.8875,9.0275,14.9175,8.9825,7.1875,0.2225,53.1275,0.135,,,,0.045,0.055,25.065,46.815,1.12,194.3725,0.155,0.155,,744.8275,
2023-04-23 20:00:00,7.2625,38.225,7.2,11.035,18.235,8.865,7.407500000000001,0.2875,28.68,0.17250000000000001,,,,0.0575,0.0675,23.9225,54.1725,0.3275,124.80499999999999,0.0125,0.0125,,744.5125,
2023-04-23 21:00:00,11.3025,13.482499999999998,9.9625,15.27,25.235,9.3525,7.3525,0.365,16.9125,0.22,,,,0.07250000000000001,0.0875,21.9575,60.03,0.355,211.95250000000001,0.0,0.0,,744.3425,
2023-04-23 22:00:00,7.92,19.8625,12.1175,18.575,30.692500000000003,10.055,7.4,0.39249999999999996,14.587499999999999,0.2375,,,,0.0775,0.0925,21.785,61.387499999999996,0.385,176.4425,0.0,0.0,,745.1424999999999,
2023-04-23 23:00:00,14.25,21.41,9.5925,14.705,24.2975,10.265,6.827500000000001,0.35,14.4625,0.21,,,,0.07,0.0825,20.7325,65.675,0.26,110.3075,0.0,0.0,,745.0975000000001,
2023-04-24 00:00:00,10.96,26.12,9.307500000000001,14.2675,23.575,9.99,6.88,0.3325,13.3825,0.1975,,,,0.0675,0.08,20.505,65.755,0.2875,206.6875,0.0,0.0,,744.76,
2023-04-24 01:00:00,12.675,33.3975,8.3125,12.74,21.0475,9.8775,7.4925,0.3225,14.8875,0.195,,,,0.0675,0.07500000000000001,20.105,67.2625,0.315,164.565,0.0,0.0,,744.75,
2023-04-24 02:00:00,13.15,35.06999999999999,7.7225,11.8325,19.555,9.932500000000001,7.5375000000000005,0.32,15.2275,0.1925,,,,0.065,0.07500000000000001,20.0975,68.2375,0.185,133.7,0.0,0.0,,744.5325,
2023-04-24 03:00:00,15.695,43.207499999999996,7.505,11.5,19.0075,9.64,7.7125,0.305,17.8925,0.185,,,,0.0625,0.07250000000000001,21.0075,65.86500000000001,0.23,151.01500000000001,0.0,0.0,,744.66,
2023-04-24 04:00:00,12.1625,34.7475,8.18,12.537500000000001,20.715,9.594999999999999,7.4775,0.295,11.8725,0.1775,,,,0.06,0.07,21.54,69.56,0.38,200.6375,0.0,0.0,,745.7275,
2023-04-24 05:00:00,13.682500000000001,33.0725,8.445,12.9475,21.3925,9.6,6.827500000000001,0.295,6.95,0.175,,,,0.06,0.07,20.96,72.475,0.2975,119.295,0.0,0.0,0.4,746.495,
2023-04-24 06:00:00,15.675,36.074999999999996,8.21,12.585,20.7925,9.64,6.84,0.2975,6.220000000000001,0.18,,,,0.06,0.07,20.205,76.4825,0.1975,134.28750000000002,0.0,0.0,15.9275,747.02,
2023-04-24 07:00:00,18.5725,42.730000000000004,7.795,11.95,19.740000000000002,9.6675,7.6875,0.305,21.1725,0.185,,,,0.06,0.07,23.060000000000002,67.505,0.385,185.425,0.0,0.0,56.225,747.4,
2023-04-24 08:00:00,16.490000000000002,57.792500000000004,6.6875,10.25,16.939999999999998,9.525,8.28,0.305,35.254999999999995,0.1825,,,,0.06,0.07,27.925,51.3425,0.5725,168.4825,0.0,0.0,237.215,748.1899999999999,
2023-04-24 09:00:00,17.8075,65.625,5.8325,8.94,14.775,9.195,8.395,0.3,48.2475,0.18,,,,0.06,0.07,30.3575,47.11,0.5825,141.14249999999998,0.0,0.0,252.5475,748.87,
2023-04-24 10:00:00,23.7425,78.5325,5.13,7.865,12.9975,9.015,8.7475,0.3,61.4775,0.18,,,,0.06,0.07,31.5625,44.22,0.8099999999999999,160.6725,0.0,0.0,338.985,749.0675,
2023-04-24 11:00:00,19.98,81.3275,5.1825,7.945,13.129999999999999,8.895,8.1275,0.28500000000000003,69.7825,0.17,,,,0.06,0.07,33.307500000000005,39.8875,0.9025,165.1225,0.0,0.0,351.98,749.09,
2023-04-24 12:00:00,23.36,78.405,4.7875,7.3375,12.125,8.9925,7.77,0.2575,74.37,0.1575,,,,0.052500000000000005,0.06,33.8875,37.15,0.935,165.2825,0.0,0.0,324.9375,748.91,
2023-04-24 13:00:00,18.8275,59.17,4.86,7.45,12.31,8.7475,8.195,0.2575,77.81,0.1575,,,,0.052500000000000005,0.0625,33.5,36.0925,0.9325,151.9025,0.0,0.0,268.4925,748.395,
2023-04-24 14:00:00,22.2375,73.77,4.6175,7.08,11.6975,8.6475,7.6325,0.265,74.525,0.1575,,,,0.055,0.065,31.369999999999997,40.3625,1.0675,193.315,0.0,0.0,141.7025,747.8225,
2023-04-24 15:00:00,18.255,63.925,4.02,6.165,10.1875,8.567499999999999,7.62,0.2425,81.5975,0.14500000000000002,,,,0.0475,0.0575,27.807499999999997,43.905,0.72,199.82,0.0225,0.0225,33.3175,747.425,
2023-04-24 16:00:00,22.8125,72.905,4.345,6.6575,10.9975,8.557500000000001,7.6825,0.1975,72.24,0.12,,,,0.04,0.045,22.445,66.8475,1.4,235.2825,0.4875,0.4875,0.48,748.8,
2023-04-24 17:00:00,23.310000000000002,187.89749999999998,5.8925,9.030000000000001,14.9225,8.9725,7.4425,0.1875,73.7975,0.11,,,,0.04,0.04,17.8625,88.45750000000001,1.1,192.8625,2.1149999999999998,2.1149999999999998,0.82,748.7574999999999,
2023-04-24 18:00:00,8.465,23.667499999999997,8.4775,12.9925,21.47,9.565,8.97,0.2475,32.2875,0.15,,,,0.05,0.06,17.98,94.11749999999999,0.435,116.8975,0.24250000000000002,0.24250000000000002,1.355,747.88,
2023-04-24 19:00:00,10.5,15.1475,10.1525,15.56,25.7075,9.92,9.115,0.33,28.3325,0.1975,,,,0.0675,0.08,18.7025,87.695,0.485,197.285,0.0,0.0,,748.09,
2023-04-24 20:00:00,15.512500000000001,16.7,10.51,16.1125,26.62,10.1425,9.32,0.3875,13.52,0.225,,,,0.07500000000000001,0.095,18.6725,88.2075,0.32999999999999996,168.06,0.0,0.0,,748.005,
2023-04-24 21:00:00,15.717500000000001,22.905,9.5175,14.587499999999999,24.1075,10.467500000000001,9.235,0.385,14.0175,0.225,,,,0.07500000000000001,0.09,18.71,86.36,0.3275,186.215,0.0,0.0,,747.8050000000001,
2023-04-24 22:00:00,13.8875,24.619999999999997,9.1175,13.9825,23.1,10.3675,9.9775,0.385,7.0225,0.2275,,,,0.0775,0.09,18.0125,90.225,0.20500000000000002,156.6525,0.0,0.0,,747.7175,
2023-04-24 23:00:00,16.53,23.3325,8.8825,13.620000000000001,22.5,10.265,9.75,0.395,0.88,0.235,,,,0.08,0.0975,16.945,94.8875,0.195,140.70250000000001,0.0,0.0,,748.0125,
2023-04-25 00:00:00,18.2,33.21,7.9775,12.23,20.2075,10.1275,9.58,0.41,0.32,0.2475,,,,0.08,0.1,16.54,97.4475,0.235,189.3825,0.0,0.0,,747.93,
2023-04-25 01:00:00,18.942500000000003,29.435000000000002,7.2925,11.18,18.4725,9.925,9.8,0.4025,0.04,0.24,,,,0.08,0.1,16.1825,98.67750000000001,0.2125,187.2575,0.0,0.0,,747.8475,
2023-04-25 02:00:00,17.9825,23.3975,6.8025,10.425,17.23,9.94,9.5775,0.4,,0.24,,,,0.08,0.1,16.0625,99.355,0.175,180.89000000000001,0.0,0.0,,747.82,
2023-04-25 03:00:00,13.932500000000001,22.1425,6.0975,9.3475,15.440000000000001,9.5625,9.397499999999999,0.4025,,0.24,,,,0.08,0.1,15.9175,99.765,0.2175,187.97,0.0,0.0,,747.9,
2023-04-25 04:00:00,19.2725,37.5675,5.02,7.694999999999999,12.715,9.5375,9.4525,0.405,,0.245,,,,0.08,0.1,15.4675,99.9875,0.145,158.0325,0.0,0.0,,748.175,
2023-04-25 05:00:00,21.12,45.184999999999995,4.72,7.235,11.955,9.4225,8.785,0.395,0.04,0.235,,,,0.08,0.095,15.325,100.0,0.215,198.61,0.0,0.0,1.6300000000000001,748.7625,
2023-04-25 06:00:00,16.39,37.945,4.5424999999999995,6.96,11.5075,9.41,9.459999999999999,0.3875,,0.23,,,,0.0775,0.09,16.259999999999998,100.0,0.1825,141.0475,0.0,0.0,14.620000000000001,749.1425,
2023-04-25 07:00:00,18.5075,41.964999999999996,6.5024999999999995,9.9725,16.48,9.205,9.1225,0.4675,1.12,0.28,,,,0.0925,0.115,18.9175,100.0,0.135,110.0975,0.0,0.0,98.48,749.4625,
2023-04-25 08:00:00,29.31,54.822500000000005,8.4725,12.99,21.46,9.870000000000001,10.182500000000001,0.4675,32.59,0.28,,,,0.095,0.11,25.6875,65.725,0.41000000000000003,206.695,0.0,0.0,271.4175,749.86,
2023-04-25 09:00:00,29.677500000000002,62.1225,6.105,9.3575,15.465,9.49,10.6725,0.3975,53.9625,0.2375,,,,0.08,0.0975,30.877499999999998,42.8575,0.5425,186.7125,0.0,0.0,327.5325,749.955,
2023-04-25 10:00:00,19.54,42.105,4.735,7.255,11.99,8.9225,9.355,0.34,69.9325,0.2025,,,,0.07,0.08,32.3275,38.5575,0.5675,177.7175,0.0,0.0,356.15250000000003,749.7950000000001,
2023-04-25 11:00:00,13.3525,33.5025,4.0225,6.165,10.184999999999999,8.6225,8.91,0.3075,74.7425,0.185,,,,0.0625,0.07250000000000001,33.4025,37.379999999999995,0.7,200.0775,0.0,0.0,353.22,749.5225,
2023-04-25 12:00:00,14.605,23.95,3.725,5.7125,9.43,8.567499999999999,9.065,0.29,77.65,0.17250000000000001,,,,0.06,0.07,34.425,35.542500000000004,0.745,172.7575,0.0,0.0,340.625,748.89,
2023-04-25 13:00:00,16.16,31.7675,3.6174999999999997,5.545,9.155000000000001,8.61,9.6675,0.2725,79.33,0.165,,,,0.055,0.065,35.7,32.75,0.595,167.39249999999998,0.0,0.0,297.845,748.155,
2023-04-25 14:00:00,14.600000000000001,24.745,3.915,6.0025,9.9125,8.795,9.1675,0.25,83.96000000000001,0.1525,,,,0.05,0.06,36.39,29.0825,0.575,176.8575,0.0,0.0,246.91,747.1925,
2023-04-25 15:00:00,8.75,26.785,4.2875,6.5725,10.86,8.91,8.9125,0.2475,85.345,0.15,,,,0.05,0.06,36.572500000000005,28.8675,0.515,176.45,0.0,0.0,185.9775,746.3975,
2023-04-25 16:00:00,11.175,24.3925,4.365,6.6899999999999995,11.0525,8.905,9.23,0.245,84.04,0.14500000000000002,,,,0.05,0.06,34.4525,32.8875,0.32,174.48,0.0,0.0,77.845,745.7049999999999,
2023-04-25 17:00:00,13.0725,38.4425,4.4125,6.765,11.182500000000001,8.825,9.06,0.2475,68.0625,0.15,,,,0.05,0.06,31.072499999999998,40.4525,0.19999999999999998,150.6175,0.0,0.0,29.775,745.3050000000001,
2023-04-25 18:00:00,13.4325,46.0925,4.6075,7.0625,11.675,8.7825,8.6675,0.25,46.6825,0.15,,,,0.05,0.06,26.5375,51.6475,0.04666666666666667,58.02333333333333,0.0,0.0,2.875,745.3675000000001,
2023-04-25 19:00:00,16.255,34.4325,5.34,8.1875,13.522499999999999,8.9625,9.105,0.2775,40.7775,0.17,,,,0.0575,0.0675,23.525,58.832499999999996,0.1225,150.5725,0.0,0.0,,745.7425,
2023-04-25 20:00:00,15.1875,41.87,8.2925,12.71,21.005,9.35,8.6575,0.385,20.265,0.23,,,,0.0775,0.0925,22.34,69.6925,0.095,91.63499999999999,0.0,0.0,,746.025,
2023-04-25 21:00:00,22.805,61.6275,8.8275,13.535,22.3625,9.9975,8.4,0.4375,15.7,0.2625,,,,0.09,0.10250000000000001,21.26,73.7375,0.1275,155.43,0.0,0.0,,746.135,
2023-04-25 22:00:00,19.880000000000003,68.175,9.024999999999999,13.8325,22.855,10.182500000000001,9.1025,0.4875,13.555,0.295,,,,0.1,0.1175,20.385,77.4475,0.14250000000000002,138.9875,0.0,0.0,,746.0725,
2023-04-25 23:00:00,29.065,80.935,10.690000000000001,16.3825,27.067500000000003,10.4875,9.469999999999999,0.5974999999999999,7.1899999999999995,0.3625,,,,0.12,0.14500000000000002,19.845,80.9925,0.17,177.4225,0.0,0.0,,745.845,
2023-04-26 00:00:00,31.0775,89.66749999999999,11.915,18.26,30.1725,10.75,9.7425,0.6625,4.5875,0.395,,,,0.1325,0.1625,19.4175,85.1425,0.14750000000000002,137.33,0.0,0.0,,745.5550000000001,
2023-04-26 01:00:00,31.4325,79.6175,16.3325,25.0325,41.365,11.415,8.8875,0.79,1.885,0.47750000000000004,,,,0.1575,0.19,19.095,85.9875,0.175,166.695,0.0,0.0,,745.6925,
2023-04-26 02:00:00,27.6475,80.9075,21.1825,32.4675,53.647499999999994,12.9625,9.2325,0.965,,0.5774999999999999,,,,0.1925,0.23,19.06,89.9025,0.14,174.5375,0.0,0.0,,745.495,
2023-04-26 03:00:00,34.01,90.61999999999999,17.5875,26.9575,44.545,13.295,9.8375,0.97,,0.5825,,,,0.195,0.23,18.72,94.7775,0.1875,228.8625,0.0,0.0,,745.4125,
2023-04-26 04:00:00,28.7275,73.53999999999999,14.66,22.4675,37.1225,12.92,10.2725,0.88,2.04,0.5275000000000001,,,,0.17500000000000002,0.21,18.384999999999998,94.2875,0.085,121.4425,0.0,0.0,,745.7925,
2023-04-26 05:00:00,26.215,59.995000000000005,11.965,18.3425,30.3125,11.9775,9.0675,0.8075,,0.4825,,,,0.1625,0.195,18.5375,96.285,0.135,126.2325,0.0,0.0,1.105,746.0175,
2023-04-26 06:00:00,27.49,54.2925,9.7325,14.915000000000001,24.6525,11.075,9.8175,0.7075,0.6666666666666666,0.425,,,,0.14250000000000002,0.17,18.615,97.11,0.115,114.21000000000001,0.0,0.0,13.862499999999999,746.3499999999999,
2023-04-26 07:00:00,26.5025,56.120000000000005,8.93,13.6875,22.62,10.575,9.9675,0.6275,14.9125,0.3825,,,,0.1225,0.1525,22.3375,82.22,0.09,94.96000000000001,0.0,0.0,98.895,746.98,
2023-04-26 08:00:00,30.82,63.772499999999994,7.245,11.1025,18.3425,10.01,10.805,0.56,45.875,0.335,,,,0.11499999999999999,0.135,31.552500000000002,43.4375,0.2025,127.42,0.0,0.0,281.09000000000003,747.54,
2023-04-26 09:00:00,30.3325,75.725,5.3025,8.1325,13.4375,9.2375,11.2875,0.495,67.3375,0.3025,,,,0.10250000000000001,0.1175,35.31,34.8925,0.5125,161.26999999999998,0.0,0.0,330.9475,747.6175000000001,
2023-04-26 10:00:00,24.34,64.9875,4.6175,7.0775,11.695,8.9225,10.39,0.4175,93.015,0.25,,,,0.0825,0.10250000000000001,35.54,32.0175,0.715,218.4125,0.0,0.0,344.6325,747.4449999999999,
2023-04-26 11:00:00,15.66,40.4975,4.9325,7.56,12.4925,8.8825,9.3875,0.38,116.965,0.225,,,,0.07250000000000001,0.0925,35.817499999999995,31.9225,0.875,221.8375,0.0275,0.0275,347.6875,746.94,
2023-04-26 12:00:00,19.8075,48.46,4.8925,7.5,12.3925,8.99,9.030000000000001,0.335,109.1825,0.2,,,,0.07,0.08,36.495,30.72,0.73,218.8,0.0025,0.0025,335.275,746.2675,
2023-04-26 13:00:00,18.59,44.004999999999995,4.6875,7.1850000000000005,11.8725,8.9,8.765,0.305,98.62,0.1825,,,,0.06,0.07,37.394999999999996,27.689999999999998,0.8975,236.055,0.0,0.0,295.6125,745.5025,
2023-04-26 14:00:00,14.219999999999999,35.402499999999996,4.68,7.175,11.8575,9.19,7.0,0.28250000000000003,91.0775,0.17,,,,0.06,0.07,37.75,25.87,0.8225,234.57,0.0,0.0,243.925,744.905,
2023-04-26 15:00:00,12.4775,33.010000000000005,4.84,7.4174999999999995,12.2575,9.455,7.2425,0.2675,88.49000000000001,0.1675,,,,0.057499999999999996,0.0675,37.8325,24.845,0.94,252.42249999999999,0.0,0.0,206.305,744.385,
2023-04-26 16:00:00,8.2975,21.3075,4.415,6.765,11.18,8.9525,7.2275,0.245,92.0475,0.1475,,,,0.05,0.06,36.06,26.355,0.6275,250.55,0.0,0.0,82.69,743.7575,
2023-04-26 17:00:00,14.572500000000002,26.4425,5.0225,7.7,12.7225,9.0475,7.4375,0.2475,85.5675,0.14500000000000002,,,,0.05,0.06,32.5525,32.1,0.385,163.29250000000002,0.0,0.0,27.2975,743.4549999999999,
2023-04-26 18:00:00,10.225,35.77,5.4375,8.33,13.77,9.04,7.9174999999999995,0.265,64.85249999999999,0.16,,,,0.052500000000000005,0.0625,28.91,41.66,0.2175,182.3425,0.0,0.0,5.2749999999999995,743.5325,
2023-04-26 19:00:00,17.2575,47.3525,7.2825,11.1675,18.4525,9.0925,7.8100000000000005,0.35,47.754999999999995,0.2125,,,,0.07,0.0825,26.3625,51.295,0.17250000000000001,145.945,0.0,0.0,,744.0675,
2023-04-26 20:00:00,15.407499999999999,49.0775,9.9975,15.325,25.322499999999998,9.375,8.1975,0.49,30.1725,0.2975,,,,0.0975,0.11750000000000001,25.05,56.42,0.1275,135.94,0.0,0.0,,744.49,
2023-04-26 21:00:00,22.81,59.8525,12.3625,18.945,31.3075,9.98,7.987500000000001,0.645,19.945,0.385,,,,0.13,0.155,23.795,61.91,0.17,176.29500000000002,0.0,0.0,,744.63,
2023-04-26 22:00:00,26.3925,78.7025,12.2,18.7,30.9025,10.3675,8.1375,0.705,8.1125,0.425,,,,0.14250000000000002,0.1675,23.4175,72.3675,0.1675,194.43,0.0,0.0,,744.3575,
2023-04-26 23:00:00,26.869999999999997,69.33749999999999,10.615,16.27,26.8825,10.46,7.9375,0.685,9.7275,0.41000000000000003,,,,0.1375,0.165,22.8325,73.5175,0.0975,120.4775,0.0,0.0,,744.315,
2023-04-27 00:00:00,26.724999999999998,70.57,9.5475,14.629999999999999,24.18,10.4,8.3175,0.645,12.432500000000001,0.3925,,,,0.13,0.1575,22.752499999999998,72.355,0.0475,67.24000000000001,0.0,0.0,,744.3975,
2023-04-27 01:00:00,31.88,78.5125,9.3825,14.379999999999999,23.767500000000002,10.295,9.182500000000001,0.615,19.9175,0.365,,,,0.1225,0.14500000000000002,22.3375,71.9425,0.2475,151.385,0.0,0.0,,744.515,
2023-04-27 02:00:00,26.7625,78.745,9.7725,14.9775,24.759999999999998,10.1575,8.86,0.5825,23.37,0.35,,,,0.1175,0.1375,23.052500000000002,68.21000000000001,0.245,150.3625,0.0,0.0,,744.535,
2023-04-27 03:00:00,25.1575,82.27250000000001,8.29,12.705,20.995,9.915,9.565000000000001,0.5225,24.6975,0.3125,,,,0.10250000000000001,0.125,23.8625,59.045,0.355,176.48000000000002,0.0,0.0,,744.5125,
2023-04-27 04:00:00,23.990000000000002,64.745,8.46,12.97,21.432499999999997,9.887500000000001,9.8425,0.49,19.9225,0.2975,,,,0.0975,0.1175,23.455000000000002,59.63,0.4125,182.0825,0.0,0.0,,744.745,
2023-04-27 05:00:00,23.4925,62.08,7.775,11.92,19.697499999999998,9.754999999999999,10.44,0.4375,24.4125,0.265,,,,0.0875,0.10500000000000001,24.6125,54.92,0.4625,170.43,0.0,0.0,1.1,745.0325,
2023-04-27 06:00:00,17.785,50.99,6.805,10.43,17.2325,9.372499999999999,9.3725,0.4075,21.3625,0.2425,,,,0.08,0.1,24.5375,58.1,0.37,175.67,0.0,0.0,15.825,745.4725,
2023-04-27 07:00:00,13.975000000000001,41.9975,7.2125,11.057500000000001,18.2725,9.365,9.0025,0.4125,22.9825,0.25,,,,0.08,0.1,25.7475,57.072500000000005,0.39,152.285,0.0,0.0,95.3675,746.0225,
2023-04-27 08:00:00,13.2175,42.6725,7.2025,11.04,18.2425,9.254999999999999,9.71,0.385,43.6275,0.23,,,,0.0775,0.09,30.5,43.1575,0.7975,230.3,0.0,0.0,262.07,746.505,
2023-04-27 09:00:00,10.2675,37.245000000000005,6.0325,9.2475,15.28,9.11,9.9175,0.3425,52.7325,0.20500000000000002,,,,0.07,0.08,32.765,39.7025,0.835,246.20499999999998,0.0,0.0,329.255,746.775,
2023-04-27 10:00:00,14.03,39.3,5.824999999999999,8.9275,14.754999999999999,9.002500000000001,9.217500000000001,0.3375,64.525,0.2,,,,0.07,0.08,35.4675,35.7675,0.75,229.515,0.0,0.0,363.31,746.7425000000001,
2023-04-27 11:00:00,16.66,35.3975,6.15,9.425,15.5725,9.1625,9.3525,0.34,82.9625,0.2025,,,,0.07,0.08,37.1375,31.98,0.7275,220.43,0.0,0.0,361.35249999999996,746.3824999999999,
2023-04-27 12:00:00,13.6775,46.3675,5.795,8.8875,14.68,9.42,9.120000000000001,0.3275,97.91499999999999,0.1975,,,,0.07,0.0775,37.9725,28.5475,0.79,219.5525,0.0,0.0,332.7425,745.9549999999999,
2023-04-27 13:00:00,14.184999999999999,52.165,6.0825,9.3225,15.405,9.655000000000001,9.1,0.325,97.9125,0.1975,,,,0.0675,0.07500000000000001,38.82,27.2275,0.8,216.42000000000002,0.0,0.0,290.08,745.275,
2023-04-27 14:00:00,14.2,50.7275,5.7425,8.805,14.545,9.7225,8.975,0.2975,91.9425,0.1825,,,,0.06,0.07,39.4875,25.0425,0.77,194.91,0.005,0.005,259.595,744.7850000000001,
2023-04-27 15:00:00,,39.0925,5.515000000000001,8.4525,13.9625,9.5525,8.7425,0.2775,88.9375,0.1675,,,,0.057499999999999996,0.07,38.9,25.3675,0.77,204.4375,0.015,0.015,181.8825,744.25,
2023-04-27 16:00:00,13.04,40.6025,5.7675,8.842500000000001,14.6075,9.6275,8.5775,0.2675,85.25,0.1575,,,,0.05,0.0625,37.2975,27.2825,0.5975,183.605,0.0,0.0,78.5325,743.58,
2023-04-27 17:00:00,15.42,31.31,5.6075,8.5925,14.2025,9.3525,8.2325,0.255,82.10249999999999,0.155,,,,0.05,0.06,34.3625,29.2575,0.4675,172.1825,0.0,0.0,32.33,743.2275,
2023-04-27 18:00:00,10.84,38.92,5.6175,8.6075,14.22,9.2225,8.2425,0.275,62.9125,0.165,,,,0.055,0.065,30.03,37.6725,0.1425,116.11500000000001,0.0,0.0,3.455,743.3025,
2023-04-27 19:00:00,13.88,40.322500000000005,5.81,8.9025,14.7125,9.1625,8.1575,0.29,41.0275,0.17250000000000001,,,,0.06,0.07,26.2425,50.8575,0.0575,75.425,0.0,0.0,,743.9100000000001,
2023-04-27 20:00:00,17.625,39.9925,6.5225,9.9925,16.5125,9.375,8.17,0.335,33.5025,0.2025,,,,0.0675,0.08,24.48,56.0575,0.10500000000000001,145.18,0.0,0.0,,744.54,
2023-04-27 21:00:00,19.357499999999998,58.83,7.265000000000001,11.1375,18.405,9.555,8.1675,0.455,23.5775,0.275,,,,0.0925,0.11,23.5,62.1625,0.1075,156.075,0.0,0.0,,745.14,
2023-04-27 22:00:00,24.4025,78.5875,8.5825,13.155,21.735,9.5625,8.0425,0.5775,15.3275,0.3525,,,,0.115,0.14,22.7425,64.76,0.13,179.5533333333333,0.0,0.0,,745.295,
2023-04-27 23:00:00,31.635,92.3325,15.95,24.450000000000003,40.4,10.1175,8.32,0.9275,2.36,0.5575,,,,0.1875,0.22499999999999998,22.6575,65.815,0.21000000000000002,157.13,0.0,0.0,,745.495,
2023-04-28 00:00:00,42.8225,131.705,23.752499999999998,36.4075,60.1575,11.68,8.0225,1.1475,,0.685,,,,0.2275,0.275,22.7275,68.14,0.18,187.15,0.0,0.0,,745.25,
2023-04-28 01:00:00,45.03,139.625,23.0975,35.4,58.4975,13.032499999999999,8.68,1.1925,,0.7175,,,,0.2375,0.2875,22.6075,75.265,0.27749999999999997,185.9925,0.0,0.0,,745.1025,
2023-04-28 02:00:00,42.817499999999995,128.2175,20.6125,31.595,52.207499999999996,13.2325,8.1625,1.2075,,0.7224999999999999,,,,0.2375,0.2875,21.4175,78.255,0.255,175.325,0.0,0.0,,745.0675,
2023-04-28 03:00:00,40.265,136.195,16.3075,24.995,41.2975,13.235,8.1,1.11,,0.6675,,,,0.225,0.2675,20.752499999999998,80.0925,0.2675,206.5825,0.0,0.0,,744.965,
2023-04-28 04:00:00,38.5625,119.9375,14.455,22.1525,36.6075,12.432500000000001,8.682500000000001,1.045,0.08,0.6275,,,,0.2075,0.2525,20.8025,83.02,0.43000000000000005,204.46,0.0,0.0,,745.2125,
2023-04-28 05:00:00,31.5,103.3525,11.015,16.8875,27.9025,11.715,8.64,0.925,0.76,0.55,,,,0.1825,0.22,20.845,81.325,0.35,194.7225,0.0,0.0,3.4800000000000004,745.64,
2023-04-28 06:00:00,33.3475,104.45,9.265,14.1975,23.4625,11.0475,9.1525,0.865,1.3800000000000001,0.515,,,,0.17,0.2075,21.1175,81.0325,0.1125,101.905,0.0,0.0,24.96,745.88,
2023-04-28 07:00:00,41.045,117.0175,8.7725,13.445,22.22,10.6875,9.765,0.8374999999999999,6.615,0.5025,,,,0.1675,0.2,24.2975,71.6075,0.155,144.6975,0.0,0.0,70.8675,746.285,
2023-04-28 08:00:00,42.6825,119.5175,8.5575,13.1225,21.6825,10.254999999999999,10.6175,0.8175,27.927500000000002,0.4875,,,,0.1625,0.1975,29.8825,52.0775,0.41000000000000003,175.4925,0.0,0.0,218.185,746.625,
2023-04-28 09:00:00,49.935,127.79750000000001,8.7225,13.37,22.0925,10.0275,10.765,0.7925,53.947500000000005,0.47,,,,0.1575,0.19,33.6275,41.285,0.40750000000000003,162.34750000000003,0.0,0.0,254.03,746.8299999999999,
2023-04-28 10:00:00,46.72,130.64000000000001,7.0600000000000005,10.8225,17.884999999999998,9.8375,11.445,0.64,80.5075,0.3825,,,,0.125,0.1525,36.53,37.0,0.375,152.905,0.0,0.0,262.6675,746.7,
2023-04-28 11:00:00,36.555,111.9025,7.4175,11.3675,18.785,9.7175,10.9925,0.625,85.3775,0.3725,,,,0.125,0.1475,37.4225,35.4075,0.46749999999999997,201.37,0.0,0.0,220.29,746.3775,
2023-04-28 12:00:00,36.6725,112.08500000000001,6.8075,10.435,17.2425,9.450000000000001,9.8125,0.5825,76.8125,0.35250000000000004,,,,0.115,0.14,33.525,39.3775,1.225,255.78750000000002,0.0,0.0,98.6075,746.54,
2023-04-28 13:00:00,42.7,285.01500000000004,5.4025,8.282499999999999,13.684999999999999,9.1375,9.17,0.4175,68.9475,0.25,,,,0.0825,0.1,32.832499999999996,36.2375,1.0,261.925,0.0,0.0,119.91,746.235,
2023-04-28 14:00:00,18.8775,80.9575,5.3,8.13,13.432500000000001,8.9175,8.7625,0.3575,60.955,0.2125,,,,0.07,0.08499999999999999,31.72,40.09,0.6725,223.89499999999998,0.0,0.0,42.615,745.665,
2023-04-28 15:00:00,16.8725,51.515,4.9399999999999995,7.5725,12.5125,8.9175,9.2625,0.3475,69.905,0.20500000000000002,,,,0.07,0.08,33.3725,37.6875,0.8450000000000001,227.935,0.0,0.0,149.2725,745.3399999999999,
2023-04-28 16:00:00,21.14,70.92750000000001,4.42,6.78,11.2025,8.745000000000001,9.2775,0.3175,81.07249999999999,0.19,,,,0.065,0.0775,33.625,35.5,0.9450000000000001,200.215,0.0075,0.0075,87.37,744.655,
2023-04-28 17:00:00,20.810000000000002,77.7325,4.405,6.755000000000001,11.157499999999999,8.72,9.1075,0.28250000000000003,74.1575,0.17,,,,0.06,0.07,30.6325,40.0725,0.6925,191.655,0.0125,0.0125,34.1175,744.1425,
2023-04-28 18:00:00,14.5075,51.4525,5.0025,7.67,12.6725,8.8025,8.69,0.2675,54.2975,0.16,,,,0.055,0.065,26.96,49.805,0.21250000000000002,149.9975,0.0,0.0,2.915,743.7574999999999,
2023-04-28 19:00:00,17.87,41.230000000000004,5.745,8.8025,14.545,9.025,8.78,0.3,36.695,0.1775,,,,0.06,0.07,23.3725,59.9,0.1625,168.6775,0.005,0.005,,743.7175,
2023-04-28 20:00:00,20.535,50.7725,8.215,12.5875,20.802500000000002,9.475000000000001,8.93,0.38,24.71,0.2275,,,,0.0775,0.0925,22.2225,65.21,0.215,177.565,0.015,0.015,,744.01,
2023-04-28 21:00:00,17.245,56.485,12.925,19.8075,32.7325,9.9825,8.685,0.5775,13.2325,0.35,,,,0.11499999999999999,0.14,22.33,67.1075,0.3625,167.0375,0.0,0.0,,744.54,
2023-04-28 22:00:00,26.425,87.1825,8.72,13.3675,22.09,10.1425,8.3,0.4975,21.32,0.2975,,,,0.1,0.12,22.1325,67.7325,0.2675,190.0775,0.0,0.0,,745.26,
2023-04-28 23:00:00,25.585,87.83500000000001,7.9275,12.15,20.0775,10.067499999999999,8.2975,0.4775,19.302500000000002,0.29,,,,0.1,0.1125,21.32,70.9275,0.26,181.1175,0.0,0.0,,745.4300000000001,
2023-04-29 00:00:00,24.74,78.50750000000001,9.02,13.827499999999999,22.85,9.955,7.895,0.51,11.42,0.305,,,,0.10250000000000001,0.12,21.3175,73.2025,0.21750000000000003,200.82,0.0,0.0,,745.1375,
2023-04-29 01:00:00,30.61,83.865,11.8475,18.16,30.0075,10.175,8.0575,0.5925,2.06,0.355,,,,0.1175,0.14,20.745,76.565,0.16,173.1575,0.0,0.0,,744.9225,
2023-04-29 02:00:00,42.3425,97.5125,11.719999999999999,17.9675,29.6875,10.6475,8.16,0.62,2.6500000000000004,0.3725,,,,0.125,0.15000000000000002,20.5975,78.97,0.165,116.0775,0.0,0.0,,744.7625,
2023-04-29 03:00:00,45.525,109.235,10.61,16.2675,26.88,10.485,8.4625,0.5925,5.595000000000001,0.36,,,,0.11499999999999999,0.14500000000000002,20.48,75.6875,0.265,161.7575,0.0,0.0,,744.8375,
2023-04-29 04:00:00,52.5575,108.255,9.4375,14.467500000000001,23.9075,10.424999999999999,8.47,0.5575,9.675,0.3375,,,,0.1125,0.1325,21.52,74.0625,0.3025,193.89749999999998,0.0,0.0,,745.115,
2023-04-29 05:00:00,36.69,98.795,7.865,12.055,19.9225,10.08,8.657499999999999,0.47,17.6725,0.2825,,,,0.095,0.1125,23.7025,67.0625,0.515,218.20499999999998,0.0,0.0,1.37,745.535,
2023-04-29 06:00:00,20.134999999999998,57.1925,7.4675,11.4475,18.915,9.67,9.3475,0.45,15.365,0.2675,,,,0.09,0.1075,24.252499999999998,67.245,0.425,239.35999999999999,0.0,0.0,22.625,745.6324999999999,
2023-04-29 07:00:00,19.6425,59.8625,6.445,9.877500000000001,16.322499999999998,9.3025,10.17,0.40249999999999997,24.46,0.24,,,,0.0825,0.0975,26.0975,61.6325,0.7125,267.1675,0.0,0.0,64.03,745.9549999999999,
2023-04-29 08:00:00,14.765,46.2025,5.825,8.9225,14.7475,9.0175,9.685,0.36,31.565,0.215,,,,0.07,0.0875,28.4925,55.5925,0.7875,265.3525,0.02,0.02,195.56,746.39,
2023-04-29 09:00:00,10.895,43.34,5.02,7.6925,12.71,8.67,9.6825,0.315,42.57,0.1925,,,,0.0625,0.07250000000000001,32.6225,45.4275,0.9675,233.34500000000003,0.01,0.01,332.28,746.4175,
2023-04-29 10:00:00,12.5975,36.155,4.83,7.4025,12.2325,8.705,9.565,0.2925,51.1275,0.17250000000000001,,,,0.06,0.07,35.2675,39.665,0.6475,217.8225,0.0,0.0,283.3075,746.4825,
2023-04-29 11:00:00,9.2475,36.14,4.67,7.1575,11.825,8.66,9.92,0.275,58.5175,0.1625,,,,0.055,0.065,35.067499999999995,38.91,0.6425000000000001,238.3525,0.0,0.0,233.23000000000002,746.1424999999999,
2023-04-29 12:00:00,13.265,36.795,4.5600000000000005,6.9875,11.5475,8.7075,9.895,0.265,69.97,0.16,,,,0.055,0.065,36.5925,36.3925,0.78,221.2075,0.0,0.0,290.9475,745.8675000000001,
2023-04-29 13:00:00,11.3275,35.3875,4.41,6.7575,11.17,8.765,10.48,0.2425,69.56,0.14500000000000002,,,,0.05,0.06,35.707499999999996,36.9975,0.845,189.1175,0.0275,0.0275,215.465,745.2925,
2023-04-29 14:00:00,7.8875,25.4575,4.29,6.5825,10.875,8.775,9.5,0.235,69.6025,0.14,,,,0.0475,0.057499999999999996,36.97,34.315,0.79,250.5725,0.0025,0.0025,181.435,744.6324999999999,
2023-04-29 15:00:00,11.8275,27.400000000000002,4.4825,6.865,11.3475,8.83,9.6325,0.2175,66.9925,0.1325,,,,0.04,0.05,34.09,39.7325,0.6425,233.695,0.0,0.0,64.1275,744.0925,
2023-04-29 16:00:00,13.09,33.26,4.515,6.92,11.435,8.58,9.7525,0.2075,63.175,0.1275,,,,0.04,0.05,31.86,43.5575,0.6425,223.41250000000002,0.0,0.0,17.509999999999998,743.6325,
2023-04-29 17:00:00,13.785,42.33,4.93,7.557499999999999,12.49,8.68,9.4825,0.2125,60.667500000000004,0.135,,,,0.04,0.05,31.3075,45.3,0.515,208.22,0.0,0.0,16.0,743.3025,
2023-04-29 18:00:00,13.45,43.347500000000004,5.665,8.684999999999999,14.35,8.620000000000001,9.635,0.2525,52.3775,0.1525,,,,0.0475,0.057499999999999996,30.125,48.825,0.46749999999999997,162.8175,0.0,0.0,3.5749999999999997,743.52,
2023-04-29 19:00:00,10.865,56.2,6.2575,9.5925,15.850000000000001,8.73,9.94,0.2825,37.69,0.1725,,,,0.057499999999999996,0.0675,29.12,53.25,0.255,149.91750000000002,0.0,0.0,,743.8575,
2023-04-29 20:00:00,19.947499999999998,73.4525,6.282500000000001,9.6325,15.91,8.6375,9.65,0.3125,26.44,0.1925,,,,0.0625,0.07250000000000001,27.7925,59.71,0.26,165.48,0.0,0.0,,744.18,
2023-04-29 21:00:00,19.0675,70.255,7.13,10.9375,18.0675,9.1175,9.52,0.35250000000000004,22.7075,0.21250000000000002,,,,0.07,0.08499999999999999,26.7375,62.9675,0.24,157.73250000000002,0.0,0.0,,744.615,
2023-04-29 22:00:00,15.9125,72.41499999999999,10.36,15.8775,26.235,9.282499999999999,10.315,0.46499999999999997,13.4725,0.2825,,,,0.0975,0.11,26.7875,63.7575,0.2475,160.57999999999998,0.0,0.0,,744.985,
2023-04-29 23:00:00,24.7925,98.6525,8.43,12.9225,21.3525,9.459999999999999,9.3225,0.4275,18.029999999999998,0.2575,,,,0.08499999999999999,0.10250000000000001,27.182499999999997,62.785,0.2975,235.665,0.0,0.0,,745.09,
2023-04-30 00:00:00,23.285,90.125,7.0200000000000005,10.7625,17.785,9.29,8.8875,0.3875,15.200000000000001,0.23,,,,0.0775,0.09,26.509999999999998,65.3925,0.175,175.03,0.0,0.0,,744.5125,
2023-04-30 01:00:00,22.85,93.4425,6.5425,10.0275,16.57,9.1325,9.355,0.4025,12.84,0.2375,,,,0.08,0.1,25.177500000000002,70.9625,0.1775,163.6875,0.0,0.0,,744.105,
2023-04-30 02:00:00,27.87,83.6225,6.5225,10.0025,16.525,9.265,8.9825,0.4025,15.5825,0.2425,,,,0.08,0.1,24.0875,73.3175,0.2025,194.1875,0.0,0.0,,743.7775,
2023-04-30 03:00:00,25.7375,84.6325,6.34,9.7125,16.05,9.11,8.9675,0.4175,16.44,0.2525,,,,0.0825,0.1,23.845,73.9225,0.1975,153.83249999999998,0.0,0.0,,743.85,
2023-04-30 04:00:00,25.25,89.665,6.46,9.9,16.365000000000002,9.205,8.51,0.435,14.442499999999999,0.26,,,,0.09,0.1,22.9225,76.9625,0.16499999999999998,144.5,0.0,0.0,,743.755,
2023-04-30 05:00:00,29.8425,83.4,5.237500000000001,8.025,13.2625,9.145,8.335,0.415,33.4225,0.2475,,,,0.0825,0.1,22.8525,73.07249999999999,0.28500000000000003,146.6925,0.0,0.0,3.365,744.1125,
2023-04-30 06:00:00,26.294999999999998,76.4225,4.7675,7.3075,12.08,9.02,8.3475,0.415,33.8275,0.2525,,,,0.0825,0.1,23.405,71.755,0.22999999999999998,149.4425,0.0,0.0,16.3875,744.9549999999999,
2023-04-30 07:00:00,25.73,63.7125,4.9925,7.6525,12.6475,8.92,9.532499999999999,0.4275,25.517500000000002,0.26,,,,0.0875,0.1,23.925,73.0875,0.21,169.1225,0.0,0.0,25.43,745.45,
2023-04-30 08:00:00,22.7175,69.7025,4.9475,7.5825,12.530000000000001,8.815,10.0725,0.4425,29.1075,0.2625,,,,0.09,0.1,25.509999999999998,67.5925,0.2175,184.0725,0.0,0.0,43.42,745.9075,
2023-04-30 09:00:00,29.582500000000003,64.76499999999999,5.005,7.675,12.6775,8.8425,9.2075,0.45,28.945,0.27,,,,0.09,0.11,26.0175,66.2875,0.3125,200.26999999999998,0.0125,0.0125,38.4375,746.2049999999999,
2023-04-30 10:00:00,28.0825,60.8225,5.245,8.0375,13.2825,8.907499999999999,8.815,0.465,28.9075,0.28250000000000003,,,,0.0925,0.1125,25.985,68.065,0.20750000000000002,116.8375,0.017499999999999998,0.017499999999999998,44.4975,746.4775,
2023-04-30 11:00:00,27.767500000000002,71.58500000000001,5.98,9.165000000000001,15.1425,8.89,8.5925,0.4875,36.5125,0.295,,,,0.0975,0.11499999999999999,26.575,65.64500000000001,0.6525,170.76749999999998,0.0025,0.0025,43.3975,746.555,
2023-04-30 12:00:00,36.4375,97.8075,5.407500000000001,8.295,13.7,8.907499999999999,8.3625,0.385,25.485,0.22999999999999998,,,,0.07500000000000001,0.095,24.605,78.24249999999999,0.825,181.235,0.045,0.045,24.75,746.8625,
2023-04-30 13:00:00,19.7525,57.980000000000004,5.395,8.2675,13.6625,8.9525,10.29,0.3725,12.22,0.22,,,,0.07,0.09,22.5,92.7225,0.4325,183.1975,0.41250000000000003,0.41250000000000003,18.2375,746.4625,
2023-04-30 14:00:00,15.5375,33.620000000000005,5.2825,8.0975,13.379999999999999,8.82,11.09,0.36,8.8675,0.2125,,,,0.07,0.08499999999999999,22.61,94.59,0.255,161.5375,0.355,0.355,36.895,745.4675,
2023-04-30 15:00:00,15.9875,25.77,5.029999999999999,7.71,12.7425,8.9575,10.1975,0.33,20.31,0.2,,,,0.0675,0.0775,25.79,79.405,0.42000000000000004,190.2725,0.015000000000000001,0.015000000000000001,166.8875,744.3675000000001,
2023-04-30 16:00:00,4.43,14.53,5.355,8.2075,13.56,8.85,8.9225,0.315,30.177500000000002,0.19,,,,0.0625,0.07250000000000001,28.9075,62.114999999999995,0.51,179.615,0.0,0.0,93.22,743.3824999999999,
2023-04-30 17:00:00,6.89,14.185,5.8,8.89,14.69,8.86,8.68,0.325,22.23,0.195,,,,0.0675,0.0775,26.0925,71.825,0.27,191.62,0.0,0.0,27.57,743.3175,
2023-04-30 18:00:00,10.9775,24.71,6.1075,9.3625,15.469999999999999,8.95,9.337499999999999,0.315,18.1625,0.1925,,,,0.0625,0.07250000000000001,24.2,78.00999999999999,0.285,175.185,0.0,0.0,9.055,744.1,
2023-04-30 19:00:00,10.455,25.3925,6.625,10.1525,16.7775,9.25,8.7875,0.33,6.995,0.1975,,,,0.07,0.0775,22.2475,85.505,0.14500000000000002,170.955,0.0,0.0,,744.6800000000001,
2023-04-30 20:00:00,6.89,24.825000000000003,7.4225,11.38,18.802500000000002,9.2875,9.1125,0.3425,7.529999999999999,0.20500000000000002,,,,0.07,0.08,21.939999999999998,87.185,0.21750000000000003,149.495,0.0,0.0,,745.3824999999999,
2023-04-30 21:00:00,15.615,36.935,7.202500000000001,11.04,18.247500000000002,9.287500000000001,9.1425,0.3525,3.005,0.2125,,,,0.07,0.0875,21.4975,89.195,0.2,172.51999999999998,0.0,0.0,,745.4275,
2023-04-30 22:00:00,21.145,32.815,7.0600000000000005,10.8225,17.88,9.5325,9.192499999999999,0.3675,,0.2175,,,,0.07,0.0875,20.8125,93.2475,0.175,144.1975,0.0,0.0,,745.49,
2023-04-30 23:00:00,17.37,24.2925,6.3375,9.7075,16.0425,9.129999999999999,8.5225,0.37,,0.22,,,,0.07,0.09,20.4275,95.6175,0.10500000000000001,150.435,0.0,0.0,,745.055,
2023-05-01 00:00:00,13.8475,31.1375,6.23,9.55,15.782499999999999,9.2775,9.3625,0.375,,0.2225,,,,0.07250000000000001,0.09,20.39,97.04249999999999,0.1,116.31,0.0,0.0,,744.4925000000001,
2023-05-01 01:00:00,19.5325,29.465,6.3,9.657499999999999,15.955,9.137500000000001,8.9,0.39,,0.2325,,,,0.0775,0.0925,20.4675,97.825,0.17,136.32999999999998,0.0,0.0,,744.44,
2023-05-01 02:00:00,18.6625,35.765,6.407500000000001,9.82,16.2275,9.45,8.2125,0.385,,0.2275,,,,0.0775,0.09,20.5275,98.2075,0.20750000000000002,187.61,0.0,0.0,,744.0725,
2023-05-01 03:00:00,20.707500000000003,43.7875,5.955,9.125,15.08,9.565,8.885,0.3725,,0.2225,,,,0.07,0.09,20.4225,97.7275,0.1575,141.425,0.0,0.0,,743.95,
2023-05-01 04:00:00,20.4875,33.7775,5.73,8.7875,14.515,9.5575,8.004999999999999,0.3575,0.17,0.2125,,,,0.07,0.0875,20.2175,97.8425,0.2525,162.41,0.0,0.0,,744.025,
2023-05-01 05:00:00,20.91,34.7325,5.3875,8.26,13.6475,9.3825,8.4625,0.35,,0.21,,,,0.07,0.08,19.8275,98.4625,0.125,110.3725,0.0,0.0,3.145,744.3675,
2023-05-01 06:00:00,13.51,30.475,5.395,8.2725,13.67,9.33,8.13,0.345,0.02,0.2075,,,,0.07,0.08,20.6825,99.1275,0.22999999999999998,174.0275,0.0,0.0,26.215,744.8924999999999,
2023-05-01 07:00:00,18.95,37.22,5.8975,9.0425,14.94,9.265,8.7975,0.3325,8.8475,0.2,,,,0.07,0.08,24.0225,83.3275,0.35,181.095,0.0,0.0,60.7175,745.5124999999999,
2023-05-01 08:00:00,18.7275,32.765,6.665,10.217500000000001,16.88,9.495,9.44,0.325,16.0075,0.2,,,,0.065,0.0775,25.884999999999998,70.93,0.36,223.04999999999998,0.0,0.0,62.7625,746.0225,
2023-05-01 09:00:00,13.247499999999999,40.2275,6.005,9.205,15.2025,9.345,9.4175,0.3125,21.42,0.19,,,,0.0625,0.07250000000000001,26.15,70.49000000000001,0.45999999999999996,210.2425,0.0,0.0,68.86,746.4625,
2023-05-01 10:00:00,11.7125,25.5375,6.135,9.405000000000001,15.535,9.4125,9.7325,0.275,32.01,0.165,,,,0.05500000000000001,0.065,27.0725,68.30000000000001,0.4325,176.97750000000002,0.0,0.0,108.69749999999999,746.3525,
2023-05-01 11:00:00,17.3875,32.75,5.125,7.8575,12.985,8.91,9.77,0.265,36.205,0.1625,,,,0.052500000000000005,0.0625,30.46,58.475,0.465,175.37,0.0,0.0,184.4375,746.0125,
2023-05-01 12:00:00,17.48,39.7975,4.6175,7.075,11.690000000000001,8.7775,9.84,0.28250000000000003,43.635,0.17,,,,0.06,0.07,32.19,53.6325,0.535,170.915,0.0,0.0,239.675,745.5125,
2023-05-01 13:00:00,13.4525,30.9825,4.955,7.592499999999999,12.55,9.045,10.2525,0.2675,44.55,0.16,,,,0.055,0.065,29.884999999999998,59.2025,0.9749999999999999,172.39,0.0525,0.0525,146.315,744.97,
2023-05-01 14:00:00,14.5325,38.295,4.2725,6.545,10.817499999999999,8.665,8.9475,0.215,21.0675,0.13,,,,0.04,0.05,21.115000000000002,95.5175,0.39,145.0475,1.545,1.545,69.86500000000001,744.3375,
2023-05-01 15:00:00,8.969999999999999,20.2075,4.8675,7.4625,12.33,8.75,9.5475,0.1925,32.2775,0.11499999999999999,,,,0.0375,0.045,27.2725,76.48,0.4775,157.74,0.2125,0.2125,187.5975,743.7975,
2023-05-01 16:00:00,,,3.915,6.0,9.9125,8.39,8.535,0.1825,56.5725,0.11,,,,0.04,0.04,,,,,0.0,0.0,,,
2023-05-01 17:00:00,15.76,25.2,3.995,6.125,10.1175,8.73,8.567499999999999,0.1775,59.46,0.10500000000000001,,,,0.035,0.04,,,,,0.0,0.0,,,
2023-05-01 18:00:00,9.09,30.205,4.7125,7.2225,11.9275,8.9475,8.305,0.185,40.56,0.1075,,,,0.0375,0.04,,,,,0.0,0.0,,,
2023-05-01 19:00:00,18.6525,21.64,5.015,7.6850000000000005,12.7,8.807500000000001,7.8774999999999995,0.20500000000000002,29.0825,0.1225,,,,0.04,0.05,,,,,0.0,0.0,,,
2023-05-01 20:00:00,10.34,23.8975,5.640000000000001,8.645,14.285,9.1,8.025,0.2375,21.4175,0.14500000000000002,,,,0.045,0.057499999999999996,,,,,0.0,0.0,,,
2023-05-01 21:00:00,15.055,24.02,5.975,9.165,15.135,8.9775,7.615,0.26,21.415,0.16,,,,0.052500000000000005,0.06,,,,,0.0,0.0,,,
2023-05-01 22:00:00,15.0975,39.84,5.734999999999999,8.79,14.5225,9.192499999999999,7.7775,0.2875,19.875,0.17,,,,0.06,0.07,,,,,0.0,0.0,,,
2023-05-01 23:00:00,18.7975,34.57,5.6625,8.675,14.33,9.02,7.695,0.2925,17.085,0.1775,,,,0.06,0.07,,,,,0.0,0.0,,,
2023-05-02 00:00:00,17.935,34.175000000000004,5.62,8.6175,14.24,9.02,7.37,0.2975,13.105,0.18,,,,0.06,0.07,,,,,0.0,0.0,,,
2023-05-02 01:00:00,23.01,33.175000000000004,6.465,9.91,16.375,9.205,7.75,0.3075,3.8125,0.1875,,,,0.0625,0.07250000000000001,,,,,0.0,0.0,,,
2023-05-02 02:00:00,22.14,36.192499999999995,6.0175,9.225,15.2375,9.2725,7.295,0.3,7.05,0.18,,,,0.06,0.07,,,,,0.0,0.0,,,
2023-05-02 03:00:00,21.625,31.085,6.0975,9.344999999999999,15.442499999999999,9.285,7.555,0.3025,3.1799999999999997,0.1825,,,,0.06,0.07,,,,,0.0,0.0,,,
2023-05-02 04:00:00,15.8625,30.9125,5.99,9.1825,15.17,9.14,7.682499999999999,0.3275,3.085,0.1975,,,,0.0675,0.0775,,,,,0.0,0.0,,,
2023-05-02 05:00:00,24.755,45.4325,5.0375000000000005,7.725,12.7625,9.254999999999999,7.6025,0.3375,,0.2,,,,0.07,0.08,,,,,0.0,0.0,,,
2023-05-02 06:00:00,19.9575,33.325,5.717499999999999,8.7625,14.475000000000001,10.1175,7.415,0.32,3.03,0.1925,,,,0.065,0.07500000000000001,,,,,0.0,0.0,,,
2023-05-02 07:00:00,17.8175,39.95,7.047499999999999,10.8025,17.8525,10.9075,7.295,0.2825,18.2675,0.1675,,,,0.057499999999999996,0.0675,,,,,0.0,0.0,,,
2023-05-02 08:00:00,22.545,41.7475,4.717499999999999,7.23,11.9475,9.725,7.6,0.27,36.795,0.1625,,,,0.052500000000000005,0.0625,,,,,0.0,0.0,,,
2023-05-02 09:00:00,21.09,41.65,4.3625,6.6850000000000005,11.0475,9.1675,8.4375,0.235,44.7025,0.14,,,,0.0475,0.057499999999999996,,,,,0.0,0.0,,,
2023-05-02 10:00:00,21.7225,34.1875,4.41,6.755000000000001,11.1675,8.8975,8.9725,0.22,50.415,0.1375,,,,0.0425,0.052500000000000005,,,,,0.0,0.0,,,
2023-05-02 11:00:00,15.717500000000001,34.925,4.262499999999999,6.53,10.7925,8.805,8.995000000000001,0.2275,48.13,0.1375,,,,0.045,0.052500000000000005,,,,,0.0,0.0,,,
2023-05-02 12:00:00,16.122500000000002,31.105,4.154999999999999,6.37,10.5175,8.747499999999999,9.39,0.195,67.43,0.11499999999999999,,,,0.04,0.045,,,,,0.0,0.0,,,
2023-05-02 13:00:00,11.145,22.9925,3.5300000000000002,5.4125,8.942499999999999,8.4325,9.067499999999999,0.1525,77.4175,0.0925,,,,0.0325,0.0375,,,,,0.0,0.0,,,
2023-05-02 14:00:00,6.7749999999999995,19.925,3.98,6.1,10.0775,8.9525,8.625,0.1525,58.6,0.09,,,,0.03,0.04,,,,,0.0,0.0,,,
2023-05-02 15:00:00,9.905000000000001,16.0625,3.25,4.9825,8.2325,8.2475,8.0425,0.1275,74.85,0.0775,,,,0.0275,0.03,33.18333333333334,47.78,0.46,181.9433333333333,0.0,0.0,157.83,744.3266666666667,
2023-05-02 16:00:00,5.0775,15.8275,3.965,6.077500000000001,10.0425,9.06,7.7775,0.1275,71.4225,0.08,,,,0.03,0.0325,33.0175,47.7575,0.4375,218.19,0.0,0.0,75.0975,743.9575,
2023-05-02 17:00:00,5.547499999999999,20.3675,3.8325,5.8774999999999995,9.71,9.045,7.9925,0.11499999999999999,71.00750000000001,0.07250000000000001,,,,0.0225,0.03,30.2675,56.207499999999996,0.1925,114.2175,0.0,0.0,26.845,744.165,
2023-05-02 18:00:00,7.475,22.9375,4.3625,6.6899999999999995,11.0525,9.1425,7.915,0.125,68.6925,0.0825,,,,0.03,0.0325,26.85,67.735,0.14750000000000002,131.3625,0.0,0.0,3.5149999999999997,744.7275,
2023-05-02 19:00:00,9.8275,19.8575,4.630000000000001,7.095,11.7275,9.33,8.655,0.1525,62.23,0.0925,,,,0.03,0.04,26.025,69.2425,0.1525,191.94,0.0,0.0,,745.3375,
2023-05-02 20:00:00,11.835,24.9325,4.975,7.62,12.6,9.245000000000001,8.4975,0.165,53.93,0.1,,,,0.0325,0.04,24.975,70.10249999999999,0.1175,110.9525,0.0,0.0,,745.785,
2023-05-02 21:00:00,15.6325,21.182499999999997,5.86,8.98,14.84,9.530000000000001,8.315000000000001,0.2025,41.370000000000005,0.1225,,,,0.0425,0.0475,23.6175,77.66,0.1525,176.76999999999998,0.0,0.0,,746.3125,
2023-05-02 22:00:00,10.4425,29.6575,6.26,9.594999999999999,15.86,9.7575,8.25,0.265,34.5575,0.1625,,,,0.055,0.065,23.02,82.0975,0.1375,141.4975,0.0,0.0,,746.515,
2023-05-02 23:00:00,21.4225,44.8375,6.4799999999999995,9.9275,16.4075,9.8375,8.3375,0.2625,26.572499999999998,0.16,,,,0.05,0.06,22.51,86.2775,0.055,69.4625,0.0,0.0,,746.3825,
2023-05-03 00:00:00,16.325,44.222500000000004,6.8625,10.5225,17.3875,9.8475,8.5475,0.2625,15.04,0.1575,,,,0.05,0.06,22.1025,90.14,0.10250000000000001,127.1175,0.0,0.0,,746.3575,
2023-05-03 01:00:00,19.3675,40.355,6.98,10.7,17.68,10.102500000000001,8.7475,0.28250000000000003,8.775,0.17,,,,0.06,0.07,21.755000000000003,93.515,0.1925,147.42249999999999,0.0,0.0,,746.125,
2023-05-03 02:00:00,21.16,35.72,7.852499999999999,12.0325,19.887500000000003,10.4625,8.5225,0.3175,6.1899999999999995,0.1925,,,,0.065,0.07500000000000001,21.5375,94.45,0.1925,148.595,0.0,0.0,,745.8425,
2023-05-03 03:00:00,26.2025,49.9375,8.0975,12.41,20.5125,10.4825,8.95,0.3125,0.09333333333333334,0.1875,,,,0.0625,0.07250000000000001,21.4125,96.31,0.205,235.0775,0.0,0.0,,745.7275,
2023-05-03 04:00:00,27.2575,45.8,7.9975,12.26,20.255,10.5975,8.7875,0.3325,0.5966666666666667,0.2,,,,0.07,0.08,21.2925,97.0525,0.2325,211.46,0.0,0.0,,745.8575000000001,
2023-05-03 05:00:00,27.0075,56.21,7.7875,11.935,19.7125,10.555,9.1275,0.3275,1.4375,0.1975,,,,0.0675,0.0775,21.435000000000002,96.965,0.10500000000000001,145.21,0.0,0.0,2.41,746.23,
2023-05-03 06:00:00,25.75,51.6875,7.585,11.629999999999999,19.215,10.4125,9.23,0.335,2.055,0.2,,,,0.07,0.08,22.58,94.24,0.1725,158.1325,0.0,0.0,22.3975,746.8225,
2023-05-03 07:00:00,24.195,61.0275,8.66,13.275,21.9375,11.425,10.7225,0.4,16.005000000000003,0.24,,,,0.0825,0.0975,25.5925,79.96,0.27,144.4725,0.0,0.0,82.55,747.42,
2023-05-03 08:00:00,37.45,88.8,7.5200000000000005,11.53,19.052500000000002,11.375,11.135,0.3825,40.22,0.2275,,,,0.07250000000000001,0.0925,29.68,64.275,0.3425,145.51000000000002,0.0,0.0,211.515,747.7375,
2023-05-03 09:00:00,37.8,84.74249999999999,5.9875,9.1825,15.1725,10.4175,10.6375,0.32,66.9525,0.19,,,,0.065,0.07500000000000001,32.4875,54.6175,0.4375,167.4725,0.0,0.0,227.54500000000002,747.8525,
2023-05-03 10:00:00,32.835,66.9125,5.8025,8.8925,14.6925,10.055,10.615,0.2975,83.5025,0.1775,,,,0.06,0.07,34.355,49.962500000000006,0.49,188.55,0.0,0.0,261.02,747.6525,
2023-05-03 11:00:00,29.045,63.459999999999994,4.3975,6.7425,11.1375,9.254999999999999,9.9125,0.20750000000000002,90.43,0.13,,,,0.04,0.05,35.6575,45.317499999999995,0.6675,162.265,0.0,0.0,308.43,747.0375,
2023-05-03 12:00:00,19.93,38.8125,4.015,6.1575,10.175,8.99,9.565,0.1925,92.99249999999999,0.11499999999999999,,,,0.04,0.045,34.36,48.2725,0.6025,155.47500000000002,0.0,0.0,158.7725,746.155,
2023-05-03 13:00:00,17.8825,37.355000000000004,4.3475,6.665,11.015,9.02,9.459999999999999,0.17,77.48,0.10250000000000001,,,,0.035,0.04,29.685,58.055,0.9725,223.585,0.01,0.01,59.7425,745.98,
2023-05-03 14:00:00,11.43,30.3925,3.7575,5.76,9.52,8.7975,8.735,0.1175,61.037499999999994,0.0775,,,,0.0275,0.03,22.0875,87.545,0.6950000000000001,172.565,1.9499999999999997,1.9499999999999997,86.6725,746.0625,
2023-05-03 15:00:00,8.74,28.1475,2.275,3.4850000000000003,5.765,7.715,9.575,0.1,67.8675,0.06,,,,0.02,0.02,23.835,83.89500000000001,0.76,130.93,1.2175,1.2175,103.7425,745.3425,
2023-05-03 16:00:00,3.91,10.185,3.2675,5.01,8.275,8.165,9.035,0.10250000000000001,65.655,0.0625,,,,0.02,0.025,24.2225,78.8225,0.6775,136.805,0.0,0.0,59.555,744.9425,
2023-05-03 17:00:00,2.315,6.755,3.9075,5.99,9.895,8.455,8.715,0.1325,55.8425,0.08,,,,0.03,0.0325,23.4975,81.86500000000001,0.425,183.4575,0.0,0.0,4.0375000000000005,745.215,
2023-05-03 18:00:00,,,4.1775,6.405,10.5825,8.780000000000001,8.99,0.155,36.5775,0.095,,,,0.03,0.04,22.1025,90.8975,0.3,187.955,0.49749999999999994,0.49749999999999994,,745.725,
2023-05-03 19:00:00,14.6175,25.0925,5.3,8.1225,13.4225,9.055,8.575,0.1925,24.4225,0.12,,,,0.04,0.0475,21.1825,98.015,0.3625,178.2075,2.7275,2.7275,,746.2325,
2023-05-03 20:00:00,15.19,26.072499999999998,6.44,9.8725,16.3175,9.745000000000001,8.44,0.2225,37.802499999999995,0.1375,,,,0.0425,0.052500000000000005,20.4525,98.86,0.4375,174.3225,0.9075,0.9075,,746.22,
2023-05-03 21:00:00,11.877500000000001,17.3175,5.4275,8.32,13.7475,9.385,8.282499999999999,0.2,34.295,0.1225,,,,0.04,0.05,20.2675,99.52,0.43500000000000005,219.48250000000002,0.06,0.06,,747.2525,
2023-05-03 22:00:00,9.690000000000001,16.5125,4.922499999999999,7.5425,12.465,9.14,8.05,0.1925,27.314999999999998,0.1125,,,,0.04,0.0425,20.3525,99.80250000000001,0.35250000000000004,168.695,0.085,0.085,,748.0899999999999,
2023-05-03 23:00:00,5.3,21.475,4.1325,6.3325,10.465,9.02,8.125,0.195,16.4725,0.11499999999999999,,,,0.04,0.045,20.2975,99.97,0.245,168.7475,0.11,0.11,,747.44,
2023-05-04 00:00:00,10.985,17.869999999999997,3.6275,5.5625,9.184999999999999,8.79,8.567499999999999,0.1925,11.31,0.11499999999999999,,,,0.04,0.0425,20.4425,100.0,0.2625,155.575,0.0175,0.0175,,747.1424999999999,
2023-05-04 01:00:00,15.7725,16.405,4.3025,6.595000000000001,10.8975,8.8875,9.432500000000001,0.21,10.3575,0.13,,,,0.04,0.05,20.275,100.0,0.27,189.215,0.0125,0.0125,,746.3325,
2023-05-04 02:00:00,11.502500000000001,17.215,5.535,8.4875,14.02,9.4125,8.587499999999999,0.22749999999999998,11.4475,0.1375,,,,0.045,0.055,19.915,100.0,0.20500000000000002,181.52499999999998,0.0,0.0,,745.6274999999999,
2023-05-04 03:00:00,13.0425,30.0825,4.8625,7.455,12.317499999999999,9.3525,8.035,0.2,7.505,0.12,,,,0.04,0.05,19.877499999999998,100.0,0.195,165.54,0.0,0.0,,745.435,
2023-05-04 04:00:00,11.0075,21.125,4.1075,6.295,10.3975,8.93,8.3875,0.20500000000000002,3.1725,0.1225,,,,0.04,0.05,19.6475,100.0,0.1975,174.5175,0.0,0.0,,745.7025,
2023-05-04 05:00:00,13.93,25.2075,3.9425,6.04,9.9825,8.92,7.8625,0.1975,5.085,0.1175,,,,0.04,0.045,19.127499999999998,100.0,0.155,159.4575,0.0,0.0,0.17,746.35,
2023-05-04 06:00:00,12.3575,20.975,3.475,5.325,8.7975,8.7525,8.4475,0.195,2.38,0.1125,,,,0.04,0.0425,19.595,100.0,0.1725,161.32500000000002,0.0,0.0,14.092500000000001,746.86,
2023-05-04 07:00:00,,,5.205,7.9775,13.184999999999999,9.469999999999999,8.705,0.225,17.66,0.1375,,,,0.045,0.055,21.3375,100.0,0.23249999999999998,173.455,0.0,0.0,92.135,747.5174999999999,
2023-05-04 08:00:00,17.63,28.869999999999997,5.27,8.0775,13.355,9.7125,9.0825,0.2,35.525,0.12,,,,0.04,0.0475,25.4425,86.62,0.41500000000000004,183.0725,0.0,0.0,257.095,747.9025,
2023-05-04 09:00:00,21.51,23.295,4.3475,6.6675,11.015,9.345,9.942499999999999,0.1925,55.3575,0.1125,,,,0.04,0.045,31.377499999999998,59.265,0.385,168.32,0.0,0.0,341.5525,748.135,
2023-05-04 10:00:00,11.9825,20.5075,4.0825,6.26,10.3425,8.9025,10.309999999999999,0.1925,68.02250000000001,0.11499999999999999,,,,0.04,0.0425,31.8725,55.96,0.6975,193.4675,0.0,0.0,370.44,748.1375,
2023-05-04 11:00:00,14.0275,21.792499999999997,3.88,5.9475,9.825,8.525,10.0325,0.1925,60.230000000000004,0.1125,,,,0.04,0.0425,32.885,52.6525,0.795,184.325,0.0,0.0,335.88,747.8125,
2023-05-04 12:00:00,11.265,17.3725,3.8675,5.9275,9.7925,8.79,9.5275,0.1825,66.8225,0.11,,,,0.0375,0.04,33.2875,47.835,0.7725,224.8475,0.0,0.0,327.0175,747.2875,
2023-05-04 13:00:00,9.1675,20.8975,3.8775000000000004,5.945,9.815,9.0525,9.2175,0.14750000000000002,80.3775,0.0875,,,,0.03,0.035,34.6625,45.3675,0.7125,219.0625,0.0,0.0,302.025,746.605,
2023-05-04 14:00:00,9.8625,19.5575,3.6325000000000003,5.57,9.2025,8.879999999999999,8.285,0.1225,76.985,0.0775,,,,0.0275,0.03,35.2825,43.7025,0.5975,189.9375,0.0,0.0,209.8175,745.9125,
2023-05-04 15:00:00,,,3.0324999999999998,4.6425,7.6775,8.5025,8.0875,0.10500000000000001,79.50999999999999,0.065,,,,0.02,0.025,36.455,40.057500000000005,0.525,210.6775,0.0,0.0,206.95749999999998,745.3,
2023-05-04 16:00:00,,,2.5625,3.93,6.4975000000000005,8.0075,8.235,0.10500000000000001,76.945,0.065,,,,0.02,0.025,33.9875,44.745,0.4575,214.6625,0.0,0.0,94.22749999999999,744.62,
2023-05-04 17:00:00,7.3100000000000005,19.045,3.065,4.695,7.76,8.2275,8.887500000000001,0.1175,62.335,0.07500000000000001,,,,0.0225,0.03,31.06,53.0475,0.2425,161.1025,0.0,0.0,40.825,744.265,
2023-05-04 18:00:00,8.4525,21.05,3.7649999999999997,5.775,9.5425,8.7675,9.23,0.12,65.72749999999999,0.075,,,,0.0275,0.0275,27.335,67.0975,0.14500000000000002,130.2725,0.0,0.0,5.06,744.3625,
2023-05-04 19:00:00,9.77,24.474999999999998,4.66,7.1425,11.8025,8.9025,8.94,0.14250000000000002,54.5725,0.08499999999999999,,,,0.03,0.035,24.345,79.025,0.0925,120.8475,0.0,0.0,,744.7775,
2023-05-04 20:00:00,12.692499999999999,26.732499999999998,5.0325,7.7125,12.7425,9.0525,8.6925,0.165,26.2375,0.10250000000000001,,,,0.035,0.04,22.8575,88.7525,0.11,183.48,0.0,0.0,,745.22,
2023-05-04 21:00:00,14.1675,27.55,4.64,7.115,11.755,9.11,8.435,0.20500000000000002,28.33,0.125,,,,0.04,0.05,21.805,92.3275,0.09,157.5975,0.0,0.0,,745.5374999999999,
2023-05-04 22:00:00,16.662499999999998,35.8175,5.0725,7.7775,12.85,9.175,8.875,0.28,19.072499999999998,0.16999999999999998,,,,0.055,0.0675,21.27,95.0475,0.13,156.2525,0.0,0.0,,745.7975,
2023-05-04 23:00:00,18.48,44.3025,10.215,15.655,25.872500000000002,10.5175,8.505,0.55,8.9675,0.335,,,,0.11,0.135,21.0,96.64750000000001,0.16,168.1625,0.0,0.0,,745.44,
2023-05-05 00:00:00,27.2775,67.075,17.225,26.4025,43.6275,13.6875,8.43,0.7625,0.5266666666666667,0.455,,,,0.15,0.185,20.895,98.03,0.195,174.17000000000002,0.0,0.0,,745.1925,
2023-05-05 01:00:00,29.005,75.0725,13.915000000000001,21.330000000000002,35.2425,12.85,8.1775,0.62,1.11,0.3725,,,,0.1225,0.15,20.7275,98.7425,0.1825,227.9225,0.0,0.0,,744.915,
2023-05-05 02:00:00,19.970000000000002,75.0925,11.059999999999999,16.9525,28.015,11.524999999999999,7.9399999999999995,0.605,,0.365,,,,0.12,0.14500000000000002,20.740000000000002,99.355,0.20750000000000002,257.90500000000003,0.0,0.0,,744.8725,
2023-05-05 03:00:00,24.490000000000002,61.3075,10.51,16.11,26.6175,11.54,7.9825,0.525,2.6100000000000003,0.315,,,,0.1075,0.125,20.2775,99.72,0.22,205.3275,0.0,0.0,,744.895,
2023-05-05 04:00:00,23.505,69.245,7.672499999999999,11.7625,19.439999999999998,10.48,7.797499999999999,0.355,6.3549999999999995,0.2125,,,,0.07,0.085,19.655,99.9675,0.1575,156.865,0.0,0.0,,745.0975,
2023-05-05 05:00:00,23.0125,54.1925,7.345000000000001,11.26,18.6075,10.0975,7.772499999999999,0.3,5.95,0.18,,,,0.06,0.07,19.46,100.0,0.135,146.9975,0.0,0.0,2.505,745.39,
2023-05-05 06:00:00,16.525,50.81,6.4375,9.870000000000001,16.31,10.1625,7.6875,0.29,4.83,0.17250000000000001,,,,0.06,0.07,20.372500000000002,100.0,0.1675,173.1275,0.0,0.0,15.5175,745.7275,
2023-05-05 07:00:00,19.634999999999998,51.8975,7.125,10.9225,18.049999999999997,10.2975,8.015,0.3325,26.8075,0.2,,,,0.0675,0.07500000000000001,23.645,89.655,0.46749999999999997,224.4625,0.0,0.0,96.91999999999999,746.215,
2023-05-05 08:00:00,24.830000000000002,72.53750000000001,5.68,8.7075,14.3925,9.65,9.2325,0.255,54.6725,0.155,,,,0.05,0.06,30.442500000000003,59.6325,0.635,197.1625,0.0,0.0,297.27250000000004,746.495,
2023-05-05 09:00:00,15.405000000000001,51.79,4.01,6.1475,10.1575,9.095,9.28,0.1925,68.7425,0.115,,,,0.0375,0.045,33.5025,50.370000000000005,0.71,211.01999999999998,0.0,0.0,350.42,746.515,
2023-05-05 10:00:00,13.755,27.955000000000002,3.42,5.2425,8.66,8.81,9.3625,0.15,80.405,0.09,,,,0.03,0.04,34.655,45.235,0.625,153.35750000000002,0.0,0.0,361.5925,746.44,
2023-05-05 11:00:00,10.1325,21.515,3.2575,4.99,8.25,8.4575,9.45,0.14250000000000002,78.0875,0.08499999999999999,,,,0.03,0.0325,35.504999999999995,41.475,0.71,202.68,0.0,0.0,378.635,746.0075,
2023-05-05 12:00:00,11.8725,27.5675,3.7875,5.8025,9.5875,8.895,10.89,0.1525,85.215,0.0925,,,,0.03,0.04,36.0475,39.475,0.79,203.96,0.0,0.0,350.2125,745.2950000000001,
2023-05-05 13:00:00,11.4125,26.474999999999998,3.8674999999999997,5.925,9.79,9.045,10.465,0.14250000000000002,87.445,0.0875,,,,0.03,0.035,36.565,35.4325,1.01,222.92749999999998,0.02,0.02,314.23,744.5675,
2023-05-05 14:00:00,9.41,32.67,3.8274999999999997,5.859999999999999,9.682500000000001,8.9275,9.4975,0.14,88.8575,0.0825,,,,0.03,0.03,37.3925,33.35,0.9400000000000001,247.855,0.01,0.01,257.28499999999997,743.76,
2023-05-05 15:00:00,8.2675,28.3825,3.9274999999999998,6.02,9.94,8.86,8.86,0.15,85.08250000000001,0.0925,,,,0.03,0.0375,37.35,32.64,0.7975,218.5575,0.0,0.0,195.79000000000002,743.0699999999999,
2023-05-05 16:00:00,8.28,33.7825,3.7075,5.6850000000000005,9.3925,8.67,9.1975,0.1525,74.0675,0.0875,,,,0.03,0.0375,35.0325,36.2275,0.6925,234.665,0.0,0.0,76.2125,742.53,
2023-05-05 17:00:00,10.1125,33.394999999999996,3.69,5.6575,9.3475,8.4475,8.9,0.15,67.8075,0.09,,,,0.03,0.0375,33.225,38.18,0.4125,211.7275,0.0,0.0,42.019999999999996,742.365,
2023-05-05 18:00:00,10.745,35.185,4.515,6.92,11.44,9.1525,8.515,0.1575,75.8575,0.0975,,,,0.03,0.04,29.6475,48.9825,0.2,130.88,0.0,0.0,3.6233333333333335,742.5725,
2023-05-05 19:00:00,13.1,43.83,5.71,8.754999999999999,14.465,9.375,8.53,0.2125,65.5175,0.13,,,,0.0425,0.05,27.015,58.8075,0.345,170.6525,0.0,0.0,,743.015,
2023-05-05 20:00:00,13.940000000000001,49.525,8.0325,12.3125,20.345,10.035,8.7325,0.2975,59.2275,0.18,,,,0.06,0.07250000000000001,27.025,59.0475,0.2975,181.8175,0.0,0.0,,743.4375,
2023-05-05 21:00:00,17.3925,49.915,8.7675,13.440000000000001,22.2025,10.5075,8.3425,0.35,53.7725,0.2075,,,,0.07,0.08499999999999999,26.15,64.0475,0.3,169.0775,0.0,0.0,,743.78,
2023-05-05 22:00:00,20.25,55.3925,9.125,13.99,23.1125,10.605,8.7,0.3675,46.792500000000004,0.22,,,,0.07,0.09,24.7875,69.5025,0.25,194.29500000000002,0.0,0.0,,743.86,
2023-05-05 23:00:00,21.567500000000003,66.2825,9.625,14.752500000000001,24.38,10.7875,8.46,0.3725,39.8125,0.22,,,,0.07,0.09,23.490000000000002,74.24000000000001,0.23,177.475,0.0,0.0,,743.6625,
2023-05-06 00:00:00,23.005,76.13,10.6725,16.365000000000002,27.0425,10.9825,8.3325,0.3625,32.385,0.22,,,,0.07,0.09,22.5075,78.5625,0.1825,196.0875,0.0,0.0,,743.415,
2023-05-06 01:00:00,24.9125,68.0125,10.6575,16.34,26.997500000000002,11.057500000000001,8.3625,0.3525,29.2475,0.21,,,,0.07,0.0825,22.002499999999998,81.7125,0.1875,172.2725,0.0,0.0,,742.955,
2023-05-06 02:00:00,23.36,63.455,9.355,14.342500000000001,23.7025,10.737499999999999,8.1475,0.325,30.935000000000002,0.195,,,,0.065,0.0775,21.7775,83.42750000000001,0.19,171.775,0.0,0.0,,742.6,
2023-05-06 03:00:00,19.4975,63.695,8.685,13.3075,21.9925,10.42,8.175,0.2925,26.5625,0.17500000000000002,,,,0.06,0.07,21.4075,85.5775,0.1675,154.7275,0.0,0.0,,742.535,
2023-05-06 04:00:00,24.315,62.010000000000005,11.725,17.97,29.7,11.105,7.95,0.3025,17.0525,0.1825,,,,0.06,0.07,21.025,87.8075,0.22,200.665,0.0,0.0,,742.6475,
2023-05-06 05:00:00,24.7525,93.2125,13.525,20.73,34.2525,11.84,8.1175,0.31,12.834999999999999,0.1875,,,,0.0625,0.07250000000000001,21.16,88.4725,0.1825,190.07,0.0,0.0,3.1,743.0775,
2023-05-06 06:00:00,22.575,80.44,12.2775,18.8175,31.0975,12.13,7.755,0.3275,20.707500000000003,0.2,,,,0.0675,0.08,22.445,86.5525,0.2,173.5325,0.0,0.0,18.525,743.5225,
2023-05-06 07:00:00,22.9875,68.7925,8.5725,13.14,21.7125,10.7275,8.1675,0.32,58.5625,0.1975,,,,0.0625,0.07500000000000001,26.622500000000002,68.9675,0.47,198.715,0.0,0.0,91.8525,744.1225,
2023-05-06 08:00:00,21.87,75.57249999999999,6.6875,10.255,16.945,10.065,9.25,0.3075,85.9075,0.1875,,,,0.065,0.07250000000000001,32.32,49.5725,0.7775,231.6525,0.0,0.0,276.38,744.6075000000001,
2023-05-06 09:00:00,18.174999999999997,75.56,5.1075,7.825,12.932500000000001,9.45,9.115,0.28,103.815,0.17,,,,0.06,0.07,34.5325,43.5075,0.99,258.73249999999996,0.01,0.01,339.3625,744.775,
2023-05-06 10:00:00,13.9075,57.129999999999995,4.845000000000001,7.4325,12.2775,9.247499999999999,10.3475,0.275,114.65,0.17,,,,0.06,0.07,36.3375,38.735,0.96,240.5625,0.01,0.01,368.625,744.7275,
2023-05-06 11:00:00,20.585,68.015,4.555,6.9775,11.5325,9.0025,9.4575,0.28,98.5025,0.17,,,,0.06,0.07,37.27,35.575,1.1225,250.59,0.0,0.0,366.2275,744.3499999999999,
2023-05-06 12:00:00,13.39,65.335,4.3425,6.6575,11.0075,8.895,9.415000000000001,0.28,90.3975,0.17,,,,0.06,0.07,37.9075,31.89,1.305,236.79250000000002,0.0,0.0,338.44,743.735,
2023-05-06 13:00:00,17.802500000000002,68.98,4.115,6.305,10.4175,8.8275,9.0375,0.2775,92.7775,0.1675,,,,0.06,0.0675,38.4375,31.1175,1.3475000000000001,245.885,0.0,0.0,292.48,743.0525,
2023-05-06 14:00:00,14.645,81.7775,3.795,5.82,9.6125,8.5,9.2525,0.27,91.175,0.165,,,,0.055,0.065,38.6825,30.0125,1.2125,232.88,0.0,0.0,243.605,742.3775,
2023-05-06 15:00:00,13.935,71.44,3.5825,5.49,9.07,8.49,9.085,0.2475,91.1325,0.15,,,,0.05,0.06,38.620000000000005,29.935,1.2650000000000001,255.135,0.0,0.0,184.2575,741.8575,
2023-05-06 16:00:00,11.815,75.02,3.79,5.81,9.5925,8.435,9.155,0.26,98.145,0.1575,,,,0.05,0.06,36.705,33.6975,1.0,233.4475,0.0,0.0,79.1625,741.5350000000001,
2023-05-06 17:00:00,19.0525,80.255,3.6675,5.6175,9.2775,8.3475,8.7,0.2475,63.045,0.14500000000000002,,,,0.05,0.06,35.2125,33.894999999999996,0.94,233.39749999999998,0.0,0.0,40.137499999999996,741.4075,
2023-05-06 18:00:00,12.4925,76.075,4.4275,6.785,11.21,8.4175,8.66,0.2575,35.01,0.1575,,,,0.05,0.06,32.667500000000004,39.1425,0.5,222.7775,0.0,0.0,4.163333333333333,741.5074999999999,
2023-05-06 19:00:00,14.3875,64.155,5.2275,8.0125,13.24,8.6325,8.9225,0.295,28.5325,0.18,,,,0.06,0.07,29.232499999999998,49.15,0.2075,203.3475,0.0,0.0,,741.7574999999999,
2023-05-06 20:00:00,16.1175,85.03,6.1875,9.4825,15.67,8.629999999999999,8.78,0.33999999999999997,21.1375,0.2025,,,,0.0675,0.0775,26.7025,57.4775,0.165,145.285,0.0,0.0,,742.005,
2023-05-06 21:00:00,22.635,78.97749999999999,6.87,10.5325,17.405,8.9475,9.015,0.3625,21.3275,0.22,,,,0.07250000000000001,0.0875,26.1475,59.09,0.19,164.175,0.0,0.0,,742.29,
2023-05-06 22:00:00,20.42,89.14500000000001,8.2175,12.595,20.8125,9.22,9.1175,0.44,14.73,0.2625,,,,0.09,0.10250000000000001,24.97,62.597500000000004,0.1175,144.85500000000002,0.0,0.0,,742.505,
2023-05-06 23:00:00,24.572499999999998,87.02,7.6925,11.7925,19.48,9.285,8.9375,0.445,12.620000000000001,0.265,,,,0.09,0.10500000000000001,24.18,70.6225,0.17,149.34,0.0,0.0,,742.4525,
2023-05-07 00:00:00,25.5,87.905,7.857500000000001,12.040000000000001,19.9,9.3,8.895,0.4425,20.2225,0.2625,,,,0.09,0.10250000000000001,23.94,68.4,0.1975,163.4425,0.0,0.0,,742.3925,
2023-05-07 01:00:00,27.5875,97.365,8.1975,12.5625,20.7625,9.41,9.03,0.455,15.8975,0.2775,,,,0.0925,0.1075,23.1175,72.05250000000001,0.1675,154.0925,0.0,0.0,,742.1525,
2023-05-07 02:00:00,32.4375,102.42,8.7125,13.355,22.06,9.4575,8.865,0.46,13.9475,0.28,,,,0.09,0.11,22.625,75.3225,0.2,158.04250000000002,0.0,0.0,,741.8149999999999,
2023-05-07 03:00:00,29.79,108.36,8.002500000000001,12.265,20.27,9.3125,9.015,0.445,16.3625,0.27,,,,0.09,0.1075,22.61,74.945,0.23249999999999998,167.595,0.0,0.0,,741.7725,
2023-05-07 04:00:00,30.6175,92.1875,8.120000000000001,12.442499999999999,20.5575,9.4475,8.9575,0.44,15.4175,0.265,,,,0.09,0.1075,22.1375,77.95,0.23,168.98,0.0,0.0,,741.9325,
2023-05-07 05:00:00,27.365000000000002,93.6575,7.07,10.84,17.9125,9.3875,8.615,0.425,19.945,0.255,,,,0.0875,0.1,22.2825,76.91,0.2675,188.6975,0.0,0.0,3.5999999999999996,742.4725,
2023-05-07 06:00:00,21.080000000000002,78.96000000000001,6.7475000000000005,10.34,17.0925,9.25,8.9125,0.4125,28.39,0.2475,,,,0.08,0.1,23.88,73.54,0.305,177.125,0.0,0.0,20.32,743.27,
2023-05-07 07:00:00,23.259999999999998,86.16,6.235,9.557500000000001,15.79,9.015,9.7075,0.41,45.2175,0.2475,,,,0.08,0.1,27.755,60.2425,0.5775,229.975,0.0,0.0,95.00999999999999,743.92,
2023-05-07 08:00:00,26.05,101.4,5.635,8.6375,14.2725,8.8125,9.4575,0.3925,46.765,0.2325,,,,0.08,0.095,33.072500000000005,45.1425,0.8075,249.8025,0.0,0.0,271.34000000000003,744.45,
2023-05-07 09:00:00,22.9225,84.1675,4.915,7.535,12.4525,8.692499999999999,9.629999999999999,0.3675,53.93,0.22,,,,0.07,0.09,35.9975,39.3075,0.7625,228.53,0.0,0.0,337.035,744.6825,
2023-05-07 10:00:00,19.7975,76.83500000000001,4.7175,7.2299999999999995,11.9475,8.7675,9.754999999999999,0.34750000000000003,65.9575,0.21,,,,0.07,0.0825,37.4325,35.44,1.0625,242.1675,0.0,0.0,369.7625,744.6275,
2023-05-07 11:00:00,22.685000000000002,74.79,4.71,7.215,11.92,8.885,10.1425,0.3425,81.38,0.2025,,,,0.07,0.08,38.4225,32.1925,1.05,223.8275,0.0,0.0,368.2025,744.3275,
2023-05-07 12:00:00,20.965000000000003,85.5875,4.3175,6.62,10.9375,8.75,9.11,0.3225,86.2825,0.195,,,,0.065,0.07500000000000001,39.465,27.3975,1.085,246.225,0.0,0.0,347.9975,743.7875,
2023-05-07 13:00:00,22.2075,86.33,4.2,6.4375,10.6375,8.7525,9.004999999999999,0.29000000000000004,80.2875,0.17250000000000001,,,,0.06,0.07,40.99,22.8475,0.8225,252.3175,0.015,0.015,309.8625,743.12,
2023-05-07 14:00:00,14.399999999999999,84.06,4.1675,6.3875,10.555,8.782499999999999,8.68,0.2525,75.905,0.155,,,,0.052500000000000005,0.0625,41.16,19.275,1.0775000000000001,217.76749999999998,0.005,0.005,263.4125,742.4325,
2023-05-07 15:00:00,9.715,76.13,4.125,6.32,10.445,8.682500000000001,9.0125,0.22749999999999998,76.4325,0.1375,,,,0.045,0.055,40.795,18.1625,1.13,264.2425,0.0,0.0,197.905,741.8725,
2023-05-07 16:00:00,8.625,71.10249999999999,4.145,6.3525,10.495000000000001,8.6275,8.5525,0.215,81.2525,0.135,,,,0.04,0.05,38.795,21.634999999999998,0.8225,252.695,0.0,0.0,83.03999999999999,741.5550000000001,
2023-05-07 17:00:00,10.98,73.14,5.0575,7.755,12.815,8.8475,8.2175,0.2175,72.375,0.1325,,,,0.04,0.05,36.410000000000004,24.115000000000002,0.495,225.3625,0.0,0.0,39.71,741.485,
2023-05-07 18:00:00,9.285,81.7525,5.6175,8.6125,14.23,8.9475,7.945,0.24,54.6225,0.14500000000000002,,,,0.0475,0.057499999999999996,31.705,33.5875,0.2125,162.36,0.0,0.0,4.3966666666666665,741.5425,
2023-05-07 19:00:00,19.42,107.85,6.2225,9.54,15.765,9.14,8.1175,0.2575,53.3375,0.1575,,,,0.05,0.06,30.2875,36.8275,0.31,186.49,0.0,0.0,,741.9225,
2023-05-07 20:00:00,24.0475,129.09249999999997,6.4975000000000005,9.96,16.4575,9.1525,7.734999999999999,0.275,32.195,0.1675,,,,0.057499999999999996,0.065,27.155,44.945,0.1875,159.13,0.0,0.0,,742.1275,
2023-05-07 21:00:00,21.235,123.3,6.5225,9.9975,16.52,9.0525,7.827500000000001,0.29,23.39,0.17250000000000001,,,,0.06,0.07,25.66,49.5275,0.1725,141.9925,0.0,0.0,,742.39,
2023-05-07 22:00:00,19.365000000000002,117.925,7.425,11.385,18.8125,9.1875,8.025,0.3275,22.5925,0.1975,,,,0.0675,0.0775,25.2925,48.315,0.2425,200.7225,0.0,0.0,,742.4025,
2023-05-07 23:00:00,15.8875,105.6325,7.9725,12.219999999999999,20.1925,9.3025,8.7,0.3725,15.807500000000001,0.22,,,,0.07250000000000001,0.0875,24.32,51.99,0.185,183.7275,0.0,0.0,,742.1575,
2023-05-08 00:00:00,17.985,106.425,8.565,13.129999999999999,21.695,9.51,8.4575,0.405,7.675,0.2425,,,,0.08,0.0975,22.985,59.965,0.175,168.08249999999998,0.0,0.0,,741.8975,
2023-05-08 01:00:00,22.095,100.23,9.307500000000001,14.265,23.575,9.555,8.5125,0.4225,6.5675,0.255,,,,0.0875,0.1,22.815,60.9125,0.26749999999999996,213.04500000000002,0.0,0.0,,741.61,
2023-05-08 02:00:00,22.98,93.4625,9.0525,13.875,22.9275,9.7025,8.629999999999999,0.4075,6.6525,0.245,,,,0.08,0.1,22.1725,63.5325,0.16,188.9275,0.0,0.0,,741.425,
2023-05-08 03:00:00,20.66,90.14750000000001,9.1675,14.055,23.2225,9.84,8.82,0.405,5.175,0.245,,,,0.08,0.1,21.302500000000002,66.5825,0.17500000000000002,199.85250000000002,0.0,0.0,,741.2475,
2023-05-08 04:00:00,21.8475,83.73,10.407499999999999,15.955,26.36,9.9,8.4325,0.405,1.3975,0.245,,,,0.08,0.1,20.9375,73.74,0.265,208.1,0.0,0.0,,741.55,
2023-05-08 05:00:00,20.67,80.7775,8.7025,13.3425,22.045,9.805,8.79,0.39,12.0475,0.2325,,,,0.0775,0.095,22.755000000000003,68.365,0.6225,259.305,0.0,0.0,6.659999999999999,742.48,
2023-05-08 06:00:00,22.122500000000002,92.03999999999999,6.8775,10.5475,17.43,9.485,9.5425,0.3825,22.4375,0.2275,,,,0.07250000000000001,0.0925,25.435,56.3875,0.44,219.3275,0.0,0.0,22.6,743.1725,
2023-05-08 07:00:00,20.25,85.685,6.9925,10.7225,17.7175,9.227500000000001,9.485,0.395,28.072499999999998,0.23249999999999998,,,,0.0775,0.0975,27.345,52.6925,0.4025,224.48000000000002,0.0,0.0,98.14,743.605,
2023-05-08 08:00:00,25.1525,101.68,5.17,7.922499999999999,13.092500000000001,8.9275,8.69,0.325,42.3075,0.1925,,,,0.065,0.07500000000000001,32.137499999999996,38.5925,0.845,184.7,0.0,0.0,155.9975,744.3025,
2023-05-08 09:00:00,13.969999999999999,68.34,4.2875,6.5725,10.86,8.6,8.275,0.2575,50.7875,0.155,,,,0.05,0.0625,34.17,34.6275,1.0725,192.7575,0.0,0.0,331.7675,744.6725,
2023-05-08 10:00:00,9.5075,77.5975,4.1125,6.3025,10.42,8.68,8.6125,0.2175,55.3075,0.135,,,,0.04,0.05,35.09,31.9925,1.475,234.075,0.0,0.0,332.20000000000005,744.9300000000001,
2023-05-08 11:00:00,7.1375,117.5675,3.8975,5.98,9.872499999999999,8.5125,8.195,0.195,53.0075,0.11499999999999999,,,,0.04,0.0425,35.5875,32.0325,0.9,224.235,0.0,0.0,233.82999999999998,744.9225,
2023-05-08 12:00:00,7.705,44.23,3.295,5.047499999999999,8.3425,8.157499999999999,7.945,0.14500000000000002,50.905,0.0875,,,,0.03,0.035,31.0775,49.54,0.67,180.91500000000002,0.2425,0.2425,67.8075,744.825,
2023-05-08 13:00:00,9.865,38.72,3.9925,6.1175,10.1025,8.307500000000001,8.755,0.175,23.535,0.10500000000000001,,,,0.035,0.04,29.4525,68.3825,0.395,154.0825,0.3975,0.3975,222.0975,743.7825,
2023-05-08 14:00:00,15.185,48.73,3.9174999999999995,6.005,9.9175,8.495000000000001,8.469999999999999,0.1675,48.555,0.1075,,,,0.0375,0.04,38.635,32.8775,0.405,172.12,0.0,0.0,253.5525,743.1475,
2023-05-08 15:00:00,9.040000000000001,41.5075,4.17,6.3875,10.555,8.6975,8.3575,0.1775,53.625,0.11,,,,0.0375,0.04,39.995,28.4075,0.47250000000000003,182.805,0.0,0.0,196.2375,742.745,
2023-05-08 16:00:00,11.765,36.995000000000005,4.2,6.4399999999999995,10.64,8.865,8.2275,0.1825,58.1975,0.1075,,,,0.0375,0.04,37.4975,31.695,0.315,146.535,0.0,0.0,75.54,742.3824999999999,
2023-05-08 17:00:00,8.485,34.785,5.42,8.3075,13.73,8.9525,7.7825,0.20500000000000002,52.595,0.125,,,,0.04,0.045,34.3325,37.754999999999995,0.1825,117.44,0.0,0.0,42.3875,742.1899999999999,
2023-05-08 18:00:00,7.7375,38.5,6.6725,10.23,16.9,9.105,8.105,0.25,44.565,0.1525,,,,0.0475,0.057499999999999996,29.622500000000002,48.33,0.085,79.2,0.0,0.0,4.456666666666667,742.205,
2023-05-08 19:00:00,8.2275,48.4475,9.6725,14.83,24.5025,9.2,7.7475,0.365,23.4225,0.22,,,,0.0725,0.09,26.54,56.8375,0.16,134.05666666666667,0.0,0.0,,742.5525,
2023-05-08 20:00:00,12.765,67.77000000000001,15.7775,24.185000000000002,39.9625,9.6775,7.9624999999999995,0.5275,5.8975,0.3175,,,,0.105,0.1275,25.5225,59.9825,0.1275,108.4625,0.0,0.0,,742.8175,
2023-05-08 21:00:00,17.677500000000002,75.2,14.5425,22.29,36.832499999999996,10.105,7.4799999999999995,0.5525,0.3675,0.335,,,,0.11,0.1325,24.26,72.4075,0.2475,224.1825,0.0,0.0,,743.3025,
2023-05-08 22:00:00,17.3325,70.125,14.9275,22.8825,37.81,10.3475,7.5,0.65,0.19999999999999998,0.3925,,,,0.1275,0.1575,23.6125,73.05,0.15000000000000002,171.9125,0.0,0.0,,743.3775,
2023-05-08 23:00:00,25.9775,98.34,19.145,29.345,48.489999999999995,10.9375,7.6425,0.8775,,0.5275,,,,0.18,0.21250000000000002,22.8175,77.035,0.19000000000000003,175.65666666666667,0.0,0.0,,743.1675,
2023-05-09 00:00:00,29.8275,123.15,19.425,29.7775,49.205,11.5825,7.7825,0.965,,0.5725,,,,0.195,0.2275,22.4375,80.76,0.12,152.165,0.0,0.0,,742.9575,
2023-05-09 01:00:00,36.98,116.7175,19.2475,29.505,48.755,11.815,7.7625,0.9775,,0.585,,,,0.195,0.235,22.115000000000002,82.14750000000001,0.1575,157.42000000000002,0.0,0.0,,742.7125,
2023-05-09 02:00:00,30.6075,89.89,17.5775,26.94,44.51,12.26,7.6525,1.005,,0.6074999999999999,,,,0.2,0.2425,21.9725,84.97,0.1625,176.1325,0.0,0.0,,742.4875,
2023-05-09 03:00:00,23.575,99.8425,14.085,21.585,35.67,12.1175,7.7,1.0275,,0.6174999999999999,,,,0.2025,0.2475,21.695,88.89750000000001,0.18,143.745,0.0,0.0,,742.595,
2023-05-09 04:00:00,26.09,99.6425,13.522499999999999,20.732499999999998,34.2525,11.96,7.665,1.0325,,0.62,,,,0.20500000000000002,0.2475,21.02,87.72749999999999,0.2475,174.7075,0.0,0.0,,742.6949999999999,
2023-05-09 05:00:00,32.44,103.8725,12.7425,19.5325,32.275,11.817499999999999,7.675,1.0025,,0.6025,,,,0.2,0.24,20.7175,88.80499999999999,0.14500000000000002,131.335,0.0,0.0,4.32,742.675,
2023-05-09 06:00:00,29.9875,111.1575,10.5725,16.205,26.78,11.55,7.905,0.96,,0.5725,,,,0.1925,0.23,22.0275,89.405,0.22999999999999998,180.22750000000002,0.0,0.0,20.69,743.1700000000001,
2023-05-09 07:00:00,31.285,100.8425,11.7875,18.064999999999998,29.85,11.219999999999999,9.175,0.89,9.246666666666668,0.535,,,,0.1775,0.215,25.884999999999998,74.42,0.225,140.2025,0.0,0.0,98.81,743.64,
2023-05-09 08:00:00,39.977500000000006,126.295,11.5925,17.7675,29.3575,11.3725,12.7925,0.8125,32.9975,0.4875,,,,0.165,0.1975,34.035000000000004,46.480000000000004,0.31,153.2125,0.0,0.0,271.3025,744.38,
2023-05-09 09:00:00,35.325,132.92499999999998,9.95,15.2575,25.21,10.9275,10.7375,0.7125,64.78,0.425,,,,0.14,0.17,37.5,36.455,0.695,210.525,0.0,0.0,332.475,744.575,
2023-05-09 10:00:00,26.384999999999998,99.45500000000001,7.6875,11.785,19.4725,9.96,10.29,0.5225,88.2575,0.3125,,,,0.10250000000000001,0.125,39.01,35.555,0.85,220.0325,0.0,0.0,364.9425,744.315,
2023-05-09 11:00:00,20.35,79.27,5.5125,8.4475,13.9575,8.985,10.01,0.34,84.70750000000001,0.20500000000000002,,,,0.07,0.08,39.6275,34.6025,0.8275,218.7,0.0,0.0,369.8275,743.89,
2023-05-09 12:00:00,21.134999999999998,67.9825,4.635,7.105,11.745000000000001,8.855,9.705,0.32,77.33500000000001,0.1925,,,,0.065,0.07500000000000001,40.8625,30.7,0.9149999999999999,222.17000000000002,0.0,0.0,351.39250000000004,743.4325,
2023-05-09 13:00:00,18.625,64.64750000000001,4.577500000000001,7.0175,11.6,8.845,9.525,0.27749999999999997,80.8725,0.165,,,,0.055,0.065,41.835,24.502499999999998,1.0675,242.585,0.0,0.0,320.245,742.88,
2023-05-09 14:00:00,10.955,67.97749999999999,4.06,6.225,10.28,8.56,8.7825,0.225,69.9475,0.14,,,,0.04,0.052500000000000005,42.01,16.23,1.2,242.2675,0.0,0.0,251.8625,742.2475,
2023-05-09 15:00:00,7.095,82.0675,4.0825,6.2525,10.335,8.565,8.6475,0.21,74.22749999999999,0.13,,,,0.04,0.0475,41.0725,17.53,1.5875,258.515,0.0,0.0,198.4475,741.87,
2023-05-09 16:00:00,12.7725,73.4525,3.7275,5.7175,9.4425,8.305,8.84,0.175,78.31,0.105,,,,0.0375,0.0375,39.2925,16.05,1.5425,265.03999999999996,0.0275,0.0275,84.1975,741.6875,
2023-05-09 17:00:00,6.485,66.005,3.8024999999999998,5.8275,9.6275,8.370000000000001,8.77,0.1475,81.9325,0.09,,,,0.03,0.0375,37.2375,20.5125,0.8025,251.98499999999999,0.0025,0.0025,45.93,741.5675,
2023-05-09 18:00:00,11.545,72.31,4.675000000000001,7.165,11.84,8.3475,8.4825,0.155,70.7425,0.0975,,,,0.03,0.0375,33.55,24.1725,0.3625,212.28,0.0,0.0,6.21,741.835,
2023-05-09 19:00:00,6.26,79.27250000000001,6.1625,9.445,15.6,8.3825,8.5525,0.2025,45.4175,0.1275,,,,0.04,0.05,29.747500000000002,31.5825,0.1975,162.01749999999998,0.0,0.0,,742.21,
2023-05-09 20:00:00,14.895,87.715,7.4925,11.4875,18.98,8.682500000000001,8.635,0.275,37.84,0.165,,,,0.055,0.065,27.2575,37.34,0.29,180.33749999999998,0.0,0.0,,742.5975,
2023-05-09 21:00:00,18.979999999999997,86.6,7.3475,11.2675,18.62,8.877500000000001,8.4625,0.3,37.765,0.18,,,,0.06,0.07,26.7575,39.1225,0.2225,180.805,0.0,0.0,,743.0825,
2023-05-09 22:00:00,18.572499999999998,82.4725,6.7775,10.39,17.1675,8.8425,8.0075,0.32,26.3975,0.1925,,,,0.065,0.07500000000000001,24.2275,49.2025,0.10750000000000001,88.1575,0.0,0.0,,743.165,
2023-05-09 23:00:00,18.015,79.52499999999999,6.5225,9.9975,16.5175,8.99,7.9775,0.35,25.4125,0.21,,,,0.07,0.0825,21.98,55.019999999999996,0.17750000000000002,165.9525,0.0,0.0,,742.9075,
2023-05-10 00:00:00,20.4175,88.5,8.145,12.4875,20.634999999999998,9.1075,7.9375,0.39,19.5225,0.23249999999999998,,,,0.0775,0.095,21.2925,58.0025,0.17250000000000001,169.98,0.0,0.0,,742.705,
2023-05-10 01:00:00,23.6,100.1525,8.39,12.8625,21.2525,9.2875,8.125,0.415,13.775,0.25,,,,0.0825,0.1,21.2175,60.4125,0.1775,181.36,0.0,0.0,,742.49,
2023-05-10 02:00:00,23.1725,91.16499999999999,8.0425,12.3275,20.375,9.379999999999999,7.505,0.4225,13.8925,0.2575,,,,0.09,0.1,20.849999999999998,63.43,0.215,221.495,0.0,0.0,,742.2475,
2023-05-10 03:00:00,21.755,89.0075,7.5575,11.585,19.145,9.2675,7.6775,0.43,23.4075,0.26,,,,0.09,0.1,21.0975,64.485,0.20750000000000002,187.495,0.0,0.0,,742.405,
2023-05-10 04:00:00,24.255,94.2775,7.38,11.307500000000001,18.685000000000002,9.1375,7.3575,0.4425,19.5775,0.265,,,,0.09,0.10500000000000001,20.5525,66.895,0.23,223.33249999999998,0.0,0.0,,742.4675,
2023-05-10 05:00:00,25.9575,103.1075,7.172499999999999,10.995000000000001,18.17,9.192499999999999,7.33,0.4525,16.2275,0.2725,,,,0.09,0.11,19.8525,70.825,0.21,213.7775,0.0,0.0,4.44,742.8199999999999,
2023-05-10 06:00:00,27.405,102.135,7.3425,11.25,18.5925,9.08,7.31,0.46,17.4675,0.28,,,,0.09,0.11,21.2225,71.1375,0.1875,189.69,0.005,0.005,20.994999999999997,743.2574999999999,
2023-05-10 07:00:00,28.765,109.27,8.08,12.385,20.465,9.184999999999999,8.6975,0.4925,39.1575,0.3,,,,0.1,0.1175,25.985,57.1875,0.3375,203.3175,0.024999999999999998,0.024999999999999998,106.1575,743.71,
2023-05-10 08:00:00,26.1875,120.7925,7.8100000000000005,11.9775,19.7875,9.105,9.15,0.495,56.4475,0.295,,,,0.1,0.12,33.4675,38.18,0.5975,233.305,0.0,0.0,281.6975,744.2725,
2023-05-10 09:00:00,31.8925,127.3225,6.8875,10.557500000000001,17.442500000000003,9.135,15.3875,0.445,73.03999999999999,0.2675,,,,0.09,0.10500000000000001,36.605000000000004,31.84,0.63,229.43,0.0,0.0,351.245,744.6424999999999,
2023-05-10 10:00:00,23.89,123.5675,4.94,7.5675,12.505,8.89,12.5475,0.35250000000000004,93.0975,0.21,,,,0.07,0.085,38.410000000000004,26.0075,0.7425,232.9125,0.0,0.0,383.9575,744.71,
2023-05-10 11:00:00,12.370000000000001,80.005,4.005,6.14,10.145,8.467500000000001,9.375,0.275,94.195,0.165,,,,0.055,0.065,39.01,19.939999999999998,1.1075,230.8725,0.0,0.0,387.53999999999996,744.4275,
2023-05-10 12:00:00,10.7925,62.735,4.0175,6.16,10.1725,8.5925,9.6175,0.245,94.345,0.1475,,,,0.05,0.06,39.6325,18.8325,0.8975,247.65500000000003,0.0,0.0,355.4875,743.9125,
2023-05-10 13:00:00,11.344999999999999,67.5475,4.08,6.2525,10.3325,8.5525,9.5175,0.235,96.2275,0.14250000000000002,,,,0.0475,0.057499999999999996,40.052499999999995,16.805,1.12,264.19,0.0,0.0,313.41,743.35,
2023-05-10 14:00:00,9.3325,74.6875,4.2025,6.4375,10.64,8.915,9.280000000000001,0.20750000000000002,113.0275,0.125,,,,0.04,0.05,39.935,16.275000000000002,1.1275,220.7375,0.0,0.0,267.31,742.705,
2023-05-10 15:00:00,9.515,71.52250000000001,4.1775,6.4025,10.5775,8.91,8.8525,0.195,114.3625,0.1175,,,,0.04,0.0475,39.9725,15.1975,0.975,256.5375,0.0,0.0,209.9475,742.1975,
2023-05-10 16:00:00,13.965,64.45,3.1375,4.8075,7.9425,8.43,10.3325,0.195,148.315,0.1125,,,,0.04,0.045,37.555,17.42,1.0875,263.425,0.0,0.0,79.8325,741.875,
2023-05-10 17:00:00,7.3325,67.12,3.7625,5.765,9.5275,8.7,13.665,0.21,138.04,0.13,,,,0.04,0.05,35.5525,20.215,0.8525,237.29,0.0025,0.0025,45.3775,741.8525,
2023-05-10 18:00:00,7.16,63.8825,5.015000000000001,7.6875,12.7025,8.61,11.5725,0.255,103.235,0.155,,,,0.05,0.06,32.5175,25.3725,0.525,227.685,0.0075,0.0075,5.463333333333334,742.1275,
2023-05-10 19:00:00,,81.805,7.0424999999999995,10.7925,17.8375,8.9625,9.08,0.305,64.3875,0.185,,,,0.06,0.07,29.025,31.1475,0.325,155.12,0.0,0.0,,742.59,
2023-05-10 20:00:00,19.2,96.2675,6.7725,10.3825,17.155,8.864999999999998,8.5,0.3175,52.805,0.1925,,,,0.0625,0.07250000000000001,27.0075,34.815,0.2175,178.58,0.0,0.0,,742.9525,
2023-05-10 21:00:00,19.862499999999997,79.7825,6.9350000000000005,10.629999999999999,17.565,8.969999999999999,8.4825,0.3375,54.1,0.2,,,,0.07,0.08,26.44,34.84,0.33,259.8325,0.0,0.0,,743.2075,
2023-05-10 22:00:00,17.970000000000002,81.4125,6.7275,10.31,17.037499999999998,8.8025,8.68,0.36,39.8125,0.215,,,,0.07,0.08499999999999999,24.7575,42.515,0.1825,152.87,0.0,0.0,,743.2475,
2023-05-10 23:00:00,20.415,80.16250000000001,7.165,10.985,18.15,8.9125,8.185,0.395,26.994999999999997,0.235,,,,0.08,0.095,22.19,54.27,0.1625,134.6325,0.0,0.0,,743.1700000000001,
2023-05-11 00:00:00,24.2625,79.595,9.1225,13.985,23.115000000000002,9.3375,9.01,0.4225,24.165,0.2575,,,,0.09,0.1,21.3475,54.585,0.185,178.025,0.0,0.0,,743.085,
2023-05-11 01:00:00,26.387500000000003,94.435,9.6075,14.7275,24.3375,9.705,8.62,0.4425,16.66,0.265,,,,0.09,0.10250000000000001,20.415,58.712500000000006,0.1675,164.20250000000001,0.0,0.0,,743.095,
2023-05-11 02:00:00,27.3375,77.49249999999999,12.0425,18.4575,30.495,10.127500000000001,7.98,0.495,4.197500000000001,0.3,,,,0.1,0.1175,19.490000000000002,64.7775,0.11,153.1575,0.0,0.0,,743.25,
2023-05-11 03:00:00,36.0175,91.8375,13.3625,20.4825,33.845,10.665,7.9325,0.5475000000000001,0.6,0.33,,,,0.1075,0.13,18.7825,71.72749999999999,0.13,134.065,0.0,0.0,,743.4675,
2023-05-11 04:00:00,34.72,105.6075,13.4375,20.5975,34.0325,10.6975,7.73,0.5700000000000001,,0.33999999999999997,,,,0.11499999999999999,0.135,17.9175,82.4425,0.1125,131.03,0.0,0.0,,743.735,
2023-05-11 05:00:00,29.765,93.4675,14.585,22.3525,36.9325,10.997499999999999,7.675,0.6,,0.36,,,,0.12,0.14250000000000002,17.884999999999998,77.58250000000001,0.215,187.3875,0.0,0.0,3.92,744.255,
2023-05-11 06:00:00,28.08,101.33500000000001,15.754999999999999,24.1475,39.905,11.335,7.845000000000001,0.655,0.3,0.3925,,,,0.13,0.1575,19.5825,79.35,0.1775,135.42249999999999,0.0,0.0,19.015,744.8575,
2023-05-11 07:00:00,33.1875,135.5275,14.0025,21.465,35.4675,11.372499999999999,9.9375,0.625,22.427500000000002,0.3775,,,,0.1225,0.1525,24.4875,59.63,0.275,147.9575,0.0,0.0,104.6275,745.5125,
2023-05-11 08:00:00,31.292499999999997,120.42500000000001,10.635,16.2975,26.9325,10.92,9.7925,0.5800000000000001,62.575,0.34750000000000003,,,,0.1175,0.14,33.4625,30.0275,0.5675,170.1225,0.0,0.0,298.6,745.9425,
2023-05-11 09:00:00,29.915,99.61,8.48,13.0,21.4825,10.075,10.067499999999999,0.515,86.1275,0.3075,,,,0.10250000000000001,0.1225,36.225,24.09,0.6925,218.4125,0.0,0.0,357.685,746.115,
2023-05-11 10:00:00,17.945,81.7225,7.452500000000001,11.4225,18.88,9.775,10.685,0.47,102.695,0.2825,,,,0.095,0.1125,38.3075,22.06,0.6775,208.23250000000002,0.0,0.0,384.57,746.1725,
2023-05-11 11:00:00,18.887500000000003,78.68,6.215,9.525,15.7375,9.4475,9.7975,0.37,114.305,0.22,,,,0.07500000000000001,0.085,39.5175,21.0575,0.6575,217.67000000000002,0.0,0.0,381.1925,745.9425,
2023-05-11 12:00:00,17.515,73.0675,4.9575,7.6,12.555,9.095,9.9,0.3025,116.2875,0.185,,,,0.060000000000000005,0.07,40.05,20.8175,0.6950000000000001,202.34,0.0,0.0,354.555,745.5,
2023-05-11 13:00:00,15.57,75.0,4.05,6.2025,10.2475,8.83,9.965,0.2375,119.945,0.14250000000000002,,,,0.0475,0.057499999999999996,40.915,20.0825,0.675,180.3,0.0,0.0,306.76,744.8775,
2023-05-11 14:00:00,14.975000000000001,60.027499999999996,4.550000000000001,6.9725,11.522499999999999,8.967500000000001,9.77,0.255,107.8675,0.1525,,,,0.05,0.06,40.9325,19.355,0.89,227.32500000000002,0.0,0.0,249.85500000000002,744.1875,
2023-05-11 15:00:00,16.4025,69.28999999999999,4.5649999999999995,7.0,11.565000000000001,9.01,9.657499999999999,0.2675,107.8625,0.1625,,,,0.052500000000000005,0.065,40.605,19.127499999999998,0.7225,217.565,0.0125,0.0125,188.75,743.575,
2023-05-11 16:00:00,16.09,76.4675,4.04,6.1925,10.23,8.817499999999999,9.002500000000001,0.2475,101.1775,0.15,,,,0.05,0.06,38.21,21.82,0.4,164.425,0.017499999999999998,0.017499999999999998,72.9475,743.11,
2023-05-11 17:00:00,14.17,76.7025,3.27,5.0175,8.2875,8.1675,9.1525,0.2125,116.16499999999999,0.13,,,,0.04,0.05,34.8675,28.125,0.155,85.385,0.0,0.0,41.6425,742.9225,
2023-05-11 18:00:00,10.61,69.7425,4.235,6.4925,10.725,8.5775,8.4075,0.2375,75.4375,0.14250000000000002,,,,0.045,0.055,29.622500000000002,37.2075,0.07500000000000001,104.28999999999999,0.0,0.0,5.08,742.925,
2023-05-11 19:00:00,18.32,76.39500000000001,5.98,9.165000000000001,15.145,8.9775,8.105,0.2775,52.15,0.165,,,,0.057499999999999996,0.0675,26.15,46.2175,0.1225,127.865,0.0,0.0,,743.155,
2023-05-11 20:00:00,21.095,90.745,6.5625,10.057500000000001,16.622500000000002,9.0375,8.32,0.34,38.0775,0.2,,,,0.07,0.08,24.43,57.9725,0.1625,157.0275,0.0,0.0,,743.4,
2023-05-11 21:00:00,28.335,105.735,8.37,12.8325,21.2025,9.05,8.2325,0.4175,34.165,0.2525,,,,0.0825,0.0975,23.7475,61.83,0.225,241.8525,0.0,0.0,,743.765,
2023-05-11 22:00:00,30.43,105.5275,10.4725,16.05,26.5225,9.165,7.5525,0.54,15.755,0.325,,,,0.10500000000000001,0.13,23.0175,71.4825,0.215,178.77499999999998,0.0,0.0,,743.9275,
2023-05-11 23:00:00,27.71,117.63,9.36,14.3475,23.7075,9.47,7.7075,0.5650000000000001,10.04,0.3425,,,,0.1125,0.1375,22.08,70.31,0.1775,193.525,0.0,0.0,,743.71,
2023-05-12 00:00:00,36.025000000000006,128.60999999999999,7.7524999999999995,11.879999999999999,19.634999999999998,9.495,7.8425,0.595,19.7425,0.3575,,,,0.12,0.14,20.9525,70.19,0.11,112.83,0.0,0.0,,743.2725,
2023-05-12 01:00:00,38.8525,116.4875,8.4375,12.934999999999999,21.372500000000002,9.4975,7.630000000000001,0.6074999999999999,20.2675,0.3675,,,,0.12,0.14500000000000002,20.49,71.005,0.1675,157.055,0.0,0.0,,742.9475,
2023-05-12 02:00:00,39.545,114.4975,12.0075,18.405,30.4125,9.8,7.4175,0.66,2.7066666666666666,0.3975,,,,0.1325,0.16,20.155,80.8125,0.1375,158.69,0.0,0.0,,743.0675,
2023-05-12 03:00:00,41.197500000000005,115.1975,14.6275,22.425,37.0525,10.1625,7.67,0.7224999999999999,,0.4325,,,,0.14500000000000002,0.175,19.5875,86.42,0.1075,138.1475,0.0,0.0,,743.2425000000001,
2023-05-12 04:00:00,39.485,112.1525,18.6175,28.5425,47.16,11.095,7.6525,0.8125,,0.485,,,,0.1625,0.1975,19.4525,85.64750000000001,0.0575,93.3775,0.0,0.0,,743.53,
2023-05-12 05:00:00,40.845,118.11500000000001,17.855,27.37,45.2275,11.99,7.515000000000001,0.87,,0.5175000000000001,,,,0.17250000000000001,0.21,19.34,87.2125,0.04,66.82000000000001,0.0,0.0,3.98,743.985,
2023-05-12 06:00:00,42.5175,132.3275,15.1675,23.252499999999998,38.4225,12.065000000000001,7.785,0.9125000000000001,,0.5475000000000001,,,,0.18,0.2175,20.6375,89.09,0.1225,121.6225,0.0,0.0,19.6325,744.545,
2023-05-12 07:00:00,44.47,117.0675,15.5125,23.7825,39.295,11.8225,9.07,0.9325,11.096666666666666,0.5575,,,,0.185,0.2225,25.095,74.1025,0.1825,127.9575,0.0,0.0,91.31,745.2225,
2023-05-12 08:00:00,47.095,143.3225,16.8475,25.8225,42.67,11.955,11.030000000000001,0.9724999999999999,51.582499999999996,0.58,,,,0.195,0.2325,33.72,39.545,0.2375,126.22,0.0,0.0,274.745,745.5525,
2023-05-12 09:00:00,56.207499999999996,180.525,14.3375,21.98,36.315,11.6325,10.3075,0.8975,91.9725,0.5375,,,,0.1825,0.2125,38.605000000000004,29.7775,0.365,142.2025,0.0,0.0,339.8275,745.5725,
2023-05-12 10:00:00,44.6225,166.045,10.2,15.629999999999999,25.8275,10.52,10.165,0.745,112.1925,0.445,,,,0.14750000000000002,0.1775,39.84,22.990000000000002,0.55,171.05,0.0,0.0,376.97,745.3825,
2023-05-12 11:00:00,24.625,114.80000000000001,7.4175,11.3675,18.7875,10.0875,9.535,0.6174999999999999,108.6925,0.3725,,,,0.1225,0.14500000000000002,40.8675,18.9125,0.5725,163.42000000000002,0.0,0.0,382.5125,745.12,
2023-05-12 12:00:00,18.66,76.6825,6.4625,9.91,16.375,9.705,9.7525,0.545,106.92,0.325,,,,0.1075,0.1325,41.305,17.43,0.6875,165.37,0.0,0.0,361.01,744.5925,
2023-05-12 13:00:00,19.0275,62.875,6.5525,10.0425,16.595,9.675,9.9175,0.5,112.03999999999999,0.2975,,,,0.10250000000000001,0.1225,42.2775,17.34,0.5975,161.9475,0.0,0.0,310.2325,744.0,
2023-05-12 14:00:00,17.675,73.2475,6.6525,10.2,16.85,9.665,9.7375,0.465,123.0875,0.28250000000000003,,,,0.0925,0.1125,43.45,16.14,0.5525,171.3525,0.0,0.0,259.3125,743.3275,
2023-05-12 15:00:00,21.072499999999998,74.16,6.4225,9.842500000000001,16.2625,9.645,9.6425,0.4525,126.635,0.2725,,,,0.0925,0.11,42.68,18.2625,0.5475,175.73,0.0,0.0,193.795,742.6875,
2023-05-12 16:00:00,20.6525,73.05,5.77,8.844999999999999,14.6125,9.4175,9.3775,0.44,117.86,0.2625,,,,0.09,0.10250000000000001,39.55,23.65,0.3975,153.6225,0.0,0.0,72.68,742.3050000000001,
2023-05-12 17:00:00,24.19,91.94,5.172499999999999,7.9275,13.1025,9.2675,8.870000000000001,0.3975,94.3125,0.235,,,,0.0775,0.0925,36.1025,28.895,0.185,122.3925,0.0,0.0,42.512499999999996,742.18,
2023-05-12 18:00:00,23.9675,93.48,5.5,8.434999999999999,13.932500000000001,9.15,9.2375,0.385,84.5,0.23,,,,0.0775,0.095,30.8025,39.8675,0.1625,103.515,0.0,0.0,5.180000000000001,742.4175,
2023-05-12 19:00:00,21.425,92.815,6.6525,10.2,16.8525,9.1075,9.1,0.4225,61.7725,0.2525,,,,0.08499999999999999,0.10250000000000001,27.384999999999998,51.3375,0.225,163.7475,0.0,0.0,,742.8425,
2023-05-12 20:00:00,26.3525,109.465,8.3925,12.8625,21.255,9.17,9.035,0.48750000000000004,34.665,0.2925,,,,0.1,0.1175,25.4025,60.4425,0.10250000000000001,104.4725,0.0,0.0,,743.1800000000001,
2023-05-12 21:00:00,31.6675,120.19999999999999,10.295,15.7775,26.075,9.3475,8.865,0.6225,24.5575,0.3725,,,,0.1275,0.14750000000000002,24.0625,64.16,0.155,170.06,0.0,0.0,,743.365,
2023-05-12 22:00:00,,,13.6525,20.925,34.575,9.5825,8.765,0.76,13.4175,0.4575,,,,0.155,0.19,,,,,0.0,0.0,,,
2023-05-12 23:00:00,,,14.0025,21.465,35.4675,10.685,9.325,0.8125,18.405,0.4875,,,,0.1625,0.195,,,,,0.0,0.0,,,
2023-05-13 00:00:00,,,13.115,20.1025,33.2175,10.725,9.515,0.825,17.3575,0.4825,,,,0.1625,0.1975,,,,,0.0,0.0,,,
2023-05-13 01:00:00,,,10.705,16.405,27.1075,10.719999999999999,8.9975,0.7475,30.6475,0.44999999999999996,,,,0.14750000000000002,0.18,,,,,0.0,0.0,,,
2023-05-13 02:00:00,,,9.7125,14.8875,24.605,10.44,8.205,0.71,36.5375,0.43,,,,0.14250000000000002,0.17,,,,,0.0,0.0,,,
2023-05-13 03:00:00,,,8.14,12.4775,20.6175,9.6975,8.0375,0.725,34.6375,0.435,,,,0.1475,0.1775,,,,,0.0,0.0,,,
2023-05-13 04:00:00,,,8.2575,12.66,20.915,9.445,7.3825,0.6775,10.2075,0.40249999999999997,,,,0.13,0.1625,,,,,0.0,0.0,,,
2023-05-13 05:00:00,,,7.705,11.8125,19.5175,9.495000000000001,7.0625,0.6475,3.59,0.3925,,,,0.125,0.1575,,,,,0.0,0.0,,,
2023-05-13 06:00:00,,,6.5024999999999995,9.96,16.46,8.6625,7.145,0.615,3.8575,0.3725,,,,0.12,0.15,,,,,0.0,0.0,,,
2023-05-13 07:00:00,,,7.3,11.195,18.497500000000002,9.120000000000001,8.305,0.64,13.9825,0.39,,,,0.13,0.155,,,,,0.0,0.0,,,
2023-05-13 08:00:00,46.24,145.995,8.43,12.925,21.3525,9.1225,9.8325,0.6725000000000001,46.2475,0.405,,,,0.1375,0.16,34.75333333333334,40.85333333333333,0.24333333333333332,135.96333333333334,0.0,0.0,275.05,745.1333333333333,
2023-05-13 09:00:00,49.78,174.61,8.2075,12.5775,20.785,9.2475,9.8925,0.65,85.52250000000001,0.39,,,,0.13,0.16,38.129999999999995,30.7725,0.255,124.6675,0.0,0.0,326.1925,745.1975,
2023-05-13 10:00:00,44.3975,161.9925,7.2175,11.055,18.27,9.3025,9.785,0.605,106.85249999999999,0.365,,,,0.12,0.14750000000000002,39.8125,26.375,0.47750000000000004,181.6525,0.0,0.0,359.9475,745.0225,
2023-05-13 11:00:00,33.9725,141.95,5.85,8.9625,14.809999999999999,9.0275,11.015,0.5525,118.37,0.3325,,,,0.11,0.135,41.22,23.655,0.5675,195.8825,0.0,0.0,357.845,744.77,
2023-05-13 12:00:00,32.9025,124.2725,5.1575,7.907500000000001,13.067499999999999,8.805,11.71,0.51,126.2225,0.31,,,,0.1,0.1225,41.3625,24.0975,0.5725,133.595,0.0,0.0,331.595,744.14,
2023-05-13 13:00:00,32.2575,104.0325,5.175000000000001,7.9325,13.1075,8.915,11.9725,0.5,127.83000000000001,0.3,,,,0.1,0.12,41.6625,25.5225,0.605,180.79500000000002,0.0075,0.0075,281.5075,743.3824999999999,
2023-05-13 14:00:00,33.6,113.66749999999999,5.4875,8.41,13.8975,9.045,11.35,0.47,123.3475,0.2875,,,,0.0975,0.11,42.645,25.11,0.51,142.35750000000002,0.0125,0.0125,236.6375,742.4525,
2023-05-13 15:00:00,31.112499999999997,109.7675,5.2775,8.0825,13.3625,9.025,11.0225,0.455,117.2125,0.2725,,,,0.09,0.11,42.205,26.465,0.3725,150.73499999999999,0.0,0.0,174.6025,741.9475,
2023-05-13 16:00:00,31.544999999999998,107.28999999999999,4.952500000000001,7.595,12.55,8.995000000000001,10.8925,0.4325,118.0775,0.2625,,,,0.0875,0.10500000000000001,39.455,28.4675,0.3425,160.1675,0.0,0.0,74.285,741.5,
2023-05-13 17:00:00,31.6,110.56,4.2575,6.5275,10.785,8.83,9.780000000000001,0.3925,101.2525,0.2325,,,,0.0775,0.09,36.28,30.195,0.1325,85.09,0.0,0.0,39.58,741.2,
2023-05-13 18:00:00,22.3825,98.9175,4.425,6.7825,11.21,8.69,9.2225,0.3975,87.9875,0.24,,,,0.0775,0.0975,31.0825,41.815,0.19,120.5925,0.0,0.0,5.183333333333334,741.2775,
2023-05-13 19:00:00,,,,,,,,,,,,,,,,,,,,,0.0,,,
2023-05-13 20:00:00,,,,,,,,,,,,,,,,,,,,,0.0,,,
2023-05-13 21:00:00,,,,,,,,,,,,,,,,,,,,,0.0,,,
2023-05-13 22:00:00,,,,,,,,,,,,,,,,,,,,,0.0,,,
2023-05-13 23:00:00,,,,,,,,,,,,,,,,,,,,,0.0,,,
2023-05-14 00:00:00,,,,,,,,,,,,,,,,,,,,,0.0,,,
2023-05-14 01:00:00,,,,,,,,,,,,,,,,,,,,,0.0,,,
2023-05-14 02:00:00,,,,,,,,,,,,,,,,,,,,,0.0,,,
2023-05-14 03:00:00,,,,,,,,,,,,,,,,,,,,,0.0,,,
2023-05-14 04:00:00,,,,,,,,,,,,,,,,,,,,,0.0,,,
2023-05-14 05:00:00,,,,,,,,,,,,,,,,,,,,,0.0,,,
2023-05-14 06:00:00,,,,,,,,,,,,,,,,,,,,,0.0,,,
2023-05-14 07:00:00,,,,,,,,,,,,,,,,,,,,,0.0,,,
2023-05-14 08:00:00,,,,,,,,,,,,,,,,,,,,,0.0,,,
2023-05-14 09:00:00,,,,,,,,,,,,,,,,,,,,,0.0,,,
2023-05-14 10:00:00,,,,,,,,,,,,,,,,,,,,,0.0,,,
2023-05-14 11:00:00,,,,,0.0,,,0.0,,0.0,,,,,,41.78,23.63,0.81,122.61,0.0,0.0,336.44,741.56,
2023-05-14 12:00:00,,,,,0.0,,,0.0,,0.0,,,,,,42.0,23.84,0.675,252.8025,0.0,0.0,314.5925,741.2025,
2023-05-14 13:00:00,,,3.0833333333333335,4.723333333333334,5.8525,8.546666666666667,12.465,0.2,147.69,0.1475,,,,0.05,0.0575,42.5025,23.12,0.7075,251.925,0.0,0.0,279.1625,740.4475,
2023-05-14 14:00:00,13.04,92.76,3.6575,5.6125,9.27,8.5625,11.1975,0.3325,117.3,0.2,,,,0.0675,0.0775,43.2625,21.9725,0.645,216.44,0.0,0.0,235.6175,739.3675000000001,
2023-05-14 15:00:00,28.945,96.83,3.3225,5.09,8.4125,8.14,10.7025,0.3225,139.1825,0.1975,,,,0.0675,0.0775,42.832499999999996,23.3475,0.7849999999999999,232.275,0.0,0.0,173.975,738.415,
2023-05-14 16:00:00,23.6825,96.92500000000001,3.9274999999999998,6.02,9.945,8.4,10.8875,0.345,118.545,0.2075,,,,0.07,0.08,40.1125,29.21,0.39999999999999997,163.9625,0.0,0.0,76.1275,737.6625,
2023-05-14 17:00:00,28.265,102.07000000000001,4.3925,6.74,11.1325,8.58,10.315,0.365,117.16749999999999,0.22,,,,0.07,0.09,37.26,32.120000000000005,0.26,136.385,0.0,0.0,37.2225,737.4825000000001,
2023-05-14 18:00:00,26.69,104.135,5.545,8.502500000000001,14.05,8.72,9.765,0.4175,94.87,0.2475,,,,0.08499999999999999,0.0975,33.575,38.3575,0.18,158.445,0.0,0.0,5.166666666666666,737.67,
2023-05-14 19:00:00,29.2075,103.39999999999999,7.0975,10.88,17.98,8.81,9.25,0.505,64.7975,0.305,,,,0.10250000000000001,0.12,29.5725,47.71,0.08,95.9925,0.0,0.0,,738.0,
2023-05-14 20:00:00,32.5075,125.97999999999999,8.975,13.765,22.740000000000002,9.032499999999999,8.967500000000001,0.61,37.2575,0.365,,,,0.12,0.1475,27.81,53.7275,0.0825,125.9325,0.0,0.0,,738.2425000000001,
2023-05-14 21:00:00,37.81,144.815,9.6775,14.835,24.5125,9.1375,8.86,0.6725,23.93,0.40249999999999997,,,,0.135,0.165,26.73,60.31,0.1275,132.2425,0.0,0.0,,738.6225,
2023-05-14 22:00:00,37.5325,137.925,10.12,15.5125,25.6325,9.0525,8.225,0.725,11.2675,0.435,,,,0.14500000000000002,0.17250000000000001,25.795,70.65,0.1475,165.60500000000002,0.0,0.0,,738.92,
2023-05-14 23:00:00,39.1525,138.425,9.9625,15.2725,25.2375,9.53,8.7625,0.7475,18.125,0.45,,,,0.15,0.18,25.2875,67.1,0.23249999999999998,166.635,0.0,0.0,,738.7950000000001,
2023-05-15 00:00:00,45.11,158.3725,7.8075,11.965,19.77,9.315000000000001,10.075,0.64,44.74,0.39,,,,0.125,0.155,28.8525,50.175,0.5525,228.495,0.0,0.0,,738.98,
2023-05-15 01:00:00,45.474999999999994,149.7375,6.0649999999999995,9.2925,15.355,8.995000000000001,9.3125,0.6,45.535000000000004,0.36,,,,0.12,0.14250000000000002,28.6375,49.847500000000004,0.2175,139.14249999999998,0.0,0.0,,738.6925,
2023-05-15 02:00:00,37.5475,147.6875,6.095,9.345,15.4375,8.962499999999999,8.7575,0.6,32.54,0.365,,,,0.12,0.14500000000000002,26.625,56.1,0.16,119.57,0.0,0.0,,738.595,
2023-05-15 03:00:00,38.68,164.09,6.03,9.2425,15.27,8.7275,8.5275,0.595,27.895,0.36,,,,0.12,0.14,24.77,64.225,0.3125,186.7275,0.0,0.0,,739.24,
2023-05-15 04:00:00,37.165,159.39249999999998,6.0600000000000005,9.29,15.345,8.8,8.3125,0.5775,22.2375,0.345,,,,0.1175,0.14,25.6925,62.6325,0.2725,127.49000000000001,0.0,0.0,,740.4575,
2023-05-15 05:00:00,35.41,167.4475,6.095,9.34,15.43,8.7425,8.035,0.5700000000000001,15.2775,0.34500000000000003,,,,0.12,0.14,24.65,69.2925,0.2875,213.9975,0.0,0.0,4.75,740.8725,
2023-05-15 06:00:00,36.72,149.23999999999998,6.422499999999999,9.85,16.2725,8.76,8.17,0.5874999999999999,9.91,0.3525,,,,0.1175,0.14250000000000002,24.795,74.7625,0.24250000000000002,201.0325,0.0,0.0,31.1875,741.595,
2023-05-15 07:00:00,32.4425,165.8775,8.7375,13.3925,22.1275,8.85,10.2875,0.65,22.32,0.39,,,,0.13,0.16,28.0825,64.8675,0.3175,162.02,0.0,0.0,56.9325,742.165,
2023-05-15 08:00:00,48.614999999999995,189.36,8.2,12.57,20.7675,8.9525,10.3675,0.645,37.09,0.385,,,,0.13,0.155,32.155,52.505,0.37750000000000006,139.8625,0.0,0.0,196.48000000000002,742.49,
2023-05-15 09:00:00,44.685,171.92249999999999,7.965,12.21,20.175,9.17,10.1175,0.6125,52.85,0.37,,,,0.12,0.14500000000000002,34.335,44.4925,0.35,138.75,0.0,0.0,127.8425,742.6125,
2023-05-15 10:00:00,38.7275,175.6925,6.15,9.432500000000001,15.5825,9.04,9.7625,0.515,57.84,0.305,,,,0.10250000000000001,0.1225,36.625,34.22,0.485,143.2125,0.0,0.0,325.6925,742.4625,
2023-05-15 11:00:00,28.02,134.9525,4.8875,7.4925,12.38,8.8175,9.14,0.445,67.5625,0.27,,,,0.09,0.10500000000000001,40.4025,27.0925,0.71,209.5975,0.0,0.0,369.82500000000005,742.035,
2023-05-15 12:00:00,16.52,98.9375,4.855,7.4399999999999995,12.295,8.93,9.3825,0.375,71.39750000000001,0.2225,,,,0.07500000000000001,0.0875,40.7575,26.175,0.8325,244.2875,0.0,0.0,347.585,741.6,
2023-05-15 13:00:00,13.5175,85.6825,3.6725000000000003,5.6325,9.305,8.3275,9.32,0.2425,80.095,0.14250000000000002,,,,0.0475,0.0575,41.415,24.4675,1.0675000000000001,234.29,0.0,0.0,304.9875,741.1825,
2023-05-15 14:00:00,4.807499999999999,63.42999999999999,3.5025,5.37,8.870000000000001,8.38,9.01,0.18,75.16499999999999,0.11,,,,0.04,0.04,42.400000000000006,23.425,0.7125,201.2125,0.0,0.0,250.6575,740.575,
2023-05-15 15:00:00,4.56,66.9775,4.2125,6.46,10.6725,8.7375,8.975,0.1925,73.17,0.1125,,,,0.04,0.0425,42.5375,23.1075,0.665,230.24,0.0,0.0,194.6325,739.7925,
2023-05-15 16:00:00,,67.4875,3.415,5.2375,8.655,8.365,8.02,0.1525,65.535,0.09,,,,0.0325,0.035,40.04,23.244999999999997,0.8875,225.805,0.0,0.0,78.27,739.35,
2023-05-15 17:00:00,4.88,51.18,3.5225,5.3975,8.9175,8.247499999999999,7.9025,0.16,65.2225,0.0975,,,,0.03,0.04,38.1225,26.939999999999998,0.8574999999999999,239.555,0.0,0.0,43.230000000000004,739.1324999999999,
2023-05-15 18:00:00,7.0575,58.72,4.8774999999999995,7.48,12.3625,8.32,7.9799999999999995,0.1925,57.025,0.115,,,,0.04,0.045,35.1525,31.9975,0.4975,187.76749999999998,0.0,0.0,6.296666666666667,739.125,
2023-05-15 19:00:00,12.525,74.00999999999999,6.12,9.38,15.4975,8.657499999999999,7.935,0.245,40.21,0.15,,,,0.0475,0.057499999999999996,31.29,39.86,0.2725,159.585,0.0,0.0,,739.385,
2023-05-15 20:00:00,14.662500000000001,81.9075,8.08,12.385,20.47,8.765,7.9075,0.315,28.66,0.19,,,,0.065,0.07500000000000001,28.965,45.305,0.2025,165.9325,0.0,0.0,,739.7850000000001,
2023-05-15 21:00:00,19.697499999999998,89.97,8.585,13.162500000000001,21.75,9.1125,8.162500000000001,0.365,23.2575,0.22,,,,0.07250000000000001,0.0875,27.225,48.4225,0.11,110.0275,0.0,0.0,,740.1675,
2023-05-15 22:00:00,19.450000000000003,93.65,8.915,13.665,22.5775,9.2325,7.89,0.4125,19.12,0.2525,,,,0.0825,0.1,25.9025,55.57,0.125,85.64,0.0,0.0,,740.385,
2023-05-15 23:00:00,27.295,98.77000000000001,8.7675,13.4375,22.2025,9.2325,8.265,0.42,16.6625,0.255,,,,0.08499999999999999,0.1,25.439999999999998,60.2625,0.195,120.9525,0.0,0.0,,740.64,
2023-05-16 00:00:00,24.72,101.8925,7.619999999999999,11.6775,19.302500000000002,9.315,8.805,0.405,27.865000000000002,0.245,,,,0.08,0.1,25.27,63.4925,0.22999999999999998,141.79,0.0,0.0,,740.1725,
2023-05-16 01:00:00,27.517500000000002,127.5025,6.9825,10.705,17.6875,9.1475,8.2975,0.40249999999999997,24.555,0.2425,,,,0.08,0.1,24.075,68.3425,0.20500000000000002,141.215,0.0,0.0,,739.835,
2023-05-16 02:00:00,25.3825,163.34,6.835,10.4775,17.310000000000002,8.825,7.715,0.405,20.0125,0.2425,,,,0.08,0.0975,23.057499999999997,71.1075,0.21250000000000002,178.5,0.0,0.0,,739.575,
2023-05-16 03:00:00,31.3875,160.8275,9.9,15.17,25.07,9.067499999999999,7.6425,0.42,4.79,0.255,,,,0.08499999999999999,0.1,22.705,79.6925,0.14,148.87,0.0,0.0,,740.085,
2023-05-16 04:00:00,28.72,138.51749999999998,8.9925,13.785,22.775,9.215,7.555,0.4225,2.4625,0.2575,,,,0.0875,0.1,22.4575,81.9925,0.2325,196.65,0.0,0.0,,740.8225,
2023-05-16 05:00:00,26.2675,132.97,7.865,12.0575,19.9175,9.2175,7.6675,0.45,5.33,0.27,,,,0.09,0.10500000000000001,22.41,79.355,0.1875,143.45999999999998,0.0,0.0,4.16,741.4649999999999,
2023-05-16 06:00:00,30.244999999999997,174.48250000000002,7.390000000000001,11.325,18.715,9.025,7.984999999999999,0.4625,4.0425,0.28250000000000003,,,,0.095,0.11,23.795,78.03999999999999,0.15000000000000002,124.8375,0.0,0.0,23.575000000000003,742.0025,
2023-05-16 07:00:00,31.255000000000003,166.6275,8.5225,13.06,21.58,9.1375,9.3475,0.51,14.5275,0.31,,,,0.10250000000000001,0.1225,27.0975,67.52250000000001,0.325,217.345,0.0,0.0,89.61,742.76,
2023-05-16 08:00:00,29.0625,212.1475,8.255,12.65,20.9,9.22,9.8975,0.5,51.7325,0.3,,,,0.1,0.1225,34.1925,39.46,0.4325,162.57999999999998,0.0,0.0,259.0475,742.94,
2023-05-16 09:00:00,28.1825,191.0025,7.83,12.0025,19.8375,9.22,8.9025,0.5025000000000001,79.5775,0.3025,,,,0.1,0.12,37.7425,32.015,0.665,213.0725,0.0,0.0,328.965,742.925,
2023-05-16 10:00:00,27.5775,150.0475,5.8425,8.95,14.79,9.092500000000001,9.2525,0.4,75.7875,0.2375,,,,0.08,0.095,39.43,27.705,0.7949999999999999,214.6525,0.0,0.0,364.345,742.7874999999999,
2023-05-16 11:00:00,16.5925,114.1175,4.9725,7.625,12.594999999999999,8.870000000000001,10.235,0.3625,77.215,0.2175,,,,0.07,0.0875,40.4275,27.4725,0.69,184.2025,0.0,0.0,356.0625,742.7,
2023-05-16 12:00:00,16.435000000000002,95.99000000000001,4.49,6.8825,11.370000000000001,8.645,9.91,0.35,82.44,0.21,,,,0.07,0.0825,41.475,26.89,0.6875,196.81,0.0,0.0,327.255,742.1825,
2023-05-16 13:00:00,17.9175,95.04,4.4525,6.8225,11.275,8.7625,9.9775,0.33,89.07249999999999,0.2,,,,0.0675,0.0775,42.0225,25.235,0.7525000000000001,182.2825,0.0,0.0,292.87,741.725,
2023-05-16 14:00:00,19.4775,104.3325,4.2925,6.577500000000001,10.8675,8.6225,9.9225,0.28500000000000003,89.3175,0.17,,,,0.057499999999999996,0.0675,42.1225,24.925,0.83,231.0575,0.0,0.0,239.4325,741.335,
2023-05-16 15:00:00,12.5975,107.3725,4.48,6.87,11.352500000000001,8.64,10.18,0.275,87.09,0.1675,,,,0.057499999999999996,0.0675,42.385,24.955,0.825,229.0325,0.0,0.0,174.2025,740.915,
2023-05-16 16:00:00,15.860000000000001,123.5575,4.33,6.6375,10.9675,8.615,9.504999999999999,0.2625,82.16,0.1625,,,,0.052500000000000005,0.0625,39.945,29.89,0.8875,242.5325,0.0,0.0,82.715,740.595,
2023-05-16 17:00:00,35.792500000000004,359.4975,4.565,6.995,11.56,8.5125,9.5725,0.26,81.355,0.1575,,,,0.05,0.06,37.705,33.0875,0.97,249.0525,0.0,0.0,36.0275,740.655,
2023-05-16 18:00:00,39.9775,397.0075,5.155,7.9025,13.057500000000001,8.495000000000001,9.865,0.2675,71.9525,0.165,,,,0.055,0.0625,35.925,35.6725,0.8775,268.2675,0.0,0.0,5.226666666666667,740.89,
2023-05-16 19:00:00,44.32,448.3225,5.9475,9.115,15.065000000000001,8.4275,9.4525,0.3075,54.6325,0.1825,,,,0.0625,0.07250000000000001,33.745000000000005,39.05,0.435,221.1175,0.0,0.0,,741.3125,
2023-05-16 20:00:00,44.595,421.85,6.8225,10.46,17.28,8.66,9.32,0.3475,42.4475,0.2075,,,,0.07,0.08,31.515,43.677499999999995,0.27249999999999996,198.1325,0.0,0.0,,741.7225000000001,
2023-05-16 21:00:00,47.5175,371.72749999999996,6.890000000000001,10.559999999999999,17.4525,8.807500000000001,9.3475,0.355,42.88,0.21,,,,0.07,0.0825,31.5,42.2475,0.4975,214.765,0.0,0.0,,742.1949999999999,
2023-05-16 22:00:00,43.322500000000005,368.7675,6.4225,9.8425,16.26,8.855,9.8125,0.35,37.385,0.21,,,,0.07,0.08,31.0625,43.175,0.425,220.2575,0.0,0.0,,742.535,
2023-05-16 23:00:00,49.11,376.52250000000004,6.4175,9.8375,16.252499999999998,8.807500000000001,9.835,0.35,28.155,0.2125,,,,0.07,0.0825,29.66,48.265,0.245,215.47750000000002,0.0,0.0,,742.345,
2023-05-17 00:00:00,43.485,357.5425,6.6925,10.26,16.95,8.7025,10.372499999999999,0.35,26.740000000000002,0.21,,,,0.07,0.0825,28.7875,49.46,0.2275,213.0325,0.0,0.0,,742.085,
2023-05-17 01:00:00,45.73,358.0425,6.5075,9.9725,16.4775,8.77,10.4075,0.3625,22.6675,0.2175,,,,0.07,0.0875,28.0,51.86,0.1825,154.4125,0.0,0.0,,741.745,
2023-05-17 02:00:00,47.24,331.96000000000004,7.0,10.725,17.7275,9.0375,10.2925,0.3575,17.3975,0.215,,,,0.07,0.08499999999999999,26.96,55.5025,0.16,166.6425,0.0,0.0,,741.4725,
2023-05-17 03:00:00,48.175000000000004,336.14250000000004,6.455,9.8925,16.345,8.945,10.2525,0.375,16.245,0.2225,,,,0.07,0.09,25.645,59.695,0.1625,153.075,0.0,0.0,,741.385,
2023-05-17 04:00:00,49.677499999999995,361.1875,7.0625,10.825,17.885,9.0725,10.43,0.3775,13.43,0.225,,,,0.07500000000000001,0.09,24.745,63.6975,0.24000000000000002,171.7125,0.0,0.0,,741.645,
2023-05-17 05:00:00,47.425,351.76,7.0125,10.745000000000001,17.75,8.8325,10.39,0.37,11.504999999999999,0.2175,,,,0.07,0.0875,25.142500000000002,62.4725,0.27249999999999996,179.405,0.0,0.0,3.9066666666666663,741.9875,
2023-05-17 06:00:00,39.269999999999996,294.96250000000003,8.8875,13.625,22.5125,9.0625,10.21,0.395,5.11,0.235,,,,0.0775,0.095,25.86,64.0975,0.1925,140.0225,0.0,0.0,28.0825,742.395,
2023-05-17 07:00:00,37.522499999999994,240.0925,8.16,12.5075,20.6675,9.0625,10.254999999999999,0.3825,20.502499999999998,0.2225,,,,0.07250000000000001,0.09,29.92,50.03,0.36,191.725,0.0,0.0,94.48,742.9525,
2023-05-17 08:00:00,22.235,162.5425,6.8825,10.5475,17.4325,9.0375,9.56,0.35,39.3675,0.2075,,,,0.07,0.08,35.19,35.9425,0.8525,244.34749999999997,0.0,0.0,220.2625,743.5025,
2023-05-17 09:00:00,22.54,139.29000000000002,6.0425,9.26,15.3025,8.845,9.91,0.3325,53.905,0.2,,,,0.07,0.08,37.6625,32.77,0.915,269.135,0.0,0.0,284.44,743.8175,
2023-05-17 10:00:00,21.9,163.0575,5.5,8.435,13.9375,8.805,10.665,0.315,67.1525,0.19,,,,0.0625,0.07,40.045,30.310000000000002,0.655,200.3975,0.0,0.0,310.2925,744.14,
2023-05-17 11:00:00,28.802500000000002,243.74,4.8325,7.4025,12.2375,8.6225,11.6675,0.32,75.8925,0.195,,,,0.065,0.07500000000000001,42.03,28.0325,0.54,202.445,0.0,0.0,325.59499999999997,744.0,
2023-05-17 12:00:00,29.427500000000002,226.35750000000002,4.55,6.9725,11.52,8.865,11.98,0.3025,103.7225,0.18,,,,0.0625,0.07250000000000001,43.1575,25.45,0.6875,247.27249999999998,0.0,0.0,314.3425,743.595,
2023-05-17 13:00:00,30.4125,224.83249999999998,3.7575000000000003,5.7625,9.5225,8.6325,11.455,0.2575,125.24000000000001,0.1525,,,,0.052500000000000005,0.0625,43.435,23.6625,1.0225,219.405,0.0,0.0,267.0425,742.9200000000001,
2023-05-17 14:00:00,35.417500000000004,223.91250000000002,3.4625,5.305,8.765,8.6175,10.3325,0.22,116.97749999999999,0.135,,,,0.0425,0.052500000000000005,44.03,20.2325,1.0925,228.68,0.0,0.0,234.1,742.2674999999999,
2023-05-17 15:00:00,26.8875,217.5125,3.0675,4.7,7.7700000000000005,8.505,9.5325,0.1875,103.46,0.1125,,,,0.04,0.0425,43.8825,19.49,0.9,223.0225,0.0,0.0,176.395,741.5899999999999,
2023-05-17 16:00:00,17.2675,135.76749999999998,2.9425,4.5075,7.45,8.065,9.32,0.165,95.655,0.1,,,,0.0325,0.04,41.7825,22.04,0.815,229.605,0.0,0.0,84.155,741.2825,
2023-05-17 17:00:00,16.3,104.3475,3.715,5.7,9.4175,8.1925,10.11,0.195,76.38,0.1175,,,,0.04,0.045,39.1875,28.8125,0.3975,189.42249999999999,0.0,0.0,37.777499999999996,741.355,
2023-05-17 18:00:00,21.919999999999998,144.43,5.1975,7.965,13.16,8.5275,10.02,0.245,66.0575,0.14750000000000002,,,,0.0475,0.057499999999999996,36.72,34.1425,0.43,217.0125,0.0,0.0,5.913333333333334,741.7375,
2023-05-17 19:00:00,28.34,171.1325,6.22,9.5325,15.752500000000001,8.655,9.365,0.2975,54.925,0.18,,,,0.06,0.07,35.2875,38.0025,0.3825,191.8075,0.0,0.0,,742.4025,
2023-05-17 20:00:00,26.924999999999997,205.3125,6.85,10.504999999999999,17.3575,8.7475,9.4625,0.34,40.2,0.20750000000000002,,,,0.07,0.0825,32.4725,43.4475,0.35750000000000004,178.46,0.0,0.0,,743.0975,
2023-05-17 21:00:00,26.84,188.20000000000002,6.1274999999999995,9.3925,15.515,8.7475,9.4375,0.32,40.955,0.195,,,,0.0675,0.07500000000000001,33.4375,38.6925,0.4475,205.3725,0.0,0.0,,743.76,
2023-05-17 22:00:00,23.185,258.3675,5.965,9.1425,15.1,8.705,9.092500000000001,0.3275,29.377499999999998,0.195,,,,0.065,0.07500000000000001,30.4425,44.075,0.24,162.2525,0.0,0.0,,743.725,
2023-05-17 23:00:00,23.235,202.83249999999998,6.0175,9.225,15.24,8.8225,8.9925,0.3125,22.675,0.195,,,,0.065,0.07500000000000001,28.47,47.3275,0.20750000000000002,161.89,0.0,0.0,,743.7825,
2023-05-18 00:00:00,17.135,162.4875,6.0649999999999995,9.2975,15.3675,8.682500000000001,9.09,0.3225,14.955,0.195,,,,0.065,0.0775,27.0775,53.2275,0.2175,138.55,0.0,0.0,,743.5475,
2023-05-18 01:00:00,19.799999999999997,138.89999999999998,5.6850000000000005,8.717500000000001,14.405000000000001,8.5775,10.3575,0.3325,12.5525,0.2,,,,0.07,0.08,25.7175,57.065,0.1375,122.9375,0.0,0.0,,743.0025,
2023-05-18 02:00:00,18.439999999999998,143.1925,6.3675,9.7625,16.13,8.945,9.365,0.3425,11.6025,0.2075,,,,0.07,0.08,25.0425,59.87,0.24000000000000002,173.3825,0.0,0.0,,742.845,
2023-05-18 03:00:00,22.677500000000002,153.21,6.5249999999999995,10.0025,16.5275,8.81,9.4475,0.35,5.8625,0.2125,,,,0.07,0.0825,24.322499999999998,66.6975,0.1825,165.01500000000001,0.0,0.0,,743.015,
2023-05-18 04:00:00,21.3225,141.2,7.3774999999999995,11.307500000000001,18.6875,8.9825,9.0875,0.3575,4.6175,0.2125,,,,0.07,0.08499999999999999,23.87,68.42,0.20500000000000002,151.3775,0.0,0.0,,743.6975,
2023-05-18 05:00:00,19.725,128.56,8.1075,12.43,20.5325,9.01,9.14,0.3725,3.05,0.22,,,,0.07,0.09,23.905,72.17,0.21000000000000002,127.225,0.0,0.0,4.78,744.3975,
2023-05-18 06:00:00,23.025,131.3725,7.8625,12.0475,19.91,8.7975,9.754999999999999,0.3775,10.07,0.2225,,,,0.07500000000000001,0.0875,25.765,63.7675,0.5425,234.56,0.0,0.0,24.235,745.5475,
2023-05-18 07:00:00,24.947499999999998,168.41250000000002,6.3625,9.7475,16.1125,9.0075,10.65,0.335,27.175,0.2,,,,0.0675,0.0775,29.3375,49.315,1.4849999999999999,217.6,0.01,0.01,85.23,747.0474999999999,
2023-05-18 08:00:00,23.3675,253.71,5.05,7.745,12.7925,8.48,9.68,0.28500000000000003,36.760000000000005,0.17,,,,0.057499999999999996,0.0675,31.5775,48.4,1.0975000000000001,210.4475,0.02,0.02,186.14249999999998,747.7825,
2023-05-18 09:00:00,76.46,380.28,4.2925,6.5825,10.8675,8.3225,9.4775,0.2375,42.3275,0.14750000000000002,,,,0.0475,0.057499999999999996,33.72,43.76,0.7325,91.7075,0.0,0.0,278.13,747.4425,
2023-05-18 10:00:00,59.76,305.1,3.9,5.9825,9.8825,7.905,9.1675,0.2,52.245,0.11750000000000001,,,,0.0375,0.045,37.224999999999994,36.245,0.7275,215.8275,0.0,0.0,359.955,746.8025,
2023-05-18 11:00:00,51.1275,156.9175,3.7325,5.7225,9.455,8.27,9.875,0.165,58.9075,0.10250000000000001,,,,0.035,0.04,39.475,32.722500000000004,0.5875,197.7825,0.0,0.0,359.09,746.3525,
2023-05-18 12:00:00,49.2475,132.1075,3.715,5.6875,9.395,8.4275,9.565000000000001,0.1875,64.52250000000001,0.1125,,,,0.04,0.0425,40.5025,31.38,0.6375,175.14249999999998,0.0,0.0,334.05,745.7875,
2023-05-18 13:00:00,50.754999999999995,151.73,3.6675,5.6175,9.282499999999999,8.42,9.235,0.185,72.9575,0.11,,,,0.04,0.04,41.370000000000005,28.502499999999998,0.77,221.9975,0.0,0.0,297.9475,745.19,
2023-05-18 14:00:00,41.0775,104.20750000000001,3.73,5.715,9.445,8.6725,8.655000000000001,0.1875,67.4375,0.11,,,,0.04,0.0425,42.620000000000005,26.495,0.755,238.04500000000002,0.0,0.0,252.045,744.49,
2023-05-18 15:00:00,38.0,64.28,3.5975,5.51,9.105,8.43,8.3525,0.185,66.425,0.11,,,,0.04,0.04,42.175,27.71,0.795,245.9175,0.0,0.0,192.7575,743.71,
2023-05-18 16:00:00,26.33,59.3225,3.675,5.640000000000001,9.315,8.379999999999999,9.415,0.1775,66.5125,0.1075,,,,0.04,0.04,39.8175,30.89,0.78,228.685,0.0,0.0,87.07249999999999,743.13,
2023-05-18 17:00:00,31.8325,64.9975,3.4050000000000002,5.215,8.6175,8.2025,9.0325,0.1775,60.379999999999995,0.1075,,,,0.04,0.04,38.3025,31.497500000000002,1.095,263.245,0.0,0.0,45.2125,742.835,
2023-05-18 18:00:00,30.445,55.989999999999995,4.16,6.38,10.5375,8.125,9.6425,0.1825,54.7075,0.11,,,,0.0375,0.0425,36.095,36.135,0.83,276.175,0.0,0.0,6.8566666666666665,742.94,
2023-05-18 19:00:00,31.8775,75.3875,5.297499999999999,8.1225,13.415,8.225,9.03,0.2175,49.0925,0.1325,,,,0.0425,0.052500000000000005,34.3175,41.8475,0.79,237.21,0.0,0.0,,743.345,
2023-05-18 20:00:00,36.43,122.9125,6.34,9.715,16.055,8.3125,9.7025,0.28,39.735,0.1675,,,,0.057499999999999996,0.0675,32.985,45.53,0.5125,263.62,0.0,0.0,,743.7475000000001,
2023-05-18 21:00:00,47.37,115.0425,6.0975,9.3475,15.440000000000001,8.432500000000001,8.9275,0.29,41.0625,0.17250000000000001,,,,0.06,0.07,32.08,46.3675,0.5825,242.9,0.0,0.0,,744.015,
2023-05-18 22:00:00,43.2475,116.5725,5.797499999999999,8.885,14.6775,8.4225,8.9175,0.2925,37.025,0.17250000000000001,,,,0.06,0.07,31.195,48.22,0.445,213.005,0.0,0.0,,744.2275,
2023-05-18 23:00:00,48.7975,95.2225,5.365,8.22,13.585,8.467500000000001,9.0375,0.2875,40.1075,0.17,,,,0.06,0.07,30.607499999999998,49.224999999999994,0.54,234.025,0.0,0.0,,743.99,
2023-05-19 00:00:00,39.160000000000004,81.21,5.1925,7.960000000000001,13.1525,8.432500000000001,9.2625,0.28,41.67,0.1675,,,,0.06,0.0675,29.634999999999998,52.375,0.625,255.9,0.0,0.0,,743.665,
2023-05-19 01:00:00,32.735,59.2675,4.615,7.075,11.690000000000001,8.4025,9.075,0.2775,46.41,0.17,,,,0.06,0.07,28.595,56.7825,0.3725,225.1425,0.0,0.0,,743.2950000000001,
2023-05-19 02:00:00,33.7275,46.46,4.955,7.5975,12.55,8.3825,9.6525,0.28500000000000003,37.8625,0.17250000000000001,,,,0.06,0.0675,27.310000000000002,60.775,0.41,239.0175,0.0,0.0,,743.0425,
2023-05-19 03:00:00,43.57,43.59,4.5200000000000005,6.9275,11.4475,8.295,9.5175,0.2825,42.5875,0.17,,,,0.06,0.07,26.767500000000002,62.425,0.38,195.7175,0.0,0.0,,742.85,
2023-05-19 04:00:00,39.432500000000005,45.0,5.98,9.1625,15.1425,8.575,9.115,0.2875,28.7925,0.17,,,,0.06,0.07,25.3975,68.695,0.165,143.3425,0.0,0.0,,743.085,
2023-05-19 05:00:00,36.17,48.2375,7.285,11.1675,18.45,8.515,8.615,0.2975,12.9675,0.1775,,,,0.06,0.07,23.1675,78.9125,0.10500000000000001,122.30250000000001,0.0,0.0,4.1499999999999995,743.4125,
2023-05-19 06:00:00,42.302499999999995,45.6425,6.7425,10.3325,17.075,8.7925,9.015,0.31,15.235,0.185,,,,0.06,0.07250000000000001,24.330000000000002,79.93,0.19,135.36,0.0,0.0,26.725,744.0675,
2023-05-19 07:00:00,41.935,60.667500000000004,6.359999999999999,9.75,16.11,8.799999999999999,10.43,0.3175,46.2175,0.1925,,,,0.065,0.07500000000000001,28.92,59.9125,0.6575,223.7025,0.0,0.0,105.60249999999999,744.5475,
2023-05-19 08:00:00,41.4525,74.42250000000001,5.172499999999999,7.9325,13.1075,8.525,11.1775,0.3075,59.39,0.185,,,,0.06,0.07,33.6075,45.567499999999995,0.8025,243.37,0.0,0.0,267.83500000000004,744.77,
2023-05-19 09:00:00,44.472500000000004,68.3225,4.74,7.2675,12.0125,8.43,11.035,0.305,63.8475,0.185,,,,0.06,0.07,37.3725,37.775,0.645,188.43,0.0,0.0,340.41,744.94,
2023-05-19 10:00:00,42.769999999999996,48.4275,4.3950000000000005,6.7325,11.125,8.399999999999999,12.3925,0.28,78.08,0.1675,,,,0.057499999999999996,0.0675,38.5375,33.177499999999995,0.8049999999999999,199.405,0.0,0.0,373.5425,744.885,
2023-05-19 11:00:00,35.410000000000004,37.0225,4.255,6.52,10.775,8.42,12.88,0.2625,87.595,0.16,,,,0.055,0.065,39.15,31.737499999999997,1.04,240.70499999999998,0.0,0.0,368.815,744.655,
2023-05-19 12:00:00,41.11,70.92999999999999,3.7800000000000002,5.7925,9.565000000000001,8.385,10.51,0.2425,78.0675,0.14500000000000002,,,,0.05,0.06,40.295,28.555,1.1525,261.69,0.0,0.0,347.9925,744.195,
2023-05-19 13:00:00,30.235,65.31,3.6950000000000003,5.6675,9.36,8.245000000000001,10.58,0.23249999999999998,81.77250000000001,0.1375,,,,0.045,0.055,41.195,27.4475,1.2974999999999999,249.01250000000002,0.0,0.0,298.765,743.46,
2023-05-19 14:00:00,34.120000000000005,69.96000000000001,3.5675,5.465,9.03,8.2975,10.1075,0.20500000000000002,74.0125,0.125,,,,0.04,0.05,41.35,25.872500000000002,1.0775000000000001,225.14749999999998,0.0,0.0,228.83,742.5925,
2023-05-19 15:00:00,35.8725,101.3125,4.157500000000001,6.3725000000000005,10.530000000000001,8.17,10.455,0.215,67.635,0.13,,,,0.0425,0.052500000000000005,41.2775,23.905,1.2775,245.13,0.0,0.0,191.5875,742.0275,
2023-05-19 16:00:00,36.852500000000006,125.0125,4.1625,6.38,10.5375,8.23,10.7225,0.215,65.2275,0.125,,,,0.0425,0.052500000000000005,39.375,25.37,1.4625,252.9525,0.0,0.0,84.2,741.6475,
2023-05-19 17:00:00,41.5475,152.08249999999998,3.41,5.2275,8.635,8.11,10.21,0.17,83.0175,0.1075,,,,0.0375,0.04,37.5425,28.705,1.2925,259.59,0.0,0.0,47.135,741.49,
2023-05-19 18:00:00,41.835,102.0325,4.07,6.2375,10.305,7.9925,11.455,0.2,71.53,0.125,,,,0.04,0.0475,35.285,32.22,0.8049999999999999,267.2025,0.0,0.0,6.86,741.46,
2023-05-19 19:00:00,38.962500000000006,88.0625,5.5125,8.45,13.9625,8.13,11.5075,0.27,65.6575,0.16,,,,0.055,0.065,33.3725,34.515,0.5275,243.9675,0.0,0.0,,741.625,
2023-05-19 20:00:00,53.19,105.27,6.68,10.2375,16.9125,8.280000000000001,10.8925,0.3275,51.1875,0.195,,,,0.0675,0.0775,30.8,42.332499999999996,0.335,186.14749999999998,0.0,0.0,,742.02,
2023-05-19 21:00:00,56.089999999999996,113.63,6.4025,9.81,16.215,8.605,10.747499999999999,0.3475,46.927499999999995,0.20500000000000002,,,,0.07,0.08,28.9775,48.3575,0.215,184.235,0.0,0.0,,742.5725,
2023-05-19 22:00:00,65.0275,104.99249999999999,5.890000000000001,9.030000000000001,14.9225,8.72,12.217500000000001,0.355,52.1625,0.2175,,,,0.07,0.08499999999999999,28.3125,49.1825,0.2,149.7325,0.0,0.0,,742.7725,
2023-05-19 23:00:00,56.3875,118.83500000000001,5.305,8.135,13.440000000000001,8.675,11.1625,0.34750000000000003,40.9625,0.20750000000000002,,,,0.07,0.0825,26.905,52.6925,0.165,155.48250000000002,0.0,0.0,,742.7025,
2023-05-20 00:00:00,70.23,112.18,5.7375,8.7925,14.53,8.72,11.0775,0.3675,32.8975,0.22,,,,0.07,0.09,25.990000000000002,56.6625,0.1725,165.1125,0.0,0.0,,742.365,
2023-05-20 01:00:00,73.6725,114.44,6.734999999999999,10.3225,17.0575,8.5975,11.825000000000001,0.3875,31.9025,0.23249999999999998,,,,0.07500000000000001,0.095,25.0875,57.1275,0.1325,124.79,0.0,0.0,,742.01,
2023-05-20 02:00:00,56.8825,115.28,6.825,10.462499999999999,17.2925,8.875,10.51,0.41,25.9,0.245,,,,0.08,0.1,24.215,61.8925,0.105,132.38,0.0,0.0,,741.505,
2023-05-20 03:00:00,69.31,110.44749999999999,8.0025,12.2675,20.27,9.015,10.0725,0.41,24.1475,0.2475,,,,0.08,0.1,23.6075,63.7325,0.115,125.435,0.0,0.0,,741.2175,
2023-05-20 04:00:00,56.38,103.8125,7.4,11.3425,18.745,9.0475,9.6775,0.4075,27.625,0.245,,,,0.08,0.1,23.2475,64.8375,0.225,189.5525,0.0,0.0,,741.3675000000001,
2023-05-20 05:00:00,57.71,95.3375,7.825,12.0,19.8275,9.11,9.75,0.405,27.645,0.245,,,,0.08,0.1,23.4075,66.19,0.2425,169.1525,0.0,0.0,4.363333333333333,741.6975,
2023-05-20 06:00:00,57.915,105.6275,9.3325,14.305,23.635,9.067499999999999,9.8675,0.4525,18.4,0.2725,,,,0.09,0.1075,24.6625,69.625,0.225,167.73000000000002,0.0,0.0,24.64,742.0899999999999,
2023-05-20 07:00:00,61.730000000000004,118.5575,8.9475,13.715,22.665,9.237499999999999,11.195,0.4975,46.1775,0.3,,,,0.1,0.1175,29.052500000000002,55.7625,0.335,156.0725,0.0,0.0,107.16,742.3525,
2023-05-20 08:00:00,69.92999999999999,135.9975,7.88,12.08,19.9575,9.1225,11.9825,0.455,78.44,0.2725,,,,0.0925,0.1075,35.792500000000004,36.7425,0.7925,213.3625,0.0,0.0,273.29,742.7325000000001,
2023-05-20 09:00:00,57.4825,128.99,6.5025,9.965,16.4675,8.9575,11.7075,0.435,89.25,0.26,,,,0.08499999999999999,0.10250000000000001,38.3925,32.68,0.665,215.6375,0.0,0.0,327.165,743.0975,
2023-05-20 10:00:00,59.765,120.8125,5.5975,8.5825,14.18,8.780000000000001,12.1425,0.4075,102.82,0.24,,,,0.08,0.095,39.4875,31.5975,0.8575,227.9525,0.0,0.0,353.925,743.2325000000001,
2023-05-20 11:00:00,50.6625,107.78,4.6725,7.16,11.8325,8.5575,12.1425,0.3625,103.855,0.215,,,,0.07250000000000001,0.08499999999999999,40.1925,30.005,1.145,261.085,0.0,0.0,358.1075,743.0875,
2023-05-20 12:00:00,43.3225,91.4,4.415,6.765000000000001,11.182500000000001,8.4775,10.985,0.325,98.27250000000001,0.19,,,,0.065,0.07500000000000001,40.9875,28.34,1.0675,240.4325,0.0,0.0,334.36,742.76,
2023-05-20 13:00:00,29.3525,89.57249999999999,3.875,5.9375,9.81,8.28,10.76,0.2825,89.495,0.16999999999999998,,,,0.055,0.0675,41.3825,26.729999999999997,1.255,248.4775,0.0,0.0,269.38,742.3925,
2023-05-20 14:00:00,38.915000000000006,95.98,3.405,5.22,8.625,8.1575,10.165000000000001,0.2425,81.5925,0.14750000000000002,,,,0.0475,0.057499999999999996,42.015,23.6475,1.4325,253.23250000000002,0.0,0.0,266.98,741.8725,
2023-05-20 15:00:00,27.5325,104.7475,3.525,5.4025,8.9275,8.1225,9.717500000000001,0.2125,75.43,0.1325,,,,0.04,0.05,42.2675,19.795,1.1175,224.19,0.0,0.0,204.5325,741.3775,
2023-05-20 16:00:00,28.1325,90.78999999999999,3.385,5.19,8.5775,8.1225,10.0475,0.2,81.7775,0.1225,,,,0.04,0.05,40.1575,22.09,1.0525,250.46,0.0,0.0,85.9325,741.1025,
2023-05-20 17:00:00,30.182499999999997,79.3425,3.685,5.6475,9.3325,8.1625,10.72,0.20500000000000002,84.97,0.1225,,,,0.04,0.05,38.35,25.192500000000003,0.845,258.405,0.0,0.0,49.59,741.0274999999999,
2023-05-20 18:00:00,34.9075,78.55000000000001,5.0225,7.6975,12.715,8.274999999999999,10.835,0.28,64.81,0.17250000000000001,,,,0.057499999999999996,0.07,34.4925,32.675,0.3225,187.3475,0.0,0.0,6.9366666666666665,741.1825,
2023-05-20 19:00:00,42.5075,88.6825,9.48,14.5325,24.0125,8.557500000000001,13.030000000000001,0.425,39.14,0.25,,,,0.085,0.0975,29.8425,42.79,0.1225,139.475,0.0,0.0,,741.7075,
2023-05-20 20:00:00,59.9875,96.25,8.190000000000001,12.55,20.7425,9.0725,11.377500000000001,0.4175,28.275,0.25,,,,0.0875,0.1,27.735,50.307500000000005,0.14,116.56,0.0,0.0,,742.2525,
2023-05-20 21:00:00,58.3025,99.55,7.869999999999999,12.0625,19.93,8.9875,11.407499999999999,0.4625,32.932500000000005,0.2725,,,,0.0925,0.11,27.02,49.2625,0.16,146.1325,0.0,0.0,,742.505,
2023-05-20 22:00:00,65.24,115.4175,9.9225,15.209999999999999,25.1325,9.145,11.5325,0.5775,23.825,0.35,,,,0.1125,0.14,26.3575,51.375,0.11,123.33,0.0,0.0,,742.6324999999999,
2023-05-20 23:00:00,59.7625,114.9225,10.6725,16.3575,27.03,9.4525,10.665,0.595,16.74,0.3575,,,,0.1175,0.14250000000000002,25.3675,57.0425,0.14250000000000002,117.0975,0.0,0.0,,742.3975,
2023-05-21 00:00:00,63.254999999999995,99.71,10.82,16.585,27.4075,9.385,10.3475,0.675,4.6725,0.4075,,,,0.135,0.1625,24.49,64.485,0.1525,158.3475,0.0,0.0,,741.8675000000001,
2023-05-21 01:00:00,75.0275,129.1375,12.165,18.6525,30.822499999999998,9.62,10.4975,0.715,0.8066666666666666,0.43,,,,0.14250000000000002,0.17250000000000001,23.990000000000002,68.335,0.1775,129.6625,0.0,0.0,,741.69,
2023-05-21 02:00:00,75.05000000000001,127.91749999999999,12.41,19.0225,31.4325,9.6075,10.145,0.765,,0.46,,,,0.1525,0.185,23.515,73.0325,0.22,117.73499999999999,0.0,0.0,,741.655,
2023-05-21 03:00:00,71.61749999999999,122.30000000000001,12.46,19.1,31.5625,9.7275,9.67,0.7725,,0.46,,,,0.15,0.185,22.674999999999997,76.4725,0.115,132.9125,0.0,0.0,,741.5125,
2023-05-21 04:00:00,73.62,113.08250000000001,13.785,21.1325,34.92,9.825,9.4125,0.7975000000000001,,0.4775,,,,0.1575,0.195,21.985,82.1725,0.11,114.2025,0.0,0.0,,741.63,
2023-05-21 05:00:00,76.48,107.12,15.2175,23.322499999999998,38.54,10.085,9.36,0.825,,0.4925,,,,0.1675,0.2,21.7725,81.0025,0.11499999999999999,133.865,0.0,0.0,4.823333333333333,742.1600000000001,
2023-05-21 06:00:00,83.4825,124.19749999999999,12.195,18.697499999999998,30.8925,10.285,9.7925,0.8075,2.6449999999999996,0.4825,,,,0.16,0.195,23.305,78.5075,0.15,137.38750000000002,0.0,0.0,25.47,742.7225,
2023-05-21 07:00:00,85.8575,223.65,11.504999999999999,17.634999999999998,29.1425,10.129999999999999,11.15,0.79,17.53,0.47250000000000003,,,,0.155,0.19,27.799999999999997,67.24499999999999,0.1675,125.165,0.0,0.0,102.0575,743.3375,
2023-05-21 08:00:00,91.83,148.7475,11.575,17.745,29.32,9.86,12.3625,0.78,48.0875,0.46,,,,0.155,0.1875,35.8475,41.9225,0.2375,112.185,0.0,0.0,260.5275,743.7950000000001,
2023-05-21 09:00:00,97.67750000000001,177.77249999999998,9.135,14.0025,23.134999999999998,9.8875,13.24,0.6799999999999999,82.5575,0.41000000000000003,,,,0.135,0.165,38.725,32.035,0.62,221.225,0.0,0.0,321.7325,744.145,
2023-05-21 10:00:00,68.75,112.44,8.7825,13.4575,22.240000000000002,9.6075,14.3575,0.645,111.175,0.38749999999999996,,,,0.13,0.15250000000000002,40.1175,28.0825,0.7525,164.025,0.0,0.0,353.675,743.9675,
2023-05-21 11:00:00,69.7875,131.76999999999998,6.7475,10.3475,17.09,9.147499999999999,11.415,0.565,107.88,0.34,,,,0.1125,0.135,41.370000000000005,25.9925,0.6675,178.14499999999998,0.0,0.0,366.7575,743.4775,
2023-05-21 12:00:00,46.04,101.8025,5.965,9.145,15.115,9.1475,10.665000000000001,0.5025,104.16,0.3025,,,,0.10250000000000001,0.1175,43.394999999999996,22.494999999999997,0.7075,217.475,0.0,0.0,342.9375,743.025,
2023-05-21 13:00:00,43.57,92.0275,4.904999999999999,7.52,12.4225,8.875,10.6975,0.4225,97.2575,0.2525,,,,0.08499999999999999,0.10500000000000001,44.762499999999996,19.607499999999998,0.68,194.8425,0.0,0.0,302.01,742.57,
2023-05-21 14:00:00,37.22,70.7625,4.5325,6.95,11.485,8.8225,10.4925,0.3675,93.17,0.215,,,,0.07250000000000001,0.08499999999999999,45.55,17.9775,0.7175,214.60750000000002,0.0,0.0,258.3925,742.0025,
2023-05-21 15:00:00,24.2075,57.0175,4.53,6.9425,11.475,8.73,10.657499999999999,0.3325,97.3475,0.1975,,,,0.065,0.07500000000000001,45.49,18.845,0.6675,217.0825,0.0,0.0,197.07999999999998,741.5825,
2023-05-21 16:00:00,30.84,64.3275,4.225,6.475,10.6975,8.6625,10.2025,0.315,96.67,0.1925,,,,0.065,0.07500000000000001,42.61,24.5475,0.4025,163.77249999999998,0.0,0.0,82.6275,741.1475,
2023-05-21 17:00:00,22.33,81.6875,5.6425,8.65,14.295,8.795,10.95,0.39,115.77,0.23500000000000001,,,,0.08,0.0925,38.4,39.432500000000005,0.34750000000000003,161.86,0.0,0.0,44.515,741.1125,
2023-05-21 18:00:00,64.0025,136.2875,5.8100000000000005,8.9,14.705,8.967500000000001,10.75,0.4175,90.7925,0.2525,,,,0.0825,0.1,33.8625,52.42,0.1625,165.39749999999998,0.0,0.0,5.843333333333334,741.27,
2023-05-21 19:00:00,58.589999999999996,129.4675,5.9625,9.135,15.0925,8.8275,10.6125,0.4475,68.71,0.27,,,,0.09,0.1075,30.4875,62.230000000000004,0.13,185.6325,0.0,0.0,,741.6025,
2023-05-21 20:00:00,63.455,123.1575,6.775,10.3825,17.16,8.815,10.2225,0.48,53.26,0.29,,,,0.1,0.1175,28.7875,68.675,0.1075,166.33499999999998,0.0,0.0,,742.0775,
2023-05-21 21:00:00,80.39999999999999,138.3475,7.03,10.775,17.802500000000002,8.9175,10.65,0.555,49.2125,0.3325,,,,0.11,0.135,27.525000000000002,70.4175,0.0975,139.8425,0.0,0.0,,742.4625,
2023-05-21 22:00:00,95.88999999999999,153.37,8.5175,13.0525,21.57,8.817499999999999,10.255,0.6275,37.9225,0.38,,,,0.1275,0.155,26.6825,74.415,0.1325,132.2175,0.0,0.0,,742.4375,
2023-05-21 23:00:00,77.575,130.74,10.19,15.615,25.8025,8.8825,10.2675,0.715,29.7975,0.4275,,,,0.14250000000000002,0.1725,26.0175,73.61,0.16499999999999998,171.3175,0.0,0.0,,742.3,
2023-05-22 00:00:00,83.185,132.5325,12.3625,18.95,31.31,9.195,10.3275,0.8025,11.505,0.48250000000000004,,,,0.16,0.195,25.155,80.005,0.2025,180.245,0.0,0.0,,742.0025,
2023-05-22 01:00:00,100.55000000000001,149.89000000000001,19.255,29.515,48.7675,9.4925,10.34,0.9275,1.375,0.5575,,,,0.1825,0.2225,25.075,80.275,0.25,192.9825,0.0,0.0,,741.85,
2023-05-22 02:00:00,101.9725,168.8075,18.24,27.96,46.195,10.22,10.682500000000001,0.9450000000000001,8.18,0.565,,,,0.19,0.225,25.795,75.16499999999999,0.245,160.375,0.0,0.0,,741.875,
2023-05-22 03:00:00,119.89,161.64249999999998,13.275,20.3475,33.62,10.1075,10.885,0.855,14.3675,0.51,,,,0.17250000000000001,0.2025,25.09,77.5875,0.22,179.6775,0.0,0.0,,741.865,
2023-05-22 04:00:00,97.69,132.3175,12.129999999999999,18.595,30.7275,9.945,10.27,0.845,5.715,0.505,,,,0.17,0.2,24.305,83.605,0.2025,190.5475,0.0,0.0,,742.4075,
2023-05-22 05:00:00,93.85000000000001,114.5275,12.1625,18.64,30.8,9.58,10.3225,0.8674999999999999,3.9033333333333338,0.5175000000000001,,,,0.175,0.21,24.25,84.095,0.22749999999999998,105.9,0.005,0.005,4.323333333333333,742.9925000000001,
2023-05-22 06:00:00,91.27000000000001,127.1225,12.8,19.619999999999997,32.4225,9.692499999999999,11.0,0.88,1.2666666666666666,0.5275000000000001,,,,0.175,0.21,25.54,83.175,0.1675,163.5175,0.005,0.005,25.5425,743.7475,
2023-05-22 07:00:00,117.49,204.5325,10.02,15.36,25.38,9.379999999999999,11.77,0.795,19.2775,0.4725,,,,0.155,0.1925,28.630000000000003,69.92,0.3125,130.4925,0.0,0.0,94.0825,744.1875,
2023-05-22 08:00:00,100.8175,144.0425,7.98,12.2325,20.21,9.185,11.605,0.7324999999999999,37.155,0.44,,,,0.1475,0.175,33.06,56.6,0.525,179.285,0.0,0.0,233.38,744.5275,
2023-05-22 09:00:00,82.1975,159.7125,6.9975000000000005,10.7275,17.725,9.120000000000001,10.8875,0.685,48.05,0.4125,,,,0.14,0.1675,35.620000000000005,52.8125,0.5875,167.95749999999998,0.0,0.0,299.33500000000004,744.57,
2023-05-22 10:00:00,81.28999999999999,153.83249999999998,6.215,9.5275,15.7425,8.7675,10.622499999999999,0.6325000000000001,60.14,0.3825,,,,0.125,0.1525,37.1025,49.975,0.745,139.8875,0.0,0.0,336.15250000000003,744.345,
2023-05-22 11:00:00,73.58,147.35750000000002,5.637499999999999,8.64,14.272499999999999,8.7725,10.7675,0.59,71.345,0.3525,,,,0.12,0.14,38.715,46.0425,0.7,163.135,0.0,0.0,343.1625,744.1324999999999,
2023-05-22 12:00:00,62.705,127.78999999999999,5.255,8.055,13.3125,8.5625,10.43,0.545,84.41,0.325,,,,0.1075,0.1325,40.0825,41.585,0.71,178.17,0.0,0.0,323.0,743.6850000000001,
2023-05-22 13:00:00,60.0675,124.67750000000001,5.165,7.92,13.0875,8.7725,10.4,0.505,94.7375,0.305,,,,0.10250000000000001,0.1225,41.89,35.81,0.62,176.475,0.0,0.0,283.1975,743.0699999999999,
2023-05-22 14:00:00,57.59,107.2775,5.415,8.3,13.7175,8.83,10.4325,0.4875,98.09,0.295,,,,0.1,0.1175,42.7025,34.28,0.4625,143.16,0.0,0.0,231.8325,742.5450000000001,
2023-05-22 15:00:00,56.51,107.8475,5.2625,8.07,13.3325,8.780000000000001,10.6,0.4675,100.395,0.2875,,,,0.0975,0.1125,43.175,32.85,0.37,147.6325,0.0,0.0,171.5475,742.0325,
2023-05-22 16:00:00,52.825,101.19749999999999,5.265000000000001,8.07,13.342500000000001,8.79,10.125,0.4525,96.025,0.275,,,,0.0925,0.1075,40.8625,38.655,0.36,164.35750000000002,0.0,0.0,76.4975,741.5375,
2023-05-22 17:00:00,48.91,117.3475,5.3625,8.2225,13.5875,8.695,10.407499999999999,0.445,76.87,0.2675,,,,0.09,0.1075,37.79,46.835,0.2,155.385,0.0,0.0,42.4325,741.1975,
2023-05-22 18:00:00,55.254999999999995,113.72999999999999,5.52,8.46,13.98,8.7475,10.2575,0.45,74.995,0.27,,,,0.09,0.11,33.949999999999996,55.305,0.175,113.32000000000001,0.0,0.0,6.706666666666667,741.2825,
2023-05-22 19:00:00,64.4625,116.4075,7.307499999999999,11.205,18.5125,8.61,9.807500000000001,0.465,38.459999999999994,0.28,,,,0.0925,0.1125,30.6925,69.5125,0.1325,133.04500000000002,0.0,0.0,,741.8475,
2023-05-22 20:00:00,57.410000000000004,136.41250000000002,8.145,12.485,20.6275,8.6325,9.4525,0.485,19.9425,0.29,,,,0.1,0.11499999999999999,28.805,79.38499999999999,0.165,101.2475,0.0,0.0,,742.74,
2023-05-22 21:00:00,69.1,118.37,7.8475,12.025,19.875,8.559999999999999,9.2075,0.53,19.65,0.3175,,,,0.10500000000000001,0.1275,27.92,80.705,0.165,154.355,0.0,0.0,,743.2425,
2023-05-22 22:00:00,72.55,135.0325,8.195,12.557500000000001,20.747500000000002,8.6225,9.525,0.575,24.54,0.3425,,,,0.11499999999999999,0.14,27.525,77.07,0.1375,62.269999999999996,0.0,0.0,,743.1575,
2023-05-22 23:00:00,78.4725,141.9725,7.57,11.605,19.177500000000002,8.6675,10.2625,0.5525,38.5875,0.3325,,,,0.1125,0.135,28.495,69.195,0.2575,113.6475,0.0,0.0,,743.3775,
2023-05-23 00:00:00,66.89500000000001,119.8225,7.2325,11.0875,18.32,8.5525,10.155,0.5275000000000001,36.9,0.315,,,,0.10500000000000001,0.125,27.8575,71.3175,0.1975,106.155,0.0,0.0,,743.1899999999999,
2023-05-23 01:00:00,74.0275,105.6925,6.0125,9.217500000000001,15.225,8.6225,10.6425,0.5025,40.6225,0.3025,,,,0.1,0.1225,29.11,68.9025,0.4925,166.26999999999998,0.0,0.0,,743.7375,
2023-05-23 02:00:00,67.7075,131.5175,5.1975,7.9675,13.16,8.3,10.445,0.485,31.9725,0.2925,,,,0.1,0.1175,28.6575,72.35,0.3875,187.5875,0.0,0.0,,743.2925,
2023-05-23 03:00:00,59.275,111.83,5.88,9.015,14.895,8.344999999999999,10.365,0.4775,21.25,0.2875,,,,0.0975,0.1125,27.85,79.45,0.3775,176.5375,0.0475,0.0475,,743.935,
2023-05-23 04:00:00,53.75,101.2875,6.505,9.9675,16.47,8.45,10.09,0.46749999999999997,5.984999999999999,0.2825,,,,0.0975,0.1125,26.235,89.89,0.43500000000000005,128.5725,0.042499999999999996,0.042499999999999996,,742.975,
2023-05-23 05:00:00,59.432500000000005,89.18,5.84,8.945,14.7825,8.28,10.235,0.45,10.315,0.2725,,,,0.09,0.11,26.93,86.6375,0.515,166.1975,0.0,0.0,4.08,743.0825,
2023-05-23 06:00:00,45.209999999999994,84.25,5.515000000000001,8.4575,13.975,8.285,10.5075,0.4575,18.15,0.2775,,,,0.09,0.11,28.810000000000002,78.37,0.335,156.66,0.0,0.0,27.855,743.95,
2023-05-23 07:00:00,59.0325,115.8475,5.49,8.4175,13.907499999999999,8.2875,11.3325,0.4525,22.8925,0.27,,,,0.09,0.11,30.88,71.98,0.36750000000000005,157.3275,0.0,0.0,92.27000000000001,744.6475,
2023-05-23 08:00:00,67.53,102.8725,4.8774999999999995,7.4775,12.35,8.3675,11.100000000000001,0.4425,32.817499999999995,0.265,,,,0.09,0.10250000000000001,34.3025,60.46,0.6125,181.5625,0.0,0.0,219.2775,744.925,
2023-05-23 09:00:00,61.77,109.7625,4.7875,7.3375,12.1275,8.3075,10.7975,0.4275,44.4475,0.2575,,,,0.0875,0.1,37.68,46.6525,0.4075,155.34,0.0,0.0,283.765,744.8225,
2023-05-23 10:00:00,56.622499999999995,92.2,4.9925,7.657500000000001,12.6525,8.3,11.01,0.42,56.785,0.2525,,,,0.0825,0.1,39.905,40.7025,0.4575,138.6125,0.0,0.0,321.375,744.79,
2023-05-23 11:00:00,53.68,90.0625,5.4925,8.4175,13.905000000000001,8.6525,11.1425,0.3875,80.195,0.2275,,,,0.07500000000000001,0.09,40.847500000000004,33.4825,0.6599999999999999,205.54749999999999,0.0,0.0,329.7325,744.4775,
2023-05-23 12:00:00,46.1325,78.4975,5.15,7.895,13.0475,8.715,10.77,0.3575,81.345,0.21,,,,0.07,0.0825,42.355000000000004,33.0325,0.76,198.3375,0.0,0.0,313.37,743.755,
2023-05-23 13:00:00,37.682500000000005,74.655,4.8425,7.425,12.275,8.6425,10.6,0.0,80.7825,0.0,,,,,,41.78,40.94,0.7325,146.755,0.0,0.0,273.5525,743.06,
2023-05-23 14:00:00,47.72,92.0425,4.7675,7.3075,12.075,8.645,9.9475,0.0,77.2875,0.0,,,,,,41.8025,42.51,0.6,156.195,0.0,0.0,229.9225,742.3399999999999,
2023-05-23 15:00:00,59.14,113.305,4.605,7.0575,11.6625,8.5375,9.935,0.0,76.815,0.0,,,,,,41.942499999999995,41.6275,0.4425,140.9325,0.0,0.0,175.7125,741.665,
2023-05-23 16:00:00,50.3375,127.48750000000001,4.5075,6.905,11.415,8.5975,10.26,0.25,75.31,0.15000000000000002,,,,0.07,0.08,39.295,45.795,0.5025,156.1075,0.0,0.0,80.805,740.92,
2023-05-23 17:00:00,52.96,131.7375,4.3025,6.5975,10.8975,8.4875,10.565,0.3175,75.9275,0.1925,,,,0.0625,0.07250000000000001,36.485,49.715,0.49,178.285,0.0,0.0,42.515,740.5475,
2023-05-23 18:00:00,39.6625,121.0025,4.609999999999999,7.0625,11.6725,8.415,9.765,0.3125,66.6425,0.1875,,,,0.0625,0.07250000000000001,34.0225,54.69,0.3075,180.4975,0.0,0.0,6.773333333333333,740.595,
2023-05-23 19:00:00,49.08,115.25999999999999,5.495,8.425,13.9175,8.5225,10.08,0.3375,52.0325,0.2025,,,,0.0675,0.0825,31.9175,60.5575,0.2975,205.715,0.0,0.0,,740.905,
2023-05-23 20:00:00,45.2375,119.7775,6.425000000000001,9.850000000000001,16.2725,8.495000000000001,9.685,0.365,30.99,0.22,,,,0.07250000000000001,0.08499999999999999,30.23,68.1525,0.255,156.87,0.0,0.0,,741.4925000000001,
2023-05-23 21:00:00,51.42,113.8825,5.9925,9.185,15.1775,8.2775,9.7125,0.365,36.295,0.22,,,,0.07,0.09,29.8875,66.1175,0.3075,151.8,0.0,0.0,,742.1125,
2023-05-23 22:00:00,52.144999999999996,98.5025,5.3575,8.21,13.567499999999999,8.31,10.0475,0.355,45.715,0.215,,,,0.07,0.08499999999999999,30.435,62.114999999999995,0.39499999999999996,177.14,0.0,0.0,,742.445,
2023-05-23 23:00:00,49.515,83.5675,5.1825,7.9425,13.125,8.285,9.9375,0.3575,47.2125,0.2175,,,,0.07,0.0875,30.265,64.54,0.35,175.7775,0.0,0.0,,742.595,
2023-05-24 00:00:00,40.5725,94.2425,5.24,8.035,13.275,8.245,9.6175,0.34750000000000003,44.8475,0.20750000000000002,,,,0.07,0.0825,29.4525,68.955,0.5549999999999999,197.805,0.0,0.0,,742.9000000000001,
2023-05-24 01:00:00,39.31,80.7525,4.8374999999999995,7.4175,12.26,8.25,9.657499999999999,0.33,46.1525,0.2,,,,0.07,0.08,29.0225,69.115,0.5575,191.4725,0.0,0.0,,742.2925,
2023-05-24 02:00:00,48.3025,62.6925,5.41,8.29,13.6975,8.215,9.8475,0.325,37.6325,0.195,,,,0.065,0.07500000000000001,28.1175,72.09,0.545,184.0525,0.0,0.0,,742.2774999999999,
2023-05-24 03:00:00,23.515,51.0825,5.047499999999999,7.74,12.7875,8.2075,9.9,0.3075,34.76,0.19,,,,0.06,0.07250000000000001,27.682499999999997,72.0025,0.6375,218.165,0.0,0.0,,743.135,
2023-05-24 04:00:00,31.822499999999998,42.47,4.0024999999999995,6.1325,10.135,8.055,9.8275,0.28,42.55,0.1675,,,,0.055,0.065,26.7975,72.41,0.6775,146.4675,0.0,0.0,,743.5550000000001,
2023-05-24 05:00:00,18.08,106.88250000000001,3.615,5.54,9.1525,8.1175,9.36,0.2475,47.8,0.14750000000000002,,,,0.05,0.06,26.1875,71.24,0.77,173.92249999999999,0.0,0.0,1.37,743.5550000000001,
2023-05-24 06:00:00,30.0475,288.9175,3.545,5.4350000000000005,8.985,8.025,9.35,0.2375,46.412499999999994,0.14250000000000002,,,,0.0475,0.06,26.4725,69.36,0.7525000000000001,152.8375,0.0225,0.0225,5.452500000000001,743.9175,
2023-05-24 07:00:00,34.6,205.3325,3.9074999999999998,5.987500000000001,9.89,7.965,9.440000000000001,0.24,43.31,0.14250000000000002,,,,0.0475,0.057499999999999996,27.025,66.755,0.7,173.815,0.0075,0.0075,20.012500000000003,744.3025,
2023-05-24 08:00:00,37.675,125.1125,4.255,6.5225,10.775,7.984999999999999,9.7,0.2375,32.435,0.14500000000000002,,,,0.0475,0.057499999999999996,26.985,72.545,0.5700000000000001,177.16750000000002,0.33999999999999997,0.33999999999999997,128.2175,744.9775,
2023-05-24 09:00:00,25.6275,78.6725,3.93,6.025,9.9525,7.922499999999999,9.735,0.23,42.37,0.14,,,,0.0475,0.057499999999999996,31.46,55.1075,0.675,163.01,0.04,0.04,278.5,745.05,
2023-05-24 10:00:00,24.19,76.4825,3.5700000000000003,5.4725,9.0375,7.9350000000000005,10.2075,0.2275,54.2225,0.14,,,,0.0425,0.052500000000000005,34.6025,45.525,0.7775,140.22,0.0,0.0,358.90749999999997,744.85,
2023-05-24 11:00:00,24.7825,50.942499999999995,3.39,5.2,8.5875,7.945,10.16,0.23,59.6225,0.14,,,,0.045,0.055,36.835,41.0975,0.61,145.195,0.0,0.0,361.3375,744.53,
2023-05-24 12:00:00,20.5225,50.3475,3.3925,5.2025,8.594999999999999,7.9625,9.8475,0.23,65.7625,0.1375,,,,0.0475,0.057499999999999996,37.995000000000005,38.347500000000004,0.71,167.81,0.0,0.0,311.005,744.4575,
2023-05-24 13:00:00,29.11,41.56,3.8075,5.84,9.6425,8.120000000000001,10.004999999999999,0.2375,72.1625,0.14250000000000002,,,,0.05,0.06,39.2275,36.53,0.7324999999999999,153.605,0.0,0.0,296.02500000000003,743.89,
2023-05-24 14:00:00,23.5275,37.98,3.9675000000000002,6.08,10.0475,8.2675,9.997499999999999,0.24,75.6825,0.14250000000000002,,,,0.05,0.057499999999999996,40.215,35.0925,0.615,172.9025,0.0,0.0,250.4425,743.0825,
2023-05-24 15:00:00,29.8925,35.08,4.0125,6.15,10.16,8.4525,9.765,0.23249999999999998,76.765,0.14,,,,0.0475,0.057499999999999996,40.3825,35.5525,0.5475,185.825,0.0,0.0,197.4,742.3625,
2023-05-24 16:00:00,25.335,38.0925,3.7475,5.7475,9.4925,8.28,9.879999999999999,0.23249999999999998,77.465,0.14,,,,0.0475,0.057499999999999996,38.150000000000006,39.415,0.3825,170.945,0.0,0.0,82.33749999999999,741.7225,
2023-05-24 17:00:00,30.0225,40.32,3.7649999999999997,5.775,9.54,8.24,10.5475,0.2375,70.465,0.14250000000000002,,,,0.0475,0.057499999999999996,34.7525,47.7075,0.1975,119.925,0.0,0.0,38.67,741.6949999999999,
2023-05-24 18:00:00,34.8275,43.442499999999995,3.94,6.0425,9.9825,8.335,9.7525,0.245,37.2925,0.14500000000000002,,,,0.05,0.057499999999999996,30.2925,64.055,0.0975,115.44500000000001,0.0,0.0,1.4000000000000001,741.935,
2023-05-24 19:00:00,21.192500000000003,50.9875,4.324999999999999,6.63,10.9525,8.32,9.557500000000001,0.2525,44.49,0.15250000000000002,,,,0.052500000000000005,0.0625,28.4125,67.455,0.1125,128.585,0.0,0.0,,741.9225,
2023-05-24 20:00:00,32.0,49.89,4.9025,7.515000000000001,12.42,8.275,9.73,0.2875,34.465,0.17,,,,0.06,0.07,27.7225,70.25,0.1625,181.23250000000002,0.0,0.0,,742.245,
2023-05-24 21:00:00,34.73,75.3575,5.21,7.987500000000001,13.2025,8.26,10.0175,0.3275,30.8225,0.1975,,,,0.065,0.0775,26.740000000000002,73.4975,0.175,172.29500000000002,0.0,0.0,,742.5925,
2023-05-24 22:00:00,43.8225,70.68249999999999,4.995,7.66,12.655,8.215,10.095,0.33,33.6275,0.2,,,,0.07,0.08,27.005,73.905,0.2,158.7,0.0,0.0,,742.8575000000001,
2023-05-24 23:00:00,42.4475,71.50999999999999,5.225,8.0125,13.2375,8.235,9.5175,0.3325,31.1325,0.2025,,,,0.0675,0.0775,26.3675,77.775,0.205,143.4575,0.0,0.0,,742.4175,
2023-05-25 00:00:00,36.644999999999996,58.2075,5.2325,8.02,13.254999999999999,8.085,9.3825,0.3525,25.145,0.2125,,,,0.07,0.0825,26.075,80.225,0.20500000000000002,156.105,0.0,0.0,,742.02,
2023-05-25 01:00:00,50.17,57.4775,5.7775,8.8575,14.629999999999999,8.275,9.3125,0.355,8.9775,0.2125,,,,0.07,0.08499999999999999,26.3075,82.53,0.1575,180.0375,0.0,0.0,,741.8824999999999,
2023-05-25 02:00:00,47.682500000000005,58.5,5.36,8.217500000000001,13.5775,8.2025,9.115,0.36,8.97,0.2175,,,,0.07,0.0875,25.9075,84.20750000000001,0.12250000000000001,128.815,0.0,0.0,,742.2725,
2023-05-25 03:00:00,34.3,61.167500000000004,5.422499999999999,8.3125,13.7325,8.23,8.835,0.36,10.905,0.215,,,,0.07,0.09,25.88,82.6,0.11,102.905,0.0,0.0,,742.3525,
2023-05-25 04:00:00,37.4975,55.71,5.9175,9.0725,14.9925,8.11,8.795,0.37,20.5075,0.2225,,,,0.07250000000000001,0.09,27.2225,76.4375,0.5325,208.59,0.0,0.0,,742.85,
2023-05-25 05:00:00,39.2725,57.474999999999994,5.4350000000000005,8.335,13.774999999999999,8.254999999999999,8.7625,0.355,18.0625,0.2125,,,,0.07,0.0825,26.1225,84.7025,0.5275000000000001,207.95749999999998,0.255,0.255,0.7100000000000001,743.6775,
2023-05-25 06:00:00,38.35,63.985,4.28,6.5600000000000005,10.84,8.2775,8.77,0.3075,26.495,0.1825,,,,0.0625,0.07250000000000001,24.177500000000002,92.8975,0.5675,216.915,0.16999999999999998,0.16999999999999998,7.75,744.44,
2023-05-25 07:00:00,23.93,27.599999999999998,4.3025,6.6025,10.905,8.2775,8.955,0.27,24.43,0.16,,,,0.055,0.065,23.165,90.4075,0.4475,176.1525,0.0075,0.0075,8.71,745.105,
2023-05-25 08:00:00,9.674999999999999,20.612499999999997,4.5025,6.9025,11.41,8.33,8.985,0.25,17.625,0.1525,,,,0.05,0.06,23.105,89.08749999999999,0.39,155.10750000000002,0.0,0.0,48.91,744.835,
2023-05-25 09:00:00,9.67,10.665,4.32,6.6225,10.9375,8.2775,9.21,0.2425,26.145,0.14250000000000002,,,,0.05,0.06,26.822499999999998,75.2425,0.48,173.1325,0.0,0.0,144.59,744.5475,
2023-05-25 10:00:00,,,4.4725,6.86,11.3325,8.285,9.7325,0.2325,30.4725,0.14250000000000002,,,,0.0475,0.055,29.78,65.655,0.57,154.9475,0.0,0.0,214.5475,744.5699999999999,
2023-05-25 11:00:00,,,4.385,6.7225,11.105,8.2225,9.7675,0.23,37.8075,0.14,,,,0.0475,0.057499999999999996,32.3225,57.8,0.5225,149.7425,0.0,0.0,288.37,744.6575,
2023-05-25 12:00:00,18.2525,29.5825,4.3950000000000005,6.734999999999999,11.1325,8.415,9.395,0.2175,44.2775,0.135,,,,0.04,0.05,34.292500000000004,51.5175,0.56,173.1525,0.0,0.0,278.2875,744.0475,
2023-05-25 13:00:00,20.482499999999998,26.47,4.172499999999999,6.3950000000000005,10.567499999999999,8.4575,9.7875,0.215,48.2525,0.13,,,,0.04,0.05,36.1925,46.775,0.67,156.375,0.0,0.0,280.8575,743.49,
2023-05-25 14:00:00,9.36,34.79,4.175,6.4,10.5,8.505,9.6875,0.2075,50.6175,0.13,,,,0.04,0.05,35.625,48.16,0.4275,131.855,0.0,0.0,203.7875,742.915,
2023-05-25 15:00:00,7.095,34.05,4.3525,6.675,11.0275,8.5575,9.3125,0.21,56.795,0.1275,,,,0.04,0.05,38.1025,41.67,0.5249999999999999,180.64,0.0,0.0,206.39249999999998,742.525,
2023-05-25 16:00:00,,,4.2925,6.58,10.8725,8.58,9.555,0.2075,50.5325,0.1275,,,,0.04,0.0475,35.3275,48.7025,0.315,178.10250000000002,0.0,0.0,87.925,742.12,
2023-05-25 17:00:00,25.4075,41.83,4.0275,6.1725,10.2,8.425,9.8725,0.195,50.71,0.1175,,,,0.04,0.0475,32.2425,56.402499999999996,0.34750000000000003,159.5325,0.0,0.0,50.6175,742.1025,
2023-05-25 18:00:00,23.9525,37.815,4.415,6.7675,11.1825,8.475,10.4075,0.1925,38.0575,0.11,,,,0.04,0.0425,29.4125,63.9225,0.1725,159.995,0.0,0.0,7.173333333333335,742.3575,
2023-05-25 19:00:00,27.497500000000002,38.205,5.047499999999999,7.7375,12.7875,8.4,10.2325,0.205,27.45,0.1225,,,,0.04,0.0475,27.0225,72.14750000000001,0.1425,147.45999999999998,0.0,0.0,,742.5024999999999,
2023-05-25 20:00:00,24.7225,39.129999999999995,5.605,8.592500000000001,14.1975,8.455,10.7675,0.23249999999999998,21.09,0.14250000000000002,,,,0.045,0.055,25.884999999999998,79.52250000000001,0.12,105.1525,0.0,0.0,,742.6225,
2023-05-25 21:00:00,28.372500000000002,40.83,6.025,9.239999999999998,15.2625,8.4,9.93,0.2825,12.5275,0.1675,,,,0.06,0.07,25.11,85.235,0.16999999999999998,142.88,0.0,0.0,,742.53,
2023-05-25 22:00:00,29.314999999999998,65.455,6.535,10.015,16.55,8.39,10.0625,0.31,5.335,0.19,,,,0.0625,0.07,24.619999999999997,88.42,0.09,83.7875,0.0,0.0,,742.69,
2023-05-25 23:00:00,39.6275,60.785,6.1775,9.467500000000001,15.645,8.3575,10.145,0.3275,1.655,0.1975,,,,0.0675,0.0775,24.0175,92.235,0.195,177.2525,0.0,0.0,,742.3675,
2023-05-26 00:00:00,38.675,49.9225,5.775,8.8575,14.6325,8.51,9.945,0.335,0.715,0.2,,,,0.07,0.08,23.695,94.39750000000001,0.1675,203.46750000000003,0.0,0.0,,742.1225000000001,
2023-05-26 01:00:00,43.85,52.9475,5.532500000000001,8.4775,14.01,8.5525,10.4525,0.3525,0.1,0.2125,,,,0.07,0.08499999999999999,23.2325,96.1325,0.1875,172.26999999999998,0.0,0.0,,741.91,
2023-05-26 02:00:00,44.855000000000004,55.8225,6.359999999999999,9.7525,16.1125,8.522499999999999,9.807500000000001,0.3825,1.9833333333333334,0.23,,,,0.0775,0.0925,23.2875,96.98,0.305,195.6725,0.0,0.0,,742.4575,
2023-05-26 03:00:00,53.435,66.63250000000001,5.9375,9.1025,15.035,8.705,9.8125,0.3675,6.077500000000001,0.22,,,,0.07,0.09,23.535,92.435,0.33,150.4225,0.0,0.0,,742.5275,
2023-05-26 04:00:00,47.8475,56.4375,5.32,8.1625,13.48,8.52,10.4575,0.3475,7.3425,0.21,,,,0.07,0.08,23.497500000000002,89.5325,0.535,206.675,0.0,0.0,,742.7175,
2023-05-26 05:00:00,41.38,56.2525,5.4625,8.372499999999999,13.83,8.605,9.217500000000001,0.3075,17.745,0.1875,,,,0.0625,0.07250000000000001,24.5,83.3,0.7225,229.215,0.04,0.04,0.35,745.0925,
2023-05-26 06:00:00,32.5675,60.7,4.2625,6.5325,10.7925,8.42,9.01,0.245,25.93,0.14500000000000002,,,,0.05,0.06,21.775,94.48,0.88,202.135,0.2425,0.2425,0.02,746.1625,
2023-05-26 07:00:00,12.565,38.292500000000004,4.109999999999999,6.3,10.4075,8.2875,9.3175,0.2225,16.115000000000002,0.135,,,,0.04,0.05,21.205,98.18,0.48,194.6875,0.96,0.96,3.9050000000000002,744.73,
2023-05-26 08:00:00,19.0,29.9325,4.6899999999999995,7.19,11.88,8.227500000000001,9.575,0.225,12.745,0.14,,,,0.0425,0.052500000000000005,22.505,97.9875,0.3425,152.12,0.0525,0.0525,88.9925,745.0525,
2023-05-26 09:00:00,16.79,37.792500000000004,4.3125,6.61,10.925,8.407499999999999,8.682500000000001,0.23,21.705,0.14250000000000002,,,,0.0425,0.052500000000000005,26.072499999999998,81.4075,0.485,182.89,0.0,0.0,213.77,744.86,
2023-05-26 10:00:00,26.91,35.8425,4.3625,6.6850000000000005,11.05,8.165,9.025,0.22999999999999998,26.64,0.14,,,,0.045,0.055,28.4825,68.8575,0.3325,179.875,0.0,0.0,96.68,745.105,
2023-05-26 11:00:00,24.349999999999998,33.86666666666667,4.390000000000001,6.726666666666667,11.11,8.270000000000001,9.236666666666666,0.20666666666666667,34.76333333333333,0.12666666666666668,,,,0.04,0.04666666666666667,29.563333333333333,65.16666666666667,0.7166666666666667,210.67,0.0,0.0,205.34,745.6633333333333,
2023-05-26 12:00:00,,,,,,,,,,,,,,,,,,,,,0.0,,,
2023-05-26 13:00:00,,,,,0.0,,,0.0,,0.0,,,,,,,,,,0.0,0.0,,,
2023-05-26 14:00:00,,,5.055,7.75,12.805,8.73,9.4825,0.09,48.9525,0.057499999999999996,,,,0.02,0.02,32.559999999999995,50.050000000000004,0.5066666666666667,175.97333333333336,0.0,0.0,,744.1233333333333,
2023-05-26 15:00:00,,,4.8325,7.4075,12.24,8.785,9.29,0.1175,52.2375,0.07500000000000001,,,,0.025,0.03,33.6725,47.66,0.545,187.6475,0.0,0.0,,744.17,
2023-05-26 16:00:00,24.93,59.7,4.702500000000001,7.2125,11.9175,8.5975,8.615,0.12,57.9175,0.0775,,,,0.0275,0.03,32.5975,48.675,0.64,180.2775,0.0,0.0,,744.14,
2023-05-26 17:00:00,24.4925,52.76666666666667,4.8375,7.4174999999999995,12.252500000000001,8.625,8.745000000000001,0.135,47.3625,0.08,,,,0.03,0.03,29.9575,58.745,0.26,112.2875,0.0,0.0,53.093333333333334,744.0074999999999,
2023-05-26 18:00:00,24.3925,70.7,5.8525,8.97,14.82,8.8225,8.6125,0.1475,30.3825,0.0875,,,,0.03,0.035,26.7125,71.3925,0.165,136.86,0.0,0.0,7.1933333333333325,743.99,
2023-05-26 19:00:00,26.84,56.7975,6.25,9.58,15.83,8.7225,8.2125,0.1725,20.482499999999998,0.10250000000000001,,,,0.035,0.04,23.8575,81.07249999999999,0.13,123.805,0.0,0.0,,743.875,
2023-05-26 20:00:00,38.11,53.3,7.327500000000001,11.235,18.565,8.9375,8.2275,0.23500000000000001,9.555,0.14250000000000002,,,,0.0475,0.057499999999999996,22.525,86.9975,0.1025,102.6275,0.0,0.0,,744.0799999999999,
2023-05-26 21:00:00,48.754999999999995,108.3,8.092500000000001,12.4025,20.4925,9.105,8.38,0.31,3.965,0.185,,,,0.0625,0.07250000000000001,21.94,89.095,0.13,149.725,0.0,0.0,,744.235,
2023-05-26 22:00:00,66.4075,115.905,10.22,15.665,25.8875,9.4225,8.405000000000001,0.40249999999999997,0.2333333333333333,0.245,,,,0.08,0.0975,21.455,90.7925,0.1175,138.25,0.0,0.0,,744.425,
2023-05-26 23:00:00,70.645,120.4,10.97,16.815,27.7825,9.6675,8.375,0.4375,0.7875,0.26,,,,0.0875,0.1,21.6375,90.77,0.23249999999999998,161.76749999999998,0.0,0.0,,744.3725000000001,
2023-05-27 00:00:00,56.915000000000006,97.1,10.68,16.3675,27.045,9.8575,8.5425,0.45,0.2733333333333333,0.2725,,,,0.09,0.11,21.6875,91.05,0.18,169.64249999999998,0.0,0.0,,743.925,
2023-05-27 01:00:00,52.2325,106.6,10.01,15.34,25.3525,9.7275,8.5475,0.445,1.4333333333333333,0.265,,,,0.09,0.10500000000000001,21.5125,91.465,0.1875,180.68,0.0,0.0,,743.6775,
2023-05-27 02:00:00,41.260000000000005,97.2,8.56,13.1225,21.682499999999997,9.6675,8.525,0.455,,0.275,,,,0.09,0.11,21.2075,94.395,0.08,129.1375,0.0,0.0,,743.2075,
2023-05-27 03:00:00,48.3875,75.1,8.9475,13.717500000000001,22.665,9.629999999999999,8.5125,0.46499999999999997,,0.28500000000000003,,,,0.095,0.11,20.6325,96.2925,0.065,83.295,0.0,0.0,,742.6575,
2023-05-27 04:00:00,56.7375,103.5,8.182500000000001,12.537500000000001,20.7225,9.4675,8.2625,0.49,,0.295,,,,0.1,0.1175,20.395,97.5,0.0475,65.6225,0.0,0.0,,742.0775,
2023-05-27 05:00:00,42.1825,94.2,7.785,11.935,19.725,9.4925,8.342500000000001,0.5025,,0.3025,,,,0.1,0.12,20.5075,98.825,0.2775,219.3075,0.0,0.0,6.010000000000001,742.2725,
2023-05-27 06:00:00,57.685,120.4,8.515,13.0525,21.572499999999998,9.58,9.18,0.5025,1.48,0.3025,,,,0.1,0.12,22.4375,97.1925,0.2675,154.0275,0.0,0.0,28.5975,743.0675,
2023-05-27 07:00:00,55.2525,124.5,11.0275,16.9075,27.935000000000002,9.8425,8.9125,0.43,17.630000000000003,0.26,,,,0.0875,0.10250000000000001,27.0475,73.005,0.46499999999999997,163.41,0.0,0.0,98.02,743.85,
2023-05-27 08:00:00,51.495000000000005,137.0,8.5425,13.0925,21.635,10.0025,9.04,0.385,39.555,0.225,,,,0.07250000000000001,0.0925,31.9,56.01,0.5025,159.7025,0.0,0.0,263.515,744.4175,
2023-05-27 09:00:00,34.79,71.44,7.355,11.28,18.6375,9.5175,8.92,0.3575,55.1225,0.215,,,,0.07,0.0875,34.667500000000004,48.2875,0.775,226.385,0.0,0.0,325.0025,744.73,
2023-05-27 10:00:00,27.9475,64.64,5.9675,9.1475,15.11,9.0,9.215,0.34750000000000003,72.50999999999999,0.20500000000000002,,,,0.07,0.0825,35.75,44.5875,0.825,230.8125,0.0,0.0,354.6375,744.755,
2023-05-27 11:00:00,29.55,73.52,5.032500000000001,7.7075,12.74,8.945,9.285,0.3025,76.06,0.185,,,,0.0625,0.07250000000000001,37.2225,39.3875,0.675,181.24,0.0,0.0,323.16749999999996,744.61,
2023-05-27 12:00:00,22.445,58.88,5.3025,8.1325,13.435,8.9225,9.1025,0.2525,57.2,0.15250000000000002,,,,0.0475,0.06,26.7025,75.0775,1.8175,249.70749999999998,1.4325,1.4325,11.469999999999999,746.425,
2023-05-27 13:00:00,34.2175,618.96,5.5875,8.5625,14.1525,9.1725,11.08,0.2175,34.89,0.1375,,,,0.04,0.05,21.465,98.9875,0.5125,145.0125,2.315,2.315,6.6933333333333325,744.745,
2023-05-27 14:00:00,23.5925,45.04,6.105,9.3575,15.46,9.2875,12.7275,0.22,26.490000000000002,0.14,,,,0.04,0.05,23.6425,97.4325,0.445,149.515,0.052500000000000005,0.052500000000000005,136.885,743.61,
2023-05-27 15:00:00,25.34,35.92,6.16,9.45,15.61,9.37,13.55,0.23,32.48,0.14,,,,0.04,0.05,29.01,74.67,0.59,144.62,0.0,0.0,252.33,742.92,
2023-05-27 16:00:00,,,,,,,,,,,,,,,,,,,,,0.0,,,
2023-05-27 17:00:00,,,,,,,,,,,,,,,,,,,,,0.0,,,
2023-05-27 18:00:00,,,,,,,,,,,,,,,,,,,,,0.0,,,
2023-05-27 19:00:00,,,,,,,,,,,,,,,,,,,,,0.0,,,
2023-05-27 20:00:00,,,,,,,,,,,,,,,,,,,,,0.0,,,
2023-05-27 21:00:00,,,,,,,,,,,,,,,,,,,,,0.0,,,
2023-05-27 22:00:00,,,,,,,,,,,,,,,,,,,,,0.0,,,
2023-05-27 23:00:00,,,,,,,,,,,,,,,,,,,,,0.0,,,
2023-05-28 00:00:00,,,,,,,,,,,,,,,,,,,,,0.0,,,
2023-05-28 01:00:00,,,,,,,,,,,,,,,,,,,,,0.0,,,
2023-05-28 02:00:00,,,,,,,,,,,,,,,,,,,,,0.0,,,
2023-05-28 03:00:00,,,,,,,,,,,,,,,,,,,,,0.0,,,
2023-05-28 04:00:00,,,,,,,,,,,,,,,,,,,,,0.0,,,
2023-05-28 05:00:00,,,,,,,,,,,,,,,,,,,,,0.0,,,
2023-05-28 06:00:00,,,,,,,,,,,,,,,,,,,,,0.0,,,
2023-05-28 07:00:00,,,,,,,,,,,,,,,,,,,,,0.0,,,
2023-05-28 08:00:00,,,,,,,,,,,,,,,,,,,,,0.0,,,
2023-05-28 09:00:00,,,,,,,,,,,,,,,,,,,,,0.0,,,
2023-05-28 10:00:00,,,,,,,,,,,,,,,,,,,,,0.0,,,
2023-05-28 11:00:00,,,,,,,,,,,,,,,,,,,,,0.0,,,
2023-05-28 12:00:00,,,2.54,3.905,6.45,8.365,6.04,0.045,85.56,0.055,,,,0.015,0.02,,,,,0.0,0.0,,,
2023-05-28 13:00:00,,,5.6425,8.655000000000001,14.2975,9.557500000000001,8.3625,0.1525,74.6075,0.0925,,,,0.03,0.0375,,,,,0.0,0.0,,,
2023-05-28 14:00:00,,,5.8774999999999995,9.004999999999999,14.8725,9.8025,8.555,0.17,61.730000000000004,0.11,,,,0.0375,0.04,,,,,0.0,0.0,,,
2023-05-28 15:00:00,30.48,63.44,6.13,9.395,15.522499999999999,10.2375,6.1525,0.185,61.269999999999996,0.11,,,,0.04,0.04,,,,,0.0,0.0,,,
2023-05-28 16:00:00,33.92,62.88,3.9775,6.09,10.0625,8.532499999999999,8.175,0.1225,76.44,0.08,,,,0.03,0.03,,,,,0.0,0.0,,,
2023-05-28 17:00:00,29.36,64.16,5.275,8.0825,13.3575,9.504999999999999,8.094999999999999,0.14500000000000002,51.2275,0.08499999999999999,,,,0.03,0.04,,,,,0.0,0.0,,,
2023-05-28 18:00:00,26.0,71.36,6.71,10.28,16.987499999999997,10.0375,8.3,0.1625,28.3075,0.10250000000000001,,,,0.0325,0.04,,,,,0.0,0.0,,,
2023-05-28 19:00:00,29.84,65.92,7.0475,10.805,17.855,10.2575,8.307500000000001,0.1875,23.19,0.11,,,,0.04,0.0425,,,,,0.0,0.0,,,
2023-05-28 20:00:00,37.04,76.64,7.1175,10.9075,18.025,9.9025,8.0875,0.225,20.38,0.14,,,,0.0425,0.052500000000000005,,,,,0.0,0.0,,,
2023-05-28 21:00:00,40.48,81.52,9.0875,13.925,23.009999999999998,9.985,7.8025,0.375,7.4275,0.2225,,,,0.07500000000000001,0.09,,,,,0.0,0.0,,,
2023-05-28 22:00:00,66.24,141.84,9.04,13.85,22.8925,9.91,8.145,0.36,9.1625,0.21250000000000002,,,,0.07250000000000001,0.08499999999999999,,,,,0.0,0.0,,,
2023-05-28 23:00:00,52.64,140.08,7.7525,11.8825,19.635,9.9025,7.880000000000001,0.3425,7.575,0.20500000000000002,,,,0.07,0.08,,,,,0.0,0.0,,,
2023-05-29 00:00:00,42.305,95.68,7.6775,11.7675,19.447499999999998,9.879999999999999,8.17,0.3325,5.5825,0.20500000000000002,,,,0.0675,0.0775,,,,,0.0,0.0,,,
2023-05-29 01:00:00,39.785,88.8,7.115,10.91,18.025,9.6825,8.2625,0.3175,9.899999999999999,0.1925,,,,0.065,0.07250000000000001,,,,,0.0,0.0,,,
2023-05-29 02:00:00,36.26,83.36,6.86,10.515,17.3775,9.8975,8.022499999999999,0.3075,8.377500000000001,0.1875,,,,0.06,0.07,,,,,0.0,0.0,,,
2023-05-29 03:00:00,33.725,63.6,6.6575,10.21,16.8675,10.01,7.8775,0.305,3.5675,0.1825,,,,0.06,0.07,,,,,0.0,0.0,,,
2023-05-29 04:00:00,27.064999999999998,87.76,6.225,9.54,15.765,9.8125,7.9475,0.295,2.3024999999999998,0.1775,,,,0.06,0.07,,,,,0.0,0.0,,,
2023-05-29 05:00:00,35.08,63.44,6.37,9.77,16.1375,10.0525,8.192499999999999,0.29,0.09,0.1775,,,,0.06,0.07,,,,,0.0,0.0,,,
2023-05-29 06:00:00,32.935,74.16,6.2575,9.59,15.85,9.8,8.205,0.29,,0.17500000000000002,,,,0.06,0.07,,,,,0.0,0.0,,,
2023-05-29 07:00:00,38.2725,68.8,8.504999999999999,13.032499999999999,21.535,9.969999999999999,8.0075,0.315,5.5175,0.1925,,,,0.0625,0.07250000000000001,,,,,0.0,0.0,,,
2023-05-29 08:00:00,46.387499999999996,103.6,8.145,12.4875,20.6375,10.355,8.217500000000001,0.32,29.23,0.19,,,,0.065,0.07500000000000001,,,,,0.0,0.0,,,
2023-05-29 09:00:00,48.0925,99.52,8.2125,12.59,20.8025,10.5725,8.2725,0.3125,53.96,0.1875,,,,0.06,0.07,,,,,0.0,0.0,,,
2023-05-29 10:00:00,41.1675,83.84,6.715,10.29,17.002499999999998,10.34,8.325,0.2775,60.39,0.165,,,,0.055,0.065,,,,,0.0,0.0,,,
2023-05-29 11:00:00,34.34,69.2,6.21,9.5175,15.8125,9.9375,8.155000000000001,0.28,67.5225,0.17,,,,0.06,0.0675,38.56,41.68333333333333,0.39999999999999997,156.81,0.0,0.0,334.12,746.0266666666666,
2023-05-29 12:00:00,47.3775,79.04,6.375,9.7725,16.1475,10.1175,8.43,0.27,69.5625,0.165,,,,0.057499999999999996,0.065,38.56,41.447500000000005,0.5475,192.36,0.0,0.0,271.4175,745.72,
2023-05-29 13:00:00,47.915,86.08,6.9175,10.6075,17.525,10.51,8.3025,0.2575,65.3,0.1575,,,,0.052500000000000005,0.06,37.7275,43.29,0.4575,160.5875,0.0,0.0,176.9425,745.0575,
2023-05-29 14:00:00,34.5425,81.92,7.13,10.935,18.0625,10.8525,8.255,0.255,70.32,0.155,,,,0.05,0.06,38.6875,40.1475,0.4075,187.6875,0.0,0.0,183.9975,744.3824999999999,
2023-05-29 15:00:00,36.7275,84.72,7.220000000000001,11.067499999999999,18.29,10.8275,8.247499999999999,0.23249999999999998,67.4575,0.14,,,,0.045,0.055,38.1925,41.9725,0.33,134.5425,0.0,0.0,94.4425,743.9025,
2023-05-29 16:00:00,31.044999999999998,83.36,7.5825,11.625,19.205,11.105,8.3775,0.23249999999999998,54.355000000000004,0.14250000000000002,,,,0.045,0.055,34.065,53.6575,0.26,192.405,0.0,0.0,35.5725,743.6525,
2023-05-29 17:00:00,38.6575,92.4,7.8575,12.045,19.9025,11.28,8.4925,0.24,49.8675,0.14250000000000002,,,,0.05,0.06,34.629999999999995,54.57,0.125,145.2525,0.0,0.0,47.35,743.7625,
2023-05-29 18:00:00,41.525,75.68,7.8675,12.055,19.919999999999998,11.2125,8.53,0.245,47.6875,0.14500000000000002,,,,0.05,0.06,31.685,61.54,0.10500000000000001,120.1625,0.0,0.0,8.613333333333333,743.9525,
2023-05-29 19:00:00,44.245000000000005,89.04,8.385,12.845,21.23,11.372499999999999,8.192499999999999,0.2475,33.307500000000005,0.14500000000000002,,,,0.05,0.06,29.8375,70.455,0.16333333333333333,126.00333333333333,0.0,0.0,,744.3,
2023-05-29 20:00:00,45.875,88.72,8.8025,13.495000000000001,22.295,11.035,8.315,0.28750000000000003,26.9,0.17500000000000002,,,,0.06,0.07,28.942500000000003,73.95,0.0675,88.3925,0.0,0.0,,744.555,
2023-05-29 21:00:00,48.7975,103.84,8.782499999999999,13.46,22.24,11.015,8.3,0.3125,15.94,0.19,,,,0.0625,0.07250000000000001,28.245,79.1725,0.095,116.96,0.0,0.0,,744.7175,
2023-05-29 22:00:00,58.68,122.96,7.6975,11.7975,19.5,10.7375,8.1675,0.3275,10.969999999999999,0.1975,,,,0.07,0.08,27.4325,84.57,0.1525,161.5875,0.0,0.0,,745.0775,
2023-05-29 23:00:00,57.870000000000005,115.52,7.42,11.377500000000001,18.8,10.435,8.055,0.3625,10.8675,0.2175,,,,0.07250000000000001,0.08499999999999999,26.6075,86.8975,0.11,135.39499999999998,0.0,0.0,,745.1175000000001,
2023-05-30 00:00:00,65.92999999999999,121.36,7.3375,11.245000000000001,18.585,10.5625,8.065,0.395,9.56,0.235,,,,0.08,0.095,26.2925,88.7,0.25,205.2025,0.0,0.0,,744.975,
2023-05-30 01:00:00,75.415,133.36,8.855,13.572500000000002,22.427500000000002,10.35,8.51,0.43,3.62,0.2575,,,,0.0875,0.10250000000000001,26.7175,86.755,0.10750000000000001,123.6,0.0,0.0,,744.8625,
2023-05-30 02:00:00,67.435,150.48,8.23,12.6125,20.8425,10.317499999999999,8.1175,0.4375,1.6,0.26,,,,0.09,0.1,26.5975,88.575,0.1875,218.41500000000002,0.0,0.0,,744.7325000000001,
2023-05-30 03:00:00,70.7,145.2,8.22,12.5975,20.814999999999998,10.2975,7.965,0.44,1.5675,0.26,,,,0.09,0.1,26.4725,88.4975,0.145,144.875,0.0,0.0,,744.6825,
2023-05-30 04:00:00,62.555,134.96,7.8275,12.0,19.825,10.4775,8.5075,0.43,1.19,0.2575,,,,0.0875,0.1,25.4875,88.22749999999999,0.14,168.88,0.0,0.0,,744.7825,
2023-05-30 05:00:00,53.92,147.44,6.695,10.2675,16.962500000000002,10.4575,8.08,0.4225,0.37666666666666665,0.255,,,,0.08499999999999999,0.1,24.9525,91.725,0.15,168.4975,0.0,0.0,2.61,744.995,
2023-05-30 06:00:00,66.67,118.96,6.7575,10.355,17.115000000000002,10.295,8.190000000000001,0.425,0.5225,0.255,,,,0.08499999999999999,0.1,25.3825,90.5875,0.155,137.1525,0.0,0.0,14.415,745.605,
2023-05-30 07:00:00,74.03999999999999,113.76,7.275,11.15,18.419999999999998,10.195,8.15,0.45749999999999996,11.844999999999999,0.275,,,,0.0925,0.1075,28.745,78.135,0.3675,184.5625,0.0,0.0,89.20750000000001,746.09,
2023-05-30 08:00:00,82.33,134.88,8.0825,12.3875,20.4675,10.7425,8.782499999999999,0.42,38.105000000000004,0.2525,,,,0.08499999999999999,0.1,34.957499999999996,53.01,0.4125,178.3075,0.0,0.0,258.39,746.27,
2023-05-30 09:00:00,66.07,144.16,8.3925,12.8675,21.259999999999998,11.25,8.92,0.395,53.6425,0.235,,,,0.08,0.0925,37.9825,43.57,0.48250000000000004,144.8825,0.0,0.0,324.94,746.3,
2023-05-30 10:00:00,42.5,115.68,7.885,12.0825,19.97,10.9925,8.5425,0.3725,64.545,0.22,,,,0.07,0.09,40.0725,38.535,0.5025,194.105,0.0,0.0,355.2925,746.015,
2023-05-30 11:00:00,44.095,97.12,7.6274999999999995,11.6875,19.3175,11.0525,8.3575,0.3475,73.2325,0.2075,,,,0.07,0.08,40.3575,37.27,0.5375,189.14,0.0,0.0,336.045,745.8149999999999,
2023-05-30 12:00:00,35.2925,93.68,7.7299999999999995,11.8525,19.58,11.225,8.445,0.335,73.035,0.2,,,,0.07,0.08,39.84,38.19,0.4325,168.6525,0.0,0.0,244.64999999999998,745.1125,
2023-05-30 13:00:00,41.1075,91.28,8.2025,12.5725,20.775,11.695,7.8875,0.3225,77.4225,0.1975,,,,0.0675,0.0775,40.795,35.33,0.5875,178.64249999999998,0.0,0.0,260.4375,744.3225,
2023-05-30 14:00:00,41.2025,91.52,6.8925,10.56,17.450000000000003,10.695,7.4025,0.2725,78.065,0.1675,,,,0.057499999999999996,0.0675,40.3575,37.010000000000005,0.35,159.4125,0.0,0.0,147.9325,743.7525,
2023-05-30 15:00:00,33.0325,93.84,6.2875,9.6375,15.925,10.1225,7.17,0.28500000000000003,81.2325,0.17250000000000001,,,,0.0575,0.0625,40.315,38.345,0.4375,175.39,0.0,0.0,164.0825,743.1975,
2023-05-30 16:00:00,32.7225,91.76,5.3425,8.185,13.5275,9.6625,7.4675,0.28500000000000003,80.105,0.17250000000000001,,,,0.06,0.07,39.995,36.64,0.485,180.2125,0.0,0.0,87.60249999999999,742.89,
2023-05-30 17:00:00,31.01,90.72,6.2975,9.6525,15.95,10.585,6.965,0.255,64.07,0.1525,,,,0.052500000000000005,0.06,36.8825,39.474999999999994,0.455,193.0225,0.0,0.0,53.3875,742.8775,
2023-05-30 18:00:00,36.715,88.72,7.84,12.02,19.8625,11.342500000000001,6.79,0.2475,52.894999999999996,0.1475,,,,0.05,0.06,33.005,49.1125,1.1125,215.92249999999999,0.0,0.0,4.25,743.5600000000001,
2023-05-30 19:00:00,40.8475,74.96,6.555000000000001,10.0475,16.6025,10.15,6.555,0.2125,45.894999999999996,0.1325,,,,0.04,0.05,29.86,56.254999999999995,1.1600000000000001,259.1325,0.0,0.0,,744.14,
2023-05-30 20:00:00,21.36,146.96,5.58,8.555,14.1325,9.295,6.385,0.20500000000000002,39.0275,0.1275,,,,0.04,0.05,28.9575,59.495,0.3625,162.235,0.0,0.0,,743.85,
2023-05-30 21:00:00,,,,,,,,,,,,,,,,,,,,,0.0,,,
2023-05-30 22:00:00,,,,,,,,,,,,,,,,,,,,,0.0,,,
2023-05-30 23:00:00,,,,,,,,,,,,,,,,,,,,,0.0,,,
2023-05-31 00:00:00,,,,,,,,,,,,,,,,,,,,,0.0,,,
2023-05-31 01:00:00,,,,,,,,,,,,,,,,,,,,,0.0,,,
2023-05-31 02:00:00,,,,,,,,,,,,,,,,,,,,,0.0,,,
2023-05-31 03:00:00,,,,,,,,,,,,,,,,,,,,,0.0,,,
2023-05-31 04:00:00,,,,,,,,,,,,,,,,,,,,,0.0,,,
2023-05-31 05:00:00,,,,,,,,,,,,,,,,,,,,,0.0,,,
2023-05-31 06:00:00,,,,,,,,,,,,,,,,,,,,,0.0,,,
2023-05-31 07:00:00,,,,,,,,,,,,,,,,,,,,,0.0,,,
2023-05-31 08:00:00,,,,,,,,,,,,,,,,,,,,,0.0,,,
2023-05-31 09:00:00,,,,,,,,,,,,,,,,,,,,,0.0,,,
2023-05-31 10:00:00,,,,,,,,,,,,,,,,,,,,,0.0,,,
2023-05-31 11:00:00,,,,,0.0,,,0.0,,0.0,,,,,,,,,,0.0,0.0,,,
2023-05-31 12:00:00,,,5.345,8.1875,13.535,9.605,8.8825,0.14,72.565,0.08499999999999999,,,,0.0275,0.0375,,,,,0.0,0.0,,,
2023-05-31 13:00:00,,,4.0475,6.205,10.247499999999999,8.6075,8.4525,0.1625,75.85,0.0975,,,,0.035,0.0375,,,,,0.0,0.0,,,
2023-05-31 14:00:00,26.32,68.24,4.5175,6.9225,11.44,8.83,8.905000000000001,0.1475,62.525,0.0875,,,,0.03,0.0375,,,,,0.0,0.0,,,
2023-05-31 15:00:00,29.665,93.01499999999999,4.470000000000001,6.8500000000000005,11.3175,8.995000000000001,8.850000000000001,0.1525,59.235,0.09,,,,0.03,0.04,,,,,0.0,0.0,,,
2023-05-31 16:00:00,25.127499999999998,83.8325,4.4775,6.8575,11.3375,8.6975,8.785,0.15,63.275000000000006,0.0925,,,,0.03,0.0375,36.7,38.4,0.39,130.92,0.0,0.0,65.6,742.65,
2023-05-31 17:00:00,37.7125,120.38,5.654999999999999,8.6675,14.317499999999999,11.372499999999999,9.285,0.1475,60.275,0.0875,,,,0.03,0.035,35.6875,39.1075,0.74,252.31,0.0,0.0,50.175,742.6975,
2023-05-31 18:00:00,36.0575,137.04,6.3125,9.6775,15.989999999999998,11.307500000000001,10.06,0.1575,56.082499999999996,0.0975,,,,0.0325,0.0375,33.7975,41.3225,0.7775,261.08500000000004,0.0,0.0,8.0375,742.87,
2023-05-31 19:00:00,31.41,142.16,6.995,10.719999999999999,17.715,11.385,9.92,0.185,49.475,0.11,,,,0.04,0.04,32.2275,46.3775,0.755,248.0725,0.0,0.0,,743.2375,
2023-05-31 20:00:00,34.1575,94.56,7.275,11.1525,18.43,11.3575,9.592500000000001,0.2025,42.3775,0.1225,,,,0.04,0.0475,31.197499999999998,50.18,0.71,257.0075,0.0,0.0,,743.6424999999999,
2023-05-31 21:00:00,34.94,83.68,7.17,10.99,18.1625,11.215,9.51,0.2225,43.45,0.14,,,,0.04,0.052500000000000005,30.38,53.28,0.745,264.0,0.0,0.0,,743.8125,
2023-05-31 22:00:00,33.25,78.72,6.8375,10.48,17.3175,11.2825,9.4075,0.23249999999999998,45.0625,0.14,,,,0.0475,0.057499999999999996,29.735,55.4,0.68,261.925,0.0,0.0,,743.9675,
2023-05-31 23:00:00,27.755000000000003,76.8,7.005,10.74,17.745,11.285,9.67,0.2375,40.15,0.14,,,,0.05,0.06,28.5575,60.09,0.435,263.375,0.0,0.0,,743.8775,
2023-06-01 00:00:00,33.1225,83.04,6.5775,10.085,16.6575,11.3175,9.594999999999999,0.235,45.0075,0.14,,,,0.05,0.06,28.355,60.065,0.655,234.825,0.0,0.0,,743.51,
2023-06-01 01:00:00,34.135,83.84,6.422499999999999,9.8425,16.2625,11.280000000000001,9.745000000000001,0.2275,43.89,0.14,,,,0.0425,0.052500000000000005,27.805,61.375,0.6125,252.55,0.0,0.0,,743.25,
2023-06-01 02:00:00,31.36,84.0,6.715,10.2925,17.0075,11.3675,9.84,0.2275,43.0325,0.14,,,,0.04,0.052500000000000005,27.4875,62.55,0.67,228.8025,0.0,0.0,,742.9725000000001,
2023-06-01 03:00:00,36.1025,75.2,6.97,10.68,17.65,11.385000000000002,9.6175,0.235,36.182500000000005,0.14250000000000002,,,,0.045,0.055,26.34,67.59,0.47,213.43,0.0,0.0,,742.8,
2023-06-01 04:00:00,27.84,72.16,6.85,10.4975,17.3475,11.3275,9.6275,0.2425,39.1575,0.14500000000000002,,,,0.05,0.06,25.715,72.07,0.5125,238.3775,0.0,0.0,,742.885,
2023-06-01 05:00:00,42.2225,89.76,7.625,11.6925,19.317500000000003,11.6125,9.795,0.2575,36.33,0.1575,,,,0.052500000000000005,0.0625,25.5175,73.8775,0.47500000000000003,232.5225,0.0,0.0,3.7133333333333334,743.39,
2023-06-01 06:00:00,43.572500000000005,92.88,8.355,12.81,21.1675,11.75,10.4575,0.29,34.6025,0.17,,,,0.06,0.07,26.4775,71.2025,0.735,245.6625,0.0,0.0,23.752499999999998,744.095,
2023-06-01 07:00:00,53.945,118.64,7.43,11.3875,18.8175,11.584999999999999,10.4525,0.2625,41.9325,0.1575,,,,0.052500000000000005,0.0625,28.442500000000003,60.6925,1.0,269.6,0.0,0.0,93.00750000000001,744.47,
2023-06-01 08:00:00,31.529999999999998,96.72,7.1775,11.0,18.177500000000002,11.4525,11.6675,0.24,44.0275,0.14250000000000002,,,,0.05,0.06,33.120000000000005,45.287499999999994,0.8825000000000001,246.5525,0.0,0.0,317.5,744.49,
2023-06-01 09:00:00,34.69,74.72,6.52,9.995000000000001,16.5175,11.370000000000001,9.6075,0.215,48.4375,0.1325,,,,0.04,0.052500000000000005,35.7525,36.6975,1.0825,240.64,0.0,0.0,373.9325,744.58,
2023-06-01 10:00:00,13.49,65.52,6.03,9.2425,15.2725,11.307500000000001,9.26,0.195,51.8725,0.115,,,,0.04,0.045,36.9225,32.3425,1.155,238.58,0.0,0.0,403.525,744.4375,
2023-06-01 11:00:00,13.735,57.2,5.435,8.33,13.7675,11.175,9.36,0.175,53.85,0.10500000000000001,,,,0.035,0.04,37.83,29.645,1.275,238.03,0.0,0.0,402.37,744.2425,
2023-06-01 12:00:00,14.537500000000001,51.12,5.0425,7.7299999999999995,12.7775,11.015,9.385,0.155,55.095,0.09,,,,0.03,0.04,38.9875,28.3825,0.985,250.6025,0.0,0.0,373.64,743.6725,
2023-06-01 13:00:00,6.7825,43.84,5.0675,7.77,12.84,10.9875,9.5,0.1475,53.1875,0.0875,,,,0.03,0.0375,40.042500000000004,26.9675,1.2075,261.79499999999996,0.0,0.0,327.945,743.0775,
2023-06-01 14:00:00,12.705,46.4,5.355,8.2025,13.555,11.17,9.59,0.14500000000000002,54.54,0.0875,,,,0.03,0.035,40.47,26.585,1.255,247.9175,0.0,0.0,278.145,742.38,
2023-06-01 15:00:00,11.9475,57.6,5.1,7.8175,12.9175,11.055,9.4175,0.1375,53.045,0.0825,,,,0.03,0.0325,39.957499999999996,26.6325,1.2675,250.065,0.0,0.0,197.2,741.94,
2023-06-01 16:00:00,12.852500000000001,56.16,5.17,7.9275,13.0975,10.8775,9.3275,0.135,54.3875,0.08,,,,0.03,0.03,37.8025,28.8975,1.225,251.8175,0.0,0.0,92.79,741.59,
2023-06-01 17:00:00,16.77,63.36,5.0475,7.737500000000001,12.785,10.7425,9.397499999999999,0.1475,55.175,0.08499999999999999,,,,0.03,0.0375,35.7775,32.08,0.995,257.9625,0.0,0.0,51.875,741.585,
2023-06-01 18:00:00,18.5125,72.08,5.995,9.1875,15.1775,10.8375,9.415,0.1725,52.985,0.10250000000000001,,,,0.035,0.04,33.85,38.4725,0.8125,252.1825,0.0,0.0,7.607500000000001,741.76,
2023-06-01 19:00:00,24.47,85.84,7.4475,11.415,18.865,11.07,9.4675,0.21,45.0375,0.1275,,,,0.0425,0.05,32.335,42.4075,0.71,252.4925,0.0,0.0,,741.9575,
2023-06-01 20:00:00,30.862499999999997,96.96,8.05,12.34,20.3925,11.185,9.5075,0.255,39.8425,0.155,,,,0.05,0.06,31.155,47.660000000000004,0.665,253.27249999999998,0.0,0.0,,742.3325,
2023-06-01 21:00:00,37.34,101.84,8.7775,13.455,22.2325,11.2875,9.765,0.2875,35.7575,0.17,,,,0.06,0.07,30.0,52.1025,0.565,249.895,0.0,0.0,,742.7025,
2023-06-01 22:00:00,41.875,104.56,8.2625,12.66,20.92,11.5025,10.0325,0.29,35.08,0.17,,,,0.06,0.07,29.259999999999998,54.2675,0.3225,218.3075,0.0,0.0,,742.7325,
2023-06-01 23:00:00,42.2325,99.28,7.8774999999999995,12.0725,19.95,11.4775,10.515,0.2925,42.015,0.175,,,,0.06,0.07,28.625,55.18,0.4425,236.42,0.0,0.0,,742.515,
2023-06-02 00:00:00,42.94,102.64,7.2524999999999995,11.12,18.3775,11.5125,10.6925,0.295,45.6825,0.175,,,,0.06,0.07,28.035,56.6475,0.34750000000000003,257.72249999999997,0.0,0.0,,742.32,
2023-06-02 01:00:00,38.06,94.56,6.8925,10.567499999999999,17.4625,11.2575,10.217500000000001,0.2975,40.375,0.1775,,,,0.06,0.07,26.9025,60.582499999999996,0.2925,212.985,0.0,0.0,,741.85,
2023-06-02 02:00:00,43.365,93.84,7.7925,11.9425,19.7325,11.5625,9.8625,0.3075,33.355000000000004,0.1825,,,,0.06,0.07,25.7725,65.235,0.225,225.54000000000002,0.0,0.0,,741.49,
2023-06-02 03:00:00,47.019999999999996,92.4,7.7675,11.905000000000001,19.675,11.5425,10.055,0.3,37.6575,0.18,,,,0.06,0.07,25.802500000000002,65.26,0.32,224.8025,0.0,0.0,,741.2325,
2023-06-02 04:00:00,46.73,85.52,7.755,11.89,19.645,11.58,10.21,0.3075,32.845,0.185,,,,0.06,0.07,25.36,67.2025,0.3075,230.535,0.0,0.0,,741.35,
2023-06-02 05:00:00,42.7525,87.84,8.68,13.3025,21.985,11.7525,10.2375,0.33,21.425,0.2,,,,0.0675,0.0775,24.805,71.4775,0.3175,194.83,0.0,0.0,5.176666666666667,741.74,
2023-06-02 06:00:00,51.2725,102.24,8.545,13.0975,21.645,11.675,10.2725,0.34,24.3875,0.2,,,,0.07,0.08,25.892500000000002,69.86500000000001,0.385,211.7225,0.0,0.0,30.03,742.4025,
2023-06-02 07:00:00,45.92,111.36,8.555,13.11,21.6625,11.7425,10.515,0.325,37.305,0.1975,,,,0.0675,0.0775,28.869999999999997,59.207499999999996,0.615,208.66,0.0,0.0,96.02250000000001,742.9525,
2023-06-02 08:00:00,43.35,105.28,7.905,12.1175,20.025,11.594999999999999,10.2475,0.305,42.5975,0.1825,,,,0.06,0.07250000000000001,32.595,47.7625,0.715,210.7625,0.0,0.0,229.6375,743.5025,
2023-06-02 09:00:00,33.0125,93.28,6.9675,10.68,17.6525,11.3675,9.8425,0.27,53.205,0.16,,,,0.052500000000000005,0.065,35.2775,39.805,1.2025000000000001,266.5325,0.0,0.0,342.5825,743.895,
2023-06-02 10:00:00,25.4875,74.0,6.2475000000000005,9.58,15.8275,11.2725,9.7025,0.2175,60.355000000000004,0.1325,,,,0.0425,0.052500000000000005,36.47,36.765,1.02,271.1925,0.0,0.0,374.5,743.975,
2023-06-02 11:00:00,16.025,55.44,5.9025,9.0475,14.95,11.17,9.93,0.215,67.6525,0.1325,,,,0.04,0.05,37.445,37.5225,1.1300000000000001,244.64499999999998,0.0,0.0,374.2925,743.7125,
2023-06-02 12:00:00,29.1375,73.36,5.505,8.440000000000001,13.9425,11.29,10.2675,0.1925,69.1125,0.1175,,,,0.04,0.045,38.730000000000004,33.0275,1.1275,253.1875,0.0,0.0,353.84250000000003,743.2375,
2023-06-02 13:00:00,21.1975,72.0,5.2,7.97,13.1725,11.497499999999999,10.412500000000001,0.1325,76.5475,0.0825,,,,0.03,0.0325,39.519999999999996,31.425,1.23,242.235,0.0,0.0,317.12,742.6725,
2023-06-02 14:00:00,23.37,76.4,5.1825,7.95,13.135,11.23,10.3725,0.1225,67.81,0.0775,,,,0.03,0.03,40.207499999999996,30.4175,1.0925,250.9025,0.0,0.0,270.82,742.0275,
2023-06-02 15:00:00,21.495,71.36,5.109999999999999,7.8275,12.935,11.02,10.182500000000001,0.14250000000000002,57.95,0.0825,,,,0.03,0.0325,40.67,28.97,1.2000000000000002,227.23000000000002,0.0,0.0,214.46,741.545,
2023-06-02 16:00:00,22.9175,81.84,4.74,7.2625,12.004999999999999,10.842500000000001,10.3025,0.1475,61.1875,0.0875,,,,0.03,0.0375,39.2575,30.080000000000002,1.1,241.9325,0.0,0.0,100.5,741.1949999999999,
2023-06-02 17:00:00,22.7275,84.16,4.5025,6.8975,11.4,10.715,9.8425,0.1525,58.56,0.0925,,,,0.03,0.04,36.625,34.15,1.105,257.8375,0.0,0.0,50.545,741.1725,
2023-06-02 18:00:00,24.8975,101.28,5.6125,8.605,14.2175,10.85,9.9875,0.165,63.75,0.10250000000000001,,,,0.0325,0.04,34.3325,40.4075,0.5325,211.9525,0.0,0.0,7.365,741.325,
2023-06-02 19:00:00,28.07,112.72,7.047499999999999,10.8025,17.85,11.0925,9.6525,0.2,42.2125,0.12,,,,0.04,0.0475,32.265,46.775,0.5275,210.0075,0.0,0.0,,741.6949999999999,
2023-06-02 20:00:00,31.505000000000003,112.88,7.8675,12.059999999999999,19.93,11.205,9.61,0.2325,37.8,0.14250000000000002,,,,0.0425,0.052500000000000005,31.895,48.16,0.585,239.5525,0.0,0.0,,742.0925,
2023-06-02 21:00:00,32.144999999999996,112.48,7.85,12.0325,19.884999999999998,11.28,9.455,0.2475,34.114999999999995,0.1475,,,,0.05,0.06,31.3075,49.6225,0.7475,274.03,0.0,0.0,,742.385,
2023-06-02 22:00:00,30.9925,113.36,7.2575,11.125,18.384999999999998,11.165,9.684999999999999,0.2475,31.347499999999997,0.1475,,,,0.05,0.06,30.62,51.322500000000005,0.5825,266.225,0.0,0.0,,742.4575,
2023-06-02 23:00:00,33.1375,117.92,7.18,11.01,18.1875,11.2525,9.945,0.265,22.485,0.165,,,,0.055,0.0625,28.5875,57.285,0.32,243.325,0.0,0.0,,742.4300000000001,
2023-06-03 00:00:00,34.13249999999999,110.48,6.827500000000001,10.465,17.29,11.2375,9.6675,0.255,24.775000000000002,0.1525,,,,0.05,0.06,27.6425,59.1875,0.2875,169.57,0.0,0.0,,742.275,
2023-06-03 01:00:00,30.7375,95.76,6.5575,10.055,16.61,11.21,9.54,0.255,22.6825,0.155,,,,0.05,0.06,26.96,61.8425,0.2475,161.335,0.0,0.0,,742.0575,
2023-06-03 02:00:00,32.6625,87.44,7.1575,10.9725,18.130000000000003,11.1775,9.18,0.28,14.5975,0.17,,,,0.057499999999999996,0.0675,25.1425,69.24000000000001,0.195,197.24,0.0,0.0,,741.8525,
2023-06-03 03:00:00,31.01,84.4,8.1975,12.5625,20.759999999999998,11.4925,9.2825,0.2875,13.1375,0.17,,,,0.06,0.07,24.0625,73.3925,0.2275,226.21,0.0,0.0,,741.7725,
2023-06-03 04:00:00,35.3925,84.16,7.515,11.52,19.035,11.43,9.385,0.295,20.43,0.17,,,,0.06,0.07,24.6725,69.37,0.2475,178.4975,0.0,0.0,,741.935,
2023-06-03 05:00:00,31.7875,84.32,7.83,12.0025,19.8375,11.620000000000001,9.65,0.295,25.0825,0.1775,,,,0.06,0.07,25.48,66.23,0.2275,154.5325,0.0,0.0,4.796666666666667,742.335,
2023-06-03 06:00:00,36.19,94.72,6.945,10.6475,17.5925,11.2475,9.71,0.28500000000000003,30.5375,0.17,,,,0.06,0.07,27.1825,62.5025,0.28500000000000003,142.2925,0.0,0.0,25.935000000000002,742.7925,
2023-06-03 07:00:00,30.33,111.04,7.0600000000000005,10.8225,17.884999999999998,11.3425,9.9625,0.275,34.685,0.165,,,,0.057499999999999996,0.0675,29.885,55.55,0.385,188.3225,0.0,0.0,93.57,743.4475,
2023-06-03 08:00:00,31.405,97.2,6.28,9.625,15.905,11.265,9.6975,0.2475,44.660000000000004,0.1475,,,,0.05,0.06,35.42,39.910000000000004,0.54,169.565,0.0,0.0,286.52250000000004,743.9525,
2023-06-03 09:00:00,20.3175,73.68,5.8675,9.0,14.8675,11.26,9.5225,0.235,48.7425,0.14,,,,0.045,0.055,38.4,33.8025,0.6950000000000001,183.7975,0.0,0.0,344.7925,744.3625,
2023-06-03 10:00:00,21.945,70.88,5.592499999999999,8.567499999999999,14.1625,11.1325,9.945,0.2175,54.5475,0.1375,,,,0.04,0.05,39.12,34.1775,0.9575,196.075,0.0,0.0,371.7575,744.4425,
2023-06-03 11:00:00,23.245,76.16,5.08,7.7875000000000005,12.87,11.1525,10.0075,0.2025,54.635,0.1225,,,,0.04,0.0475,38.7975,35.595,1.0,227.08,0.0,0.0,290.54,744.365,
2023-06-03 12:00:00,24.6025,78.96,4.895,7.5025,12.3975,11.057500000000001,10.76,0.19,57.5275,0.1125,,,,0.04,0.0425,39.8125,34.057500000000005,1.0275,225.8025,0.0,0.0,332.905,744.0675,
2023-06-03 13:00:00,20.83,83.36,4.2075,6.4475,10.655000000000001,10.84,10.4125,0.1675,66.0875,0.10250000000000001,,,,0.0325,0.04,40.2875,32.980000000000004,1.0074999999999998,254.255,0.0,0.0,291.225,743.7249999999999,
2023-06-03 14:00:00,30.91,84.24,4.295,6.585,10.88,10.7575,8.595,0.1625,63.7825,0.0975,,,,0.03,0.04,40.615,31.3375,0.88,231.24,0.0,0.0,206.33999999999997,743.2425000000001,
2023-06-03 15:00:00,27.2325,78.88,4.205,6.4475,10.655,10.817499999999999,8.3575,0.155,61.5075,0.095,,,,0.03,0.04,41.042500000000004,30.32,0.9525,253.93499999999997,0.0,0.0,213.60750000000002,742.6949999999999,
2023-06-03 16:00:00,22.1425,80.72,3.79,5.8100000000000005,9.5975,10.5425,8.4225,0.14500000000000002,62.915,0.08499999999999999,,,,0.03,0.035,40.2275,28.235,0.905,248.63,0.0,0.0,107.62,742.12,
2023-06-03 17:00:00,23.322499999999998,77.52,4.1425,6.3525,10.49,10.745,8.555,0.15,64.88,0.09,,,,0.03,0.0375,37.5925,30.185,0.865,254.075,0.0,0.0,53.305,741.89,
2023-06-03 18:00:00,20.95,83.12,4.48,6.865,11.34,10.627500000000001,8.96,0.1325,74.495,0.08,,,,0.0275,0.0325,35.055,36.6775,0.39,172.215,0.0,0.0,7.355,741.62,
2023-06-03 19:00:00,27.725,95.92,6.1075,9.36,15.4725,11.045,9.067499999999999,0.1725,46.64,0.1075,,,,0.035,0.0425,30.7425,47.2775,0.14250000000000002,120.9075,0.0125,0.0125,,741.625,
2023-06-03 20:00:00,28.075,90.08,8.1025,12.42,20.5275,11.245,8.7525,0.245,30.3875,0.1525,,,,0.0475,0.0575,28.1275,55.1175,0.1525,154.97,0.0075,0.0075,,741.8525,
2023-06-03 21:00:00,39.2025,107.6,9.8725,15.1325,25.0025,11.3375,8.725,0.33499999999999996,17.08,0.1975,,,,0.0675,0.0775,26.945,61.505,0.165,169.0425,0.0,0.0,,742.2775,
2023-06-03 22:00:00,43.875,121.76,10.469999999999999,16.045,26.5125,11.425,8.4825,0.385,12.28,0.23,,,,0.07500000000000001,0.0925,26.165,65.94749999999999,0.16,171.9875,0.0,0.0,,742.5899999999999,
2023-06-03 23:00:00,41.59,118.88,10.0275,15.370000000000001,25.3975,11.445,8.46,0.39,10.74,0.225,,,,0.07250000000000001,0.0925,25.585,69.4175,0.155,158.37,0.0,0.0,,742.37,
2023-06-04 00:00:00,42.375,110.32,8.942499999999999,13.71,22.6575,11.467500000000001,8.5625,0.3725,12.695,0.2225,,,,0.07250000000000001,0.09,25.2325,70.065,0.14500000000000002,136.79500000000002,0.0,0.0,,742.06,
2023-06-04 01:00:00,44.2675,116.16,7.92,12.1375,20.055,11.372499999999999,7.525,0.385,11.025,0.2225,,,,0.07250000000000001,0.09,24.5775,73.435,0.1775,214.3,0.0,0.0,,741.63,
2023-06-04 02:00:00,49.1425,104.4,8.09,12.3975,20.485,11.205,6.9675,0.4175,9.0,0.25,,,,0.08499999999999999,0.0975,23.9075,75.35499999999999,0.1225,139.6575,0.0,0.0,,741.535,
2023-06-04 03:00:00,58.07,132.48,8.285,12.695,20.9775,11.3375,7.1775,0.4425,4.545,0.26,,,,0.09,0.1,23.134999999999998,79.63499999999999,0.17500000000000002,216.59,0.0,0.0,,741.7075,
2023-06-04 04:00:00,56.065,128.64,8.2075,12.5825,20.79,11.504999999999999,7.15,0.455,2.7199999999999998,0.275,,,,0.09,0.1075,22.5625,83.55,0.15,192.565,0.0,0.0,,742.2225,
2023-06-04 05:00:00,61.21,123.28,7.890000000000001,12.092500000000001,19.985,11.4275,7.5575,0.4475,2.8425000000000002,0.2675,,,,0.09,0.1075,22.2975,84.145,0.14250000000000002,174.5325,0.0,0.0,4.863333333333333,742.8025,
2023-06-04 06:00:00,55.45,126.8,8.3025,12.7275,21.035,11.2225,7.8125,0.44,5.255,0.2625,,,,0.09,0.1,24.0975,82.295,0.13,152.5325,0.0,0.0,25.935,743.3,
2023-06-04 07:00:00,53.1025,127.04,8.41,12.89,21.2975,11.205,8.9225,0.4425,32.96,0.2625,,,,0.09,0.10500000000000001,29.115000000000002,64.9075,0.46,193.755,0.0,0.0,92.67500000000001,743.9625,
2023-06-04 08:00:00,56.385,149.2,6.4975,9.955,16.4525,11.1175,9.5275,0.3925,53.2425,0.235,,,,0.0775,0.095,35.785000000000004,43.629999999999995,0.5675,219.215,0.0,0.0,283.7625,744.095,
2023-06-04 09:00:00,39.68,113.36,6.172499999999999,9.462499999999999,15.63,11.205,12.5875,0.3575,70.1775,0.215,,,,0.07,0.0875,38.955,36.4925,0.75,230.9975,0.0,0.0,340.8,743.925,
2023-06-04 10:00:00,39.2775,111.92,5.465,8.3775,13.8425,11.1125,12.09,0.3275,84.4125,0.1975,,,,0.0675,0.0775,39.3675,33.295,1.0274999999999999,256.2575,0.0,0.0,380.21500000000003,743.6775,
2023-06-04 11:00:00,40.135,102.4,5.0075,7.675,12.6825,11.0525,10.557500000000001,0.2925,87.07000000000001,0.175,,,,0.06,0.07,40.712500000000006,28.915,0.9650000000000001,246.665,0.0,0.0,383.7675,743.415,
2023-06-04 12:00:00,32.150000000000006,90.24,4.5875,7.032500000000001,11.627500000000001,11.115,9.692499999999999,0.2625,82.8675,0.1625,,,,0.052500000000000005,0.0625,41.379999999999995,27.91,0.875,229.3025,0.0,0.0,361.9325,742.9275,
2023-06-04 13:00:00,25.8525,83.68,4.4425,6.805,11.245000000000001,10.96,9.4475,0.25,81.0725,0.15,,,,0.05,0.06,42.31,26.645,0.8,206.395,0.0,0.0,318.8,742.2574999999999,
2023-06-04 14:00:00,32.6025,77.6,4.7475000000000005,7.2725,12.0225,11.14,9.2125,0.2375,78.79,0.14,,,,0.05,0.06,42.865,25.04,0.8025,191.03,0.0,0.0,272.0425,741.5675,
2023-06-04 15:00:00,26.9675,80.56,5.005,7.6675,12.67,11.275,9.075,0.225,76.35499999999999,0.14,,,,0.045,0.055,43.475,24.0775,0.7025,194.7825,0.0,0.0,213.835,741.1999999999999,
2023-06-04 16:00:00,21.6675,74.24,4.9775,7.630000000000001,12.605,11.245,9.2025,0.2175,69.945,0.135,,,,0.04,0.05,40.96,27.025,0.585,195.6625,0.0,0.0,84.89,740.54,
2023-06-04 17:00:00,24.9425,83.92,6.095,9.34,15.432500000000001,11.215,8.765,0.2225,58.2425,0.14,,,,0.04,0.05,35.42,37.905,0.88,182.9275,0.0,0.0,33.582499999999996,740.4975,
2023-06-04 18:00:00,30.0175,177.2,7.0275,10.780000000000001,17.81,11.125,8.555,0.23,47.769999999999996,0.14250000000000002,,,,0.0425,0.052500000000000005,34.072500000000005,37.3875,0.45999999999999996,162.2075,0.0,0.0,8.256666666666666,740.7525,
2023-06-04 19:00:00,23.705,130.88,7.805,11.9675,19.77,11.3325,8.325,0.265,44.21,0.16,,,,0.052500000000000005,0.0625,33.322500000000005,40.4975,1.0099999999999998,203.78,0.0,0.0,,741.2874999999999,
2023-06-04 20:00:00,35.575,306.0,5.9725,9.15,15.1225,10.9825,8.254999999999999,0.245,53.707499999999996,0.1475,,,,0.05,0.06,30.525,53.347500000000004,1.1175000000000002,203.28750000000002,0.0275,0.0275,,741.9525,
2023-06-04 21:00:00,28.22,192.32,5.5875,8.565000000000001,14.15,10.86,7.98,0.2425,51.85,0.14250000000000002,,,,0.05,0.06,29.56,55.53,0.8975000000000001,205.98000000000002,0.0025,0.0025,,741.9925000000001,
2023-06-04 22:00:00,26.91,79.52,5.8149999999999995,8.9175,14.735,10.8125,8.0975,0.255,44.9125,0.1525,,,,0.05,0.06,29.427500000000002,55.6325,0.455,194.20499999999998,0.0,0.0,,741.9925,
2023-06-04 23:00:00,29.9125,62.88,5.3975,8.2725,13.67,10.7275,8.065,0.2325,38.067499999999995,0.14250000000000002,,,,0.045,0.055,28.23,59.8725,0.4075,200.6375,0.0,0.0,,741.8475000000001,
2023-06-05 00:00:00,22.61,65.28,5.7175,8.765,14.48,10.8525,7.89,0.24,38.305,0.14500000000000002,,,,0.0475,0.057499999999999996,28.2425,60.14,0.435,203.525,0.0,0.0,,741.7175,
2023-06-05 01:00:00,33.055,66.88,5.7175,8.765,14.4825,10.81,7.615,0.23249999999999998,33.43,0.14,,,,0.0475,0.057499999999999996,28.1825,59.5575,0.35,167.12,0.0,0.0,,741.3275,
2023-06-05 02:00:00,28.537499999999998,62.24,5.5775,8.5475,14.1225,10.965,7.9075,0.22,32.2875,0.1325,,,,0.04,0.05,28.325,58.6425,0.4525,180.9625,0.0,0.0,,741.0725,
2023-06-05 03:00:00,19.5325,65.04,5.4425,8.3425,13.785,10.7875,7.875,0.2025,33.68,0.125,,,,0.04,0.05,28.165,60.1975,0.485,214.1875,0.0,0.0,,740.965,
2023-06-05 04:00:00,26.9025,53.36,5.2475000000000005,8.0375,13.285,10.8025,7.765000000000001,0.2025,24.615000000000002,0.125,,,,0.04,0.05,26.697499999999998,66.3675,0.21250000000000002,178.5675,0.0,0.0,,740.87,
2023-06-05 05:00:00,25.252499999999998,70.88,5.6825,8.7125,14.395,10.712499999999999,8.03,0.20500000000000002,29.805,0.125,,,,0.04,0.05,26.835,67.2475,0.6675,239.14000000000001,0.0,0.0,7.096666666666667,741.4100000000001,
2023-06-05 06:00:00,31.7325,80.8,5.69,8.725,14.415,10.8225,8.317499999999999,0.21,28.3825,0.1325,,,,0.04,0.05,27.965,65.0875,0.495,225.48250000000002,0.0,0.0,33.3825,741.7875,
2023-06-05 07:00:00,25.5425,79.76,5.6725,8.695,14.3675,10.817499999999999,8.6775,0.2225,35.635000000000005,0.14,,,,0.04,0.052500000000000005,29.92,60.0625,0.8775000000000001,257.7175,0.0,0.0,99.7125,742.4925000000001,
2023-06-05 08:00:00,31.815,88.56,5.2075000000000005,7.9825,13.1875,10.75,9.0175,0.2225,45.4075,0.14,,,,0.04,0.05,33.1175,50.845,0.7575,249.5275,0.0,0.0,175.72,742.7950000000001,
2023-06-05 09:00:00,24.845,89.04,4.9075,7.52,12.4275,10.7425,9.5475,0.2425,53.1475,0.14250000000000002,,,,0.05,0.06,35.8025,43.9925,0.965,264.83500000000004,0.0,0.0,308.885,743.125,
2023-06-05 10:00:00,32.730000000000004,88.24,5.21,7.98,13.192499999999999,10.870000000000001,11.5625,0.2575,70.185,0.155,,,,0.052500000000000005,0.0625,37.9,41.355000000000004,0.8474999999999999,231.38,0.0,0.0,362.145,743.0875,
2023-06-05 11:00:00,35.1375,102.56,4.4875,6.88,11.370000000000001,10.8375,12.065,0.2425,86.3625,0.14500000000000002,,,,0.05,0.06,39.42,38.2,0.8,216.19,0.0,0.0,365.79499999999996,742.9,
2023-06-05 12:00:00,41.5,120.64,4.255,6.5225,10.7725,11.0025,11.475,0.2475,78.6475,0.1475,,,,0.05,0.06,40.435,34.24,0.7749999999999999,230.5675,0.0,0.0,341.5525,742.47,
2023-06-05 13:00:00,32.425,98.8,4.0,6.135,10.1325,10.735,11.325,0.24,81.22,0.1475,,,,0.05,0.06,40.8875,32.35,1.025,247.9175,0.0,0.0,301.2,741.86,
2023-06-05 14:00:00,38.46,97.84,4.0975,6.28,10.379999999999999,10.8,11.4375,0.23249999999999998,84.4825,0.14250000000000002,,,,0.0475,0.057499999999999996,41.515,32.8925,0.8049999999999999,236.8125,0.0,0.0,238.41500000000002,741.16,
2023-06-05 15:00:00,39.1075,101.68,4.3025,6.595000000000001,10.9,10.94,10.6025,0.255,82.27,0.1525,,,,0.05,0.06,41.345,34.58,0.6475,217.4975,0.0,0.0,211.16750000000002,740.4875,
2023-06-05 16:00:00,38.265,102.32,3.5425,5.425,8.965,10.555,10.6625,0.21,99.185,0.1275,,,,0.0425,0.05,39.43,35.7625,0.8725,196.985,0.0,0.0,123.64999999999999,740.445,
2023-06-05 17:00:00,28.595,119.52,4.1525,6.3675,10.5175,10.6025,8.98,0.1675,68.16749999999999,0.10500000000000001,,,,0.035,0.04,32.53,46.4375,0.7075,200.2775,0.0,0.0,51.910000000000004,741.0875,
2023-06-05 18:00:00,30.1875,122.16,5.2925,8.115,13.405000000000001,10.795,8.905,0.195,38.707499999999996,0.1175,,,,0.04,0.045,30.535,55.4875,0.1325,117.685,0.0,0.0,9.979999999999999,740.9325,
2023-06-05 19:00:00,32.65,93.2,5.54,8.495,14.04,10.98,8.8525,0.2,27.02,0.1225,,,,0.04,0.0475,27.5875,64.7575,0.08,105.6275,0.0,0.0,,741.1324999999999,
2023-06-05 20:00:00,33.265,72.64,6.535,10.02,16.5575,11.05,8.5525,0.24,20.380000000000003,0.14500000000000002,,,,0.045,0.055,26.42,71.0075,0.14,157.72250000000003,0.0,0.0,,741.4075,
2023-06-05 21:00:00,35.77,97.68,7.47,11.45,18.92,10.9375,8.5225,0.3,20.7075,0.18,,,,0.06,0.07,26.5925,69.0175,0.23,218.0075,0.0,0.0,,741.7225000000001,
2023-06-05 22:00:00,51.94,129.44,6.875,10.5375,17.415,10.975,8.4725,0.3025,19.044999999999998,0.18,,,,0.06,0.07,26.12,71.7875,0.1975,172.29,0.0,0.0,,741.845,
2023-06-05 23:00:00,44.545,110.8,6.9475,10.6525,17.6025,11.1225,8.575,0.3,18.009999999999998,0.18,,,,0.06,0.07,25.7225,71.985,0.20500000000000002,174.9275,0.0,0.0,,741.5649999999999,
2023-06-06 00:00:00,45.2525,101.68,6.1075,9.365,15.47,11.035,8.385,0.3025,18.985,0.1775,,,,0.06,0.07,25.05,72.8775,0.1675,125.1325,0.0,0.0,,741.3575000000001,
2023-06-06 01:00:00,45.3575,87.68,6.1075,9.365,15.47,11.0075,8.5975,0.3025,16.8075,0.1825,,,,0.06,0.07,24.45,75.12,0.13,168.91750000000002,0.0,0.0,,740.89,
2023-06-06 02:00:00,34.9375,80.32,7.1775,11.0,18.177500000000002,10.9675,8.1325,0.3125,8.7675,0.1925,,,,0.0625,0.07250000000000001,23.755000000000003,79.53,0.14250000000000002,153.5275,0.0,0.0,,740.6825,
2023-06-06 03:00:00,42.730000000000004,86.72,9.505,14.5725,24.0775,11.182500000000001,8.1675,0.33,6.9475,0.2,,,,0.07,0.08,23.605,79.65,0.185,178.2575,0.0,0.0,,740.8425,
2023-06-06 04:00:00,45.915,101.04,8.3675,12.8275,21.195,11.29,8.212499999999999,0.3275,5.970000000000001,0.2,,,,0.07,0.0775,23.645,82.9375,0.335,215.9125,0.0,0.0,,741.0975,
2023-06-06 05:00:00,39.6225,90.24,7.015000000000001,10.754999999999999,17.7725,11.105,8.4925,0.33,17.2275,0.2025,,,,0.07,0.08,24.8325,74.2175,0.2875,217.595,0.0,0.0,4.5,741.4300000000001,
2023-06-06 06:00:00,48.54,119.84,6.2725,9.6125,15.885,11.0025,9.0,0.3675,18.11,0.2175,,,,0.07250000000000001,0.08499999999999999,26.45,69.36,0.25,161.63,0.0,0.0,26.01,741.9325,
2023-06-06 07:00:00,66.7675,163.6,5.63,8.6275,14.254999999999999,10.7075,8.925,0.365,23.4675,0.22,,,,0.07,0.09,28.84,62.4,0.2925,160.035,0.0,0.0,87.36,742.35,
2023-06-06 08:00:00,53.980000000000004,134.16,5.4525,8.36,13.809999999999999,10.8575,10.145,0.3525,43.567499999999995,0.215,,,,0.07,0.0825,33.4875,48.097500000000004,0.775,228.3025,0.0,0.0,263.97249999999997,742.785,
2023-06-06 09:00:00,48.7775,123.2,5.9,9.045,14.942499999999999,10.7825,12.3875,0.3375,55.9975,0.2025,,,,0.07,0.08,35.92,42.9925,0.8925,241.0625,0.0,0.0,330.205,742.9425,
2023-06-06 10:00:00,42.339999999999996,115.6,4.8225,7.395,12.217500000000001,10.8225,10.719999999999999,0.3175,68.49249999999999,0.19,,,,0.065,0.07500000000000001,38.805,36.4725,0.9325,250.8225,0.0,0.0,369.37,742.8875,
2023-06-06 11:00:00,38.8925,96.96,4.5875,7.0275,11.6125,10.9425,10.46,0.2825,78.1375,0.17,,,,0.057499999999999996,0.0675,40.155,32.817499999999995,0.87,232.60500000000002,0.0,0.0,371.4725,742.5075,
2023-06-06 12:00:00,31.490000000000002,92.16,4.34,6.6525,10.99,10.942499999999999,10.4725,0.27,83.21000000000001,0.165,,,,0.055,0.065,41.025,30.7825,0.975,247.1325,0.0,0.0,349.6425,741.8975,
2023-06-06 13:00:00,30.89,92.32,3.9749999999999996,6.0925,10.067499999999999,10.969999999999999,9.75,0.24,86.4425,0.14500000000000002,,,,0.0475,0.057499999999999996,41.56,28.130000000000003,0.97,218.6175,0.0,0.0,306.3625,741.2475,
2023-06-06 14:00:00,29.7125,70.08,3.5075000000000003,5.375,8.875,10.5875,9.34,0.215,85.0775,0.1325,,,,0.04,0.05,41.9075,27.73,0.975,251.175,0.0,0.0,256.935,740.6275,
2023-06-06 15:00:00,30.1475,86.16,3.7325,5.720000000000001,9.4525,10.692499999999999,9.3275,0.2,76.9125,0.12,,,,0.04,0.0475,42.69,25.0325,0.925,215.835,0.0,0.0,211.5075,739.89,
2023-06-06 16:00:00,18.805,77.12,3.36,5.15,8.5125,10.5025,9.3,0.1825,79.6825,0.11,,,,0.04,0.04,41.605000000000004,25.0925,0.9125,240.85,0.0,0.0,118.6575,739.3575,
2023-06-06 17:00:00,21.9025,89.84,3.6275,5.5575,9.182500000000001,10.495000000000001,9.215,0.19,84.39750000000001,0.11,,,,0.04,0.04,38.230000000000004,29.3475,0.7949999999999999,238.5925,0.0,0.0,47.0075,739.125,
2023-06-06 18:00:00,27.8325,84.16,3.2750000000000004,5.0225,8.2975,10.7375,9.115,0.2025,29.9775,0.125,,,,0.04,0.05,35.6775,34.230000000000004,0.415,191.3725,0.0,0.0,7.45,739.1525,
2023-06-06 19:00:00,30.645,95.12,4.615,7.077500000000001,11.692499999999999,10.985,8.9575,0.2525,20.0675,0.155,,,,0.05,0.06,31.7225,43.4525,0.1525,145.695,0.0,0.0,,739.52,
2023-06-06 20:00:00,40.7525,92.88,6.5600000000000005,10.055,16.6125,11.2525,8.74,0.3325,15.995,0.2,,,,0.0675,0.0775,29.55,49.5925,0.14,166.0375,0.0,0.0,,740.1400000000001,
2023-06-06 21:00:00,47.03,108.16,6.157500000000001,9.434999999999999,15.59,11.282499999999999,9.245000000000001,0.3375,18.955,0.2,,,,0.07,0.08,29.49,49.5525,0.125,114.63499999999999,0.0,0.0,,740.5899999999999,
2023-06-06 22:00:00,41.599999999999994,105.84,5.1625,7.9125,13.08,11.11,8.9625,0.34,19.715,0.2,,,,0.07,0.08,28.195,52.955,0.1125,121.97999999999999,0.0,0.0,,740.75,
2023-06-06 23:00:00,46.807500000000005,100.56,5.8774999999999995,9.01,14.884999999999998,11.0275,8.7025,0.36,18.3175,0.2175,,,,0.07,0.0875,27.125,56.66,0.14750000000000002,171.54749999999999,0.0,0.0,,740.7375,
2023-06-07 00:00:00,55.8275,116.4,5.18,7.9425,13.125,10.94,8.77,0.3575,17.47,0.2175,,,,0.07,0.0875,26.572499999999998,62.565,0.2025,185.1325,0.0,0.0,,740.7574999999999,
2023-06-07 01:00:00,49.7025,108.88,4.325,6.63,10.955,10.93,8.9,0.35,20.405,0.21,,,,0.07,0.08,26.0375,62.8575,0.1175,153.9075,0.0,0.0,,740.6875,
2023-06-07 02:00:00,46.4875,98.56,4.25,6.515000000000001,10.765,10.825,8.7425,0.35,21.4275,0.2125,,,,0.07,0.0825,25.345,64.565,0.14,143.5625,0.0,0.0,,740.3975,
2023-06-07 03:00:00,47.099999999999994,101.28,4.135,6.34,10.475,10.907499999999999,8.89,0.3525,25.435,0.2125,,,,0.07,0.08499999999999999,25.1,65.3475,0.195,170.1,0.0,0.0,,740.3525,
2023-06-07 04:00:00,42.6875,94.72,4.1525,6.3625,10.51,10.8325,8.955,0.3775,23.6375,0.2225,,,,0.07250000000000001,0.09,24.7875,66.7175,0.16,176.715,0.0,0.0,,740.4475,
2023-06-07 05:00:00,56.870000000000005,120.8,5.1775,7.9399999999999995,13.115,10.8925,8.879999999999999,0.3925,16.6625,0.23249999999999998,,,,0.0775,0.095,24.085,70.97749999999999,0.21,199.6125,0.0,0.0,4.516666666666667,740.7425000000001,
2023-06-07 06:00:00,54.79,119.76,5.7075,8.7525,14.4625,10.935,9.1175,0.41,17.372500000000002,0.2475,,,,0.08,0.1,25.4775,70.985,0.23249999999999998,178.3825,0.0,0.0,23.4325,741.3375,
2023-06-07 07:00:00,56.665,141.04,4.3375,6.645,10.985,10.8375,10.065,0.385,45.835,0.2275,,,,0.0775,0.09,30.365000000000002,51.3625,0.6725,254.95749999999998,0.0,0.0,87.005,741.9449999999999,
2023-06-07 08:00:00,45.052499999999995,127.52,3.5825,5.49,9.067499999999999,10.795,9.8075,0.3575,57.05,0.215,,,,0.07,0.0875,36.065,38.015,0.61,213.36,0.0,0.0,294.5925,742.15,
2023-06-07 09:00:00,36.165,104.16,3.3175,5.0875,8.4125,10.705,10.24,0.3425,67.4575,0.20500000000000002,,,,0.07,0.08,39.09,31.8175,0.7775,231.6575,0.0,0.0,354.9125,742.345,
2023-06-07 10:00:00,31.02,90.08,3.2475,4.975,8.225,10.9725,10.235,0.3125,76.10249999999999,0.1875,,,,0.0625,0.07250000000000001,40.3175,29.3625,0.8175,222.64249999999998,0.0,0.0,383.185,742.2825,
2023-06-07 11:00:00,27.4575,78.96,3.3275,5.1,8.4275,10.9275,11.225,0.2825,80.94,0.17,,,,0.057499999999999996,0.0675,41.4,25.9225,1.0375,249.26250000000002,0.0,0.0,384.945,742.19,
2023-06-07 12:00:00,26.737499999999997,76.4,2.505,3.8400000000000003,6.345,10.83,9.6775,0.235,78.1775,0.14500000000000002,,,,0.045,0.055,41.9375,23.615000000000002,0.9975,218.635,0.0,0.0,359.565,741.74,
2023-06-07 13:00:00,23.1425,65.76,2.4275,3.7199999999999998,6.1475,10.845,9.3475,0.2225,78.475,0.135,,,,0.0425,0.052500000000000005,42.725,22.9825,1.0025,232.6975,0.0,0.0,314.265,741.1075,
2023-06-07 14:00:00,22.65,68.56,2.1399999999999997,3.28,5.42,10.717500000000001,9.217500000000001,0.20500000000000002,79.2975,0.1275,,,,0.04,0.05,43.792500000000004,22.1525,0.875,228.0075,0.0,0.0,266.87,740.4775,
2023-06-07 15:00:00,23.885,75.36,2.245,3.44,5.6850000000000005,10.64,9.97,0.195,85.08,0.11499999999999999,,,,0.04,0.045,43.36,22.3475,1.0175,259.97,0.0,0.0,211.4275,739.9275,
2023-06-07 16:00:00,29.130000000000003,109.44,1.98,3.035,5.015,10.467500000000001,9.935,0.195,82.6625,0.11499999999999999,,,,0.04,0.045,41.5775,24.605,1.0074999999999998,246.625,0.0,0.0,109.3425,739.4425,
2023-06-07 17:00:00,30.6025,81.92,2.1825,3.345,5.525,10.495000000000001,10.307500000000001,0.1925,85.2375,0.1125,,,,0.04,0.045,39.197500000000005,27.6825,0.77,258.26,0.0,0.0,47.495000000000005,739.345,
2023-06-07 18:00:00,29.785,,3.2725,5.0125,8.285,10.7125,10.3325,0.20500000000000002,77.06,0.12,,,,0.04,0.045,36.76,31.7075,0.48,184.835,0.0,0.0,7.5775,739.44,
2023-06-07 19:00:00,31.9375,,5.2,7.9625,13.1625,10.9875,10.120000000000001,0.26,55.2775,0.155,,,,0.052500000000000005,0.0625,32.525,41.9675,0.17,130.745,0.0,0.0,,739.825,
2023-06-07 20:00:00,45.067499999999995,105.28,7.43,11.3875,18.82,11.3325,9.865,0.3375,44.93,0.2025,,,,0.07,0.08,30.725,48.0625,0.19,137.4075,0.0,0.0,,740.3,
2023-06-07 21:00:00,46.0625,127.68,7.3100000000000005,11.205,18.515,11.2375,10.015,0.35250000000000004,45.905,0.21000000000000002,,,,0.07,0.08499999999999999,31.565,46.765,0.3825,180.07,0.0,0.0,,740.7625,
2023-06-07 22:00:00,46.0025,144.08,7.0275,10.7725,17.8,11.2625,9.2875,0.35,45.51,0.215,,,,0.07,0.0825,31.8075,45.464999999999996,0.3125,154.51,0.0,0.0,,741.1675,
2023-06-07 23:00:00,42.345,109.12,7.7,11.807500000000001,19.505000000000003,11.455,9.08,0.375,33.205,0.22,,,,0.07,0.09,29.947499999999998,51.4125,0.21,143.5975,0.0,0.0,,741.0325,
2023-06-08 00:00:00,40.14,110.72,7.09,10.8675,17.96,11.3175,9.46,0.35,29.6,0.21000000000000002,,,,0.07,0.08499999999999999,29.1725,54.8375,0.26,180.385,0.0,0.0,,740.8774999999999,
2023-06-08 01:00:00,39.847500000000004,107.28,5.8925,9.035,14.9325,11.3025,9.3325,0.315,31.07,0.19,,,,0.0625,0.07500000000000001,28.845,55.887499999999996,0.275,164.5225,0.0,0.0,,740.7375,
2023-06-08 02:00:00,42.64,102.32,5.405,8.285,13.69,11.1825,9.275,0.305,29.5075,0.185,,,,0.06,0.07,28.2225,58.18,0.26,171.945,0.0,0.0,,740.625,
2023-06-08 03:00:00,39.9975,101.04,5.1225,7.85,12.9725,10.9375,9.5075,0.3075,26.9625,0.185,,,,0.0625,0.07,26.810000000000002,62.6875,0.2475,192.79500000000002,0.0,0.0,,740.74,
2023-06-08 04:00:00,39.9975,109.68,5.2725,8.08,13.350000000000001,10.8925,9.43,0.315,25.825,0.19,,,,0.065,0.07500000000000001,26.28,65.30250000000001,0.25,179.215,0.0,0.0,,741.0525,
2023-06-08 05:00:00,50.345,135.68,5.4350000000000005,8.33,13.7625,11.09,9.77,0.33,23.6275,0.1975,,,,0.0675,0.0775,26.065,67.89,0.2225,184.005,0.0,0.0,5.04,741.33,
2023-06-08 06:00:00,55.15,133.04,5.4725,8.3925,13.8675,10.9475,10.18,0.3475,27.520000000000003,0.2075,,,,0.07,0.08,27.3975,66.0575,0.2675,204.82999999999998,0.0,0.0,24.64,741.7325,
2023-06-08 07:00:00,55.59,167.04,5.3,8.125,13.4275,10.9075,10.775,0.36,42.665,0.2175,,,,0.07,0.0875,30.855,56.555,0.3425,187.395,0.0,0.0,85.4325,742.02,
2023-06-08 08:00:00,56.69,166.72,4.4125,6.7625,11.1725,10.8525,11.81,0.3475,61.2225,0.2075,,,,0.07,0.08,36.644999999999996,40.7575,0.6275,224.1875,0.0,0.0,287.2475,742.2375,
2023-06-08 09:00:00,50.575,142.96,3.3825,5.1875,8.57,10.8325,10.8775,0.3125,74.3575,0.19,,,,0.0625,0.07250000000000001,39.18,34.379999999999995,0.735,215.5625,0.0,0.0,352.565,742.2825,
2023-06-08 10:00:00,36.010000000000005,99.2,3.1875,4.89,8.08,10.8825,10.977500000000001,0.3,80.0625,0.18,,,,0.06,0.07,40.025,31.47,1.1,250.9175,0.0,0.0,382.03499999999997,742.125,
2023-06-08 11:00:00,38.555,98.16,2.545,3.9,6.4475,10.805,10.36,0.2575,79.815,0.155,,,,0.052500000000000005,0.0625,41.07,27.485,0.9225,238.645,0.0,0.0,385.985,741.7775,
2023-06-08 12:00:00,28.295,78.64,2.1475,3.2925,5.4399999999999995,10.7075,10.102500000000001,0.23,79.23750000000001,0.14250000000000002,,,,0.045,0.052500000000000005,41.715,25.045,1.3,249.6575,0.0,0.0,360.29499999999996,741.29,
2023-06-08 13:00:00,24.9675,95.52,2.145,3.285,5.43,10.557500000000001,10.3,0.21,77.625,0.1325,,,,0.04,0.05,42.5025,24.3825,1.1475,245.64749999999998,0.0,0.0,316.9475,740.6575,
2023-06-08 14:00:00,24.9575,95.2,1.9125,2.93,4.845,10.5475,10.024999999999999,0.1925,77.31,0.11499999999999999,,,,0.04,0.0425,43.072500000000005,23.1575,1.3525,259.71000000000004,0.0,0.0,269.3325,739.95,
2023-06-08 15:00:00,20.682499999999997,99.84,1.945,2.98,4.92,10.5625,9.9275,0.1875,77.3575,0.11,,,,0.04,0.04,43.3525,22.565,1.1875,240.59,0.0,0.0,214.2,739.265,
2023-06-08 16:00:00,22.97,96.0,1.7925,2.7475,4.54,10.4925,9.2375,0.1825,80.42,0.11,,,,0.04,0.04,42.025,23.9475,1.0924999999999998,270.575,0.0,0.0,121.56,738.8275,
2023-06-08 17:00:00,26.7725,104.64,2.2525,3.45,5.702500000000001,10.4825,9.645,0.17250000000000001,75.975,0.11,,,,0.04,0.04,39.735,26.634999999999998,0.8300000000000001,235.22,0.0,0.0,48.155,738.495,
2023-06-08 18:00:00,22.9125,98.64,2.9175,4.475,7.39,10.434999999999999,9.455,0.195,66.6,0.1175,,,,0.04,0.045,37.45,30.715,0.6,268.52750000000003,0.0,0.0,8.584999999999999,738.535,
2023-06-08 19:00:00,34.777499999999996,112.24,4.6775,7.165,11.8425,10.77,9.0625,0.2425,50.230000000000004,0.14500000000000002,,,,0.0475,0.06,34.5225,36.8325,0.4075,213.85750000000002,0.0,0.0,,738.82,
2023-06-08 20:00:00,37.4525,131.44,5.285,8.1,13.3875,10.9525,9.504999999999999,0.2575,45.7175,0.155,,,,0.05,0.06,33.6075,38.125,0.3075,201.0525,0.0,0.0,,739.2625,
2023-06-08 21:00:00,30.9875,122.0,5.045,7.735,12.775,11.08,9.510000000000002,0.265,37.85,0.1625,,,,0.052500000000000005,0.0625,32.082499999999996,42.974999999999994,0.2575,190.99,0.0,0.0,,739.6525,
2023-06-08 22:00:00,34.455,116.96,6.22,9.5325,15.7525,11.0625,9.067499999999999,0.305,29.317500000000003,0.185,,,,0.06,0.07,29.805,48.995000000000005,0.215,192.91,0.0,0.0,,739.7125,
2023-06-08 23:00:00,30.982499999999998,116.0,6.3925,9.8,16.197499999999998,11.195,9.37,0.3225,24.81,0.1925,,,,0.0625,0.0775,28.2825,53.455,0.1725,158.9225,0.0,0.0,,739.42,
2023-06-09 00:00:00,37.725,115.12,6.1375,9.41,15.545,11.219999999999999,9.45,0.315,22.615000000000002,0.19,,,,0.0625,0.07500000000000001,27.4075,57.415,0.1275,115.395,0.0,0.0,,739.295,
2023-06-09 01:00:00,36.7525,113.2,6.327500000000001,9.7,16.0275,11.08,9.3625,0.3225,17.4025,0.195,,,,0.065,0.07500000000000001,26.4025,61.332499999999996,0.125,156.52249999999998,0.0,0.0,,739.0925,
2023-06-09 02:00:00,44.730000000000004,119.44,6.4275,9.8525,16.2825,11.075,9.4575,0.33,18.63,0.2,,,,0.0675,0.08,25.8225,64.095,0.2,181.075,0.0,0.0,,738.9475,
2023-06-09 03:00:00,44.415,118.0,7.11,10.8975,18.0075,10.9875,9.22,0.3375,11.4275,0.2,,,,0.07,0.08,25.322499999999998,68.87,0.10250000000000001,123.27499999999999,0.0,0.0,,738.8199999999999,
2023-06-09 04:00:00,43.4675,108.96,6.6775,10.2375,16.9125,11.0325,9.005,0.3375,9.22,0.2,,,,0.07,0.08,24.92,72.3225,0.07,92.0875,0.0,0.0,,739.135,
2023-06-09 05:00:00,39.085,94.72,6.965,10.6725,17.64,11.0675,8.434999999999999,0.3375,5.285,0.2,,,,0.07,0.08,24.785,76.455,0.16999999999999998,150.5475,0.0,0.0,5.013333333333334,739.52,
2023-06-09 06:00:00,,,6.6274999999999995,10.16,16.7875,11.0975,10.065000000000001,0.3575,23.4125,0.2175,,,,0.07,0.08499999999999999,28.015,64.15,0.3875,221.9275,0.0,0.0,28.189999999999998,740.1175,
2023-06-09 07:00:00,54.71,149.6,5.6925,8.7325,14.4225,10.93,10.5925,0.36,37.769999999999996,0.22,,,,0.07,0.0875,31.9625,52.7425,0.42,214.095,0.0,0.0,82.4525,740.435,
2023-06-09 08:00:00,48.5925,150.88,4.67,7.16,11.835,10.965,10.615,0.3425,52.7175,0.20500000000000002,,,,0.07,0.08,37.125,40.89,0.525,226.945,0.0,0.0,247.9275,740.585,
2023-06-09 09:00:00,39.7725,134.16,4.175,6.3975,10.565000000000001,10.9825,9.875,0.315,58.92,0.19,,,,0.06,0.07250000000000001,39.8575,34.9575,0.6950000000000001,250.615,0.0,0.0,318.8925,740.4449999999999,
2023-06-09 10:00:00,38.12,109.2,3.225,4.9399999999999995,8.165,10.7775,10.14,0.2475,81.475,0.14500000000000002,,,,0.052500000000000005,0.06,41.254999999999995,31.0,0.8925000000000001,238.6225,0.0,0.0,356.6125,740.15,
2023-06-09 11:00:00,30.612499999999997,104.72,2.8575,4.38,7.2425,10.969999999999999,11.18,0.2375,85.6175,0.14,,,,0.0475,0.057499999999999996,42.3575,27.295,1.1,232.235,0.0,0.0,363.8125,739.6675,
2023-06-09 12:00:00,22.467499999999998,112.0,2.535,3.8850000000000002,6.4225,10.775,10.7175,0.2225,85.785,0.1375,,,,0.045,0.055,42.7325,25.13,1.4224999999999999,249.95,0.0,0.0,337.7375,739.1475,
2023-06-09 13:00:00,26.2075,94.24,2.0625,3.16,5.220000000000001,10.7775,10.65,0.1825,89.00750000000001,0.1075,,,,0.0375,0.04,43.052499999999995,23.655,1.1,251.6275,0.0,0.0,270.6675,738.4975,
2023-06-09 14:00:00,21.965,69.12,3.755,5.755,9.51,12.5,10.3675,0.1875,77.09,0.11,,,,0.04,0.04,42.6375,24.06,0.9875,251.41500000000002,0.0,0.0,203.02,737.67,
2023-06-09 15:00:00,22.4625,80.16,3.51,5.38,8.89,11.9125,11.13,0.185,75.095,0.11,,,,0.04,0.04,43.9725,22.125,0.9750000000000001,239.17000000000002,0.0,0.0,201.65,736.86,
2023-06-09 16:00:00,25.59,80.4,2.93,4.4925,7.4175,11.56,11.2775,0.175,80.4275,0.1075,,,,0.0375,0.04,42.735,23.435,1.045,233.1,0.0,0.0,123.095,736.2975,
2023-06-09 17:00:00,25.525,85.28,3.1825,4.8775,8.06,11.2925,11.05,0.185,82.6,0.11,,,,0.04,0.0425,39.96,27.127499999999998,0.865,262.905,0.0,0.0,45.394999999999996,736.3199999999999,
2023-06-09 18:00:00,28.7875,96.48,4.2975,6.585,10.879999999999999,11.155,11.3825,0.225,79.73,0.1375,,,,0.045,0.055,37.575,34.5225,0.54,194.4075,0.0,0.0,7.2375,736.66,
2023-06-09 19:00:00,39.457499999999996,115.6,5.5525,8.5125,14.067499999999999,11.23,10.71,0.27,60.0725,0.1625,,,,0.055,0.065,34.5025,42.09,0.3125,166.0975,0.0,0.0,,736.915,
2023-06-09 20:00:00,35.87,117.36,6.495,9.9525,16.4525,11.2325,10.195,0.3175,49.92,0.1925,,,,0.065,0.07500000000000001,32.69,46.2025,0.215,185.85750000000002,0.0,0.0,,737.285,
2023-06-09 21:00:00,38.56,109.28,6.890000000000001,10.56,17.45,11.355,10.7125,0.355,37.4625,0.215,,,,0.07,0.08499999999999999,31.0875,51.4625,0.2425,159.5275,0.0,0.0,,737.5775,
2023-06-09 22:00:00,43.385000000000005,119.44,7.1125,10.9025,18.0175,11.1675,10.065000000000001,0.3925,34.5075,0.2375,,,,0.0775,0.095,29.8075,54.0575,0.1975,163.04500000000002,0.0,0.0,,737.8824999999999,
2023-06-09 23:00:00,48.3425,126.24,7.1225000000000005,10.915,18.0375,11.2875,10.2525,0.3975,27.9025,0.2375,,,,0.08,0.095,28.765,57.932500000000005,0.14,161.53,0.0,0.0,,737.7149999999999,
2023-06-10 00:00:00,43.19,124.0,7.084999999999999,10.8575,17.9425,11.1625,9.97,0.3725,25.77,0.2225,,,,0.07500000000000001,0.0875,28.5075,60.8375,0.2375,156.5175,0.0,0.0,,737.4575,
2023-06-10 01:00:00,46.230000000000004,120.88,5.435,8.33,13.7625,11.0375,9.7525,0.3275,18.895000000000003,0.1975,,,,0.065,0.07500000000000001,28.6475,63.56,0.2275,190.76999999999998,0.0,0.0,,737.115,
2023-06-10 02:00:00,32.7875,101.92,4.575,7.0175,11.5975,10.79,9.82,0.32,19.66,0.195,,,,0.065,0.07500000000000001,28.1825,65.155,0.18,176.3875,0.0,0.0,,736.9575,
2023-06-10 03:00:00,40.254999999999995,105.12,4.2175,6.46,10.67,10.7325,9.68,0.3125,18.995,0.1875,,,,0.06,0.07,28.060000000000002,66.22749999999999,0.2575,170.9075,0.0,0.0,,737.11,
2023-06-10 04:00:00,36.7475,108.88,4.4075,6.7475,11.1525,10.7025,9.6975,0.315,12.5125,0.1925,,,,0.0625,0.07250000000000001,27.4925,69.3075,0.12,129.365,0.0,0.0,,737.3050000000001,
2023-06-10 05:00:00,39.56666666666667,125.36,5.12,7.84,12.959999999999999,10.663333333333332,9.433333333333334,0.32666666666666666,7.3500000000000005,0.19666666666666668,,,,0.06666666666666667,0.07666666666666667,26.39,74.91666666666667,0.10666666666666667,114.19,0.0,0.0,2.67,737.62,
2023-06-10 06:00:00,,,,,,,,,,,,,,,,,,,,,0.0,,,
2023-06-10 07:00:00,,,,,,,,,,,,,,,,,,,,,0.0,,,
2023-06-10 08:00:00,,,4.425000000000001,6.775,7.466666666666666,11.120000000000001,11.114999999999998,0.26333333333333336,42.269999999999996,0.16,,,,0.08499999999999999,0.095,,,,,0.0,0.0,,,
2023-06-10 09:00:00,,,4.49,6.88,5.6850000000000005,11.23,11.965,0.20500000000000002,63.004999999999995,0.1275,,,,0.08499999999999999,0.1,,,,,0.0,0.0,,,
2023-06-10 10:00:00,,,3.8074999999999997,5.8375,9.6425,10.91,11.3675,0.3925,77.3275,0.235,,,,0.08,0.095,,,,,0.0,0.0,,,
2023-06-10 11:00:00,47.52,112.24,3.2225,4.9350000000000005,8.155000000000001,10.795,11.0375,0.3925,90.595,0.23,,,,0.08,0.09,,,,,0.0,0.0,,,
2023-06-10 12:00:00,44.292500000000004,113.08250000000001,2.725,4.1775,6.9025,10.82,12.0275,0.3525,93.795,0.2125,,,,0.07,0.0825,,,,,0.0,0.0,,,
2023-06-10 13:00:00,41.947500000000005,111.6,2.4375,3.74,6.1775,10.6675,12.6175,0.3325,94.0975,0.2,,,,0.07,0.08,,,,,0.0,0.0,,,
2023-06-10 14:00:00,40.245,105.745,2.51,3.8449999999999998,6.355,10.795,13.52,0.3225,98.555,0.195,,,,0.065,0.07500000000000001,,,,,0.0,0.0,,,
2023-06-10 15:00:00,42.82,118.08,2.3725,3.635,6.0075,10.6825,13.5525,0.3,96.6075,0.18,,,,0.06,0.07,,,,,0.0,0.0,,,
2023-06-10 16:00:00,42.655,117.625,2.12,3.2525,5.3725000000000005,10.7025,12.315000000000001,0.28250000000000003,95.0475,0.17,,,,0.06,0.07,,,,,0.0,0.0,,,
2023-06-10 17:00:00,40.815,113.26750000000001,1.9849999999999999,3.0475,5.0325,10.48,11.05,0.2625,89.6425,0.16,,,,0.05,0.06,,,,,0.0,0.0,,,
2023-06-10 18:00:00,40.8725,115.76,2.6799999999999997,4.1075,6.7875,10.65,11.9675,0.275,77.545,0.1675,,,,0.055,0.065,,,,,0.0,0.0,,,
2023-06-10 19:00:00,44.18,119.8225,4.5575,6.9875,11.5425,10.817499999999999,11.217500000000001,0.3125,63.945,0.19,,,,0.0625,0.07250000000000001,,,,,0.0,0.0,,,
2023-06-10 20:00:00,46.0,129.42499999999998,5.8275,8.934999999999999,14.765,10.985,11.1225,0.34750000000000003,45.845,0.21000000000000002,,,,0.07,0.08499999999999999,,,,,0.0,0.0,,,
2023-06-10 21:00:00,51.4,138.73499999999999,7.172499999999999,10.9975,18.1725,11.3225,11.605,0.4,32.84,0.2375,,,,0.0775,0.0975,,,,,0.0,0.0,,,
2023-06-10 22:00:00,52.2875,133.52,7.54,11.5525,19.0925,11.3025,10.7375,0.4225,24.095,0.255,,,,0.08499999999999999,0.1,,,,,0.0,0.0,,,
2023-06-10 23:00:00,46.0325,131.5275,7.359999999999999,11.2825,18.6475,11.43,10.7775,0.41000000000000003,23.06,0.245,,,,0.0825,0.1,,,,,0.0,0.0,,,
2023-06-11 00:00:00,49.635000000000005,131.92,7.4475,11.42,18.875,11.315,10.975,0.4,19.9075,0.2425,,,,0.08,0.1,,,,,0.0,0.0,,,
2023-06-11 01:00:00,50.295,130.4,7.1,10.885,17.9925,10.967500000000001,11.215,0.41,15.032499999999999,0.25,,,,0.0825,0.1,,,,,0.0,0.0,,,
2023-06-11 02:00:00,52.067499999999995,126.0,7.2225,11.0725,18.2925,11.192499999999999,10.9175,0.4175,12.7625,0.25,,,,0.0825,0.1,,,,,0.0,0.0,,,
2023-06-11 03:00:00,54.2125,140.64,6.1025,9.355,15.46,10.895,11.085,0.4025,14.56,0.24,,,,0.08,0.1,,,,,0.0,0.0,,,
2023-06-11 04:00:00,53.105,148.72,5.825,8.925,14.745,10.8375,10.4,0.395,13.8975,0.2375,,,,0.08,0.095,,,,,0.0,0.0,,,
2023-06-11 05:00:00,52.66,159.52,5.6274999999999995,8.6275,14.255,10.8025,10.67,0.3925,9.4725,0.2325,,,,0.0775,0.0925,,,,,0.0,0.0,,,
2023-06-11 06:00:00,51.6525,154.08,4.9775,7.6325,12.61,11.0275,10.535,0.395,15.165,0.23,,,,0.08,0.09,,,,,0.0,0.0,,,
2023-06-11 07:00:00,54.64,183.44,4.715,7.2275,11.945,10.785,10.967500000000001,0.3975,24.975,0.2375,,,,0.08,0.0975,,,,,0.0,0.0,,,
2023-06-11 08:00:00,57.6125,179.28,4.46,6.8375,11.3025,10.9225,11.525,0.4025,39.615,0.2425,,,,0.08,0.1,,,,,0.0,0.0,,,
2023-06-11 09:00:00,61.864999999999995,171.52,4.1075,6.2925,10.4025,10.96,10.7225,0.38,57.667500000000004,0.225,,,,0.07250000000000001,0.09,,,,,0.0,0.0,,,
2023-06-11 10:00:00,53.035000000000004,158.8,3.6849999999999996,5.65,9.3325,10.855,10.48,0.375,70.095,0.22,,,,0.07,0.09,,,,,0.0,0.0,,,
2023-06-11 11:00:00,43.365,146.96,2.92,4.475,7.4,10.8,10.535,0.3175,67.545,0.1875,,,,0.065,0.07500000000000001,,,,,0.0,0.0,,,
2023-06-11 12:00:00,36.875,120.08,2.1475,3.2875,5.4325,10.8225,10.655000000000001,0.26,62.18,0.155,,,,0.05,0.06,,,,,0.0,0.0,,,
2023-06-11 13:00:00,29.645,125.2,1.3575,2.0875,3.4450000000000003,10.47,10.28,0.21,53.6375,0.13,,,,0.04,0.0475,,,,,0.0,0.0,,,
2023-06-11 14:00:00,30.494999999999997,150.88,1.3125,2.0149999999999997,3.325,10.3625,10.14,0.1825,53.415000000000006,0.1075,,,,0.0375,0.04,,,,,0.0,0.0,,,
2023-06-11 15:00:00,28.66,183.84,1.25,1.92,3.175,10.4525,9.735,0.1625,54.004999999999995,0.1,,,,0.0325,0.04,,,,,0.0,0.0,,,
2023-06-11 16:00:00,35.705,178.0,1.3425,2.0525,3.3925,10.345,9.59,0.155,58.4625,0.095,,,,0.03,0.04,,,,,0.0,0.0,,,
2023-06-11 17:00:00,37.447500000000005,193.52,1.4625,2.2424999999999997,3.7,10.317499999999999,10.145,0.16,64.6625,0.1,,,,0.03,0.04,,,,,0.0,0.0,,,
2023-06-11 18:00:00,35.4675,182.96,2.3725,3.6325,6.0075,10.3125,10.5025,0.18,62.94,0.1075,,,,0.0375,0.04,,,,,0.0,0.0,,,
2023-06-11 19:00:00,43.1875,177.68,3.6325000000000003,5.5675,9.1975,10.56,10.3875,0.2225,52.6525,0.1325,,,,0.045,0.055,,,,,0.0,0.0,,,
2023-06-11 20:00:00,43.905,190.72,4.2425,6.4975000000000005,10.74,10.6975,10.2125,0.2525,45.185,0.15,,,,0.05,0.06,,,,,0.0,0.0,,,
2023-06-11 21:00:00,47.415,193.12,4.85,7.435,12.2875,10.84,11.02,0.2725,42.7325,0.1675,,,,0.057499999999999996,0.0675,,,,,0.0,0.0,,,
2023-06-11 22:00:00,48.665,193.84,4.515000000000001,6.925000000000001,11.44,10.7275,10.8675,0.29,41.765,0.17250000000000001,,,,0.06,0.07,,,,,0.0,0.0,,,
2023-06-11 23:00:00,51.0,171.52,4.975,7.6325,12.6075,10.8975,11.3275,0.28250000000000003,34.8025,0.17,,,,0.06,0.07,,,,,0.0,0.0,,,
2023-06-12 00:00:00,46.7875,145.6,5.215,7.99,13.205,10.8675,11.825,0.2925,34.835,0.17,,,,0.06,0.07,,,,,0.0,0.0,,,
2023-06-12 01:00:00,42.0,138.64,4.35,6.665,11.0125,10.855,11.03,0.27,36.1,0.165,,,,0.055,0.065,,,,,0.0,0.0,,,
2023-06-12 02:00:00,42.7475,131.36,4.1875,6.4175,10.605,10.6625,11.45,0.27,34.89,0.17,,,,0.06,0.065,,,,,0.0,0.0,,,
2023-06-12 03:00:00,40.7475,131.04,3.58,5.4875,9.06,10.685,11.675,0.2675,38.3075,0.1625,,,,0.055,0.0675,,,,,0.0,0.0,,,
2023-06-12 04:00:00,47.707499999999996,151.76,3.9050000000000002,5.9875,9.89,10.7875,11.245,0.2725,31.2225,0.1675,,,,0.057499999999999996,0.0675,,,,,0.0,0.0,,,
2023-06-12 05:00:00,42.9875,139.36,4.38,6.715,11.1,10.54,11.1125,0.275,27.9225,0.1675,,,,0.057499999999999996,0.0675,,,,,0.0,0.0,,,
2023-06-12 06:00:00,47.965,147.84,4.715,7.23,11.95,10.68,11.1475,0.29,26.07,0.17250000000000001,,,,0.06,0.07,,,,,0.0,0.0,,,
2023-06-12 07:00:00,53.255,166.08,4.015000000000001,6.15,10.1625,10.8275,12.1125,0.2925,42.57,0.175,,,,0.06,0.07,,,,,0.0,0.0,,,
2023-06-12 08:00:00,47.745,167.44,3.8325,5.875,9.7075,10.7925,13.245000000000001,0.29,51.5175,0.17,,,,0.06,0.07,,,,,0.0,0.0,,,
2023-06-12 09:00:00,45.3875,146.64,3.1,4.755,7.855,10.6925,11.1025,0.27749999999999997,62.2525,0.165,,,,0.055,0.0675,,,,,0.0,0.0,,,
2023-06-12 10:00:00,41.6325,134.56,2.5324999999999998,3.88,6.4175,10.6675,10.3325,0.2625,64.515,0.1575,,,,0.052500000000000005,0.0625,,,,,0.0,0.0,,,
2023-06-12 11:00:00,40.0725,149.04,2.2824999999999998,3.5025,5.785,10.48,10.76,0.22749999999999998,65.03,0.1375,,,,0.045,0.052500000000000005,,,,,0.0,0.0,,,
2023-06-12 12:00:00,41.215,186.8,1.54,2.3625,3.9025,10.43,10.285,0.1925,54.505,0.1175,,,,0.04,0.045,,,,,0.0,0.0,,,
2023-06-12 13:00:00,48.575,239.44,1.5,2.3,3.8025,10.4025,9.5875,0.175,51.345,0.10500000000000001,,,,0.035,0.04,,,,,0.0,0.0,,,
2023-06-12 14:00:00,51.925,252.4,1.4675,2.25,3.715,10.1475,9.5075,0.165,52.4725,0.1,,,,0.0325,0.04,,,,,0.0,0.0,,,
2023-06-12 15:00:00,47.3675,236.96,1.3599999999999999,2.085,3.4450000000000003,10.317499999999999,9.8325,0.1575,56.2675,0.1,,,,0.03,0.04,,,,,0.0,0.0,,,
2023-06-12 16:00:00,45.7525,206.08,1.345,2.065,3.4074999999999998,10.31,9.9475,0.16,56.04,0.0975,,,,0.03,0.04,,,,,0.0,0.0,,,
2023-06-12 17:00:00,40.815,207.36,1.5525,2.3825,3.9349999999999996,10.3575,10.5175,0.1725,58.2475,0.10500000000000001,,,,0.035,0.04,,,,,0.0,0.0,,,
2023-06-12 18:00:00,47.095,195.68,1.9475,2.9899999999999998,4.9375,10.4475,10.815000000000001,0.185,59.6275,0.1125,,,,0.04,0.0425,,,,,0.0,0.0,,,
2023-06-12 19:00:00,46.605000000000004,188.4,3.7175000000000002,5.7,9.415,10.465,10.7025,0.225,52.385000000000005,0.1375,,,,0.045,0.055,,,,,0.0,0.0,,,
2023-06-12 20:00:00,45.2675,191.44,4.3675,6.6975,11.067499999999999,10.71,11.067499999999999,0.2575,44.4675,0.1575,,,,0.05,0.06,,,,,0.0,0.0,,,
2023-06-12 21:00:00,52.495000000000005,188.0,4.8925,7.4975000000000005,12.39,10.82,11.14,0.28500000000000003,37.7275,0.17,,,,0.06,0.07,,,,,0.0,0.0,,,
2023-06-12 22:00:00,52.955,165.76,4.7925,7.3425,12.1325,10.75,11.469999999999999,0.2875,41.81,0.17,,,,0.06,0.07,,,,,0.0,0.0,,,
2023-06-12 23:00:00,45.36,129.84,5.279999999999999,8.0925,13.3725,10.8625,11.5875,0.315,37.3425,0.19,,,,0.0625,0.07250000000000001,,,,,0.0,0.0,,,
2023-06-13 00:00:00,46.707499999999996,118.72,5.83,8.935,14.7625,10.8725,12.192499999999999,0.3325,35.885,0.1975,,,,0.0675,0.0775,,,,,0.0,0.0,,,
2023-06-13 01:00:00,47.865,127.44,6.3575,9.745,16.105,11.085,12.067499999999999,0.33,34.2125,0.1975,,,,0.0675,0.0775,,,,,0.0,0.0,,,
2023-06-13 02:00:00,45.715,124.32,6.25,9.5825,15.83,10.875,11.47,0.3375,31.3825,0.2,,,,0.07,0.08,,,,,0.0,0.0,,,
2023-06-13 03:00:00,48.565,133.84,6.279999999999999,9.6225,15.897499999999999,10.9175,11.84,0.3275,27.580000000000002,0.2,,,,0.07,0.08,,,,,0.0,0.0,,,
2023-06-13 04:00:00,48.415,133.84,6.065,9.2925,15.355,10.7875,11.3275,0.325,22.64,0.195,,,,0.0675,0.0775,,,,,0.0,0.0,,,
2023-06-13 05:00:00,51.745000000000005,129.28,5.12,7.845000000000001,12.9675,10.79,11.5075,0.3075,31.0075,0.1875,,,,0.06,0.07,,,,,0.0,0.0,,,
2023-06-13 06:00:00,43.18,148.8,4.4775,6.86,11.334999999999999,10.64,11.7675,0.3125,39.89,0.19,,,,0.0625,0.07250000000000001,,,,,0.0,0.0,,,
2023-06-13 07:00:00,52.295,172.56,4.4075,6.7575,11.1675,10.745000000000001,13.434999999999999,0.3325,41.9625,0.2,,,,0.07,0.08,,,,,0.0,0.0,,,
2023-06-13 08:00:00,58.5,167.28,4.18,6.407500000000001,10.59,10.555,13.485,0.345,50.04,0.20500000000000002,,,,0.07,0.0825,,,,,0.0,0.0,,,
2023-06-13 09:00:00,61.08,163.04,4.015,6.15,10.165,10.565000000000001,12.497499999999999,0.3475,65.3725,0.21,,,,0.07,0.08,,,,,0.0,0.0,,,
2023-06-13 10:00:00,48.735,157.76,2.6225,4.015,6.635,10.5825,13.9925,0.305,71.2775,0.1775,,,,0.06,0.07,,,,,0.0,0.0,,,
2023-06-13 11:00:00,48.9925,175.04,1.7825,2.73,4.512499999999999,10.395,10.8575,0.2375,56.1225,0.14500000000000002,,,,0.0475,0.055,,,,,0.0,0.0,,,
2023-06-13 12:00:00,40.527499999999996,205.36,1.31,2.01,3.325,10.25,11.42,0.20750000000000002,55.269999999999996,0.1225,,,,0.04,0.05,,,,,0.0,0.0,,,
2023-06-13 13:00:00,41.629999999999995,183.28,1.345,2.0625,3.4025,10.3725,11.445,0.18,56.7175,0.11,,,,0.04,0.04,44.28,30.415,1.2925,262.95500000000004,0.02,0.02,294.4075,736.4125,
2023-06-13 14:00:00,44.089999999999996,197.92,1.5225,2.3325,3.855,10.205,11.7,0.165,64.45750000000001,0.10250000000000001,,,,0.0325,0.04,44.485,29.4625,1.5025,258.7925,0.0,0.0,244.08,735.9175,
2023-06-13 15:00:00,43.85,234.08,1.445,2.2125,3.6574999999999998,10.5125,10.93,0.16,64.4925,0.0975,,,,0.0325,0.04,44.39,29.105,1.58,238.02,0.0,0.0,184.7725,735.47,
2023-06-13 16:00:00,42.6725,227.92,1.34,2.06,3.4050000000000002,10.34,10.7325,0.1275,62.747499999999995,0.08,,,,0.03,0.03,43.2125,29.4625,1.2725,246.5525,0.0,0.0,113.585,735.0975000000001,
2023-06-13 17:00:00,36.2625,224.24,2.205,3.3825,5.59,10.36,11.195,0.14500000000000002,68.475,0.0875,,,,0.03,0.035,41.3125,31.9575,1.3875,238.45,0.0,0.0,47.665,734.8875,
2023-06-13 18:00:00,39.89,232.56,3.1675,4.8549999999999995,8.025,10.434999999999999,11.545,0.185,67.3875,0.11,,,,0.04,0.0425,39.6475,35.019999999999996,0.915,230.44,0.0,0.0,9.56,734.9725000000001,
2023-06-13 19:00:00,45.21,200.56,4.3025,6.5975,10.8975,10.595,11.5225,0.2175,49.07,0.1325,,,,0.0425,0.052500000000000005,37.39,38.785000000000004,0.475,190.245,0.0,0.0,,735.3125,
2023-06-13 20:00:00,43.260000000000005,157.04,5.3975,8.2725,13.6675,10.8775,10.575,0.2525,40.2,0.155,,,,0.05,0.06,36.325,40.7825,0.6975,217.6625,0.0,0.0,,735.6475,
2023-06-13 21:00:00,35.7325,163.92,5.2175,8.0,13.219999999999999,10.905,9.0325,0.26,37.69,0.155,,,,0.05,0.06,35.89,42.1125,0.7675,243.7575,0.0075,0.0075,,736.285,
2023-06-13 22:00:00,35.910000000000004,139.36,4.78,7.33,12.115,10.71,9.8775,0.26,31.2975,0.16,,,,0.05,0.06,34.6,45.81,0.395,208.885,0.0025,0.0025,,736.8625,
2023-06-13 23:00:00,37.5525,131.04,5.215,7.995000000000001,13.21,10.8575,9.965,0.265,24.619999999999997,0.1625,,,,0.055,0.065,32.7025,51.1075,0.34750000000000003,230.4375,0.0,0.0,,736.9275,
2023-06-14 00:00:00,41.410000000000004,117.04,5.5725,8.5425,14.115,10.9025,10.5325,0.2575,22.63,0.155,,,,0.05,0.06,32.2575,52.9275,0.36250000000000004,204.455,0.0,0.0,,736.62,
2023-06-14 01:00:00,36.93,115.12,5.0175,7.6925,12.7125,10.8525,11.065,0.2475,20.4175,0.1475,,,,0.05,0.06,32.5375,51.6925,0.5025000000000001,219.98,0.0,0.0,,736.275,
2023-06-14 02:00:00,37.0325,118.0,4.23,6.4875,10.717500000000001,10.6875,10.9525,0.2375,18.945,0.14250000000000002,,,,0.0475,0.057499999999999996,32.7675,49.485,0.6325,235.8775,0.0,0.0,,736.2674999999999,
2023-06-14 03:00:00,37.04,113.04,3.715,5.695,9.405000000000001,10.6425,11.3025,0.235,18.83,0.14,,,,0.0475,0.055,32.84,48.5375,0.7475,233.185,0.0,0.0,,736.4175,
2023-06-14 04:00:00,41.629999999999995,115.84,3.5825,5.4875,9.067499999999999,10.532499999999999,11.3275,0.235,15.68,0.14,,,,0.05,0.06,32.365,49.8025,0.75,250.105,0.0,0.0,,736.9175,
2023-06-14 05:00:00,38.105000000000004,108.32,3.6925,5.66,9.35,10.502500000000001,10.9875,0.23249999999999998,13.81,0.14,,,,0.0425,0.052500000000000005,32.1225,50.75,0.6,247.01,0.0,0.0,5.816666666666666,737.185,
2023-06-14 06:00:00,32.79,107.04,3.77,5.775,9.5375,10.4,11.1975,0.24,15.465,0.14500000000000002,,,,0.0475,0.06,32.3875,51.4825,0.685,233.4025,0.0,0.0,30.35,737.6475,
2023-06-14 07:00:00,38.239999999999995,136.56,3.52,5.3925,8.9075,10.557500000000001,13.5975,0.2375,25.947499999999998,0.14250000000000002,,,,0.05,0.06,34.1575,47.6025,1.1025,256.7675,0.0,0.0,92.2425,738.3275,
2023-06-14 08:00:00,40.5,146.96,3.0475,4.665,7.7124999999999995,10.49,13.0525,0.2375,37.9775,0.14250000000000002,,,,0.05,0.06,37.26,41.6375,1.105,265.8175,0.0,0.0,249.58249999999998,738.56,
2023-06-14 09:00:00,40.7925,137.28,2.6375,4.0375,6.6775,10.592500000000001,11.055,0.2275,47.885000000000005,0.14,,,,0.045,0.055,39.66,37.1975,1.3125,266.35249999999996,0.0,0.0,322.9225,738.63,
2023-06-14 10:00:00,43.91,219.52,1.8475,2.8274999999999997,4.6775,10.3775,11.84,0.1975,50.0025,0.1175,,,,0.04,0.0475,40.9925,34.167500000000004,1.7625,258.435,0.0,0.0,354.705,738.55,
2023-06-14 11:00:00,39.254999999999995,299.36,1.48,2.265,3.74,10.4875,11.4275,0.165,49.075,0.10250000000000001,,,,0.03,0.04,42.045,32.24,1.815,250.32,0.0,0.0,353.1225,738.27,
2023-06-14 12:00:00,39.3525,283.36,1.245,1.905,3.1475,10.1975,11.5525,0.15,52.18,0.09,,,,0.03,0.04,42.519999999999996,31.3725,1.72,258.46999999999997,0.0,0.0,333.575,737.9675,
2023-06-14 13:00:00,38.8925,302.24,1.1025,1.6875,2.79,10.175,11.015,0.14500000000000002,52.195,0.0825,,,,0.03,0.035,42.9875,30.37,1.635,248.22,0.03,0.03,278.9175,737.55,
2023-06-14 14:00:00,37.2475,225.44,1.03,1.5825,2.6125,10.2925,10.879999999999999,0.14,52.4925,0.0825,,,,0.03,0.03,42.74,31.2025,1.56,238.725,0.0,0.0,223.5675,737.005,
2023-06-14 15:00:00,37.9775,250.16,0.835,1.2774999999999999,2.1125,10.2175,10.51,0.1275,50.33,0.08,,,,0.03,0.03,43.1225,31.2175,1.4475,267.42,0.0,0.0,196.9275,736.59,
2023-06-14 16:00:00,33.1,180.72,0.7725,1.185,1.9625,10.13,10.1625,0.1225,50.292500000000004,0.0775,,,,0.0275,0.03,42.167500000000004,32.6275,1.4100000000000001,245.255,0.0,0.0,119.6575,736.3299999999999,
2023-06-14 17:00:00,34.9825,143.28,1.5825,2.4225,4.005,10.3225,10.0775,0.135,50.485,0.0825,,,,0.03,0.0325,40.3825,35.935,1.28,254.57,0.0,0.0,47.3825,736.2574999999999,
2023-06-14 18:00:00,33.8725,119.2,2.425,3.7225,6.1475,10.6875,10.035,0.1575,43.4675,0.0975,,,,0.0325,0.04,38.9875,36.975,1.035,247.57,0.0,0.0,9.174999999999999,736.3675000000001,
2023-06-14 19:00:00,31.875,111.52,3.02,4.63,7.654999999999999,10.515,9.17,0.18,40.455,0.11,,,,0.04,0.04,37.885,39.895,0.9650000000000001,258.185,0.0,0.0,,736.4,
2023-06-14 20:00:00,,,,,,,,,,,,,,,,,,,,,0.0,,,
2023-06-14 21:00:00,,,,,,,,,,,,,,,,,,,,,0.0,,,
2023-06-14 22:00:00,,,,,,,,,,,,,,,,,,,,,0.0,,,
2023-06-14 23:00:00,,,,,,,,,,,,,,,,,,,,,0.0,,,
2023-06-15 00:00:00,,,,,,,,,,,,,,,,,,,,,0.0,,,
2023-06-15 01:00:00,,,,,,,,,,,,,,,,,,,,,0.0,,,
2023-06-15 02:00:00,,,,,,,,,,,,,,,,,,,,,0.0,,,
2023-06-15 03:00:00,,,,,,,,,,,,,,,,,,,,,0.0,,,
2023-06-15 04:00:00,,,,,,,,,,,,,,,,,,,,,0.0,,,
2023-06-15 05:00:00,,,,,,,,,,,,,,,,,,,,,0.0,,,
2023-06-15 06:00:00,,,,,,,,,,,,,,,,,,,,,0.0,,,
2023-06-15 07:00:00,,,,,,,,,,,,,,,,,,,,,0.0,,,
2023-06-15 08:00:00,,,,,,,,,,,,,,,,,,,,,0.0,,,
2023-06-15 09:00:00,,,,,,,,,,,,,,,,,,,,,0.0,,,
2023-06-15 10:00:00,31.76,111.52,3.8,5.82,3.203333333333333,11.83,10.02,0.03,47.05,0.05000000000000001,,,,0.025,0.025,40.36666666666667,36.31666666666667,1.9666666666666666,207.47,0.0033333333333333335,0.0025,349.4466666666667,739.5666666666666,
2023-06-15 11:00:00,,,,,,,,,,,,,,,,,,,,,0.0,,,
2023-06-15 12:00:00,,,,,,,,,,,,,,,,,,,,,0.0,,,
2023-06-15 13:00:00,,,,,0.0,,,0.0,,0.0,,,,,,,,,,0.0,0.0,,,
2023-06-15 14:00:00,,,1.3033333333333335,1.9966666666666668,2.4749999999999996,10.183333333333332,7.56,0.07,42.696666666666665,0.037500000000000006,,,,0.02,0.02,42.125,33.165,1.29,277.84000000000003,0.0,0.0,218.4,738.02,
2023-06-15 15:00:00,,,0.985,1.5075,2.4899999999999998,10.2625,9.765,0.10250000000000001,43.3875,0.0575,,,,0.02,0.0225,41.525,34.7425,1.755,273.2,0.0,0.0,174.89499999999998,737.7625,
2023-06-15 16:00:00,,,1.09,1.67,2.7575,10.2825,9.805,0.1075,46.585,0.0675,,,,0.0225,0.025,40.0925,38.8925,1.87,284.7475,0.0,0.0,112.18,737.5575,
2023-06-15 17:00:00,42.48,214.08,1.565,2.4050000000000002,3.9675000000000002,10.309999999999999,9.475,0.12,47.4075,0.0775,,,,0.0275,0.03,38.1475,43.025000000000006,1.38,252.2475,0.0,0.0,43.385,737.58,
2023-06-15 18:00:00,42.48,190.0,1.835,2.8125,4.645,10.37,9.815,0.12,52.445,0.07500000000000001,,,,0.0275,0.03,37.065,44.685,1.145,259.575,0.0,0.0,9.0675,737.6,
2023-06-15 19:00:00,45.67,205.09,3.0275,4.64,7.6675,10.3075,9.465,0.16999999999999998,38.2175,0.1025,,,,0.035,0.0425,35.692499999999995,48.2775,0.6525000000000001,233.375,0.0,0.0,,737.8025,
2023-06-15 20:00:00,48.015,192.56,4.3125,6.6125,10.9275,10.5925,10.0125,0.2175,31.5725,0.1325,,,,0.04,0.052500000000000005,34.81,49.605000000000004,0.7275,249.385,0.0,0.0,,738.0575,
2023-06-15 21:00:00,49.089999999999996,172.415,4.5825,7.0225,11.605,10.675,10.04,0.245,31.560000000000002,0.14250000000000002,,,,0.05,0.06,34.33,51.105,0.6825,238.6725,0.0,0.0,,738.2925,
2023-06-15 22:00:00,45.19,162.8175,3.8725,5.9350000000000005,9.807500000000001,10.4175,10.1375,0.2425,32.93,0.14500000000000002,,,,0.0475,0.057499999999999996,33.65,52.9175,0.78,278.0325,0.0,0.0,,738.5799999999999,
2023-06-15 23:00:00,48.305,155.36,3.6550000000000002,5.605,9.2575,10.5,9.9525,0.2325,31.4675,0.14,,,,0.045,0.052500000000000005,32.8675,54.644999999999996,0.65,238.2625,0.0,0.0,,738.535,
2023-06-16 00:00:00,51.2775,138.72,4.0525,6.2075,10.2575,10.3925,9.9975,0.235,30.72,0.14,,,,0.045,0.055,32.339999999999996,56.12,0.6375000000000001,248.5475,0.0,0.0,,738.2875,
2023-06-16 01:00:00,49.3375,132.64,3.27,5.015,8.285,10.475,10.0175,0.22,30.65,0.1375,,,,0.04,0.052500000000000005,31.745,57.96,0.7150000000000001,254.575,0.0,0.0,,738.0575,
2023-06-16 02:00:00,44.302499999999995,128.0,2.8425000000000002,4.3575,7.205,10.3275,10.2075,0.225,30.1675,0.14,,,,0.0425,0.055,31.17,59.695,0.825,257.4125,0.0,0.0,,737.8824999999999,
2023-06-16 03:00:00,49.760000000000005,120.72,2.73,4.18,6.91,10.317499999999999,10.08,0.225,29.975,0.14,,,,0.0425,0.05,30.6575,59.7875,0.7775000000000001,264.5525,0.0,0.0,,737.7675,
2023-06-16 04:00:00,41.21,104.32,2.7199999999999998,4.17,6.8925,10.344999999999999,10.11,0.23,28.555,0.14,,,,0.0425,0.052500000000000005,30.18,59.910000000000004,0.8575,265.1575,0.0,0.0,,737.925,
2023-06-16 05:00:00,42.75,89.04,3.42,5.2425,8.6625,10.2825,10.385,0.24,24.5025,0.14500000000000002,,,,0.05,0.057499999999999996,29.8625,60.417500000000004,0.7725,250.2125,0.0,0.0,5.18,738.45,
2023-06-16 06:00:00,41.245000000000005,103.28,3.685,5.6425,9.32,10.3275,10.6875,0.245,27.7825,0.14500000000000002,,,,0.05,0.06,30.435,57.5175,1.0150000000000001,267.7225,0.0,0.0,24.0775,738.89,
2023-06-16 07:00:00,37.39,94.48,3.8925,5.967499999999999,9.8625,10.4375,15.525,0.22999999999999998,36.0075,0.1375,,,,0.045,0.055,32.37,51.28,0.9099999999999999,268.8825,0.0,0.0,83.545,739.3325,
2023-06-16 08:00:00,32.535,74.72,2.45,3.755,6.2025,10.53,11.2825,0.2125,45.2125,0.13,,,,0.04,0.0475,36.1575,42.95,1.01,257.8375,0.0,0.0,274.8875,739.635,
2023-06-16 09:00:00,30.3775,71.6,2.4275,3.7199999999999998,6.1475,10.55,11.787500000000001,0.1975,52.855000000000004,0.1175,,,,0.04,0.0475,38.254999999999995,38.6875,1.2275,236.7,0.0,0.0,306.1675,739.815,
2023-06-16 10:00:00,30.32,90.72,2.2725,3.4850000000000003,5.7575,10.585,11.2975,0.1925,53.385000000000005,0.11499999999999999,,,,0.04,0.045,39.1925,37.635,1.1925,236.99,0.0,0.0,356.4825,739.77,
2023-06-16 11:00:00,31.7975,91.44,1.855,2.8425000000000002,4.6925,10.4225,10.254999999999999,0.1925,51.665,0.1125,,,,0.04,0.0425,40.4275,35.7575,1.5275,264.27,0.0,0.0,364.01,739.5825,
2023-06-16 12:00:00,31.685,100.48,1.245,1.9100000000000001,3.1574999999999998,10.295,9.8525,0.1775,47.3125,0.1075,,,,0.0375,0.04,41.315,33.2525,1.5525,268.7125,0.0,0.0,346.065,739.0575,
2023-06-16 13:00:00,30.2025,99.36,1.2425000000000002,1.9075,3.1475,10.2525,10.395,0.1625,51.61,0.0975,,,,0.03,0.04,42.04,32.3825,1.71,272.6025,0.0,0.0,304.94,738.525,
2023-06-16 14:00:00,26.66,97.6,1.0225,1.5699999999999998,2.5949999999999998,10.1425,10.254999999999999,0.16,54.769999999999996,0.0975,,,,0.035,0.04,42.2275,32.41,1.34,240.73250000000002,0.0,0.0,259.3175,738.145,
2023-06-16 15:00:00,32.16,84.8,1.2,1.8425,3.045,10.2825,10.38,0.16999999999999998,56.705,0.10250000000000001,,,,0.035,0.04,42.695,32.36,1.3025,241.4125,0.0,0.0,203.3125,737.695,
2023-06-16 16:00:00,25.0875,76.96,1.705,2.6125,4.3175,10.34,10.085,0.1525,67.69,0.09,,,,0.03,0.04,41.285,34.935,1.445,253.04,0.0,0.0,121.3275,737.355,
2023-06-16 17:00:00,30.48,74.72,1.6825,2.5875,4.27,10.2675,9.975,0.15,61.2325,0.09,,,,0.03,0.04,39.4275,38.28,1.1425,231.6875,0.0,0.0,44.8275,737.4175,
2023-06-16 18:00:00,28.7725,75.12,1.9825,3.04,5.025,10.3,10.1475,0.1525,48.0925,0.0925,,,,0.03,0.0375,37.8625,40.9275,0.925,237.1275,0.0,0.0,8.3975,737.7025,
2023-06-16 19:00:00,29.6525,76.4,3.5375,5.425,8.965,10.3125,9.7925,0.1975,34.795,0.1225,,,,0.04,0.045,36.442499999999995,44.6025,0.7175,264.9,0.0,0.0,,738.0675,
2023-06-16 20:00:00,33.957499999999996,85.52,3.9274999999999998,6.015,9.942499999999999,10.557500000000001,9.73,0.2175,31.08,0.135,,,,0.0425,0.05,35.525,46.365,0.6575,261.60249999999996,0.0,0.0,,738.4425,
2023-06-16 21:00:00,33.6275,82.6425,3.8125,5.84,9.65,10.6425,9.745000000000001,0.2275,30.0625,0.14250000000000002,,,,0.045,0.055,34.8475,47.9275,0.65,230.2375,0.0,0.0,,739.05,
2023-06-16 22:00:00,36.790000000000006,71.12,3.4825,5.34,8.825,10.662500000000001,10.1175,0.23,25.5125,0.14,,,,0.0425,0.057499999999999996,33.667500000000004,52.582499999999996,0.3975,218.1,0.0,0.0,,739.48,
2023-06-16 23:00:00,33.3025,88.62,2.7525,4.22,6.9775,10.575,10.4,0.20500000000000002,24.745,0.125,,,,0.04,0.05,32.5025,57.230000000000004,0.335,240.1325,0.0,0.0,,739.38,
2023-06-17 00:00:00,32.5775,102.56,2.9,4.445,7.3475,10.4525,11.1575,0.2025,26.6675,0.1225,,,,0.04,0.05,31.7825,59.1825,0.3725,239.85500000000002,0.0,0.0,,738.985,
2023-06-17 01:00:00,29.1375,75.76,2.985,4.574999999999999,7.565,10.465,11.5225,0.2,23.8375,0.12,,,,0.04,0.05,30.9375,62.07,0.2725,207.675,0.0,0.0,,738.5475,
2023-06-17 02:00:00,32.462500000000006,66.4,2.88,4.4175,7.2975,10.5125,10.9575,0.2,20.2975,0.1225,,,,0.04,0.05,30.115000000000002,64.935,0.185,179.3,0.0,0.0,,738.265,
2023-06-17 03:00:00,35.905,64.0,3.2625,4.995,8.2575,10.4625,10.6025,0.1975,17.0275,0.1175,,,,0.04,0.0475,29.47,68.1075,0.2375,174.5875,0.0,0.0,,738.2275,
2023-06-17 04:00:00,35.144999999999996,61.28,3.29,5.0425,8.3325,10.4225,10.23,0.20500000000000002,15.887500000000001,0.1275,,,,0.04,0.05,29.48,66.9125,0.2675,189.13,0.0,0.0,,738.2675,
2023-06-17 05:00:00,35.43,65.12,3.945,6.05,9.9925,10.5225,10.02,0.20500000000000002,12.7225,0.125,,,,0.04,0.05,29.002499999999998,69.875,0.34750000000000003,225.0825,0.0,0.0,5.086666666666667,738.5675,
2023-06-17 06:00:00,35.285,71.04,3.895,5.9675,9.8625,10.495,10.200000000000001,0.215,17.6275,0.1325,,,,0.04,0.05,30.947499999999998,63.052499999999995,0.575,247.3925,0.0,0.0,26.2175,739.0699999999999,
2023-06-17 07:00:00,37.535000000000004,78.72,4.045,6.202500000000001,10.2475,10.69,10.725,0.255,24.835,0.1525,,,,0.05,0.06,33.2475,57.34,0.7,259.68,0.0,0.0,84.245,739.7674999999999,
2023-06-17 08:00:00,44.055,98.16,3.475,5.3225,8.7925,10.6275,10.4675,0.2375,34.9,0.14500000000000002,,,,0.0475,0.057499999999999996,37.0225,47.387499999999996,0.91,236.5725,0.0,0.0,262.82500000000005,740.2975,
2023-06-17 09:00:00,36.385,83.2,2.755,4.2225,6.9775,10.48,10.3825,0.22,43.845,0.1375,,,,0.0425,0.05,39.0675,42.16,1.0575,229.79500000000002,0.0,0.0,322.975,740.5474999999999,
2023-06-17 10:00:00,39.582499999999996,81.12,2.225,3.4125,5.64,10.5375,10.4325,0.21,51.58,0.13,,,,0.04,0.05,40.0925,40.015,1.17,258.515,0.0,0.0,354.3075,740.5825,
2023-06-17 11:00:00,34.235,83.04,1.825,2.795,4.62,10.3725,9.86,0.21,51.5375,0.1275,,,,0.04,0.05,41.36,37.475,1.085,243.5275,0.0,0.0,354.95,740.515,
2023-06-17 12:00:00,32.9125,76.32,1.385,2.1225,3.5075,10.425,9.895,0.1925,48.73,0.11499999999999999,,,,0.04,0.045,42.35,34.695,1.0825,250.68,0.0,0.0,338.08,740.035,
2023-06-17 13:00:00,27.357499999999998,70.56,1.075,1.6475,2.7275,10.4125,10.1925,0.1775,47.55,0.105,,,,0.0375,0.04,43.19,33.235,1.1775,229.9425,0.0,0.0,298.15500000000003,739.28,
2023-06-17 14:00:00,27.355,62.48,0.9650000000000001,1.4849999999999999,2.45,10.2775,9.71,0.1575,45.8775,0.0975,,,,0.03,0.04,43.5025,32.3125,1.165,221.485,0.0,0.0,224.195,738.6600000000001,
2023-06-17 15:00:00,23.16,54.56,1.095,1.675,2.7725,10.4225,9.615,0.1525,42.347500000000004,0.095,,,,0.03,0.04,43.425,31.95,1.06,232.7975,0.0,0.0,189.5325,738.12,
2023-06-17 16:00:00,26.072499999999998,55.44,1.3875,2.13,3.515,10.2275,9.754999999999999,0.1525,40.5025,0.095,,,,0.03,0.04,42.9775,32.28,0.8475,248.1375,0.0,0.0,128.285,737.6025,
2023-06-17 17:00:00,25.6925,59.44,1.34,2.055,3.3925,10.309999999999999,9.76,0.14250000000000002,42.2475,0.0825,,,,0.03,0.0325,40.375,35.855000000000004,0.9,211.52749999999997,0.0,0.0,45.9975,737.385,
2023-06-17 18:00:00,24.67,58.56,1.885,2.885,4.77,10.395,9.4075,0.13,42.975,0.08,,,,0.03,0.03,37.855000000000004,40.56,0.5025,176.82,0.0,0.0,8.9425,737.5825,
2023-06-17 19:00:00,26.2725,60.8,2.7975,4.2925,7.09,10.66,9.3425,0.17,31.7125,0.1,,,,0.035,0.0375,35.307500000000005,47.275,0.1625,124.1575,0.0,0.0,,738.125,
2023-06-17 20:00:00,29.275,64.64,4.6525,7.1325,11.785,10.795,9.42,0.2375,21.335,0.14250000000000002,,,,0.045,0.055,33.13,54.474999999999994,0.0825,118.9775,0.0,0.0,,738.7525,
2023-06-17 21:00:00,34.84,78.4,5.29,8.1,13.39,10.73,9.17,0.26,16.9,0.16,,,,0.05,0.06,32.25,57.78,0.14,146.27,0.0,0.0,,739.07,
2023-06-17 22:00:00,,,,,,,,,,,,,,,,,,,,,0.0,,,
2023-06-17 23:00:00,,,,,,,,,,,,,,,,,,,,,0.0,,,
2023-06-18 00:00:00,,,,,,,,,,,,,,,,,,,,,0.0,,,
2023-06-18 01:00:00,,,,,,,,,,,,,,,,,,,,,0.0,,,
2023-06-18 02:00:00,,,,,,,,,,,,,,,,,,,,,0.0,,,
2023-06-18 03:00:00,,,,,,,,,,,,,,,,,,,,,0.0,,,
2023-06-18 04:00:00,,,,,,,,,,,,,,,,,,,,,0.0,,,
2023-06-18 05:00:00,,,,,,,,,,,,,,,,,,,,,0.0,,,
2023-06-18 06:00:00,,,,,,,,,,,,,,,,,,,,,0.0,,,
2023-06-18 07:00:00,,,,,,,,,,,,,,,,,,,,,0.0,,,
2023-06-18 08:00:00,,,,,,,,,,,,,,,,,,,,,0.0,,,
2023-06-18 09:00:00,,,,,,,,,,,,,,,,,,,,,0.0,,,
2023-06-18 10:00:00,,,,,,,,,,,,,,,,,,,,,0.0,,,
2023-06-18 11:00:00,,,,,,,,,,,,,,,,,,,,,0.0,,,
2023-06-18 12:00:00,,,,,,,,,,,,,,,,,,,,,0.0,,,
2023-06-18 13:00:00,,,,,0.0,,,0.0,,0.0,,,,,,,,,,0.0,0.0,,,
2023-06-18 14:00:00,,,2.1466666666666665,3.2866666666666666,4.0725,10.68,8.615,0.075,44.4775,0.05,,,,0.02,0.023333333333333334,43.06,33.18,0.9866666666666667,204.78,0.0,0.0,252.17333333333332,738.7166666666667,
2023-06-18 15:00:00,,,1.6775,2.5700000000000003,4.24,10.465,9.26,0.12,37.0225,0.07250000000000001,,,,0.0225,0.03,43.215,33.0325,0.885,204.1,0.0,0.0,206.76,738.2825,
2023-06-18 16:00:00,26.64,54.64,1.41,2.16,3.5700000000000003,10.51,9.2975,0.1175,41.120000000000005,0.0775,,,,0.0275,0.03,42.215,34.45,0.71,196.8425,0.0,0.0,115.78,737.8675,
2023-06-18 17:00:00,26.2625,65.14,1.655,2.5324999999999998,4.1850000000000005,10.415,9.7425,0.11499999999999999,42.72,0.0775,,,,0.0275,0.03,39.85,37.17,0.7075,194.185,0.0,0.0,45.5675,737.745,
2023-06-18 18:00:00,28.9625,70.16,2.025,3.105,5.125,10.57,11.3475,0.1225,35.6925,0.0775,,,,0.0275,0.03,37.36,42.3675,0.4,155.7,0.0,0.0,9.8375,737.7825,
2023-06-18 19:00:00,29.895000000000003,73.73750000000001,2.9274999999999998,4.49,7.42,10.57,11.6475,0.16,25.7375,0.095,,,,0.0325,0.0375,34.6575,49.0625,0.125,93.0675,0.0,0.0,,738.125,
2023-06-18 20:00:00,32.6425,77.76,3.265,5.0025,8.2675,10.7425,11.3525,0.185,16.0975,0.11,,,,0.04,0.04,32.225,57.542500000000004,0.065,90.07499999999999,0.0,0.0,,738.635,
2023-06-18 21:00:00,31.7875,74.65,4.2975,6.59,10.889999999999999,10.5125,11.85,0.215,8.115,0.13,,,,0.045,0.0525,31.0425,63.9825,0.0775,138.685,0.0,0.0,,739.0074999999999,
2023-06-18 22:00:00,35.4625,73.005,6.04,9.2575,15.2975,10.8375,12.1125,0.27,3.275,0.16,,,,0.055,0.065,30.425,67.905,0.11,181.14499999999998,0.0,0.0,,739.215,
2023-06-18 23:00:00,41.589999999999996,74.0,8.855,13.5725,22.43,10.85,12.1975,0.3675,,0.2175,,,,0.07250000000000001,0.0875,30.0375,70.195,0.1675,166.0425,0.0,0.0,,739.1125,
2023-06-19 00:00:00,50.55,97.52,9.2775,14.22,23.495,10.967500000000001,11.7275,0.385,0.79,0.23,,,,0.07500000000000001,0.0925,29.845,69.24,0.195,176.6525,0.0,0.0,,739.0525,
2023-06-19 01:00:00,53.755,105.52,5.98,9.1625,15.1425,10.9975,11.4475,0.315,10.42,0.1875,,,,0.06,0.07500000000000001,31.5275,64.0025,0.5675,242.7525,0.0,0.0,,739.3625,
2023-06-19 02:00:00,37.894999999999996,86.48,3.63,5.5675,9.2,10.780000000000001,11.865,0.2575,15.9525,0.155,,,,0.05,0.06,32.3475,61.2225,0.5875,246.8125,0.0,0.0,,739.4375,
2023-06-19 03:00:00,32.93,70.32,3.6225,5.5575,9.1825,10.335,11.775,0.2625,13.04,0.16,,,,0.052500000000000005,0.0625,31.68,64.515,0.835,257.0125,0.0,0.0,,739.5375,
2023-06-19 04:00:00,35.1325,77.12,3.2025,4.9125,8.1175,10.4325,11.684999999999999,0.2525,11.475,0.1525,,,,0.052500000000000005,0.0625,30.9675,66.235,0.885,251.89749999999998,0.0,0.0,,739.54,
2023-06-19 05:00:00,33.0225,65.12,3.125,4.7875,7.91,10.469999999999999,11.245000000000001,0.2275,11.4525,0.14,,,,0.0425,0.055,30.725,66.43,0.6849999999999999,232.28250000000003,0.0,0.0,10.920000000000002,739.63,
2023-06-19 06:00:00,37.0825,61.76,2.8625,4.3875,7.25,10.39,11.0,0.2175,13.7525,0.1325,,,,0.0425,0.052500000000000005,31.61,63.795,0.6975,243.89249999999998,0.0,0.0,34.445,739.7249999999999,
2023-06-19 07:00:00,30.6675,58.16,2.4525,3.7600000000000002,6.215,10.41,11.41,0.2025,21.560000000000002,0.1225,,,,0.04,0.0475,32.332499999999996,61.394999999999996,0.6125,257.605,0.0,0.0,77.7125,740.03,
2023-06-19 08:00:00,30.0125,55.44,2.135,3.275,5.41,10.36,11.135,0.195,27.9225,0.1125,,,,0.04,0.0425,36.41,49.92,0.93,247.1875,0.0,0.0,259.17,740.09,
2023-06-19 09:00:00,32.7225,54.48,2.275,3.49,5.77,10.3325,10.875,0.19,35.3925,0.1125,,,,0.04,0.0425,39.2825,43.215,0.825,244.20250000000001,0.0,0.0,316.06,740.0775,
2023-06-19 10:00:00,28.21,49.28,1.645,2.525,4.1675,10.28,10.8925,0.16999999999999998,40.46,0.10250000000000001,,,,0.035,0.04,40.525000000000006,39.51,0.905,224.0475,0.0,0.0,352.7475,739.78,
2023-06-19 11:00:00,26.29,55.04,1.8025,2.76,4.5600000000000005,10.372499999999999,10.995,0.1825,47.9575,0.1075,,,,0.0375,0.04,41.875,37.1425,0.9199999999999999,230.2775,0.0,0.0,359.12,739.53,
2023-06-19 12:00:00,27.485,58.8,2.075,3.1825,5.26,10.495000000000001,11.1525,0.1775,51.205,0.10500000000000001,,,,0.035,0.04,42.01,36.415,0.645,167.0525,0.0,0.0,287.95,739.1625,
2023-06-19 13:00:00,30.165,60.08,1.7425,2.67,4.41,10.5,10.7425,0.1725,50.035,0.10500000000000001,,,,0.0375,0.04,43.07,34.19,0.77,179.6675,0.0,0.0,291.4875,738.5925,
2023-06-19 14:00:00,30.1625,65.84,1.545,2.3674999999999997,3.91,10.4325,10.7575,0.165,46.3525,0.10250000000000001,,,,0.035,0.04,42.855000000000004,33.47,0.685,158.5575,0.0,0.0,217.1025,737.845,
2023-06-19 15:00:00,31.405,63.52,1.87,2.8625,4.73,10.525,10.9625,0.16,44.135,0.0975,,,,0.03,0.04,42.69,33.775,0.7275,185.51,0.0,0.0,156.11,737.08,
2023-06-19 16:00:00,27.1625,61.6,2.3049999999999997,3.5325,5.835,10.455,10.9025,0.16999999999999998,40.025,0.105,,,,0.0375,0.04,38.0575,45.8525,1.195,255.65750000000003,0.0,0.0,79.8075,736.8075,
2023-06-19 17:00:00,35.3625,129.68,2.075,3.18,5.2524999999999995,10.459999999999999,10.9675,0.1525,39.2225,0.0925,,,,0.03,0.0375,35.285,56.2425,1.15,251.0875,0.0,0.0,33.5775,736.91,
2023-06-19 18:00:00,21.677500000000002,58.96,2.0300000000000002,3.1125,5.1375,10.29,12.282499999999999,0.15,34.33,0.0925,,,,0.03,0.0375,33.7725,57.845,1.1375000000000002,263.39750000000004,0.0,0.0,6.5375,737.4200000000001,
2023-06-19 19:00:00,17.7025,45.12,2.2024999999999997,3.3775,5.58,10.3125,11.2825,0.1475,29.997500000000002,0.0925,,,,0.03,0.04,32.795,58.557500000000005,0.9425,250.7575,0.0,0.0,,737.9875,
2023-06-19 20:00:00,13.6325,17.2,2.7775,4.26,7.045,10.355,10.765,0.1675,25.05,0.10250000000000001,,,,0.0325,0.04,32.144999999999996,62.965,0.445,230.40500000000003,0.0,0.0,,738.595,
2023-06-19 21:00:00,19.8975,22.4,2.6550000000000002,4.0725,6.735,10.365,11.08,0.1675,27.9,0.10500000000000001,,,,0.0325,0.04,31.8825,65.875,0.5549999999999999,225.58499999999998,0.0,0.0,,738.9125,
2023-06-19 22:00:00,,,3.3175,5.0825000000000005,8.4,10.395,11.2325,0.1875,24.345,0.1125,,,,0.04,0.0425,31.665,68.2925,0.3075,145.17499999999998,0.0,0.0,,739.005,
2023-06-19 23:00:00,21.192500000000003,25.12,3.8075,5.835,9.64,10.5425,11.5,0.1825,18.990000000000002,0.11,,,,0.04,0.04,30.8625,72.3075,0.2,109.5375,0.0,0.0,,739.0125,
2023-06-20 00:00:00,,,3.9675000000000002,6.085,10.0475,10.605,11.1175,0.1825,18.115000000000002,0.11,,,,0.04,0.04,30.425,73.99,0.35250000000000004,182.1625,0.0,0.0,,739.12,
2023-06-20 01:00:00,,,5.03,7.71,12.7375,10.71,11.505,0.2,12.27,0.1225,,,,0.04,0.0475,29.155,79.7825,0.21,140.7775,0.0,0.0,,738.8375,
2023-06-20 02:00:00,26.6275,31.2,4.7825,7.33,12.1175,10.6075,11.275,0.20500000000000002,11.6725,0.125,,,,0.04,0.05,28.195,84.41499999999999,0.1975,137.7525,0.0,0.0,,738.3775,
2023-06-20 03:00:00,,,4.6925,7.195,11.89,10.535,11.27,0.2075,13.1175,0.1275,,,,0.04,0.05,28.3875,84.215,0.27,165.7175,0.0,0.0,,738.3824999999999,
2023-06-20 04:00:00,28.182499999999997,32.0,5.415,8.3025,13.7175,10.629999999999999,11.485,0.215,11.435,0.1325,,,,0.04,0.05,28.044999999999998,85.6925,0.245,183.1775,0.0,0.0,,738.5550000000001,
2023-06-20 05:00:00,,,5.49,8.415000000000001,13.9075,10.6725,11.497499999999999,0.2225,9.7375,0.1375,,,,0.0425,0.052500000000000005,28.115000000000002,86.62,0.1275,96.765,0.0,0.0,5.07,738.865,
2023-06-20 06:00:00,30.8075,34.16,6.59,10.0975,16.6875,10.7675,11.0975,0.22999999999999998,15.795000000000002,0.14250000000000002,,,,0.045,0.055,29.0775,82.315,0.315,183.53,0.0,0.0,26.14,739.215,
2023-06-20 07:00:00,39.9775,44.88,4.85,7.4350000000000005,12.285,10.795,11.9975,0.23249999999999998,24.46,0.14,,,,0.045,0.057499999999999996,30.915,75.38499999999999,0.4925,161.57,0.0,0.0,79.6775,739.5174999999999,
2023-06-20 08:00:00,36.5075,48.56,4.0425,6.2,10.2475,10.61,12.22,0.2375,33.125,0.14250000000000002,,,,0.05,0.06,34.385,63.87,0.5125,162.41500000000002,0.0,0.0,207.95250000000001,739.5475,
2023-06-20 09:00:00,37.255,57.660000000000004,3.085,4.7275,7.8175,10.645,11.67,0.22,45.5625,0.1325,,,,0.04,0.05,36.675,56.4825,0.925,211.35,0.0,0.0,220.4375,739.4525,
2023-06-20 10:00:00,33.08,56.597500000000004,2.455,3.765,6.2225,10.4725,11.93,0.20500000000000002,52.885,0.125,,,,0.04,0.05,36.8275,55.3825,0.575,177.84,0.0,0.0,185.985,739.1725,
2023-06-20 11:00:00,30.47,55.47,2.4125,3.7,6.11,10.4625,11.715,0.2,54.2775,0.12,,,,0.04,0.05,35.2575,59.955,0.7050000000000001,179.4975,0.042499999999999996,0.042499999999999996,110.115,738.8525,
2023-06-20 12:00:00,31.8775,74.495,3.1550000000000002,4.8325,7.987500000000001,10.34,11.44,0.21,37.4275,0.1275,,,,0.04,0.05,32.13,81.3275,0.4525,168.3725,0.53,0.53,165.5725,738.5575,
2023-06-20 13:00:00,30.52,53.9625,5.2,7.965,13.165,10.535,11.29,0.2225,31.5275,0.14,,,,0.0425,0.05,31.795,82.02,0.3425,145.6475,0.01,0.01,37.2575,738.06,
2023-06-20 14:00:00,48.7575,61.45,6.327500000000001,9.7025,16.0275,10.835,11.8875,0.21000000000000002,30.705,0.13,,,,0.0425,0.052500000000000005,31.8125,81.63,0.4,173.0425,0.0075,0.0075,48.915,737.94,
2023-06-20 15:00:00,31.235,41.6125,5.7075,8.7475,14.454999999999998,10.945,10.995,0.2125,33.77,0.1275,,,,0.0425,0.052500000000000005,29.509999999999998,88.305,0.615,220.685,0.49750000000000005,0.49750000000000005,20.165,738.1225,
2023-06-20 16:00:00,,,5.9825,9.17,15.15,11.41,11.6025,0.195,37.5325,0.12,,,,0.04,0.045,28.095,97.135,0.3575,197.6025,0.8525,0.8525,29.1675,737.6775,
2023-06-20 17:00:00,26.58,34.06,5.6025,8.5875,14.1875,11.2225,12.0625,0.1975,33.6575,0.1225,,,,0.04,0.0475,28.08,97.7675,0.265,151.495,0.0,0.0,24.865000000000002,737.6125,
2023-06-20 18:00:00,22.509999999999998,31.92,6.06,9.295,15.3575,11.1375,11.3925,0.22,35.265,0.1375,,,,0.0425,0.052500000000000005,27.8475,98.09,0.37250000000000005,156.0625,0.0,0.0,6.407500000000001,737.9275,
2023-06-20 19:00:00,29.555,36.56,5.922499999999999,9.0825,15.004999999999999,11.1875,11.1025,0.2425,34.9725,0.14500000000000002,,,,0.05,0.06,26.95,98.1575,0.2875,149.13,0.0,0.0,,738.2975,
2023-06-20 20:00:00,23.85,32.16,6.845,10.4925,17.34,11.195,11.265,0.275,34.555,0.165,,,,0.055,0.0675,26.6425,98.7775,0.255,187.1875,0.0,0.0,,738.5375,
2023-06-20 21:00:00,33.2475,33.84,7.985,12.235,20.225,11.155,11.645,0.32,66.1325,0.1925,,,,0.0625,0.07250000000000001,26.755,99.2425,0.19,165.2225,0.0,0.0,,738.8425,
2023-06-20 22:00:00,29.9425,39.92,7.2925,11.185,18.48,11.1,12.595,0.3375,79.9525,0.2,,,,0.07,0.08,26.947499999999998,99.0825,0.2475,131.7725,0.0,0.0,,739.06,
2023-06-20 23:00:00,34.04,46.24,6.975,10.6925,17.665,11.0,12.865,0.3375,83.0,0.2,,,,0.07,0.08,27.225,98.1925,0.265,196.8025,0.0,0.0,,739.0274999999999,
2023-06-21 00:00:00,33.9275,45.12,7.470000000000001,11.45,18.9225,10.96,12.7075,0.34,83.805,0.2025,,,,0.0675,0.08,27.630000000000003,96.2175,0.3075,158.3875,0.0,0.0,,738.88,
2023-06-21 01:00:00,33.6875,52.88,6.9025,10.5775,17.48,10.91,12.3,0.3175,88.94,0.1925,,,,0.065,0.07500000000000001,28.035,92.8125,0.305,189.6525,0.0,0.0,,738.7775,
2023-06-21 02:00:00,32.28,45.2,5.37,8.2325,13.605,10.8475,11.7625,0.295,101.13250000000001,0.1775,,,,0.06,0.07,27.5775,91.4125,0.44000000000000006,171.54,0.0,0.0,,738.505,
2023-06-21 03:00:00,25.55,37.04,4.91,7.53,12.4425,10.9225,11.1175,0.2825,103.595,0.1675,,,,0.06,0.07,26.997500000000002,92.1525,0.4475,197.8225,0.0,0.0,,738.2674999999999,
2023-06-21 04:00:00,26.06,29.36,4.565,6.995,11.56,10.8825,11.135,0.265,101.49,0.16,,,,0.052500000000000005,0.0625,26.3475,95.68,0.45,183.325,1.8675000000000002,1.8675000000000002,,738.8824999999999,
2023-06-21 05:00:00,,,4.3,6.59,10.8875,10.7275,10.9,0.2625,97.8575,0.16,,,,0.052500000000000005,0.0625,25.700000000000003,99.6875,0.22,132.58249999999998,2.6225,2.6225,2.555,738.905,
2023-06-21 06:00:00,21.675,21.92,5.22,8.0025,13.23,10.74,10.79,0.2725,98.685,0.1675,,,,0.057499999999999996,0.0675,26.1125,100.0,0.285,192.87,0.0,0.0,19.59,739.28,
2023-06-21 07:00:00,18.5675,26.24,5.155,7.9025,13.06,10.705,11.192499999999999,0.28250000000000003,102.57249999999999,0.17,,,,0.06,0.07,27.425,99.485,0.425,170.8225,0.02,0.02,80.205,739.57,
2023-06-21 08:00:00,26.49,36.48,3.9050000000000002,5.985,9.8875,10.6225,11.8725,0.275,113.20333333333333,0.1675,,,,0.057499999999999996,0.0675,29.2625,88.6375,0.5525,200.765,0.01,0.01,77.9375,739.795,
2023-06-21 09:00:00,22.83,37.6475,4.025,6.1675,10.192499999999999,10.575,11.067499999999999,0.28500000000000003,,0.17,,,,0.06,0.07,32.1225,78.3425,0.6174999999999999,192.5575,0.0025,0.0025,130.555,739.8050000000001,
2023-06-21 10:00:00,31.275,45.1475,4.595,7.04,11.6325,10.6425,11.0025,0.295,,0.1775,,,,0.06,0.07,28.4375,92.77250000000001,0.47000000000000003,231.48,0.335,0.335,20.2925,739.72,
2023-06-21 11:00:00,34.5525,45.28,4.91,7.5325,12.445,10.6525,11.225,0.3075,78.86,0.1825,,,,0.0625,0.07250000000000001,29.43,93.065,0.45499999999999996,173.8725,0.435,0.435,153.2525,739.7175,
2023-06-21 12:00:00,27.795,41.12,4.255,6.52,10.7775,10.9525,10.9575,0.2875,76.995,0.17250000000000001,,,,0.06,0.07,31.91,82.5525,0.615,183.6475,0.0275,0.0275,169.26749999999998,739.2574999999999,
2023-06-21 13:00:00,23.09,41.28,4.0975,6.28,10.3775,10.959999999999999,11.1525,0.27,,0.165,,,,0.055,0.065,34.57,69.705,0.6525,177.7,0.0,0.0,217.625,738.735,
2023-06-21 14:00:00,15.105,36.8,4.295,6.5825,10.879999999999999,11.1425,10.965,0.26,,0.155,,,,0.05,0.06,34.3125,68.925,0.5925,163.775,0.0,0.0,176.8225,738.1875,
2023-06-21 15:00:00,18.924999999999997,40.72,4.734999999999999,7.2575,11.9925,11.25,11.735,0.2725,,0.1675,,,,0.057499999999999996,0.0675,33.0525,72.495,0.49,206.4475,0.0,0.0,74.035,737.8325,
2023-06-21 16:00:00,12.8175,32.16,4.625,7.09,11.719999999999999,11.2925,11.4475,0.28,53.96,0.1675,,,,0.06,0.0675,33.5975,69.8275,0.485,180.4275,0.0,0.0,90.62,737.0375,
2023-06-21 17:00:00,8.285,19.2,4.36,6.6850000000000005,11.04,11.185,11.4775,0.27,52.4025,0.165,,,,0.055,0.065,32.685,71.775,0.38,196.3075,0.0,0.0,31.4625,736.8175,
2023-06-21 18:00:00,6.682499999999999,17.36,4.8075,7.365,12.172500000000001,11.247499999999999,11.407499999999999,0.2125,53.8625,0.135,,,,0.0425,0.052500000000000005,30.7725,77.86,0.3,188.63,0.0,0.0,5.253333333333333,737.0975,
2023-06-21 19:00:00,5.63,21.84,5.2325,8.0225,13.254999999999999,11.0825,10.9125,0.24,64.6725,0.14500000000000002,,,,0.05,0.06,29.8975,80.165,0.425,176.3875,0.0,0.0,,737.4625,
2023-06-21 20:00:00,6.845,21.52,5.1,7.8175,12.915,11.02,11.65,0.2425,69.13,0.14750000000000002,,,,0.05,0.057499999999999996,29.45,82.595,0.5825,189.10999999999999,0.0,0.0,,738.2275,
2023-06-21 21:00:00,7.6575,25.52,4.01,6.1475,10.1525,10.8275,11.51,0.245,,0.14500000000000002,,,,0.05,0.06,27.3625,93.895,0.3925,193.6425,0.17,0.17,,738.905,
2023-06-21 22:00:00,8.535,20.0,3.7975,5.8175,9.615,10.68,11.92,0.2475,,0.15,,,,0.05,0.06,26.93,98.3375,0.3725,200.70999999999998,0.2225,0.2225,,739.24,
2023-06-21 23:00:00,8.015,17.200000000000003,4.24,6.5024999999999995,10.75,10.7075,11.675,0.265,,0.1575,,,,0.052500000000000005,0.06,26.7425,99.2075,0.2325,159.78,0.2675,0.2675,,739.09,
2023-06-22 00:00:00,13.8325,23.11,4.3975,6.74,11.1325,10.76,11.774999999999999,0.255,,0.155,,,,0.05,0.06,26.6325,99.74,0.4225,202.695,0.0,0.0,,738.9975,
2023-06-22 01:00:00,13.61,27.48,3.9625,6.0725,10.0275,10.7325,11.2525,0.25,,0.1475,,,,0.05,0.06,26.3525,99.9675,0.3875,187.585,0.0,0.0,,738.5775,
2023-06-22 02:00:00,10.7225,22.39,3.835,5.885,9.717500000000001,10.747499999999999,11.245,0.25,,0.155,,,,0.05,0.06,26.41,100.0,0.33,216.185,0.0,0.0,,738.3775,
2023-06-22 03:00:00,9.084999999999999,22.085,4.5925,7.04,11.635,10.63,11.17,0.2575,,0.155,,,,0.05,0.06,26.3925,100.0,0.4675,191.9625,0.0,0.0,,738.0975,
2023-06-22 04:00:00,19.072499999999998,29.080000000000002,4.7625,7.3025,12.0675,10.6725,11.212499999999999,0.255,,0.1525,,,,0.05,0.06,26.4875,99.305,0.48,225.02,0.0025,0.0025,,738.495,
2023-06-22 05:00:00,19.9825,29.3575,4.7,7.2,11.9,10.835,11.4775,0.25,,0.15,,,,0.05,0.06,26.5475,98.5475,0.48,195.6975,0.0075,0.0075,6.05,739.05,
2023-06-22 06:00:00,20.310000000000002,25.627499999999998,4.335,6.640000000000001,10.975,10.620000000000001,11.41,0.2425,,0.14250000000000002,,,,0.0475,0.057499999999999996,27.1075,97.175,0.4925,179.4175,0.0,0.0,26.6225,739.2574999999999,
2023-06-22 07:00:00,13.865,24.8,3.2725,5.0175,8.29,10.5075,11.7175,0.22,,0.1375,,,,0.04,0.05,28.465,91.205,0.48,175.7625,0.0,0.0,45.8575,739.845,
2023-06-22 08:00:00,9.7125,14.56,3.61,5.5325,9.145,10.620000000000001,11.8925,0.235,,0.14,,,,0.0475,0.057499999999999996,27.8675,93.92999999999999,0.225,167.5975,0.0,0.0,30.61,740.5975,
2023-06-22 09:00:00,9.1325,15.12,3.5775,5.484999999999999,9.06,10.575,12.07,0.235,,0.14250000000000002,,,,0.0475,0.057499999999999996,30.02,87.735,0.4825,178.99,0.0,0.0,158.615,740.81,
2023-06-22 10:00:00,6.0875,14.16,3.3975,5.2125,8.605,10.795,12.3575,0.23249999999999998,83.69,0.14,,,,0.0475,0.057499999999999996,33.6575,73.3825,0.64,176.485,0.0,0.0,233.8825,740.6525,
2023-06-22 11:00:00,21.09,23.52,3.3899999999999997,5.199999999999999,8.59,10.9225,11.715,0.215,76.59,0.1325,,,,0.0425,0.05,34.7175,68.96249999999999,0.65,194.54500000000002,0.0,0.0,269.96,740.4175,
2023-06-22 12:00:00,10.787500000000001,20.72,3.565,5.4625,9.0275,11.1675,10.747499999999999,0.22,74.54499999999999,0.1375,,,,0.04,0.05,36.620000000000005,62.3125,0.7424999999999999,193.32,0.0,0.0,283.5225,739.8774999999999,
2023-06-22 13:00:00,7.4575000000000005,16.0,4.185,6.4125,10.592500000000001,11.1075,10.145,0.215,101.26,0.135,,,,0.04,0.05,33.935,70.9525,0.53,171.0575,0.0,0.0,119.8275,739.4575,
2023-06-22 14:00:00,12.63,21.76,3.825,5.86,9.684999999999999,11.0525,10.385,0.20500000000000002,,0.125,,,,0.04,0.05,33.385,71.2675,0.4325,214.41,0.0,0.0,106.845,739.0025,
2023-06-22 15:00:00,11.094999999999999,18.4,3.7275,5.7175,9.4475,11.155,11.115,0.20750000000000002,84.86500000000001,0.125,,,,0.0425,0.0475,35.4525,65.3125,0.65,142.5175,0.0,0.0,162.5975,738.3275,
2023-06-22 16:00:00,12.5175,19.255000000000003,3.9250000000000003,6.0175,9.942499999999999,11.265,11.3975,0.19,85.3625,0.1125,,,,0.04,0.0425,35.385,64.845,0.47000000000000003,173.41500000000002,0.0,0.0,128.9925,737.85,
2023-06-22 17:00:00,10.77,20.369999999999997,4.6475,7.1175,11.7675,11.504999999999999,11.23,0.1975,83.885,0.1125,,,,0.04,0.0425,33.7825,69.455,0.445,190.6275,0.0,0.0,48.415000000000006,737.74,
2023-06-22 18:00:00,9.397499999999999,21.955,5.09,7.8025,12.89,11.72,11.2525,0.2025,77.0975,0.13,,,,0.04,0.05,31.8975,75.495,0.305,204.4725,0.0,0.0,14.4725,738.0225,
2023-06-22 19:00:00,12.47,20.1325,5.5575,8.52,14.075000000000001,11.365,11.0975,0.225,74.0325,0.1375,,,,0.045,0.055,29.8275,82.96000000000001,0.1375,122.71,0.0,0.0,,738.7475,
2023-06-22 20:00:00,9.215,27.235,5.9675,9.145,15.11,11.2275,10.7075,0.255,80.785,0.1525,,,,0.05,0.06,29.575000000000003,85.3875,0.165,135.5425,0.005,0.005,,739.335,
2023-06-22 21:00:00,15.42,29.7725,5.9875,9.18,15.17,11.27,10.7725,0.28250000000000003,80.405,0.17,,,,0.06,0.07,28.515,90.555,0.21000000000000002,148.3875,0.005,0.005,,739.42,
2023-06-22 22:00:00,20.19,25.1725,5.592499999999999,8.57,14.16,11.0325,11.065,0.28500000000000003,82.35,0.17,,,,0.06,0.07,28.4275,92.545,0.27,162.76999999999998,0.0,0.0,,739.5875,
2023-06-22 23:00:00,25.997500000000002,34.839999999999996,4.99,7.6450000000000005,12.635,10.935,10.82,0.2725,,0.1675,,,,0.057499999999999996,0.0675,28.5475,92.395,0.34,193.4225,0.0,0.0,,739.535,
2023-06-23 00:00:00,21.105,36.7525,4.87,7.46,12.3325,10.8125,11.1425,0.26,,0.1575,,,,0.052500000000000005,0.0625,28.235,94.3,0.2175,145.7225,0.0,0.0,,739.2325,
2023-06-23 01:00:00,23.060000000000002,38.045,3.9075,5.985,9.8875,10.725,10.52,0.245,,0.14500000000000002,,,,0.05,0.06,27.58,96.10249999999999,0.135,119.48000000000002,0.0,0.0,,739.485,
2023-06-23 02:00:00,26.619999999999997,34.6575,3.925,6.0125,9.935,10.879999999999999,10.895,0.2425,,0.14750000000000002,,,,0.05,0.057499999999999996,27.285,98.0725,0.2175,173.215,0.0,0.0,,739.4625,
2023-06-23 03:00:00,19.72,32.6925,3.935,6.0275,9.9625,10.787500000000001,10.555,0.235,,0.14,,,,0.045,0.057499999999999996,27.2425,98.83,0.1875,128.185,0.0,0.0,,739.1025,
2023-06-23 04:00:00,23.875,37.15,5.0675,7.765000000000001,12.8325,10.842500000000001,10.8525,0.2475,,0.15,,,,0.05,0.06,27.27,99.3325,0.265,137.8525,0.0,0.0,,739.4575,
2023-06-23 05:00:00,26.799999999999997,42.57,5.1025,7.8225,12.9275,10.7025,10.7425,0.2525,,0.1525,,,,0.05,0.06,27.675,98.675,0.305,220.15249999999997,0.0,0.0,4.1450000000000005,739.7025,
2023-06-23 06:00:00,28.747500000000002,48.552499999999995,4.8725000000000005,7.4725,12.3425,10.765,11.307500000000001,0.27,,0.165,,,,0.055,0.0625,28.6225,94.7575,0.325,212.515,0.0,0.0,21.43,740.4675,
2023-06-23 07:00:00,35.567499999999995,57.3525,4.4275,6.79,11.22,10.725,10.87,0.2775,,0.1675,,,,0.057499999999999996,0.0675,29.6975,90.28999999999999,0.29500000000000004,156.65,0.0,0.0,42.427499999999995,741.0725,
2023-06-23 08:00:00,42.605,60.3225,4.0275,6.172499999999999,10.1975,10.8,10.817499999999999,0.27,,0.1625,,,,0.055,0.065,30.83,85.5175,0.4375,180.28750000000002,0.0,0.0,56.410000000000004,741.49,
2023-06-23 09:00:00,34.09,56.355000000000004,3.35,5.135,8.485,10.6725,10.5925,0.2775,,0.1675,,,,0.057499999999999996,0.0675,32.7825,79.1275,0.5525,188.085,0.0,0.0,112.4875,741.3924999999999,
2023-06-23 10:00:00,36.8725,59.2725,3.4225,5.2425,8.665,10.825,10.79,0.2825,94.4,0.1675,,,,0.057499999999999996,0.0675,34.9025,72.125,0.5700000000000001,181.5975,0.0,0.0,176.87,741.04,
2023-06-23 11:00:00,36.8825,47.227500000000006,3.48,5.3375,8.8125,11.14,11.0175,0.2425,72.7225,0.14250000000000002,,,,0.0475,0.057499999999999996,36.8475,64.03,0.64,210.47,0.0,0.0,250.57,740.7575,
2023-06-23 12:00:00,26.1475,58.08,3.4725,5.3225,8.7925,11.21,10.605,0.235,80.215,0.14500000000000002,,,,0.045,0.057499999999999996,37.3875,61.6475,0.475,193.775,0.0,0.0,168.175,740.2,
2023-06-23 13:00:00,31.285,51.01,4.0675,6.2375,10.3025,11.5275,10.5075,0.24,89.43,0.1475,,,,0.0475,0.057499999999999996,38.519999999999996,59.5325,0.24500000000000002,148.8325,0.0,0.0,137.8175,739.53,
2023-06-23 14:00:00,34.94,44.345,4.47,6.8525,11.32,11.8725,10.605,0.2375,,0.14750000000000002,,,,0.0475,0.055,36.205,67.3775,0.22,141.28,0.0,0.0,108.225,738.86,
2023-06-23 15:00:00,33.485,40.48,5.3875,8.26,13.64,12.1075,11.14,0.20500000000000002,,0.12,,,,0.04,0.05,40.275,55.365,0.37,193.7125,0.0,0.0,208.52,738.215,
2023-06-23 16:00:00,34.6075,47.712500000000006,5.6375,8.6425,14.280000000000001,12.6175,12.7225,0.225,,0.135,,,,0.045,0.055,38.1275,59.8125,0.265,157.4725,0.0,0.0,69.2675,737.6324999999999,
2023-06-23 17:00:00,33.4725,52.3525,5.619999999999999,8.615,14.235,11.975,12.3425,0.2175,,0.135,,,,0.04,0.05,34.7325,70.6425,0.19,150.48,0.0,0.0,27.3525,737.675,
2023-06-23 18:00:00,36.94,53.957499999999996,6.3525,9.7375,16.0925,12.0325,12.567499999999999,0.225,20.455,0.135,,,,0.045,0.055,33.4525,72.4275,0.14250000000000002,139.1625,0.0,0.0,8.31,738.1825,
2023-06-23 19:00:00,32.7625,45.21,6.12,9.38,15.497499999999999,11.8775,12.9625,0.255,20.445,0.155,,,,0.055,0.065,31.495,81.3525,0.11,140.0225,0.0,0.0,,738.5575,
2023-06-23 20:00:00,40.34,60.905,6.7175,10.2975,17.0175,11.7625,12.65,0.3025,20.490000000000002,0.185,,,,0.06,0.07,30.5475,87.73,0.1075,116.48750000000001,0.0,0.0,,738.8399999999999,
2023-06-23 21:00:00,51.137499999999996,70.6925,6.82,10.4525,17.27,11.5425,13.3875,0.3275,20.48,0.195,,,,0.065,0.07500000000000001,30.3325,90.0325,0.165,125.09,0.0,0.0,,739.3000000000001,
2023-06-23 22:00:00,67.14999999999999,88.22749999999999,6.6850000000000005,10.245000000000001,16.9325,11.3275,13.315000000000001,0.3625,20.432499999999997,0.22,,,,0.07,0.09,30.515,89.10249999999999,0.21250000000000002,163.965,0.0,0.0,,740.0425,
2023-06-23 23:00:00,70.71,103.4975,6.085,9.325,15.4025,11.2725,13.879999999999999,0.3475,20.419999999999998,0.21,,,,0.07,0.08,30.5325,87.5625,0.27749999999999997,158.84,0.0,0.0,,740.1075000000001,
2023-06-24 00:00:00,62.945,91.71000000000001,5.59,8.57,14.1625,11.215,12.9075,0.34,20.46,0.2025,,,,0.07,0.08,30.69,85.41,0.20750000000000002,150.625,0.0,0.0,,739.6475,
2023-06-24 01:00:00,56.11,84.05000000000001,5.8575,8.98,14.8375,11.355,12.4575,0.34,20.4575,0.2,,,,0.07,0.08,29.695,89.22,0.1225,110.9625,0.0,0.0,,739.1775,
2023-06-24 02:00:00,58.2525,77.7725,6.38,9.78,16.16,11.2475,12.2525,0.3525,20.4425,0.20500000000000002,,,,0.07,0.0825,29.0575,93.5075,0.1875,136.125,0.0,0.0,,739.155,
2023-06-24 03:00:00,57.775,81.64500000000001,8.105,12.4225,20.525,11.255,12.775,0.3775,20.445,0.2225,,,,0.07250000000000001,0.09,29.0275,93.495,0.2025,106.4425,0.0,0.0,,739.0625,
2023-06-24 04:00:00,67.7925,90.16,6.9475,10.65,17.5925,11.3675,12.395,0.38,20.4575,0.2225,,,,0.07250000000000001,0.09,28.585,95.25999999999999,0.0975,103.3325,0.015,0.015,,739.2275,
2023-06-24 05:00:00,69.0125,84.5675,6.9725,10.685,17.6625,11.22,12.035,0.385,20.445,0.2275,,,,0.0775,0.09,28.247500000000002,96.825,0.085,89.7175,0.005,0.005,2.12,739.56,
2023-06-24 06:00:00,64.84,79.2675,6.875,10.5375,17.415,11.25,12.1525,0.39,20.4575,0.23,,,,0.07500000000000001,0.0925,29.295,95.94500000000001,0.1475,133.04749999999999,0.0,0.0,27.195,739.9125,
2023-06-24 07:00:00,70.00999999999999,86.275,6.625,10.155,16.7825,11.2725,12.1075,0.395,20.43,0.23500000000000001,,,,0.08,0.0925,31.3275,86.86,0.3025,151.7025,0.0,0.0,78.4175,740.255,
2023-06-24 08:00:00,62.77,88.58,6.8225,10.46,17.28,11.5475,12.2975,0.405,20.439999999999998,0.2425,,,,0.0825,0.095,34.74,75.35,0.4075,164.82750000000001,0.0,0.0,208.9625,740.35,
2023-06-24 09:00:00,53.5375,92.9175,5.5875,8.565,14.147499999999999,11.6275,12.155,0.355,20.525,0.215,,,,0.07,0.08499999999999999,37.025,67.155,0.585,190.86,0.0,0.0,278.9375,740.1475,
2023-06-24 10:00:00,44.957499999999996,82.23,4.33,6.635,10.965,11.4575,12.0375,0.3425,20.5275,0.20500000000000002,,,,0.07,0.08,38.8725,60.5775,0.5325,173.18,0.0,0.0,322.685,739.805,
2023-06-24 11:00:00,41.765,74.2975,3.945,6.047499999999999,9.9925,11.2375,11.7325,0.3225,20.44,0.1925,,,,0.065,0.07500000000000001,40.07,55.6825,0.6425000000000001,208.155,0.0,0.0,347.12,739.665,
2023-06-24 12:00:00,39.19,76.725,4.35,6.67,11.0225,11.6,11.365,0.31,20.5775,0.185,,,,0.06,0.07,40.6075,52.82,0.5700000000000001,189.655,0.0,0.0,246.0725,739.245,
2023-06-24 13:00:00,37.565000000000005,73.3,5.2125,7.995,13.21,12.07,11.7175,0.295,20.5475,0.1825,,,,0.06,0.07,37.0925,61.9775,0.43,148.7175,0.0,0.0,42.0775,738.505,
2023-06-24 14:00:00,46.465,70.71000000000001,4.36,6.6825,11.04,11.57,11.415,0.2675,20.595,0.1625,,,,0.055,0.065,29.5325,88.70750000000001,0.51,183.035,0.845,0.845,2.9499999999999997,738.0450000000001,
2023-06-24 15:00:00,36.375,51.1175,3.75,5.75,9.5025,11.035,11.67,0.245,20.5825,0.15,,,,0.0475,0.06,27.185,98.0675,0.61,176.635,0.9275,0.9275,0.9675,738.12,
2023-06-24 16:00:00,31.6475,36.0925,3.4425,5.275,8.72,10.790000000000001,12.0525,0.2425,20.59,0.14750000000000002,,,,0.05,0.06,26.490000000000002,98.86,0.4775,177.25,0.0175,0.0175,,738.1925,
2023-06-24 17:00:00,27.009999999999998,32.57,4.0649999999999995,6.2299999999999995,10.2925,10.7575,11.7675,0.245,20.552500000000002,0.14500000000000002,,,,0.05,0.06,26.35,99.08250000000001,0.5700000000000001,183.91,0.0,0.0,,738.27,
2023-06-24 18:00:00,19.725,29.2125,5.404999999999999,8.285,13.69,11.0325,11.955,0.29000000000000004,20.5625,0.1775,,,,0.06,0.07,26.3175,99.3925,0.38,208.45499999999998,0.0,0.0,,738.255,
2023-06-24 19:00:00,31.1875,33.71,5.635,8.64,14.275,10.97,12.2425,0.3025,20.555,0.1825,,,,0.06,0.07250000000000001,26.3125,98.8125,0.255,186.855,0.0,0.0,,739.035,
2023-06-24 20:00:00,31.0525,34.0725,5.2275,8.0175,13.247499999999999,10.934999999999999,11.82,0.3,20.5575,0.1775,,,,0.06,0.07,26.3375,97.965,0.2725,167.9525,0.0125,0.0125,,739.5625,
2023-06-24 21:00:00,29.64,43.802499999999995,4.805,7.3675,12.1725,10.9775,12.185,0.32,20.555,0.195,,,,0.065,0.07500000000000001,26.495,98.43,0.2225,171.11,0.0675,0.0675,,739.8275,
2023-06-24 22:00:00,32.01,37.935,5.0375,7.7225,12.7575,11.0425,12.629999999999999,0.3225,20.5475,0.195,,,,0.065,0.07500000000000001,26.5925,99.0375,0.3625,177.055,0.0,0.0,,739.845,
2023-06-24 23:00:00,30.7575,37.915,5.2375,8.0275,13.2675,11.045,12.39,0.325,20.545,0.1925,,,,0.0675,0.07500000000000001,26.7475,99.1825,0.2925,181.04,0.0025,0.0025,,740.5550000000001,
2023-06-25 00:00:00,32.275,39.0875,4.327500000000001,6.635,10.9625,10.91,12.245,0.3025,20.5175,0.1825,,,,0.06,0.07,26.67,99.2125,0.485,195.57,2.5625,2.5625,,740.845,
2023-06-25 01:00:00,29.4425,39.12,3.875,5.9375,9.8125,10.7075,12.3425,0.27,20.4725,0.165,,,,0.057499999999999996,0.065,26.1225,100.0,0.5,187.0875,5.4750000000000005,5.4750000000000005,,740.8925,
2023-06-25 02:00:00,22.2825,28.62,5.172499999999999,7.925000000000001,13.0975,10.657499999999999,12.3375,0.2625,20.5125,0.1625,,,,0.055,0.065,26.189999999999998,100.0,0.35250000000000004,171.73,1.1824999999999999,1.1824999999999999,,740.2425000000001,
2023-06-25 03:00:00,,,,,,,,,,,,,,,,,,,,,0.0,,,
2023-06-25 04:00:00,,,,,,,,,,,,,,,,,,,,,0.0,,,
2023-06-25 05:00:00,,,,,,,,,,,,,,,,,,,,,0.0,,,
2023-06-25 06:00:00,,,,,,,,,,,,,,,,,,,,,0.0,,,
2023-06-25 07:00:00,,,,,,,,,,,,,,,,,,,,,0.0,,,
2023-06-25 08:00:00,,,,,,,,,,,,,,,,,,,,,0.0,,,
2023-06-25 09:00:00,,,,,,,,,,,,,,,,,,,,,0.0,,,
2023-06-25 10:00:00,,,5.49,8.42,6.96,12.77,10.12,0.12,21.64,0.075,,,,0.05,0.06,35.87,67.37,0.27,78.28,0.0,0.0,274.28,741.04,
2023-06-25 11:00:00,,,4.82,7.3875,12.205,11.8225,11.540000000000001,0.2525,20.0875,0.1525,,,,0.05,0.06,35.525,68.4975,0.27,152.3125,0.0,0.0,203.0475,740.875,
2023-06-25 12:00:00,,,3.945,6.05,9.9975,11.235,12.9625,0.2475,20.6,0.1525,,,,0.05,0.06,36.4775,65.9075,0.5375000000000001,149.76,0.0,0.0,244.365,740.7325,
2023-06-25 13:00:00,19.76,,4.27,6.5425,10.809999999999999,11.5825,12.379999999999999,0.2475,20.675,0.1575,,,,0.05,0.06,37.8325,63.097500000000004,0.4725,165.1825,0.0,0.0,281.4925,740.3149999999999,
2023-06-25 14:00:00,29.715,48.24,4.6274999999999995,7.0925,11.72,11.8425,11.915,0.2525,20.5825,0.15000000000000002,,,,0.0475,0.06,38.305,60.69,0.41,206.5075,0.0,0.0,215.6625,739.6225000000001,
2023-06-25 15:00:00,30.0775,60.295,4.9275,7.555,12.4825,12.06,11.8625,0.24,20.595,0.14500000000000002,,,,0.0475,0.057499999999999996,36.74,65.055,0.34750000000000003,148.0925,0.0,0.0,139.655,739.3824999999999,
2023-06-25 16:00:00,35.932500000000005,53.385000000000005,4.4225,6.78,11.2,11.7625,12.415,0.2375,20.62,0.14250000000000002,,,,0.0475,0.057499999999999996,36.7125,64.1875,0.595,194.3425,0.0,0.0,131.165,739.03,
2023-06-25 17:00:00,30.33,52.5775,4.4675,6.845000000000001,11.315000000000001,11.7575,11.55,0.2375,20.585,0.14250000000000002,,,,0.05,0.057499999999999996,33.7775,73.6075,0.385,149.94,0.0,0.0,37.63,738.905,
2023-06-25 18:00:00,35.3725,50.46,4.5375,6.9575000000000005,11.495,11.5825,11.865,0.2425,20.615,0.14500000000000002,,,,0.05,0.06,31.75,80.1575,0.33,188.5675,0.0,0.0,6.905,739.0125,
2023-06-25 19:00:00,35.4475,43.28,4.135,6.3375,10.475,11.43,11.59,0.24,20.615,0.14250000000000002,,,,0.05,0.057499999999999996,29.96,85.69749999999999,0.3625,193.5725,0.0,0.0,,738.62,
2023-06-25 20:00:00,38.1625,39.0025,3.9275,6.0225,9.95,11.3675,12.045,0.23,20.615,0.14,,,,0.05,0.06,28.455,85.5275,0.175,143.07,0.0,0.0,,739.03,
2023-06-25 21:00:00,23.23,28.48,4.342499999999999,6.657500000000001,11.005,11.3925,11.78,0.2525,20.5475,0.1525,,,,0.05,0.06,27.622500000000002,91.07,0.14250000000000002,149.79250000000002,0.0,0.0,,739.6949999999999,
2023-06-25 22:00:00,25.832500000000003,34.7025,4.5175,6.9275,11.445,11.32,12.315000000000001,0.2675,20.525,0.1625,,,,0.055,0.065,27.5425,93.7825,0.14750000000000002,157.57,0.0,0.0,,740.525,
2023-06-25 23:00:00,25.995,36.67,4.6,7.0475,11.645,11.2675,12.2475,0.27,20.517500000000002,0.1625,,,,0.055,0.065,27.4725,94.9575,0.22,211.555,0.0,0.0,,740.6800000000001,
2023-06-26 00:00:00,28.1,35.3975,4.55,6.9725,11.5225,11.21,12.6875,0.2725,20.5275,0.165,,,,0.055,0.065,27.497500000000002,94.59,0.175,162.99,0.0,0.0,,740.655,
2023-06-26 01:00:00,29.4825,38.7825,4.8425,7.4225,12.2675,11.305,12.184999999999999,0.275,20.5425,0.1675,,,,0.057499999999999996,0.065,27.4825,95.1425,0.155,192.8825,0.0,0.0,,740.2325,
2023-06-26 02:00:00,24.697499999999998,45.4125,4.8325,7.405,12.24,11.2125,12.375,0.2725,20.5225,0.165,,,,0.055,0.0675,27.3575,95.955,0.1275,130.9,0.0,0.0,,739.75,
2023-06-26 03:00:00,28.9925,42.645,4.795,7.3475,12.1425,11.3725,13.387500000000001,0.28,20.62,0.1675,,,,0.06,0.0675,26.965,96.74000000000001,0.16,171.8225,0.0,0.0,,739.5,
2023-06-26 04:00:00,28.03,32.6825,4.865,7.46,12.32,11.22,12.0475,0.2775,20.585,0.17,,,,0.06,0.07,27.0175,98.35499999999999,0.16999999999999998,133.49,0.0,0.0,,739.6275,
2023-06-26 05:00:00,28.855,34.19,5.2375,8.0275,13.265,11.0975,11.975000000000001,0.28,20.560000000000002,0.1675,,,,0.06,0.07,27.57,98.1275,0.2575,176.17,0.0,0.0,5.31,739.8775,
2023-06-26 06:00:00,27.5575,47.230000000000004,4.39,6.7275,11.115,11.0975,11.969999999999999,0.2675,20.545,0.1625,,,,0.052500000000000005,0.065,29.215,91.86500000000001,0.3975,233.56,0.0,0.0,35.04,740.5475,
2023-06-26 07:00:00,23.32,46.59,4.1775,6.405,10.5775,11.0375,12.24,0.275,20.525,0.1675,,,,0.057499999999999996,0.07,30.6425,85.85,0.3275,152.7925,0.0,0.0,73.5325,741.0125,
2023-06-26 08:00:00,30.354999999999997,51.77,3.4725,5.32,8.795,11.035,12.3975,0.2575,20.545,0.155,,,,0.05,0.06,34.0775,73.13,0.49250000000000005,167.765,0.0,0.0,247.91,741.1475,
2023-06-26 09:00:00,23.7925,48.265,3.3025,5.0600000000000005,8.36,10.9875,12.7625,0.2475,20.575,0.1475,,,,0.05,0.06,34.785,69.9925,0.47750000000000004,166.0725,0.0,0.0,182.735,741.265,
2023-06-26 10:00:00,25.6225,43.805,2.98,4.5725,7.55,10.975,12.0375,0.23500000000000001,20.52,0.14250000000000002,,,,0.0425,0.052500000000000005,35.2325,69.78999999999999,0.575,195.10750000000002,0.0,0.0,195.7,741.155,
2023-06-26 11:00:00,28.47,45.28,3.215,4.93,8.1425,11.1375,11.735,0.225,,0.1375,,,,0.0425,0.052500000000000005,37.5275,60.197500000000005,0.7075,192.18,0.0,0.0,333.7275,740.9275,
2023-06-26 12:00:00,20.655,39.7775,6.234999999999999,9.557500000000001,15.7925,12.2275,10.6325,0.1975,,0.1175,,,,0.04,0.045,37.365,59.345,0.6675,179.4375,0.0,0.0,241.435,740.38,
2023-06-26 13:00:00,18.0675,38.2775,5.6674999999999995,8.69,14.36,12.5975,10.8725,0.185,81.6025,0.1125,,,,0.04,0.04,37.875,57.085,0.665,161.725,0.0,0.0,233.01749999999998,739.625,
2023-06-26 14:00:00,19.400000000000002,31.317500000000003,5.61,8.6,14.2075,12.469999999999999,10.2,0.165,80.9325,0.1,,,,0.0325,0.04,37.8775,57.43,0.5675,188.28750000000002,0.0,0.0,179.74,738.905,
2023-06-26 15:00:00,17.185000000000002,36.565,5.41,8.295,13.705,12.435,10.585,0.16999999999999998,102.325,0.10250000000000001,,,,0.035,0.04,37.754999999999995,57.305,0.43,163.8675,0.0,0.0,124.47,738.06,
2023-06-26 16:00:00,23.8875,36.175,5.605,8.5925,14.1975,12.525,10.6,0.16,109.29249999999999,0.1,,,,0.035,0.04,36.685,60.629999999999995,0.37,189.305,0.0,0.0,94.1425,737.7775,
2023-06-26 17:00:00,15.99,37.870000000000005,5.57,8.535,14.1025,12.7425,10.54,0.175,88.67,0.1075,,,,0.0375,0.04,34.972500000000004,63.7,0.4525,210.8625,0.0,0.0,26.78,737.67,
2023-06-26 18:00:00,19.57,39.629999999999995,5.3925,8.2675,13.66,12.325,10.84,0.18,80.285,0.11,,,,0.04,0.04,33.1875,70.83250000000001,0.2575,199.2275,0.0,0.0,8.934999999999999,737.985,
2023-06-26 19:00:00,27.07,43.18,5.97,9.1525,15.1225,12.325,10.945,0.1825,87.56,0.11,,,,0.04,0.04,30.715,80.77250000000001,0.08,116.86,0.0,0.0,,738.6075,
2023-06-26 20:00:00,25.18,41.18,5.9775,9.165,15.14,12.0975,11.5,0.2025,,0.1225,,,,0.0425,0.05,29.6525,88.3525,0.1925,287.8475,0.0,0.0,,739.14,
2023-06-26 21:00:00,24.03,41.12,6.64,10.1775,16.822499999999998,11.7,11.307500000000001,0.28250000000000003,,0.17,,,,0.06,0.07,29.4425,87.63499999999999,0.1775,243.5025,0.0,0.0,,739.5925,
2023-06-26 22:00:00,37.3,63.21,6.4075,9.817499999999999,16.225,11.5,11.4525,0.2925,,0.17250000000000001,,,,0.06,0.07,29.13,90.6225,0.17500000000000002,215.28500000000003,0.0,0.0,,739.6424999999999,
2023-06-26 23:00:00,35.1125,59.7175,5.825,8.9275,14.75,11.5,11.5625,0.295,,0.1775,,,,0.06,0.07,29.33,87.975,0.2,164.18,0.0,0.0,,739.41,
2023-06-27 00:00:00,31.4625,67.3,4.8325,7.41,12.25,11.36,11.425,0.2725,,0.1625,,,,0.055,0.065,29.9525,83.7075,0.305,219.3,0.0,0.0,,739.3575000000001,
2023-06-27 01:00:00,27.705000000000002,51.4975,4.38,6.715,11.0975,11.254999999999999,11.5125,0.255,,0.155,,,,0.05,0.06,29.8625,83.035,0.285,175.5625,0.0,0.0,,739.1575,
2023-06-27 02:00:00,28.145,45.6725,4.3375,6.645,10.985,11.1625,11.25,0.245,,0.14500000000000002,,,,0.05,0.06,29.0675,86.045,0.33499999999999996,216.32750000000001,0.0,0.0,,738.8475000000001,
2023-06-27 03:00:00,23.65,44.3525,4.032500000000001,6.18,10.209999999999999,11.145,11.275,0.235,,0.14,,,,0.05,0.06,28.627499999999998,87.2475,0.3575,193.0225,0.0,0.0,,738.5925,
2023-06-27 04:00:00,25.775,40.665,4.105,6.295,10.395,11.11,11.39,0.2375,,0.14500000000000002,,,,0.0475,0.057499999999999996,28.3,88.0825,0.2475,167.6075,0.0,0.0,,738.5999999999999,
2023-06-27 05:00:00,24.3625,46.705,3.6799999999999997,5.6425,9.3225,11.0875,11.1675,0.23,,0.14,,,,0.0475,0.055,28.0375,89.22,0.29,239.51999999999998,0.0,0.0,3.24,738.5725,
2023-06-27 06:00:00,24.475,37.7025,3.3575,5.1475,8.5025,10.935,11.3325,0.22999999999999998,,0.14,,,,0.045,0.055,28.905,86.3025,0.4275,198.32,0.0,0.0,19.23,738.885,
2023-06-27 07:00:00,22.612499999999997,50.6625,2.81,4.3075,7.1175,10.8825,11.8,0.2275,,0.14,,,,0.0425,0.052500000000000005,30.7375,78.82249999999999,0.635,215.415,0.0,0.0,58.7175,739.3775,
2023-06-27 08:00:00,23.96,48.4725,2.2325,3.425,5.655,10.9475,13.6725,0.21,,0.13,,,,0.04,0.05,34.6975,64.9925,0.7525000000000001,196.91500000000002,0.0,0.0,295.3125,739.6875,
2023-06-27 09:00:00,21.51,46.0675,1.9725000000000001,3.025,4.9975000000000005,11.0225,12.01,0.2025,,0.1225,,,,0.04,0.05,37.475,56.55,0.6950000000000001,166.98,0.0,0.0,345.8025,739.905,
2023-06-27 10:00:00,17.939999999999998,37.29,1.6099999999999999,2.47,4.08,10.905000000000001,11.4475,0.1875,71.40333333333334,0.11,,,,0.04,0.04,37.2675,54.9075,0.7525,151.3125,0.0,0.0,281.755,739.995,
2023-06-27 11:00:00,16.2075,36.495,1.55,2.3725,3.9225000000000003,10.8475,10.875,0.1625,51.155,0.1,,,,0.0325,0.04,37.18,55.07,0.9575,170.4225,0.0175,0.0175,328.0975,739.83,
2023-06-27 12:00:00,16.315,51.2575,1.8575,2.8449999999999998,4.7025,11.035,12.602500000000001,0.165,56.545,0.1,,,,0.0325,0.04,37.485,54.685,0.755,167.8275,0.01,0.01,285.67,739.345,
2023-06-27 13:00:00,17.2525,47.480000000000004,2.175,3.3400000000000003,5.5175,11.25,11.645,0.16,55.802499999999995,0.10250000000000001,,,,0.03,0.04,38.1475,52.0525,0.8075,163.9725,0.0125,0.0125,279.7175,738.76,
2023-06-27 14:00:00,18.525,43.47,2.925,4.4825,7.41,11.620000000000001,12.735,0.1625,52.655,0.10250000000000001,,,,0.0325,0.04,39.120000000000005,49.480000000000004,0.745,189.9925,0.017499999999999998,0.017499999999999998,279.1675,738.1949999999999,
2023-06-27 15:00:00,16.2275,43.05,3.225,4.9475,8.175,11.8075,11.280000000000001,0.1725,51.26,0.10500000000000001,,,,0.035,0.04,39.67,47.7725,0.68,168.025,0.0,0.0,195.9025,737.5325,
2023-06-27 16:00:00,11.7275,45.84,3.4749999999999996,5.3225,8.7975,12.085,10.9275,0.1775,50.2875,0.1075,,,,0.0375,0.04,37.7225,52.010000000000005,0.6174999999999999,199.2625,0.0,0.0,112.83500000000001,737.3199999999999,
2023-06-27 17:00:00,23.345,46.852500000000006,3.245,4.975,8.219999999999999,12.0025,10.855,0.175,47.535,0.1075,,,,0.0375,0.04,35.4125,57.34,0.495,220.3275,0.0,0.0,37.8175,737.6675,
2023-06-27 18:00:00,16.135,46.335,3.605,5.5225,9.1225,12.1025,11.25,0.1675,46.0175,0.10250000000000001,,,,0.0325,0.04,33.3125,63.455,0.265,175.81,0.0,0.0,9.063333333333333,738.05,
2023-06-27 19:00:00,21.0525,47.41,4.4075,6.755,11.16,12.3,11.22,0.18,40.19,0.1075,,,,0.0375,0.04,31.020000000000003,74.25,0.14,190.43,0.0,0.0,,738.6225,
2023-06-27 20:00:00,18.555,45.65,4.26,6.5275,10.785,12.11,10.469999999999999,0.1925,41.485,0.11499999999999999,,,,0.04,0.0425,29.62,80.83500000000001,0.115,109.2275,0.0,0.0,,739.1524999999999,
2023-06-27 21:00:00,22.9125,43.5775,4.4,6.745,11.145,11.9625,11.184999999999999,0.22,38.5325,0.14,,,,0.04,0.05,29.3525,84.8525,0.155,172.13,0.0,0.0,,739.76,
2023-06-27 22:00:00,26.385,50.83,4.125,6.32,10.445,11.66,11.4825,0.2375,46.777499999999996,0.14250000000000002,,,,0.045,0.055,29.8825,81.625,0.4375,223.54500000000002,0.0,0.0,,740.1825,
2023-06-27 23:00:00,32.935,69.86250000000001,3.1675,4.8500000000000005,8.014999999999999,11.2875,11.235,0.215,50.695,0.13,,,,0.04,0.05,30.635,75.6575,0.5125,169.77249999999998,0.0,0.0,,740.4925,
2023-06-28 00:00:00,23.2425,51.655,2.96,4.535,7.495,11.1325,11.085,0.2025,48.955,0.125,,,,0.04,0.0475,29.9175,76.0825,0.4575,218.975,0.0,0.0,,740.53,
2023-06-28 01:00:00,18.45,39.22,2.625,4.0225,6.6475,11.325,10.8825,0.195,44.7025,0.1175,,,,0.04,0.0475,28.805,82.58500000000001,0.315,203.515,0.0,0.0,,740.25,
2023-06-28 02:00:00,15.0525,35.612500000000004,2.4575,3.765,6.2225,11.2675,10.7075,0.19,44.754999999999995,0.1125,,,,0.04,0.0425,28.035,86.5975,0.4225,198.395,0.0,0.0,,739.7925,
2023-06-28 03:00:00,17.837500000000002,39.175,2.505,3.84,6.345,11.125,10.7675,0.1875,44.49,0.11,,,,0.04,0.04,27.97,86.62,0.4,203.79500000000002,0.0,0.0,,739.5475,
2023-06-28 04:00:00,17.765,38.3475,2.23,3.4175,5.6475,11.105,10.5475,0.1775,43.755,0.1075,,,,0.0375,0.04,27.6925,87.67,0.385,182.0425,0.0,0.0,,739.6125,
2023-06-28 05:00:00,19.86,34.975,2.245,3.44,5.6850000000000005,11.23,10.695,0.165,40.3675,0.10250000000000001,,,,0.0325,0.04,27.395,88.74,0.41000000000000003,161.4675,0.0,0.0,3.6700000000000004,739.925,
2023-06-28 06:00:00,14.0875,32.625,2.06,3.1525,5.2125,11.1725,10.495000000000001,0.165,39.3175,0.10250000000000001,,,,0.035,0.04,28.2225,86.31,0.4525,171.6525,0.0,0.0,30.537499999999998,740.3475000000001,
2023-06-28 07:00:00,21.5425,32.95,2.08,3.19,5.2725,11.18,10.5275,0.155,42.3475,0.0925,,,,0.03,0.0375,29.52,81.1775,0.6825,184.3075,0.0,0.0,73.08,740.8125,
2023-06-28 08:00:00,15.9275,29.692500000000003,1.7575,2.6925,4.4475,10.89,11.145,0.15,46.005,0.09,,,,0.03,0.04,31.87,72.085,0.635,174.155,0.0,0.0,161.5675,741.0925,
2023-06-28 09:00:00,17.55,32.01,1.605,2.4575,4.0625,10.89,11.0125,0.15,47.18,0.09,,,,0.03,0.04,31.9825,71.935,0.6325,164.7175,0.0,0.0,134.7375,741.335,
2023-06-28 10:00:00,21.41,38.302499999999995,1.445,2.215,3.6550000000000002,10.865,11.0125,0.14500000000000002,48.61,0.0875,,,,0.03,0.035,33.0725,68.1575,0.7575000000000001,188.3375,0.0,0.0,204.9725,741.4525,
2023-06-28 11:00:00,20.51,42.2125,1.4024999999999999,2.15,3.555,10.81,10.5375,0.15500000000000003,14.62,0.0825,,,,0.03,0.03,33.0975,68.045,0.77,131.52,0.0,0.0,161.1575,741.28,
2023-06-28 12:00:00,25.8275,46.1175,1.2625,1.935,3.1975,10.76,11.2,0.1,88.27000000000001,0.06,,,,0.03,0.03,34.6875,63.58,0.9,168.595,0.0,0.0,276.9175,740.9025,
2023-06-28 13:00:00,11.485,33.9225,1.425,2.1825,3.6075,10.97,13.083333333333334,0.0075,83.8425,0.0025,,,,0.01,0.01,35.947500000000005,60.405,0.8525,155.2475,0.0,0.0,249.10000000000002,740.04,
2023-06-28 14:00:00,16.877499999999998,33.99,1.7525,2.6875,4.4375,11.055,,0.025,81.8,0.01,,,,0.01,0.01,34.1925,65.46000000000001,0.535,169.5875,0.0075,0.0075,116.7675,739.335,
2023-06-28 15:00:00,19.45,34.0775,1.7850000000000001,2.74,4.525,11.155,3.92,0.025,81.67,0.01,,,,0.01,0.01,37.1075,58.2,0.6375,201.5975,0.0025,0.0025,200.7925,738.6725,
2023-06-28 16:00:00,13.53,35.557500000000005,,,0.0,11.285,5.945,0.0125,74.0525,0.01,,,,0.01,0.01,37.65,55.417500000000004,0.48,217.2575,0.0,0.0,144.2075,738.2875,
2023-06-28 17:00:00,16.705000000000002,32.3325,4.915,7.535,12.4525,11.025,9.6175,0.0975,69.44500000000001,0.0625,,,,0.025,0.03,28.8775,91.4075,0.445,175.5825,0.7775,0.7775,16.6375,738.5025,
2023-06-28 18:00:00,19.5425,57.15,4.5975,7.045,11.6425,11.3,11.1225,0.0425,54.6275,0.025,,,,0.03,0.04,28.36,98.41499999999999,0.2175,185.97,0.0375,0.0375,2.5075,738.9875,
2023-06-28 19:00:00,22.502499999999998,29.905,3.975,6.0925,10.067499999999999,11.2175,11.21,0.0,74.205,0.0,,,,,,26.9225,98.64,0.4,153.39,1.4525000000000001,1.4525000000000001,,739.66,
2023-06-28 20:00:00,19.107499999999998,42.15,3.8075,5.8325000000000005,9.6375,11.33,10.942499999999999,0.0,64.765,0.0,,,,,,26.4025,99.79249999999999,0.09,109.5625,0.3875,0.3875,,740.1425,
2023-06-28 21:00:00,21.707500000000003,25.6875,4.045,6.2025,10.2475,11.1425,10.9175,0.0425,68.585,0.0275,,,,0.04,0.04,26.77,100.0,0.325,199.575,0.0,0.0,,740.5675,
2023-06-28 22:00:00,27.5925,31.35,3.7575,5.7625,9.52,11.27,11.4625,0.1475,36.76,0.0875,,,,0.03,0.0375,26.0925,99.9975,0.315,209.0925,0.0,0.0,,740.9100000000001,
2023-06-28 23:00:00,18.8925,27.009999999999998,3.98,6.1,10.0775,11.225,10.705,0.155,33.135,0.095,,,,0.03,0.04,25.955,100.0,0.2825,204.93,0.0,0.0,,740.7775,
2023-06-29 00:00:00,17.0075,26.6475,3.76,5.765000000000001,9.52,11.075,10.375,0.1525,27.2925,0.0925,,,,0.03,0.04,26.197499999999998,100.0,0.295,216.675,0.0,0.0,,740.66,
2023-06-29 01:00:00,19.759999999999998,23.9175,4.135,6.34,10.4725,11.2075,10.7175,0.16,31.810000000000002,0.095,,,,0.0325,0.04,26.4175,100.0,0.1975,163.93,0.0,0.0,,740.3075,
2023-06-29 02:00:00,20.54,30.685,3.9725,6.0874999999999995,10.06,11.175,10.4725,0.15000000000000002,36.2425,0.0875,,,,0.03,0.0375,26.7375,99.62,0.325,167.035,0.0,0.0,,739.6925,
2023-06-29 03:00:00,22.5825,27.77,3.7325,5.7225,9.4525,11.085,10.785,0.14250000000000002,33.35,0.0875,,,,0.03,0.0375,26.7275,98.8925,0.295,179.5525,0.0,0.0,,739.495,
2023-06-29 04:00:00,17.1175,28.77,3.97,6.09,10.055,11.235,10.602500000000001,0.1375,30.775,0.0825,,,,0.03,0.0325,26.877499999999998,97.795,0.3575,189.835,0.0,0.0,,739.5825,
2023-06-29 05:00:00,17.427500000000002,27.8675,3.7475,5.7425,9.4925,11.145,10.440000000000001,0.14,29.9925,0.0825,,,,0.03,0.03,26.5175,97.95,0.375,187.41000000000003,0.085,0.085,6.074999999999999,739.8975,
2023-06-29 06:00:00,12.93,24.185,3.83,5.87,9.7,10.9925,10.317499999999999,0.14250000000000002,26.3675,0.08499999999999999,,,,0.03,0.035,27.1375,99.265,0.24,160.9625,0.015,0.015,25.604999999999997,740.1925,
2023-06-29 07:00:00,17.0,24.625,3.6925,5.66,9.35,11.0125,10.594999999999999,0.14,29.7575,0.0825,,,,0.03,0.035,27.48,96.4025,0.43,151.60999999999999,0.0,0.0,35.45,740.445,
2023-06-29 08:00:00,19.6875,30.630000000000003,3.4074999999999998,5.225,8.6375,10.9375,10.872499999999999,0.1325,33.71,0.08499999999999999,,,,0.03,0.0325,29.240000000000002,88.52000000000001,0.5425,168.675,0.0,0.0,95.4075,740.4825,
2023-06-29 09:00:00,22.015,29.71,3.26,4.9975000000000005,8.26,10.94,10.3025,0.1325,38.385,0.08,,,,0.03,0.03,30.2125,83.63,0.585,178.7025,0.0,0.0,82.8325,740.735,
2023-06-29 10:00:00,22.3125,29.835,3.0425,4.6675,7.7125,10.705,12.495000000000001,0.1325,41.900000000000006,0.08,,,,0.03,0.03,31.4825,79.42,0.53,153.145,0.0,0.0,113.80499999999999,740.635,
2023-06-29 11:00:00,23.0975,29.6075,3.14,4.81,7.949999999999999,10.8475,13.0825,0.13,42.61,0.08,,,,0.03,0.03,31.47,78.63,0.4775,203.3925,0.0,0.0,101.3875,740.25,
2023-06-29 12:00:00,16.8975,31.0775,3.335,5.109999999999999,8.4475,11.0225,12.7775,0.1275,45.0475,0.08,,,,0.03,0.03,33.2825,73.72749999999999,0.6125,165.565,0.0,0.0,249.7625,739.5074999999999,
2023-06-29 13:00:00,14.93,27.62,3.2424999999999997,4.967499999999999,8.2125,11.0375,13.9575,0.13,48.2225,0.0775,,,,0.03,0.03,33.7125,70.88250000000001,0.6225,203.6225,0.0,0.0,147.4625,739.0375,
2023-06-29 14:00:00,19.08,37.63,3.2375,4.96,8.2,11.125,11.5475,0.13,50.8725,0.08,,,,0.03,0.03,35.195,66.39,0.5975,177.475,0.0,0.0,230.9475,738.335,
2023-06-29 15:00:00,26.2775,31.697499999999998,3.465,5.31,8.775,11.26,10.74,0.13,55.695,0.08,,,,0.03,0.03,34.1325,66.9475,0.5975,144.4625,0.0,0.0,106.17,737.6175000000001,
2023-06-29 16:00:00,32.47,41.71,3.685,5.645,9.3325,11.3125,11.717500000000001,0.14250000000000002,55.83,0.08499999999999999,,,,0.03,0.035,35.1175,64.7325,0.5800000000000001,197.95499999999998,0.0,0.0,133.965,737.2875,
2023-06-29 17:00:00,41.6625,43.167500000000004,3.7725,5.78,9.55,11.370000000000001,10.252500000000001,0.14250000000000002,47.33,0.0825,,,,0.03,0.03,30.127499999999998,81.41,0.64,215.24,0.37,0.37,9.977500000000001,737.3175,
2023-06-29 18:00:00,33.21,49.81,3.825,5.86,9.682500000000001,11.3625,10.02,0.175,34.7575,0.105,,,,0.0375,0.04,26.8775,97.75,0.38749999999999996,235.3275,0.53,0.53,2.1725,737.8825,
2023-06-29 19:00:00,32.3375,41.91,3.8674999999999997,5.93,9.795,11.1175,10.7025,0.2,26.3825,0.12,,,,0.04,0.0475,26.7975,98.83,0.195,175.3775,0.0,0.0,,738.2725,
2023-06-29 20:00:00,35.43,41.6025,4.11,6.3,10.405000000000001,11.192499999999999,10.9925,0.2175,26.6925,0.135,,,,0.04,0.05,26.9,99.59,0.26,216.475,0.0,0.0,,739.11,
2023-06-29 21:00:00,36.2975,48.99,4.155,6.3675,10.52,11.265,11.6,0.23,25.5675,0.14,,,,0.045,0.055,26.7025,99.8425,0.155,141.36,0.0,0.0,,739.4525,
2023-06-29 22:00:00,41.1425,48.345,4.17,6.395,10.565,11.280000000000001,11.0075,0.2425,27.4,0.14,,,,0.05,0.06,26.73,100.0,0.23500000000000001,182.3075,0.0,0.0,,739.5375,
2023-06-29 23:00:00,36.6125,43.265,3.9850000000000003,6.105,10.085,11.25,11.2425,0.2125,33.1875,0.1275,,,,0.0425,0.052500000000000005,26.625,99.8175,0.46499999999999997,168.1875,0.0,0.0,,739.34,
2023-06-30 00:00:00,23.18,37.21,3.5949999999999998,5.51,9.1075,11.0325,10.7875,0.1975,29.924999999999997,0.11499999999999999,,,,0.04,0.045,26.665,99.055,0.41000000000000003,222.06,0.0,0.0,,738.8824999999999,
2023-06-30 01:00:00,18.445,31.5175,3.32,5.09,8.41,10.975,10.3325,0.1975,25.3925,0.1225,,,,0.04,0.0475,26.5875,99.05,0.2275,178.945,0.0,0.0,,738.3225,
2023-06-30 02:00:00,22.5975,30.815,3.3975,5.21,8.6075,11.0025,12.32,0.2,17.2875,0.12,,,,0.04,0.0475,26.565,99.1125,0.1325,156.91,0.0,0.0,,737.9525,
2023-06-30 03:00:00,16.265,26.1325,3.8925,5.967499999999999,9.86,11.225,8.885,0.20500000000000002,15.6425,0.125,,,,0.04,0.05,26.555,99.405,0.155,161.5075,0.0,0.0,,737.8125,
2023-06-30 04:00:00,16.08,29.4225,4.0025,6.135,10.1325,11.4175,8.275,0.20500000000000002,13.175,0.1275,,,,0.04,0.05,26.595,99.625,0.1725,191.4275,0.0,0.0,,737.99,
2023-06-30 05:00:00,,35.1975,3.9825,6.105,10.084999999999999,11.315,8.455,0.2025,12.4775,0.125,,,,0.04,0.05,26.7175,99.7775,0.1625,124.67,0.0,0.0,0.4266666666666667,738.1775,
2023-06-30 06:00:00,,27.35,3.775,5.785,9.56,11.3475,8.5775,0.195,18.5,0.1175,,,,0.04,0.045,26.575000000000003,99.8575,0.33499999999999996,183.845,1.0625,1.0625,4.23,738.3125,
2023-06-30 07:00:00,,26.3425,3.8575,5.91,9.765,11.2575,8.93,0.195,21.545,0.1175,,,,0.04,0.045,26.627499999999998,100.0,0.2575,168.765,0.875,0.875,11.364999999999998,738.7,
2023-06-30 08:00:00,,30.287499999999998,3.8625,5.922499999999999,9.785,11.1475,8.8,0.195,23.02,0.11499999999999999,,,,0.04,0.045,26.85,100.0,0.34750000000000003,173.79250000000002,0.4975,0.4975,28.3875,739.06,
2023-06-30 09:00:00,,33.510000000000005,3.6725000000000003,5.63,9.3025,10.985,8.71,0.185,24.8275,0.11,,,,0.0375,0.0425,27.025,99.8075,0.3375,170.9325,0.1225,0.1225,37.4725,739.3475,
2023-06-30 10:00:00,,31.7325,3.285,5.0375,8.3275,10.969999999999999,8.8725,0.1625,27.7875,0.0975,,,,0.0325,0.04,27.7525,96.22749999999999,0.48,182.535,0.0,0.0,114.1725,739.42,
2023-06-30 11:00:00,,22.425,3.2800000000000002,5.03,8.315,10.9575,9.44,0.1475,27.31,0.09,,,,0.03,0.0375,30.5125,83.725,0.3925,169.73000000000002,0.0,0.0,137.32999999999998,739.3275,
2023-06-30 12:00:00,,18.427500000000002,2.5324999999999998,3.885,6.422499999999999,10.467500000000001,17.2525,0.08,25.822499999999998,0.045,,,,0.0125,0.02,31.689999999999998,78.935,0.4325,183.7125,0.0,0.0,134.13,739.025,
2023-06-30 13:00:00,,19.720000000000002,2.59,3.9724999999999997,6.5625,10.715,13.3275,0.09,25.8475,0.052500000000000005,,,,0.02,0.02,31.495,78.6875,0.2625,153.44,0.0,0.0,47.0025,738.6949999999999,
2023-06-30 14:00:00,14.24,17.192500000000003,2.93,4.4875,7.42,11.04,10.1325,0.10250000000000001,22.03,0.06,,,,0.02,0.0225,29.68,86.8625,0.1975,172.365,0.0,0.0,32.222500000000004,737.8225,
2023-06-30 15:00:00,12.295,21.0875,3.1625,4.85,8.0125,11.08,11.375,0.10500000000000001,21.935,0.065,,,,0.02,0.025,28.695,89.9975,0.235,194.1025,0.0075,0.0075,7.83,737.465,
2023-06-30 16:00:00,14.2625,20.655,3.3425,5.1225000000000005,8.465,11.1125,10.34,0.1275,19.6325,0.0775,,,,0.0275,0.03,28.2075,95.43,0.1725,145.735,0.0225,0.0225,38.1625,737.28,
2023-06-30 17:00:00,15.565,23.517500000000002,3.35,5.135,8.4825,11.1175,12.0,0.1375,21.6375,0.08,,,,0.03,0.03,28.505,93.24,0.295,185.25,0.0,0.0,31.205,737.35,
2023-06-30 18:00:00,13.81,16.91,3.5125,5.385,8.9,11.1775,13.145,0.16,17.7375,0.10250000000000001,,,,0.035,0.0375,27.795,95.26,0.2675,168.07999999999998,0.0,0.0,11.81,737.64,
2023-06-30 19:00:00,16.7925,21.5425,3.5275,5.41,8.935,11.3125,12.182500000000001,0.19,18.4975,0.11,,,,0.04,0.04,27.1375,97.75,0.2825,167.9875,0.0,0.0,,738.1225,
2023-06-30 20:00:00,17.035,30.002499999999998,3.77,5.7725,9.5375,11.155,11.1925,0.21,13.9825,0.13,,,,0.04,0.0475,26.9025,98.8375,0.14,141.405,0.0,0.0,,738.865,
2023-06-30 21:00:00,23.884999999999998,31.64,3.44,5.28,8.719999999999999,11.0775,12.0925,0.2075,18.875,0.1275,,,,0.04,0.05,26.8425,99.01,0.345,184.065,0.08,0.08,,739.3075,
2023-06-30 22:00:00,17.5475,25.07,3.3825,5.18,8.56,10.9725,12.942499999999999,0.195,21.0725,0.11499999999999999,,,,0.04,0.045,26.5175,99.36500000000001,0.3925,215.095,0.04,0.04,,739.3199999999999,
2023-06-30 23:00:00,16.66,20.835,3.35,5.1325,8.4825,10.985,12.719999999999999,0.19,17.645,0.1125,,,,0.04,0.04,26.3425,99.6525,0.2925,210.10999999999999,0.0,0.0,,739.17,
2023-07-01 00:00:00,18.740000000000002,19.942500000000003,3.4325,5.26,8.69,11.015,12.6975,0.18,17.884999999999998,0.11,,,,0.04,0.04,26.485,99.915,0.34750000000000003,206.6025,0.052500000000000005,0.052500000000000005,,738.9525,
2023-07-01 01:00:00,21.755,24.8975,3.4425,5.2700000000000005,8.71,11.08,12.057500000000001,0.1675,18.215,0.10250000000000001,,,,0.035,0.04,26.482499999999998,100.0,0.42000000000000004,194.78,0.2275,0.2275,,738.6775,
2023-07-01 02:00:00,19.1175,26.2075,3.2375,4.9625,8.2025,10.98,11.844999999999999,0.15,21.9,0.0925,,,,0.03,0.04,26.135,100.0,0.5125,201.31,3.7524999999999995,3.7524999999999995,,738.1275,
2023-07-01 03:00:00,16.395,19.0075,3.2675,5.005,8.28,10.91,13.2875,0.14250000000000002,21.7775,0.08499999999999999,,,,0.03,0.0375,25.9975,100.0,0.3825,185.58499999999998,2.6774999999999998,2.6774999999999998,,737.9325,
2023-07-01 04:00:00,11.497499999999999,14.6775,3.3525,5.1375,8.495,10.8475,12.762500000000001,0.1375,20.310000000000002,0.08499999999999999,,,,0.03,0.035,25.975,100.0,0.305,169.9925,0.0625,0.0625,,737.885,
2023-07-01 05:00:00,9.105,19.615000000000002,3.2925,5.05,8.344999999999999,10.842500000000001,10.8675,0.14,16.81,0.0825,,,,0.03,0.0325,25.9725,100.0,0.255,144.86,0.0,0.0,0.7150000000000001,738.2375,
2023-07-01 06:00:00,7.64,19.369999999999997,3.465,5.3100000000000005,8.7775,10.865,14.285,0.15,14.52,0.09,,,,0.03,0.04,26.2375,100.0,0.27,209.7475,0.0,0.0,7.9475,738.55,
2023-07-01 07:00:00,10.71,18.27,3.2824999999999998,5.0325,8.317499999999999,10.807500000000001,13.265,0.1575,17.3525,0.095,,,,0.03,0.04,27.075,100.0,0.3225,175.83749999999998,0.0,0.0,55.13,738.9275,
2023-07-01 08:00:00,16.244999999999997,18.3175,2.9775,4.5625,7.5425,10.6175,12.7875,0.1625,20.365000000000002,0.1,,,,0.0325,0.04,30.26,90.94,0.4375,168.62,0.0,0.0,139.3425,739.365,
2023-07-01 09:00:00,,,2.9775,4.5600000000000005,7.535,10.8325,11.9625,0.16,18.475,0.095,,,,0.03,0.04,29.7425,89.8025,0.3125,207.6475,0.19,0.19,77.77250000000001,739.7125,
2023-07-01 10:00:00,17.505,22.7775,1.3875,2.1225,3.515,10.7525,11.035,0.16999999999999998,13.53,0.10500000000000001,,,,0.035,0.04,30.115,91.8325,0.2525,147.95,0.53,0.53,109.485,739.71,
2023-07-01 11:00:00,15.81,19.93,0.6775,1.0375,1.7174999999999998,10.9725,11.2625,0.1875,9.465,0.11,,,,0.04,0.04,29.35,93.16499999999999,0.445,177.5425,0.045,0.045,103.02250000000001,739.725,
2023-07-01 12:00:00,9.305,16.494999999999997,1.2366666666666666,1.9000000000000001,2.3525,10.96,10.655,0.175,20.1875,0.10250000000000001,,,,0.035,0.04,32.1875,82.425,0.4425,181.635,0.02,0.02,185.0275,739.475,
2023-07-01 13:00:00,8.6525,17.1775,5.49,8.41,6.95,11.0075,12.0825,0.195,24.89,0.11499999999999999,,,,0.04,0.045,34.4775,74.14,0.505,194.005,0.0025,0.0025,173.19,739.05,
2023-07-01 14:00:00,8.25,26.2225,7.904999999999999,12.120000000000001,20.025,11.1,11.175,0.17,42.085,0.10500000000000001,,,,0.035,0.04,34.4775,74.225,0.505,181.08749999999998,0.0,0.0,133.915,738.4825000000001,
2023-07-01 15:00:00,14.695,21.8125,8.1275,12.4525,20.580000000000002,11.0125,9.28,0.185,63.31333333333333,0.11,,,,0.04,0.04,29.96,88.99000000000001,0.4175,195.1,0.0025,0.0025,17.3175,738.245,
2023-07-01 16:00:00,16.9025,25.2575,7.775,11.9175,19.695,11.0125,8.7975,0.18,27.295,0.11,,,,0.04,0.04,28.5725,94.7675,0.45,223.6375,0.0325,0.0325,4.685,738.1125,
2023-07-01 17:00:00,17.505,23.57,7.89,12.0975,19.985,10.79,8.8575,0.165,33.6425,0.1,,,,0.035,0.0375,27.674999999999997,96.145,0.515,218.54,0.15250000000000002,0.15250000000000002,2.3049999999999997,738.4125,
2023-07-01 18:00:00,16.7425,23.7525,7.645,11.72,19.3675,10.842500000000001,10.2775,0.135,48.0425,0.08,,,,0.03,0.03,27.115000000000002,99.0425,0.20500000000000002,151.51,1.6375000000000002,1.6375000000000002,,739.0875,
2023-07-01 19:00:00,17.42,34.1825,8.2075,12.58,20.7875,10.81,9.9625,0.16,35.03,0.0975,,,,0.03,0.04,27.0875,99.9675,0.2775,191.9975,1.485,1.485,,739.5649999999999,
2023-07-01 20:00:00,26.85,31.0575,8.205,12.58,20.785,10.6325,8.3175,0.185,22.27,0.1075,,,,0.04,0.04,26.945,100.0,0.2125,181.405,0.8875,0.8875,,740.0225,
2023-07-01 21:00:00,25.175,32.75,7.81,11.97,19.78,10.6375,8.6,0.18,27.5125,0.1125,,,,0.0375,0.0425,27.11,100.0,0.4,184.6475,0.505,0.505,,740.5124999999999,
2023-07-01 22:00:00,24.810000000000002,28.91,7.32,11.215,18.535,10.6225,8.1675,0.155,23.575,0.0975,,,,0.03,0.04,26.9025,100.0,0.4575,234.15,0.2075,0.2075,,740.77,
2023-07-01 23:00:00,17.8,24.99,6.795,10.4175,17.215,10.455,7.612500000000001,0.14,17.235,0.0825,,,,0.03,0.0325,26.63,100.0,0.3,194.0225,0.6325,0.6325,,740.7049999999999,
2023-07-02 00:00:00,15.81,24.6475,7.465,11.440000000000001,18.9025,10.53,7.295,0.135,17.7025,0.0825,,,,0.03,0.03,26.5925,100.0,0.26,210.79500000000002,0.425,0.425,,740.4625,
2023-07-02 01:00:00,21.205,24.5625,7.18,11.0075,18.1875,10.57,6.859999999999999,0.11499999999999999,13.71,0.07500000000000001,,,,0.025,0.03,26.57,100.0,0.3175,201.42000000000002,0.585,0.585,,739.935,
2023-07-02 02:00:00,,,6.9175,10.6,17.5175,10.5175,6.6049999999999995,0.1125,9.0875,0.07250000000000001,,,,0.025,0.03,26.52,100.0,0.1725,162.94,0.2125,0.2125,,739.495,
2023-07-02 03:00:00,15.295,26.1875,7.0975,10.879999999999999,17.9825,10.5075,6.67,0.1075,8.967500000000001,0.07,,,,0.02,0.03,26.5275,100.0,0.215,232.51749999999998,0.155,0.155,,739.0575,
2023-07-02 04:00:00,13.6425,16.445,6.605,10.129999999999999,16.735,10.455,6.345,0.1075,5.3375,0.0675,,,,0.02,0.0275,26.515,100.0,0.17500000000000002,180.58249999999998,0.0,0.0,,739.0550000000001,
2023-07-02 05:00:00,14.61,18.105,6.6375,10.1725,16.810000000000002,10.335,6.46,0.10500000000000001,6.13,0.065,,,,0.02,0.025,26.6175,100.0,0.22999999999999998,185.34,0.0,0.0,7.196666666666666,739.1800000000001,
2023-07-02 06:00:00,17.439999999999998,21.8925,6.7625,10.365,17.13,10.3975,6.6225,0.1125,7.5125,0.07,,,,0.0225,0.03,27.115000000000002,100.0,0.29500000000000004,154.1375,0.0,0.0,25.675,739.505,
2023-07-02 07:00:00,18.6875,32.345,6.6125,10.1325,16.745,10.4925,5.775,0.1125,7.9175,0.07250000000000001,,,,0.0225,0.03,27.317500000000003,100.0,0.27,184.145,0.0,0.0,28.175,739.9425,
2023-07-02 08:00:00,19.3425,21.2075,5.955,9.129999999999999,15.0825,10.53,6.465,0.11,7.465,0.0675,,,,0.02,0.03,28.8975,98.77,0.3275,185.1725,0.0,0.0,69.4975,740.185,
2023-07-02 09:00:00,18.815,19.2475,6.14,9.415,15.5525,10.3875,5.8100000000000005,0.1125,7.305,0.07500000000000001,,,,0.025,0.03,29.7875,92.4225,0.27249999999999996,153.0025,0.0,0.0,66.1525,740.35,
2023-07-02 10:00:00,16.4675,18.9675,6.86,10.5175,17.3775,10.66,5.5625,0.13,8.7875,0.0775,,,,0.025,0.035,30.3275,87.8675,0.41250000000000003,215.8825,0.1375,0.1375,56.63,740.29,
2023-07-02 11:00:00,14.5325,25.26,7.505,11.5025,19.005000000000003,10.8875,5.73,0.14250000000000002,16.5825,0.08499999999999999,,,,0.03,0.0325,29.295,96.215,0.3625,233.6925,1.26,1.26,116.41499999999999,740.07,
2023-07-02 12:00:00,18.7575,20.0725,7.1625,10.9775,18.14,10.8575,5.5275,0.14,14.835,0.0825,,,,0.03,0.0325,30.22,92.9925,0.2975,177.9825,0.0125,0.0125,104.5975,739.71,
2023-07-02 13:00:00,16.935,22.565,7.0075,10.735,17.7425,10.9375,5.945,0.13,21.51,0.08,,,,0.03,0.03,33.769999999999996,79.8875,0.385,183.555,0.0,0.0,229.1975,739.2775,
2023-07-02 14:00:00,16.025,20.93,7.495,11.4825,18.9775,10.93,5.7475000000000005,0.135,19.175,0.0825,,,,0.03,0.0325,31.2575,86.525,0.3675,202.5225,1.3325,1.3325,60.4075,738.8275,
2023-07-02 15:00:00,18.0225,37.7575,7.515000000000001,11.5125,19.025,10.9625,5.71,0.14,16.815,0.085,,,,0.03,0.0325,29.8525,97.6525,0.1925,159.83499999999998,0.8674999999999999,0.8674999999999999,100.7875,738.3125,
2023-07-02 16:00:00,17.689999999999998,24.939999999999998,7.9675,12.2075,20.175,11.2175,6.8475,0.1525,18.91,0.095,,,,0.03,0.04,33.0175,88.12,0.26,185.3025,0.0,0.0,99.58,738.03,
2023-07-02 17:00:00,19.625,22.5375,7.9975000000000005,12.26,20.2575,11.3,5.6525,0.1275,17.28,0.08,,,,0.03,0.03,32.3125,83.025,0.345,165.66,0.0,0.0,50.555,738.1325,
2023-07-02 18:00:00,15.17,19.990000000000002,8.344999999999999,12.7925,21.1375,11.27,5.8375,0.1325,11.56,0.08,,,,0.03,0.03,30.3225,89.4,0.27,197.45999999999998,0.0,0.0,18.182499999999997,738.415,
2023-07-02 19:00:00,15.1175,25.909999999999997,8.915,13.665,22.5775,11.3075,6.3,0.16,7.744999999999999,0.0975,,,,0.03,0.04,28.515,95.6125,0.1775,144.66,0.0,0.0,,738.855,
2023-07-02 20:00:00,15.82,26.1575,8.825,13.5275,22.3525,11.15,6.04,0.1875,4.805,0.1125,,,,0.04,0.0425,27.98,98.27250000000001,0.2425,166.24,0.0,0.0,,739.27,
2023-07-02 21:00:00,16.15,26.6275,8.31,12.74,21.052500000000002,10.895,6.0075,0.195,4.1775,0.1175,,,,0.04,0.0425,27.965,97.7075,0.2425,197.265,0.0,0.0,,739.69,
2023-07-02 22:00:00,20.205,28.1175,7.6375,11.71,19.3475,10.76,6.05,0.1975,3.58,0.1175,,,,0.04,0.0475,27.67,98.49000000000001,0.215,156.6175,0.0,0.0,,739.85,
2023-07-02 23:00:00,20.5525,27.6925,7.1675,10.985,18.1475,10.72,5.98,0.19,3.816666666666667,0.11499999999999999,,,,0.04,0.0425,27.435000000000002,99.205,0.1325,125.0075,0.0,0.0,,739.7525,
2023-07-03 00:00:00,13.405,28.224999999999998,6.93,10.6225,17.557499999999997,10.48,6.1575,0.185,1.7866666666666668,0.11,,,,0.04,0.04,27.335,99.74,0.12,125.33,0.0,0.0,,739.6175000000001,
2023-07-03 01:00:00,11.7225,21.4725,7.29,11.17,18.4625,10.6325,6.125,0.175,2.4233333333333333,0.1075,,,,0.0375,0.04,27.28,100.0,0.1725,180.67249999999999,0.0,0.0,,739.365,
2023-07-03 02:00:00,18.057499999999997,25.7125,7.1075,10.8925,17.997500000000002,10.48,6.1425,0.175,2.6025,0.1075,,,,0.0375,0.04,27.53,100.0,0.18000000000000002,147.31,0.0,0.0,,739.1825,
2023-07-03 03:00:00,18.24,30.43,7.135,10.932500000000001,18.064999999999998,10.530000000000001,5.8475,0.17,2.5866666666666664,0.10250000000000001,,,,0.0375,0.04,27.7875,100.0,0.3,187.1625,0.0,0.0,,739.0450000000001,
2023-07-03 04:00:00,19.33,36.2375,7.0425,10.795,17.84,10.4525,6.4025,0.17250000000000001,2.6599999999999997,0.1075,,,,0.035,0.04,27.9225,100.0,0.3075,238.02249999999998,0.0,0.0,,739.13,
2023-07-03 05:00:00,25.815,40.677499999999995,6.8225,10.4575,17.28,10.495,5.5575,0.1625,3.2399999999999998,0.0975,,,,0.03,0.04,27.9025,99.875,0.275,188.6875,0.055,0.055,2.2033333333333336,739.34,
2023-07-03 06:00:00,19.155,35.1225,6.0375,9.252500000000001,15.29,10.3825,6.574999999999999,0.14,3.72,0.08,,,,0.03,0.0325,26.747500000000002,99.675,0.325,212.8275,3.3475,3.3475,18.0975,739.675,
2023-07-03 07:00:00,15.9275,21.66,6.9425,10.6425,17.5825,10.4775,6.0875,0.1575,6.465,0.095,,,,0.03,0.0375,27.7675,99.7575,0.3425,204.32,0.6375,0.6375,70.6375,739.7049999999999,
2023-07-03 08:00:00,14.05,36.135000000000005,6.8875,10.5625,17.45,10.545,6.7924999999999995,0.1675,9.7275,0.1,,,,0.0325,0.04,29.759999999999998,94.435,0.325,205.7425,0.0,0.0,89.7325,739.9925,
2023-07-03 09:00:00,20.845,21.9375,6.985,10.71,17.6975,10.73,6.1775,0.1825,6.49,0.11,,,,0.04,0.04,30.675,90.6975,0.2325,166.5925,0.0,0.0,47.089999999999996,740.1524999999999,
2023-07-03 10:00:00,18.395,23.775,7.285,11.165,18.4525,10.96,6.16,0.185,15.6375,0.11,,,,0.04,0.04,33.72,78.5125,0.4325,210.42249999999999,0.0,0.0,232.865,740.1,
2023-07-03 11:00:00,18.009999999999998,50.285,6.5725,10.075,16.65,10.594999999999999,7.035,0.185,46.8475,0.1125,,,,0.04,0.04,34.65,74.3825,0.385,210.5625,0.0175,0.0175,143.1275,739.96,
2023-07-03 12:00:00,23.8325,35.64,6.8675,10.525,17.3925,10.690000000000001,7.68,0.2,45.8,0.1175,,,,0.04,0.045,35.63,71.6075,0.4475,224.19,0.0025,0.0025,218.34750000000003,739.4975,
2023-07-03 13:00:00,15.99,28.045,7.355,11.274999999999999,18.6275,10.8925,8.09,0.20500000000000002,40.075,0.1225,,,,0.04,0.05,37.05,67.1275,0.465,197.5025,0.0,0.0,223.4075,739.095,
2023-07-03 14:00:00,22.682499999999997,27.2175,6.315,9.675,15.9875,10.68,8.7975,0.1525,49.4125,0.095,,,,0.0325,0.035,38.7575,62.085,0.46,205.64249999999998,0.0,0.0,241.945,738.605,
2023-07-03 15:00:00,22.6475,31.1675,6.8225,10.4575,17.28,10.865,8.004999999999999,0.1475,43.1025,0.08499999999999999,,,,0.03,0.035,38.725,62.3775,0.40249999999999997,179.9225,0.0,0.0,153.84,738.08,
2023-07-03 16:00:00,17.6625,23.58,7.1075,10.8925,17.997500000000002,10.795,8.4775,0.1575,40.11,0.0975,,,,0.03,0.04,34.34,77.0525,0.2025,147.495,0.0,0.0,59.142500000000005,737.6975,
2023-07-03 17:00:00,18.53,28.7275,6.995,10.7225,17.7175,10.7675,11.2875,0.1725,35.2,0.1075,,,,0.0325,0.04,34.07,77.6175,0.265,201.5375,0.0,0.0,43.0575,737.6725,
2023-07-03 18:00:00,25.340000000000003,26.336666666666662,7.395,11.3375,18.732499999999998,10.934999999999999,10.9275,0.1875,38.35,0.11499999999999999,,,,0.04,0.045,32.019999999999996,86.1925,0.19333333333333336,172.36666666666667,0.0,0.0,11.5,737.9775,
2023-07-03 19:00:00,,,7.6274999999999995,11.69,19.3175,10.8375,12.28,0.2025,22.77,0.12,,,,0.04,0.0475,30.4375,89.9925,0.295,242.6975,0.0,0.0,,738.5025,
2023-07-03 20:00:00,,,7.5275,11.535,19.065,10.735,10.877500000000001,0.22,17.115000000000002,0.135,,,,0.04,0.05,29.4625,92.37,0.32999999999999996,177.655,0.0,0.0,,739.0975000000001,
2023-07-03 21:00:00,,,8.370000000000001,12.8275,21.197499999999998,10.855,10.6975,0.215,20.939999999999998,0.135,,,,0.04,0.05,28.7,95.95750000000001,0.2275,214.3975,0.04,0.04,,739.5475,
2023-07-03 22:00:00,,,7.6025,11.655,19.265,10.5725,10.48,0.21000000000000002,18.275,0.1275,,,,0.04,0.05,28.5525,98.8125,0.355,146.04500000000002,0.037500000000000006,0.037500000000000006,,739.6975,
2023-07-03 23:00:00,,,7.675,11.754999999999999,19.43,10.51,10.95,0.2025,28.36,0.12,,,,0.04,0.045,28.4925,99.035,0.31,177.2425,0.0,0.0,,739.735,
2023-07-04 00:00:00,,,7.32,11.219999999999999,18.5425,10.442499999999999,9.3575,0.1875,18.8875,0.1075,,,,0.0375,0.0425,28.072499999999998,97.9075,0.35000000000000003,158.2625,0.0,0.0,,739.67,
2023-07-04 01:00:00,,,6.685,10.245,16.9275,10.625,8.9675,0.1625,15.9625,0.0975,,,,0.03,0.04,26.95,97.185,0.27,220.955,1.5325,1.5325,,739.1925,
2023-07-04 02:00:00,,,7.0175,10.7575,17.7775,10.307500000000001,9.0625,0.1675,14.5475,0.10250000000000001,,,,0.03,0.04,27.5075,99.985,0.26,142.085,2.8575,2.8575,,738.84,
2023-07-04 03:00:00,,,6.6175,10.1375,16.7575,10.307500000000001,9.04,0.165,13.6625,0.10250000000000001,,,,0.035,0.0375,27.4825,100.0,0.545,217.64249999999998,1.5074999999999998,1.5074999999999998,,738.835,
2023-07-04 04:00:00,,,6.3675,9.754999999999999,16.119999999999997,10.1825,9.2825,0.1525,11.25,0.0975,,,,0.03,0.04,27.1325,100.0,0.3575,208.27,1.225,1.225,,738.605,
2023-07-04 05:00:00,,,6.23,9.55,15.78,10.24,10.2375,0.1575,5.68,0.0975,,,,0.03,0.04,27.5925,100.0,0.3525,233.9775,0.245,0.245,3.35,738.6525,
2023-07-04 06:00:00,,,6.85,10.5025,17.3525,10.3625,9.0525,0.1575,13.3675,0.0925,,,,0.03,0.035,27.3625,100.0,0.2525,155.7575,1.315,1.315,35.4775,738.8475,
2023-07-04 07:00:00,18.16,20.96,6.6499999999999995,10.192499999999999,16.8425,10.285,9.9275,0.1575,9.58,0.0975,,,,0.03,0.04,27.7375,100.0,0.2825,195.4025,0.0025,0.0025,53.917500000000004,739.145,
2023-07-04 08:00:00,19.25,20.1825,5.95,9.1175,15.065,10.2,11.594999999999999,0.16,8.5125,0.1,,,,0.03,0.04,28.495,99.66749999999999,0.34750000000000003,196.465,0.0225,0.0225,66.78999999999999,739.5225,
2023-07-04 09:00:00,21.925,30.8925,5.9775,9.1575,15.1275,10.165,10.565,0.1675,12.1525,0.1075,,,,0.0375,0.04,30.4525,91.0075,0.3775,167.6225,0.0075,0.0075,62.285000000000004,739.8499999999999,
2023-07-04 10:00:00,26.59,35.400000000000006,6.0325,9.25,15.28,10.25,10.7225,0.18,16.895,0.1075,,,,0.0375,0.04,28.52,97.4325,0.39,231.62,2.595,2.595,45.1825,740.1125,
2023-07-04 11:00:00,29.052500000000002,40.1875,6.945,10.64,17.585,10.525,9.9725,0.20500000000000002,31.7875,0.125,,,,0.04,0.0475,29.0425,99.5575,0.2675,173.1275,1.405,1.405,62.300000000000004,739.76,
2023-07-04 12:00:00,33.32,42.3425,6.5525,10.040000000000001,16.5925,10.469999999999999,11.965,0.20750000000000002,26.770000000000003,0.125,,,,0.04,0.0475,30.2725,95.02250000000001,0.43,196.505,0.0,0.0,104.0775,739.5225,
2023-07-04 13:00:00,36.55,40.61,6.785,10.4,17.185000000000002,10.6125,13.61,0.215,26.944999999999997,0.1325,,,,0.04,0.05,33.1875,79.8025,0.52,206.10500000000002,0.0,0.0,192.0575,738.8425,
2023-07-04 14:00:00,17.43,23.76,7.2524999999999995,11.1175,18.372500000000002,10.675,13.827499999999999,0.215,27.615,0.1325,,,,0.04,0.05,34.335,74.0075,0.53,187.98,0.0,0.0,159.0125,738.4325,
2023-07-04 15:00:00,11.825,22.6575,7.875,12.075,19.947499999999998,10.9,12.565,0.2,30.8775,0.1225,,,,0.04,0.0475,33.82,75.36,0.4075,201.58249999999998,0.0,0.0,130.20749999999998,737.6525,
2023-07-04 16:00:00,15.725,21.8625,7.6675,11.755,19.42,10.844999999999999,12.455,0.2,26.3825,0.1175,,,,0.04,0.0475,32.9025,78.9375,0.23249999999999998,176.155,0.0,0.0,66.92,737.3725,
2023-07-04 17:00:00,18.5625,30.395,6.775,10.385,17.16,10.657499999999999,12.5625,0.1725,43.3975,0.105,,,,0.035,0.0425,32.2975,82.085,0.27,193.3375,0.0,0.0,42.6125,737.7025,
2023-07-04 18:00:00,24.7075,34.685,6.78,10.39,17.17,10.58,13.56,0.19,23.107499999999998,0.115,,,,0.0375,0.045,29.785,91.7875,0.25,163.8975,0.0,0.0,3.483333333333333,737.745,
2023-07-04 19:00:00,23.5575,39.7775,7.105,10.8925,18.0,10.5875,12.3675,0.2275,17.3175,0.14,,,,0.045,0.055,28.53,96.65,0.23500000000000001,173.54500000000002,0.0,0.0,,738.02,
2023-07-04 20:00:00,27.02,43.265,8.485,13.0025,21.4875,10.5125,12.0875,0.27749999999999997,11.565,0.165,,,,0.055,0.065,28.035,98.1175,0.15,137.5725,0.0,0.0,,738.35,
2023-07-04 21:00:00,22.8425,35.1925,8.440000000000001,12.942499999999999,21.3825,10.77,11.52,0.3275,12.25,0.1975,,,,0.07,0.0775,27.62,98.9475,0.10250000000000001,107.48,0.0,0.0,,738.975,
2023-07-04 22:00:00,31.7425,34.1825,8.212499999999999,12.585,20.794999999999998,10.8025,11.3775,0.305,13.9475,0.1825,,,,0.0625,0.07250000000000001,27.5125,99.73,0.2525,187.4125,0.0,0.0,,738.8575,
2023-07-04 23:00:00,27.8,36.182500000000005,7.8425,12.0225,19.865,10.7025,11.1075,0.265,14.3175,0.1575,,,,0.052500000000000005,0.0625,27.71,99.78,0.305,189.3075,0.0,0.0,,738.8975,
2023-07-05 00:00:00,31.025,43.8625,7.055,10.8125,17.8675,10.41,11.11,0.2425,13.3275,0.14250000000000002,,,,0.05,0.06,27.975,99.365,0.295,217.695,0.0,0.0,,738.8675000000001,
2023-07-05 01:00:00,32.052499999999995,43.379999999999995,6.925,10.615,17.545,10.5525,10.1725,0.22,14.5775,0.135,,,,0.0425,0.052500000000000005,28.0275,98.7825,0.2925,178.0425,0.037500000000000006,0.037500000000000006,,738.4975,
2023-07-05 02:00:00,39.3125,43.9825,6.73,10.315,17.042499999999997,10.3875,9.9775,0.2,12.399999999999999,0.12,,,,0.04,0.0475,27.535,98.9975,0.27749999999999997,183.26749999999998,0.0325,0.0325,,738.4,
2023-07-05 03:00:00,34.8525,38.09,6.1975,9.5,15.695,10.2975,9.7725,0.1875,11.08,0.1125,,,,0.04,0.0425,27.4225,98.195,0.33499999999999996,166.19,0.0025,0.0025,,738.335,
2023-07-05 04:00:00,27.41,54.019999999999996,6.385,9.782499999999999,16.1675,10.27,9.725,0.16749999999999998,15.934999999999999,0.10250000000000001,,,,0.035,0.04,26.3425,99.355,0.3825,179.6025,1.51,1.51,,738.335,
2023-07-05 05:00:00,27.900000000000002,37.835,6.38,9.7775,16.1575,10.325,10.307500000000001,0.155,10.4175,0.095,,,,0.03,0.04,26.03,100.0,0.395,219.1975,0.2575,0.2575,0.16,738.6525,
2023-07-05 06:00:00,28.1525,36.5825,6.27,9.615,15.885,10.345,9.6025,0.1525,10.06,0.0925,,,,0.03,0.04,25.9625,100.0,0.42,205.26,0.0,0.0,3.0275,738.7425000000001,
2023-07-05 07:00:00,26.915,33.214999999999996,6.4575,9.8925,16.3475,10.2675,9.5975,0.1525,7.422499999999999,0.0925,,,,0.03,0.04,26.1,100.0,0.405,208.4325,0.0,0.0,3.075,739.18,
2023-07-05 08:00:00,27.97,33.665,6.0225,9.23,15.2525,10.42,10.655,0.14500000000000002,6.202500000000001,0.08499999999999999,,,,0.03,0.035,26.3175,100.0,0.375,187.865,0.11,0.11,17.2325,739.5475,
2023-07-05 09:00:00,27.145,32.7475,5.8100000000000005,8.9075,14.715,10.2925,11.5025,0.1325,8.245,0.08,,,,0.03,0.03,27.17,99.97,0.39249999999999996,168.65,0.15,0.15,60.022499999999994,739.8425,
2023-07-05 10:00:00,30.1525,34.3525,5.1925,7.96,13.1525,10.165,16.935,0.13,8.8575,0.08,,,,0.03,0.03,28.09,97.265,0.295,183.48,0.0,0.0,46.652499999999996,740.095,
2023-07-05 11:00:00,35.2175,38.989999999999995,6.345000000000001,9.719999999999999,16.0625,10.315,10.69,0.16999999999999998,5.47,0.1,,,,0.035,0.0375,27.405,98.8175,0.39,185.05,1.9,1.9,16.2725,740.1375,
2023-07-05 12:00:00,37.3825,47.675,6.7625,10.3625,17.12,10.315,11.2325,0.19,10.1975,0.1125,,,,0.04,0.0425,27.747500000000002,99.99,0.375,197.515,1.1125,1.1125,39.3,739.5525,
2023-07-05 13:00:00,40.629999999999995,49.475,6.532500000000001,10.015,16.545,10.435,15.137500000000001,0.19,15.0225,0.11,,,,0.04,0.04,29.634999999999998,97.5325,0.3675,148.73000000000002,0.0825,0.0825,172.4225,738.71,
2023-07-05 14:00:00,38.775,53.175,6.215,9.5225,15.7325,10.272499999999999,12.454999999999998,0.185,23.4175,0.11,,,,0.04,0.04,34.394999999999996,77.78,0.67,190.425,0.0,0.0,245.9225,738.205,
2023-07-05 15:00:00,40.43,55.07,6.4975000000000005,9.9625,16.4625,10.6,12.442499999999999,0.175,28.21,0.11,,,,0.04,0.04,36.0575,70.735,0.4825,189.14499999999998,0.0,0.0,162.57,737.895,
2023-07-05 16:00:00,50.435,63.83,6.5649999999999995,10.0675,16.63,10.66,13.47,0.16,30.645,0.095,,,,0.0325,0.04,34.47,75.9025,0.33999999999999997,171.325,0.0,0.0,102.8775,737.79,
2023-07-05 17:00:00,46.675000000000004,56.4575,6.195,9.4925,15.6875,10.58,14.120000000000001,0.16999999999999998,21.6275,0.10250000000000001,,,,0.035,0.04,33.0625,82.5575,0.27749999999999997,207.5525,0.0,0.0,42.1475,737.89,
2023-07-05 18:00:00,40.8825,51.8075,6.55,10.0425,16.5925,10.525,11.9175,0.185,20.1575,0.11,,,,0.0375,0.0425,30.5975,89.71000000000001,0.1875,157.865,0.0,0.0,5.1725,738.4575,
2023-07-05 19:00:00,46.087500000000006,57.28,7.0024999999999995,10.7325,17.735,10.425,9.785,0.23249999999999998,9.6325,0.14,,,,0.045,0.057499999999999996,28.9675,96.235,0.1275,123.03,0.0,0.0,,738.7025,
2023-07-05 20:00:00,47.0175,60.0075,7.315,11.2125,18.525,10.4075,10.3825,0.3025,8.57,0.185,,,,0.0625,0.07250000000000001,28.35,98.68,0.1,98.995,0.0,0.0,,738.61,
2023-07-05 21:00:00,54.972500000000004,70.035,8.0325,12.31,20.345,10.5425,9.4725,0.31,7.125,0.19,,,,0.06,0.07,28.4125,99.74,0.195,190.97750000000002,0.0,0.0,,739.095,
2023-07-05 22:00:00,49.755,72.4975,7.4275,11.3875,18.8175,10.592500000000001,10.6675,0.2925,7.640000000000001,0.175,,,,0.06,0.07,28.5825,99.8775,0.265,195.0025,0.0,0.0,,739.8875,
2023-07-05 23:00:00,47.2675,66.41499999999999,7.13,10.93,18.065,10.5375,9.9825,0.2625,8.969999999999999,0.16,,,,0.052500000000000005,0.0625,28.6675,98.7525,0.2125,162.8675,0.0,0.0,,740.2225,
2023-07-06 00:00:00,40.2,61.885,6.805,10.432500000000001,17.235,10.4625,10.0475,0.2325,7.9225,0.14250000000000002,,,,0.045,0.052500000000000005,28.5275,97.9875,0.27,190.0525,0.0,0.0,,740.2425,
2023-07-06 01:00:00,37.900000000000006,56.005,6.970000000000001,10.685,17.6575,10.4075,9.455,0.2125,10.3975,0.1325,,,,0.04,0.05,28.455,97.0,0.3225,202.3075,0.0,0.0,,740.13,
2023-07-06 02:00:00,39.629999999999995,60.1175,6.89,10.559999999999999,17.45,10.41,9.6775,0.2025,7.785,0.1225,,,,0.04,0.05,28.165,98.10249999999999,0.27,189.0975,0.0,0.0,,739.9775,
2023-07-06 03:00:00,43.8025,55.03,7.195,11.0325,18.2275,10.31,9.3375,0.2,6.66,0.1225,,,,0.04,0.05,28.055,98.97,0.365,216.035,0.0,0.0,,739.775,
2023-07-06 04:00:00,37.775,57.37,6.3325,9.705,16.0375,10.275,9.4975,0.19,6.0375,0.1125,,,,0.04,0.0425,28.0225,98.5,0.3875,200.86,0.0,0.0,,739.5425,
2023-07-06 05:00:00,39.6225,54.1725,6.3275,9.695,16.0275,10.3575,9.2375,0.185,5.425,0.11,,,,0.04,0.04,27.975,97.91,0.3825,192.3,0.0,0.0,3.0149999999999997,739.585,
2023-07-06 06:00:00,35.0125,56.412499999999994,6.3625,9.7575,16.1225,10.315,9.485,0.18,5.6425,0.11,,,,0.04,0.04,28.4425,96.07,0.355,211.74,0.0,0.0,22.705,739.8675000000001,
2023-07-06 07:00:00,33.79,51.19,6.01,9.21,15.215,10.1375,10.370000000000001,0.1775,8.0825,0.1075,,,,0.0375,0.04,30.1325,89.53,0.4475,221.2225,0.0,0.0,66.99249999999999,740.27,
2023-07-06 08:00:00,30.57,44.43,6.0024999999999995,9.1975,15.1975,10.3275,9.935,0.175,8.1375,0.11,,,,0.04,0.04,31.415,84.72749999999999,0.425,191.48749999999998,0.0,0.0,138.89,740.3475000000001,
2023-07-06 09:00:00,32.5025,81.88499999999999,6.0425,9.26,15.3,10.3,11.067499999999999,0.175,16.697499999999998,0.1075,,,,0.04,0.04,34.895,72.6925,0.4825,196.82,0.0,0.0,284.9575,740.4175,
2023-07-06 10:00:00,29.759999999999998,51.06999999999999,6.2875,9.6375,15.9225,10.545,13.9525,0.1575,39.225,0.0925,,,,0.0325,0.0375,35.442499999999995,71.3825,0.495,208.8725,0.0,0.0,206.65,740.6425,
2023-07-06 11:00:00,32.402499999999996,46.660000000000004,6.4399999999999995,9.87,16.3125,10.6225,11.657499999999999,0.1375,51.5325,0.0825,,,,0.03,0.0325,37.114999999999995,67.355,0.6475,165.3725,0.0,0.0,318.0225,740.55,
2023-07-06 12:00:00,33.335,51.6925,6.2275,9.545,15.77,10.5225,11.51,0.14,49.4125,0.08499999999999999,,,,0.03,0.035,37.0175,67.535,0.4125,189.1625,0.0925,0.0925,172.3225,740.045,
2023-07-06 13:00:00,36.55,54.4075,6.44,9.870000000000001,16.307499999999997,10.495000000000001,11.309999999999999,0.14,32.097500000000004,0.08499999999999999,,,,0.03,0.0325,28.7325,94.665,0.5800000000000001,189.2375,1.2075,1.2075,21.403333333333336,740.0125,
2023-07-06 14:00:00,34.23,58.68,6.17,9.4575,15.6325,10.5425,10.2675,0.1325,22.3525,0.0825,,,,0.03,0.0325,26.0475,99.705,0.385,194.37,6.7425,6.7425,3.5374999999999996,739.7725,
2023-07-06 15:00:00,23.115000000000002,30.877499999999998,5.82,8.9175,14.7325,10.34,10.09,0.1175,21.2575,0.0775,,,,0.0275,0.03,26.095,100.0,0.2425,177.095,0.935,0.935,12.68,738.9825,
2023-07-06 16:00:00,17.509999999999998,24.48,6.3625,9.75,16.11,10.375,10.68,0.12,31.875,0.0775,,,,0.0275,0.03,27.1225,100.0,0.24000000000000002,177.78,0.0,0.0,38.2025,738.5125,
2023-07-06 17:00:00,24.205,27.51,5.5125,8.45,13.9625,10.2225,10.9175,0.1075,22.7575,0.065,,,,0.02,0.0275,28.23,100.0,0.23249999999999998,182.585,0.0,0.0,30.830000000000002,738.7725,
2023-07-06 18:00:00,25.0225,34.832499999999996,6.025,9.235,15.26,10.1825,11.0775,0.125,18.0375,0.0775,,,,0.0275,0.03,27.79,100.0,0.295,209.0725,0.0,0.0,5.59,739.3575000000001,
2023-07-06 19:00:00,25.35,38.230000000000004,6.495,9.9575,16.45,10.165,10.7275,0.15000000000000002,13.872499999999999,0.0925,,,,0.03,0.0375,27.225,100.0,0.235,198.095,0.0,0.0,,739.895,
2023-07-06 20:00:00,31.582500000000003,35.365,6.7075,10.282499999999999,16.99,10.342500000000001,9.7925,0.1825,10.037500000000001,0.11,,,,0.04,0.04,26.98,100.0,0.185,174.73250000000002,0.0,0.0,,740.2325,
2023-07-06 21:00:00,20.404999999999998,38.625,7.0975,10.879999999999999,17.9775,10.365,9.96,0.21,6.76,0.1275,,,,0.04,0.05,26.86,100.0,0.10500000000000001,123.145,0.0,0.0,,740.5325,
2023-07-06 22:00:00,25.29,36.464999999999996,6.81,10.4375,17.244999999999997,10.2825,9.8375,0.21,4.7725,0.13,,,,0.04,0.05,26.7625,100.0,0.1625,160.04,0.0,0.0,,740.8,
2023-07-06 23:00:00,24.04,37.332499999999996,6.48,9.9275,16.405,10.317499999999999,10.64,0.2275,2.81,0.14,,,,0.045,0.055,26.855,100.0,0.17,156.175,0.0,0.0,,740.575,
2023-07-07 00:00:00,24.0775,38.37,7.422499999999999,11.375,18.8,10.27,9.175,0.2475,2.97,0.1475,,,,0.05,0.06,26.98,100.0,0.1325,151.515,0.0,0.0,,740.2975,
2023-07-07 01:00:00,30.302500000000002,39.955,7.54,11.555,19.0925,10.49,9.195,0.245,2.533333333333333,0.14500000000000002,,,,0.05,0.06,27.145,100.0,0.1925,193.425,0.0,0.0,,739.925,
2023-07-07 02:00:00,33.5125,47.545,6.6925,10.254999999999999,16.9525,10.26,9.15,0.24,2.61,0.14,,,,0.05,0.06,27.2975,100.0,0.1825,170.7575,0.0,0.0,,739.7825,
2023-07-07 03:00:00,30.1775,44.57,6.6775,10.2325,16.915,10.37,9.065,0.2225,4.706666666666666,0.14,,,,0.04,0.05,27.4625,100.0,0.285,216.33,0.0,0.0,,739.745,
2023-07-07 04:00:00,34.28,45.18,6.4825,9.9375,16.425,10.335,9.29,0.2125,1.7533333333333332,0.1325,,,,0.04,0.05,27.31,100.0,0.19749999999999998,148.785,0.0,0.0,,739.705,
2023-07-07 05:00:00,30.2,48.39,6.199999999999999,9.504999999999999,15.7075,10.3875,8.925,0.2,3.0949999999999998,0.12,,,,0.04,0.0475,27.1675,100.0,0.16999999999999998,178.245,0.0,0.0,2.88,739.9449999999999,
2023-07-07 06:00:00,29.07,44.435,6.095,9.344999999999999,15.440000000000001,10.2775,8.26,0.1925,1.45,0.11499999999999999,,,,0.04,0.045,27.6275,100.0,0.21250000000000002,193.485,0.0,0.0,16.7575,740.4325,
2023-07-07 07:00:00,28.65,45.76,6.24,9.5625,15.8,10.2575,8.695,0.1925,4.62,0.11,,,,0.04,0.04,29.005,99.83500000000001,0.41,191.33249999999998,0.0,0.0,68.2025,740.7475,
2023-07-07 08:00:00,33.93,43.92,5.922499999999999,9.0775,14.9975,10.25,10.3975,0.185,8.9175,0.11,,,,0.04,0.04,31.887500000000003,86.55,0.6325000000000001,220.68,0.0,0.0,191.20999999999998,740.96,
2023-07-07 09:00:00,37.5025,50.0,5.4750000000000005,8.3875,13.8575,10.15,9.7925,0.16999999999999998,12.309999999999999,0.10500000000000001,,,,0.035,0.04,33.864999999999995,77.3075,0.49249999999999994,206.9875,0.0,0.0,200.0225,741.095,
2023-07-07 10:00:00,32.855,45.28,5.5125,8.4525,13.9625,10.3325,10.7675,0.0925,56.53,0.055,,,,0.02,0.0225,34.3125,74.3875,0.545,209.0575,0.0,0.0,176.065,741.1775,
2023-07-07 11:00:00,42.129999999999995,59.27,5.9875,9.175,15.16,36.9725,12.622499999999999,0.08499999999999999,36.14,0.0475,,,,0.0175,0.02,35.055,71.8725,0.6725,214.2925,0.0,0.0,266.135,740.9525,
2023-07-07 12:00:00,33.845,51.2,5.86,8.9825,14.8375,24.18,8.075,0.07,106.95,0.04,,,,0.01,0.0175,35.37,69.205,0.6775,147.14,0.0,0.0,238.5375,740.38,
2023-07-07 13:00:00,37.975,40.9,5.8675,8.9925,14.855,20.5425,5.4275,0.0625,61.8325,0.0375,,,,0.01,0.0125,37.225,64.0725,0.6025,206.10250000000002,0.0,0.0,276.8125,739.6525,
2023-07-07 14:00:00,34.6,46.7,5.859999999999999,8.98,14.8375,18.4725,4.355,0.055,50.96,0.0325,,,,0.01,0.01,37.0875,63.345,0.7,202.9,0.0,0.0,205.9975,739.2075,
2023-07-07 15:00:00,31.0,45.435,6.2375,9.565,15.8,14.670000000000002,3.77,0.057499999999999996,66.505,0.035,,,,0.01,0.01,35.475,68.38499999999999,0.6000000000000001,175.055,0.0,0.0,104.14,738.6675,
2023-07-07 16:00:00,28.14,50.7,6.49,9.95,16.44,,3.53,0.06,188.06,0.04,,,,0.01,0.01,31.67,80.32,0.31,181.93,0.0,0.0,23.48,738.48,
2023-07-07 17:00:00,,,6.9425,10.6325,17.5775,33.225,8.51,0.035,37.9925,0.0275,,,,0.01,0.013333333333333334,33.0275,75.2375,0.415,231.01999999999998,0.0,0.0,44.565,738.9300000000001,
2023-07-07 18:00:00,,,8.37,12.8275,21.197499999999998,19.5575,10.0375,0.11,58.6625,0.065,,,,0.02,0.0225,30.4375,83.8625,0.515,260.22749999999996,0.017499999999999998,0.017499999999999998,5.66,739.3625,
2023-07-07 19:00:00,,,7.7125,11.8275,19.5475,17.905,9.695,0.1,51.89,0.06,,,,0.02,0.0225,27.89,96.2375,0.3275,249.45,0.05,0.05,,739.3825,
2023-07-07 20:00:00,,,7.8149999999999995,11.98,19.8,18.37,9.935,0.1125,50.3125,0.0775,,,,0.0275,0.03,27.63,97.715,0.13,160.57,0.0,0.0,,740.135,
2023-07-07 21:00:00,,,7.465,11.4425,18.91,18.7275,9.9275,0.135,51.61,0.08,,,,0.0275,0.0325,27.5225,99.025,0.115,151.215,0.0,0.0,,740.8725,
2023-07-07 22:00:00,,,7.06,10.817499999999999,17.8775,18.130000000000003,9.907499999999999,0.12,53.417500000000004,0.0775,,,,0.03,0.03,27.53,99.325,0.2375,221.1875,0.0,0.0,,741.3875,
2023-07-07 23:00:00,,,6.995,10.7225,17.72,18.23,9.3925,0.1125,43.755,0.0775,,,,0.03,0.03,27.5325,98.9425,0.3575,219.135,0.0,0.0,,741.4025,
2023-07-08 00:00:00,,,7.4350000000000005,11.397499999999999,18.84,17.9325,9.3575,0.11499999999999999,48.46,0.07500000000000001,,,,0.0225,0.03,27.86,96.35249999999999,0.555,225.48,0.005,0.005,,740.8725,
2023-07-08 01:00:00,,,7.4525,11.4275,18.8825,18.4975,9.54,0.11,45.8075,0.07,,,,0.0225,0.0275,27.525,97.015,0.45499999999999996,162.3675,0.645,0.645,,740.6225,
2023-07-08 02:00:00,,,7.0675,10.8375,17.905,18.4875,9.9575,0.11,52.96,0.07,,,,0.02,0.0275,26.945,99.88499999999999,0.3225,212.085,0.905,0.905,,740.375,
2023-07-08 03:00:00,,,6.6175,10.145,16.7575,18.405,9.6025,0.1075,52.5325,0.0625,,,,0.02,0.0225,26.845,100.0,0.5175,224.5325,0.0,0.0,,740.37,
2023-07-08 04:00:00,,,6.7525,10.3475,17.0975,18.165,9.3975,0.1075,57.435,0.057499999999999996,,,,0.02,0.0225,26.7275,100.0,0.3725,165.185,0.0,0.0,,740.5899999999999,
2023-07-08 05:00:00,,,6.335,9.7025,16.035,18.295,9.865,0.10500000000000001,51.6725,0.0625,,,,0.02,0.0225,26.735,100.0,0.41000000000000003,154.8025,0.0,0.0,2.15,740.575,
2023-07-08 06:00:00,,,6.95,10.6575,17.6075,18.335,10.0625,0.11,51.0325,0.0675,,,,0.02,0.0275,27.055,100.0,0.325,156.415,0.0,0.0,13.373333333333335,740.69,
2023-07-08 07:00:00,,,6.195,9.5,15.695,18.325,9.719999999999999,0.11499999999999999,61.05,0.07500000000000001,,,,0.0225,0.0275,27.65,100.0,0.41000000000000003,199.96,0.0,0.0,19.985,741.005,
2023-07-08 08:00:00,,,6.295,9.6525,15.9525,18.505,10.0425,0.1225,47.17,0.0775,,,,0.0275,0.03,28.3,97.8775,0.465,215.3525,0.0,0.0,28.55,741.44,
2023-07-08 09:00:00,,,6.58,10.092500000000001,16.6725,18.7625,10.265,0.125,46.5575,0.08,,,,0.0275,0.03,30.002499999999998,90.29,0.4975,199.9925,0.0,0.0,66.57499999999999,741.6575,
2023-07-08 10:00:00,39.4,48.8,6.1175,9.37,15.49,18.442500000000003,10.335,0.1125,90.805,0.0675,,,,0.0225,0.025,31.950000000000003,83.0525,0.565,226.465,0.0,0.0,148.7075,741.585,
2023-07-08 11:00:00,42.802499999999995,55.410000000000004,5.3025,8.125,13.4275,18.6725,16.21,0.09,93.80250000000001,0.05,,,,0.0175,0.02,34.2425,75.5025,0.6675,174.6125,0.0,0.0,235.39,741.3625,
2023-07-08 12:00:00,40.760000000000005,51.615,5.03,7.7075000000000005,12.7375,15.5275,16.6225,0.07250000000000001,57.455,0.0425,,,,0.0125,0.015,33.4875,76.9875,0.565,195.71,0.065,0.065,196.11,740.9775,
2023-07-08 13:00:00,46.7275,57.0,5.2725,8.0825,13.3475,14.55,14.57,0.0875,82.0475,0.0475,,,,0.015,0.0225,34.3625,76.48750000000001,0.6,192.555,0.0225,0.0225,196.79,740.2175,
2023-07-08 14:00:00,45.15,56.222500000000004,5.9325,9.094999999999999,15.025,17.9475,13.2975,0.10500000000000001,47.5075,0.0625,,,,0.02,0.02,36.315,67.705,0.785,177.1475,0.0025,0.0025,192.54,739.6225,
2023-07-08 15:00:00,45.3925,58.63,6.245,9.575,15.817499999999999,25.4475,10.4775,0.1075,37.3525,0.0675,,,,0.02,0.0275,35.3275,68.0625,0.665,181.285,0.0,0.0,143.14,739.3,
2023-07-08 16:00:00,39.8575,55.4925,6.43,9.8575,16.29,30.527499999999996,10.065,0.11,37.9375,0.07,,,,0.02,0.0275,31.86,77.53999999999999,0.6599999999999999,203.8275,0.0,0.0,40.72,739.5225,
2023-07-08 17:00:00,29.2975,51.415,7.07,10.84,17.915,27.68,9.455,0.12,33.2225,0.08,,,,0.03,0.03,29.2575,88.775,0.19999999999999998,155.245,0.0,0.0,3.865,739.83,
2023-07-08 18:00:00,30.6525,41.675,7.05,10.805,17.8575,24.7275,9.2025,0.14250000000000002,30.435,0.0825,,,,0.03,0.0325,28.965,92.185,0.2325,201.99,0.0,0.0,4.8375,739.8625,
2023-07-08 19:00:00,29.630000000000003,50.2475,7.19,11.02,18.205,24.195,9.1025,0.175,32.3575,0.105,,,,0.035,0.0425,28.427500000000002,93.3425,0.35,211.885,0.0,0.0,,740.28,
2023-07-08 20:00:00,33.3925,58.86,6.7925,10.4125,17.2025,24.96,9.5425,0.1625,35.86,0.095,,,,0.03,0.04,27.9825,91.745,0.335,206.3475,0.0,0.0,,740.4525,
2023-07-08 21:00:00,35.3475,44.709999999999994,6.55,10.0425,16.5925,24.59,9.05,0.16,37.8125,0.1,,,,0.03,0.04,27.677500000000002,94.25999999999999,0.3025,177.22,0.0,0.0,,741.11,
2023-07-08 22:00:00,35.4,53.535,6.265000000000001,9.6025,15.865,22.265,9.06,0.185,32.1325,0.11,,,,0.04,0.0425,27.7775,95.3275,0.2925,180.595,0.0,0.0,,741.4475,
2023-07-08 23:00:00,32.290000000000006,44.4675,6.4675,9.91,16.375,23.585,8.755,0.18,34.685,0.1075,,,,0.0375,0.04,27.745,95.5875,0.34500000000000003,199.9025,0.0,0.0,,741.075,
2023-07-09 00:00:00,31.9075,50.0325,6.175,9.465,15.6375,20.485,8.65,0.1675,31.37,0.10500000000000001,,,,0.035,0.04,27.7425,95.45,0.4275,224.4225,0.0,0.0,,740.625,
2023-07-09 01:00:00,33.9425,48.7425,6.09,9.3325,15.4225,20.759999999999998,8.4825,0.1525,33.230000000000004,0.0925,,,,0.03,0.04,27.8875,95.13,0.2725,140.7725,0.0,0.0,,740.215,
2023-07-09 02:00:00,30.89,46.6575,6.3774999999999995,9.775,16.1475,22.8325,8.692499999999999,0.155,39.6275,0.09,,,,0.03,0.0375,28.095,95.3275,0.2825,190.335,0.0,0.0,,740.2475,
2023-07-09 03:00:00,35.4675,46.697500000000005,5.7925,8.8775,14.6675,20.15,8.84,0.135,36.0325,0.0825,,,,0.03,0.03,27.96,95.62,0.405,200.6975,0.0,0.0,,740.0375,
2023-07-09 04:00:00,33.9475,47.769999999999996,5.59,8.565000000000001,14.1525,19.302500000000002,8.535,0.1125,36.76,0.07250000000000001,,,,0.025,0.0275,27.935,94.4075,0.8625,212.3825,0.0,0.0,,740.4025,
2023-07-09 05:00:00,29.8175,40.8,5.38,8.245000000000001,13.6225,21.055,8.4725,0.095,35.192499999999995,0.052500000000000005,,,,0.02,0.02,26.5975,97.05499999999999,0.52,226.3525,0.2525,0.2525,0.41,740.89,
2023-07-09 06:00:00,19.685,23.682499999999997,5.300000000000001,8.125,13.4275,19.275,8.5825,0.0825,25.93,0.0475,,,,0.0175,0.02,26.4675,99.1425,0.32,174.4275,0.0975,0.0975,32.29,741.1225,
2023-07-09 07:00:00,20.567500000000003,22.52,5.8275,8.93,14.752500000000001,20.7575,8.5275,0.08,32.6275,0.045,,,,0.0175,0.02,28.13,93.5875,0.41500000000000004,164.73,0.0,0.0,74.775,741.4425,
2023-07-09 08:00:00,19.335,25.9025,5.720000000000001,8.7675,14.4875,19.745,8.9625,0.08499999999999999,30.4175,0.0475,,,,0.0175,0.02,31.3275,82.67,0.5,160.8625,0.0,0.0,205.7825,741.515,
2023-07-09 09:00:00,26.98,31.5425,5.74,8.7975,14.5375,19.4425,8.6275,0.095,41.1575,0.052500000000000005,,,,0.02,0.02,33.8875,74.3275,0.5125,167.1025,0.0,0.0,210.1975,741.5525,
2023-07-09 10:00:00,31.2825,36.95,5.49,8.4175,13.905,19.75,8.775,0.10250000000000001,46.3425,0.065,,,,0.02,0.025,34.4275,74.1725,0.6174999999999999,216.9875,0.0,0.0,193.70749999999998,741.485,
2023-07-09 11:00:00,46.08,55.28,5.7775,8.855,14.629999999999999,19.85,8.8625,0.1125,51.415,0.07250000000000001,,,,0.0225,0.03,36.245000000000005,69.6825,0.6375,174.5525,0.0,0.0,312.825,741.3175,
2023-07-09 12:00:00,52.625,66.69,5.805,8.895,14.695,19.1325,9.3475,0.12,53.575,0.0775,,,,0.03,0.03,36.8125,67.7825,0.6675,194.7125,0.0,0.0,247.5675,740.885,
2023-07-09 13:00:00,59.7025,73.125,6.3075,9.665,15.97,18.1875,9.54,0.11499999999999999,47.78,0.07500000000000001,,,,0.025,0.03,37.3,65.6725,0.5875,190.64999999999998,0.0,0.0,232.4225,740.2,
2023-07-09 14:00:00,57.665,73.10499999999999,7.26,11.1325,18.3925,18.145,9.26,0.1175,49.545,0.07250000000000001,,,,0.025,0.03,37.09,66.445,0.52,195.08249999999998,0.0,0.0,137.7075,739.6875,
2023-07-09 15:00:00,62.072500000000005,68.725,7.6975,11.8,19.4975,18.1625,9.21,0.1075,38.2875,0.0675,,,,0.02,0.0275,34.785,70.39750000000001,0.6475,215.755,0.03,0.03,126.44,739.5,
2023-07-09 16:00:00,47.6175,57.5175,7.887499999999999,12.0875,19.9775,17.475,8.965,0.10250000000000001,34.8225,0.0625,,,,0.02,0.0225,28.42,92.2075,0.3325,198.5025,0.5,0.5,9.4225,739.3225,
2023-07-09 17:00:00,28.34,42.4225,8.14,12.4775,20.6175,17.4075,8.5275,0.13,35.0125,0.08,,,,0.03,0.03,28.4725,98.295,0.19,176.3025,0.08,0.08,21.98,739.255,
2023-07-09 18:00:00,29.745,41.222500000000004,7.415,11.365,18.78,17.915,8.6525,0.14250000000000002,36.565,0.0825,,,,0.03,0.0325,28.66,98.7675,0.1475,130.10750000000002,0.0,0.0,6.183333333333334,739.485,
2023-07-09 19:00:00,33.69,45.38,7.0725,10.84,17.915,18.085,8.415,0.14500000000000002,30.235,0.08499999999999999,,,,0.03,0.035,28.14,99.55,0.1675,160.47,0.0,0.0,,740.0550000000001,
2023-07-09 20:00:00,31.565,52.305,6.8375,10.48,17.32,17.0625,8.280000000000001,0.1775,26.86,0.1075,,,,0.0375,0.04,27.9075,99.9875,0.1325,140.4725,0.0,0.0,,740.635,
2023-07-09 21:00:00,33.1525,51.332499999999996,7.3225,11.2225,18.5475,16.83,8.295,0.2175,30.9825,0.1325,,,,0.0425,0.052500000000000005,27.8675,100.0,0.3175,214.865,0.0,0.0,,740.7125,
2023-07-09 22:00:00,48.56,62.285000000000004,7.29,11.1725,18.46,16.5475,8.495,0.2075,31.655,0.125,,,,0.0425,0.0475,27.1625,99.945,0.465,158.32,0.35250000000000004,0.35250000000000004,,740.9200000000001,
2023-07-09 23:00:00,33.445,47.6275,6.9725,10.685,17.6575,18.8825,8.5325,0.16999999999999998,32.76,0.10250000000000001,,,,0.035,0.04,26.5475,100.0,0.47250000000000003,227.16,1.295,1.295,,741.0975,
2023-07-10 00:00:00,25.32,34.075,6.765,10.365,17.130000000000003,16.58,8.6075,0.14500000000000002,25.2025,0.0875,,,,0.03,0.035,26.252499999999998,100.0,0.2375,141.315,1.155,1.155,,740.5625,
2023-07-10 01:00:00,19.46,24.560000000000002,6.7625,10.365,17.1325,17.82,8.25,0.135,19.705,0.08,,,,0.03,0.03,26.345,100.0,0.1575,117.0675,0.0,0.0,,740.335,
2023-07-10 02:00:00,19.495,29.4525,6.36,9.745000000000001,16.1025,18.4925,8.5375,0.12,18.275,0.0775,,,,0.0275,0.03,26.43,100.0,0.25,181.135,0.005,0.005,,740.1975,
2023-07-10 03:00:00,20.18,34.85,6.6075,10.120000000000001,16.725,16.63,8.3725,0.12,22.119999999999997,0.0775,,,,0.0275,0.0275,26.3525,100.0,0.2675,205.02,0.015,0.015,,740.1575,
2023-07-10 04:00:00,20.2,39.375,6.065,9.2925,15.3575,15.729999999999999,7.925,0.10500000000000001,15.34,0.065,,,,0.02,0.0275,26.265,100.0,0.28750000000000003,208.89,0.0,0.0,,740.07,
2023-07-10 05:00:00,16.700000000000003,37.75,6.285,9.63,15.9125,17.4675,8.342500000000001,0.1,16.62,0.057499999999999996,,,,0.02,0.02,26.4075,100.0,0.21,151.8325,0.0,0.0,4.13,740.2975,
2023-07-10 06:00:00,19.127499999999998,31.965,6.0975,9.344999999999999,15.442499999999999,15.8225,8.2075,0.1,24.822499999999998,0.057499999999999996,,,,0.02,0.02,27.365,100.0,0.185,162.675,0.0,0.0,34.25,740.5450000000001,
2023-07-10 07:00:00,16.6725,31.2175,6.717499999999999,10.3,17.0175,16.490000000000002,8.3675,0.1075,26.565,0.0675,,,,0.0225,0.025,27.905,100.0,0.1525,167.555,0.0,0.0,22.3675,740.7025,
2023-07-10 08:00:00,22.142500000000002,40.0475,7.36,11.282499999999999,18.64,17.342499999999998,8.5725,0.1375,27.1375,0.08,,,,0.03,0.0325,29.6175,98.5625,0.275,212.35750000000002,0.0,0.0,125.6175,740.665,
2023-07-10 09:00:00,32.022499999999994,35.245000000000005,6.41,9.8225,16.235,17.5425,8.7075,0.1175,32.6275,0.0775,,,,0.0275,0.03,32.2975,82.3125,0.5175000000000001,185.2125,0.0,0.0,155.695,740.6975,
2023-07-10 10:00:00,3.59,41.905,6.255,9.585,15.8375,18.58,8.4375,0.1375,40.6175,0.08,,,,0.03,0.03,33.875,77.17750000000001,0.4525,204.755,0.0,0.0,169.6275,740.8475000000001,
2023-07-10 11:00:00,,52.989999999999995,6.1725,9.4575,15.6325,20.725,9.695,0.125,19.322499999999998,0.08,,,,0.03,0.03,35.260000000000005,73.25,0.5,182.725,0.0,0.0,260.72249999999997,740.67,
2023-07-10 12:00:00,,52.815,5.995,9.1875,15.1775,19.7225,10.105,0.11499999999999999,11.685,0.07250000000000001,,,,0.0225,0.03,36.9025,66.98,0.6575,189.745,0.0,0.0,291.02750000000003,740.2325,
2023-07-10 13:00:00,39.1,51.846666666666664,6.955,10.6575,17.615,20.27,10.86,0.1075,,0.0675,,,,0.0225,0.025,35.6425,70.1225,0.445,193.04999999999998,0.0,0.0,136.615,739.8299999999999,
2023-07-10 14:00:00,37.834999999999994,55.69,8.585,13.16,21.745,18.685000000000002,10.0975,0.1275,,0.0775,,,,0.0275,0.03,36.4775,68.5675,0.3575,169.945,0.0,0.0,188.6975,739.2574999999999,
2023-07-10 15:00:00,30.7025,36.2575,9.5625,14.655000000000001,24.22,20.69,10.815,0.1225,39.57666666666666,0.0775,,,,0.03,0.03,36.4525,67.1725,0.4525,209.48499999999999,0.0325,0.0325,111.67750000000001,738.9575,
2023-07-10 16:00:00,31.18,35.215,9.32,14.285,23.6,9.17,11.1875,0.1125,36.795,0.07,,,,0.02,0.03,37.0,64.765,0.4275,202.13,0.0075,0.0075,116.53,738.6225,
2023-07-10 17:00:00,24.685,35.1,9.5975,14.715,24.315,10.9925,10.9275,0.115,34.83,0.07250000000000001,,,,0.025,0.03,32.5625,76.1425,0.45,206.475,0.0,0.0,20.3525,738.655,
2023-07-10 18:00:00,29.1675,36.46,10.445,16.0075,26.4525,11.6975,9.4375,0.165,30.9875,0.095,,,,0.035,0.035,30.175,85.75,0.39249999999999996,181.08499999999998,0.0,0.0,6.5725,739.1,
2023-07-10 19:00:00,29.3,39.417500000000004,11.8525,18.165,30.02,9.9,10.7,0.2425,26.747500000000002,0.14500000000000002,,,,0.0475,0.057499999999999996,28.895,91.6125,0.24,173.2325,0.05,0.05,,739.5375,
2023-07-10 20:00:00,,47.375,10.065,15.427499999999998,25.490000000000002,11.72,10.84,0.25,20.7325,0.15,,,,0.05,0.06,28.175,96.81,0.17500000000000002,147.6275,0.01,0.01,,740.13,
2023-07-10 21:00:00,29.0,44.197500000000005,8.3325,12.7725,21.1075,11.2775,10.657499999999999,0.21,22.7025,0.1275,,,,0.04,0.05,27.8075,96.9725,0.1925,137.8075,0.0,0.0,,740.6324999999999,
2023-07-10 22:00:00,29.2925,37.1,7.23,11.0775,18.31,11.45,10.235,0.2025,19.805,0.1225,,,,0.04,0.05,27.4225,98.3275,0.1325,121.87,0.0,0.0,,740.7375,
2023-07-10 23:00:00,32.8,43.6075,7.0225,10.765,17.79,11.719999999999999,10.1675,0.2,19.5125,0.12,,,,0.04,0.0475,27.5,99.6275,0.2025,125.51499999999999,0.0,0.0,,740.5425,
2023-07-11 00:00:00,26.384999999999998,47.3,7.1274999999999995,10.925,18.055,10.415,9.615,0.16749999999999998,25.205,0.10250000000000001,,,,0.035,0.04,27.41,99.595,0.27749999999999997,171.42000000000002,0.0,0.0,,740.415,
2023-07-11 01:00:00,28.9225,47.302499999999995,6.797499999999999,10.4175,17.215,10.21,9.46,0.1325,26.4775,0.08499999999999999,,,,0.03,0.0325,27.067500000000003,98.695,0.2325,201.5275,0.0,0.0,,740.235,
2023-07-11 02:00:00,22.875,38.355000000000004,6.9175,10.6025,17.515,12.2675,9.605,0.1175,23.9675,0.07500000000000001,,,,0.025,0.03,26.884999999999998,99.0425,0.185,138.53,0.0,0.0,,740.1525,
2023-07-11 03:00:00,22.7,40.4325,6.525,10.0025,16.525,10.52,9.372499999999999,0.10500000000000001,21.107499999999998,0.065,,,,0.02,0.025,26.7225,99.3,0.095,108.63499999999999,0.0,0.0,,739.9225,
2023-07-11 04:00:00,22.1175,33.5975,6.3149999999999995,9.675,15.9875,9.39,9.1525,0.10250000000000001,18.189999999999998,0.057499999999999996,,,,0.02,0.02,26.5275,99.845,0.1225,136.8,0.0,0.0,,739.585,
2023-07-11 05:00:00,21.03,36.317499999999995,6.51,9.98,16.4875,12.1275,9.1375,0.08499999999999999,18.93,0.052500000000000005,,,,0.02,0.02,26.765,100.0,0.14,158.6925,0.0,0.0,3.56,739.7725,
2023-07-11 06:00:00,20.9025,34.942499999999995,6.1975,9.4925,15.6875,9.6,9.2775,0.09,21.3925,0.052500000000000005,,,,0.02,0.02,27.6475,99.935,0.305,182.67000000000002,0.0,0.0,22.755,739.9024999999999,
2023-07-11 07:00:00,27.509999999999998,52.205,6.6625,10.212499999999999,16.8775,10.68,9.004999999999999,0.1075,27.4375,0.0675,,,,0.02,0.0275,29.5425,93.975,0.46,195.8425,0.0,0.0,56.394999999999996,740.2525,
2023-07-11 08:00:00,37.9075,53.185,6.42,9.8425,16.259999999999998,10.7275,8.6525,0.125,30.43,0.08,,,,0.03,0.03,31.265,88.0075,0.44,194.09,0.0,0.0,110.72,740.6075000000001,
2023-07-11 09:00:00,40.5325,58.254999999999995,6.3675,9.76,16.13,11.0875,8.95,0.1375,36.8525,0.08,,,,0.03,0.03,33.8225,78.595,0.385,197.5525,0.0,0.0,142.32,740.84,
2023-07-11 10:00:00,38.655,61.22,6.145,9.4275,15.572500000000002,10.595,9.39,0.1475,42.32,0.0875,,,,0.03,0.0375,36.34,71.36500000000001,0.41000000000000003,199.38,0.0,0.0,231.48250000000002,740.8199999999999,
2023-07-11 11:00:00,42.8775,62.37,6.7775,10.39,17.1675,12.455,10.01,0.1375,39.0325,0.08499999999999999,,,,0.03,0.0325,32.89,81.21000000000001,0.3325,180.835,0.0925,0.0925,36.6875,740.475,
2023-07-11 12:00:00,39.2075,59.290000000000006,6.99,10.7125,17.7075,10.1275,10.282499999999999,0.1325,33.305,0.08,,,,0.03,0.03,28.8925,94.6125,0.4975,204.095,0.16,0.16,21.2,740.36,
2023-07-11 13:00:00,37.155,45.7825,7.7075,11.815,19.525,9.55,10.935,0.12,29.4525,0.07500000000000001,,,,0.03,0.03,28.45,96.42,0.3475,188.05,0.0275,0.0275,29.8525,739.8175,
2023-07-11 14:00:00,32.24,40.7325,7.7775,11.92,19.6925,10.315,10.275,0.11499999999999999,32.6225,0.0775,,,,0.025,0.03,33.63,80.64750000000001,0.4225,212.7675,0.0,0.0,233.4375,739.3175,
2023-07-11 15:00:00,28.405,34.67,8.5975,13.18,21.7775,20.009999999999998,13.4175,0.11,36.2725,0.07,,,,0.02,0.03,37.89,64.445,0.565,174.9625,0.0,0.0,209.955,738.855,
2023-07-11 16:00:00,21.3,31.0,8.38,12.842500000000001,21.22,20.0775,14.795,0.11,36.6325,0.0675,,,,0.0225,0.0275,34.94,73.64,0.4925,187.5525,0.0,0.0,88.0775,738.5025,
2023-07-11 17:00:00,27.03,33.525,7.7725,11.9125,19.6875,20.77,14.865,0.1075,28.9675,0.07,,,,0.0225,0.0275,31.865,84.31,0.27749999999999997,180.84,0.0025,0.0025,19.5475,738.6475,
2023-07-11 18:00:00,30.1175,42.6425,7.609999999999999,11.6625,19.27,19.335,14.717500000000001,0.11,22.1725,0.07,,,,0.025,0.0275,29.552500000000002,94.58,0.315,204.3625,0.0375,0.0375,2.6533333333333333,738.965,
2023-07-11 19:00:00,30.1025,41.345,7.2924999999999995,11.18,18.4725,18.2225,14.412500000000001,0.13,18.615,0.08,,,,0.03,0.03,28.7675,97.8675,0.2525,172.67,0.0,0.0,,739.7175,
2023-07-11 20:00:00,32.335,43.245,8.01,12.2725,20.2775,18.2325,14.3925,0.155,23.3775,0.0925,,,,0.03,0.04,28.35,96.015,0.4125,178.6525,0.0,0.0,,739.99,
2023-07-11 21:00:00,28.22,36.105,8.3925,12.865,21.259999999999998,17.255,13.8475,0.18,16.9425,0.1075,,,,0.0375,0.04,27.7025,97.8575,0.22,156.68,0.0,0.0,,739.835,
2023-07-11 22:00:00,21.3925,32.01,8.4975,13.025,21.525,17.5075,13.67,0.195,12.942499999999999,0.1175,,,,0.04,0.045,27.3875,99.25,0.14500000000000002,145.815,0.0,0.0,,740.0475,
2023-07-11 23:00:00,24.6025,32.385,8.5075,13.035,21.54,17.93,13.9475,0.2075,12.8,0.1275,,,,0.04,0.05,27.34,99.9425,0.185,192.0425,0.0,0.0,,740.4725,
2023-07-12 00:00:00,21.2975,35.705,7.9425,12.175,20.119999999999997,15.8525,13.42,0.215,11.99,0.1325,,,,0.04,0.05,27.23,100.0,0.2,204.0325,0.0,0.0,,740.2075,
2023-07-12 01:00:00,20.9075,31.1325,7.7575,11.89,19.645,15.855,13.4175,0.2125,11.42,0.135,,,,0.04,0.05,27.225,100.0,0.175,166.83999999999997,0.0,0.0,,739.42,
2023-07-12 02:00:00,22.747500000000002,35.765,7.6425,11.7125,19.355,17.23,13.5325,0.2225,10.815,0.14,,,,0.0425,0.05,27.3175,100.0,0.19,193.6375,0.0,0.0,,739.0325,
2023-07-12 03:00:00,22.995,39.79,7.21,11.045,18.252499999999998,15.64,12.9525,0.2,18.7575,0.1225,,,,0.0375,0.0475,27.5775,100.0,0.3625,158.985,0.0,0.0,,739.2125,
2023-07-12 04:00:00,30.0975,39.1225,6.4399999999999995,9.87,16.3075,13.91,12.7075,0.15000000000000002,26.0675,0.0875,,,,0.0325,0.035,27.015,99.9725,0.3,150.285,0.22999999999999998,0.22999999999999998,,739.255,
2023-07-12 05:00:00,16.495,26.072499999999998,6.1899999999999995,9.4875,15.675,12.0075,12.7425,0.12,29.5425,0.07500000000000001,,,,0.025,0.03,26.505,100.0,0.5525,182.20999999999998,1.0525,1.0525,,739.6875,
2023-07-12 06:00:00,11.8225,26.38,6.41,9.825,16.235,13.2725,13.219999999999999,0.10500000000000001,24.2575,0.0625,,,,0.02,0.025,26.3075,100.0,0.4,204.4075,0.10500000000000001,0.10500000000000001,,739.9575,
2023-07-12 07:00:00,15.395,23.482499999999998,6.24,9.56,15.8,11.2725,12.3075,0.1,22.46,0.065,,,,0.02,0.025,26.294999999999998,100.0,0.295,236.315,0.4025,0.4025,1.9666666666666668,740.3375,
2023-07-12 08:00:00,,,6.8025,10.42,17.2225,11.594999999999999,12.74,0.12,15.9125,0.07500000000000001,,,,0.025,0.03,26.745,100.0,0.22000000000000003,179.375,0.4125,0.4125,14.195,741.015,
2023-07-12 09:00:00,13.265,31.1075,7.5600000000000005,11.5875,19.1475,10.8375,12.685,0.15,17.585,0.09,,,,0.03,0.04,27.697499999999998,100.0,0.17,159.1475,0.02,0.02,57.35,740.9825000000001,
2023-07-12 10:00:00,22.045,23.625,7.395,11.3375,18.735,11.4225,12.395,0.16749999999999998,25.665,0.10250000000000001,,,,0.035,0.04,29.0125,96.685,0.41,175.7825,0.0,0.0,101.7425,740.8075,
2023-07-12 11:00:00,18.605,31.567500000000003,7.1125,10.905000000000001,18.015,12.379999999999999,10.61,0.1825,29.97,0.1125,,,,0.04,0.0425,31.802500000000002,83.7075,0.3425,182.735,0.0,0.0,143.715,740.4525,
2023-07-12 12:00:00,22.5825,33.4525,7.0424999999999995,10.7925,17.84,21.455,9.6,0.175,36.03,0.1075,,,,0.0375,0.04,34.682500000000005,73.315,0.4025,190.475,0.0,0.0,201.3525,740.3,
2023-07-12 13:00:00,19.4925,38.652499999999996,7.43,11.3875,18.817500000000003,26.6075,10.41,0.185,38.307500000000005,0.11,,,,0.04,0.04,36.32,68.445,0.4425,197.8775,0.0,0.0,244.16750000000002,739.8025,
2023-07-12 14:00:00,22.8025,38.8,7.1625,10.9775,18.14,22.25,11.04,0.14,41.5475,0.085,,,,0.03,0.0325,37.927499999999995,62.9125,0.48,218.165,0.0,0.0,192.1075,739.3025,
2023-07-12 15:00:00,18.8175,28.5925,7.565,11.5975,19.1675,21.5975,10.7125,0.12,36.685,0.08,,,,0.0275,0.03,38.9225,60.7825,0.345,200.745,0.0,0.0,168.34,738.8675,
2023-07-12 16:00:00,20.5475,29.565,8.0075,12.275,20.279999999999998,24.2625,9.752500000000001,0.125,31.15,0.08,,,,0.03,0.03,34.2525,74.7225,0.425,203.425,0.0,0.0,37.78,738.6875,
2023-07-12 17:00:00,21.68,37.36,6.91,10.585,17.4925,25.2675,9.9825,0.0975,32.4975,0.0575,,,,0.0225,0.0225,30.045,88.18,0.3125,185.085,0.0,0.0,13.925,738.6825,
2023-07-12 18:00:00,25.2775,32.485,7.05,10.807500000000001,17.8575,23.5075,11.299999999999999,0.11,33.8075,0.0675,,,,0.0225,0.025,29.7225,89.215,0.2375,170.59,0.0,0.0,15.43,738.9875,
2023-07-12 19:00:00,31.682499999999997,46.067499999999995,8.11,12.43,20.5375,33.4875,14.432500000000001,0.1175,21.18,0.0775,,,,0.0275,0.03,28.427500000000002,93.54249999999999,0.15250000000000002,160.36,0.0,0.0,,739.7275,
2023-07-12 20:00:00,27.7425,46.89,7.535,11.5725,19.12,29.93,15.149999999999999,0.135,20.0575,0.0825,,,,0.03,0.0325,27.87,96.00750000000001,0.1675,145.465,0.0,0.0,,740.405,
2023-07-12 21:00:00,23.442500000000003,40.8025,7.7175,11.83,19.545,25.2975,14.405000000000001,0.1775,17.6425,0.1075,,,,0.035,0.0425,27.765,97.235,0.2225,172.5825,0.0,0.0,,740.6949999999999,
2023-07-12 22:00:00,39.057500000000005,54.565,8.26,12.66,20.9175,26.535,14.3825,0.2175,18.5975,0.1375,,,,0.04,0.05,27.810000000000002,97.275,0.2075,154.2775,0.0,0.0,,740.635,
2023-07-12 23:00:00,42.59,58.2375,7.8,11.955,19.75,23.5525,14.495000000000001,0.2,19.369999999999997,0.12,,,,0.04,0.05,27.814999999999998,98.215,0.23249999999999998,177.35500000000002,0.0,0.0,,740.58,
2023-07-13 00:00:00,37.19,53.875,7.3875,11.3225,18.715,23.294999999999998,14.004999999999999,0.1875,19.65,0.11,,,,0.04,0.04,27.73,98.66499999999999,0.2475,169.655,0.0,0.0,,740.31,
2023-07-13 01:00:00,31.9725,49.375,6.9175,10.605,17.525,21.2025,13.89,0.1675,18.37,0.10250000000000001,,,,0.035,0.04,27.515,99.045,0.1725,155.575,0.0,0.0,,739.835,
2023-07-13 02:00:00,37.2975,53.817499999999995,6.8475,10.497499999999999,17.345,21.615,13.4775,0.1525,16.695,0.0925,,,,0.03,0.04,27.52,99.5475,0.1275,133.6125,0.0,0.0,,739.3725,
2023-07-13 03:00:00,38.08,50.655,6.63,10.165,16.792499999999997,21.1,13.885,0.1375,19.585,0.08,,,,0.03,0.03,27.285,99.92,0.32,226.905,0.0,0.0,,739.1325,
2023-07-13 04:00:00,40.5175,55.615,6.205,9.5075,15.712499999999999,18.8625,13.4175,0.1275,19.105,0.08,,,,0.03,0.03,27.2525,100.0,0.23249999999999998,193.24,0.0,0.0,,739.3025,
2023-07-13 05:00:00,42.339999999999996,57.175000000000004,6.255,9.585,15.835,18.0575,13.719999999999999,0.11,24.6025,0.0675,,,,0.0225,0.0275,27.1675,99.1925,0.4675,197.88,0.39,0.39,0.87,740.1525,
2023-07-13 06:00:00,35.3425,42.5475,6.0975,9.344999999999999,15.4475,18.385,13.3125,0.0975,23.9875,0.057499999999999996,,,,0.02,0.02,26.3925,99.60249999999999,0.3375,165.51999999999998,1.0250000000000001,1.0250000000000001,1.1825,740.7375,
2023-07-13 07:00:00,22.5325,33.449999999999996,5.865,8.99,14.855,16.19,13.057500000000001,0.09,18.27,0.052500000000000005,,,,0.02,0.02,26.475,100.0,0.2125,149.7875,0.33,0.33,5.235,740.515,
2023-07-13 08:00:00,16.3975,26.81,5.74,8.7975,14.5375,14.6025,12.735,0.0875,18.735,0.05,,,,0.0175,0.02,27.315,100.0,0.2225,192.2125,0.042499999999999996,0.042499999999999996,51.07,740.5925,
2023-07-13 09:00:00,16.877499999999998,28.3725,5.8125,8.91,14.719999999999999,17.4025,13.1225,0.0925,22.895,0.052500000000000005,,,,0.02,0.02,30.5325,92.7675,0.2925,181.0475,0.0,0.0,158.35,740.9675,
2023-07-13 10:00:00,17.2875,23.7775,5.6775,8.7,14.372499999999999,16.9125,13.06,0.0925,28.490000000000002,0.052500000000000005,,,,0.02,0.02,33.1725,79.705,0.285,160.4275,0.0,0.0,150.965,741.1625,
2023-07-13 11:00:00,28.7375,34.84,6.109999999999999,9.365,15.475,19.939999999999998,12.98,0.1125,35.1125,0.07250000000000001,,,,0.0225,0.03,34.410000000000004,76.625,0.45249999999999996,170.48250000000002,0.0,0.0,172.875,740.9475,
2023-07-13 12:00:00,42.832499999999996,68.63250000000001,6.2375,9.56,15.795,21.6475,13.2925,0.1325,38.97,0.08,,,,0.03,0.03,34.2075,77.8275,0.5325,230.01999999999998,0.0,0.0,151.16500000000002,740.625,
2023-07-13 13:00:00,58.8625,76.9675,6.95,10.6525,17.605,22.52,13.675,0.14500000000000002,38.8775,0.0825,,,,0.03,0.035,34.427499999999995,76.9475,0.385,173.32999999999998,0.0,0.0,123.83,740.2725,
2023-07-13 14:00:00,55.92,70.5125,7.702500000000001,11.805,19.509999999999998,25.14,15.09,0.1525,35.94,0.0925,,,,0.03,0.04,33.2325,78.6425,0.4875,190.6975,0.0525,0.0525,67.035,740.2975,
2023-07-13 15:00:00,48.9375,64.5975,8.0125,12.2775,20.2875,15.983333333333334,14.415,0.13,24.8375,0.08,,,,0.025,0.035,26.8025,96.3125,0.3125,186.1325,0.79,0.79,0.17,740.4025,
2023-07-13 16:00:00,20.86,28.6075,8.557500000000001,13.115,21.6725,9.7625,15.6725,0.1125,23.71,0.07500000000000001,,,,0.025,0.03,26.035,98.9925,0.265,164.19,0.4075,0.4075,0.94,740.0975,
2023-07-13 17:00:00,14.002500000000001,23.9675,9.24,14.1625,23.4,11.469999999999999,16.5925,0.12,22.0075,0.0775,,,,0.0275,0.03,26.2675,99.93,0.24,155.145,0.71,0.71,4.375,739.665,
2023-07-13 18:00:00,24.3375,38.06,10.2325,15.690000000000001,25.925,11.735,16.689999999999998,0.165,21.8225,0.1,,,,0.0325,0.04,26.435,100.0,0.2475,157.95,0.145,0.145,1.7433333333333334,739.35,
2023-07-13 19:00:00,29.05,45.5775,11.25,17.244999999999997,28.5,11.772499999999999,17.1325,0.2025,22.51,0.12,,,,0.0425,0.0475,26.3275,100.0,0.23249999999999998,193.1375,0.005,0.005,,739.6925,
2023-07-13 20:00:00,28.8125,42.455,11.79,18.075,29.87,11.74,17.4175,0.2775,19.925,0.1675,,,,0.057499999999999996,0.0675,26.455,100.0,0.205,187.1475,0.0,0.0,,740.125,
2023-07-13 21:00:00,34.599999999999994,54.8875,11.7725,18.05,29.825000000000003,11.844999999999999,17.285,0.285,19.65,0.17,,,,0.06,0.07,26.3925,100.0,0.175,175.685,0.0,0.0,,740.6375,
2023-07-13 22:00:00,30.16,59.1325,11.844999999999999,18.155,30.0,11.809999999999999,17.17,0.2975,18.9225,0.1775,,,,0.06,0.07,26.21,100.0,0.14,173.21,0.0,0.0,,741.105,
2023-07-13 23:00:00,27.5225,51.2575,11.469999999999999,17.585,29.0575,11.875,17.0575,0.3,19.67,0.1825,,,,0.06,0.07,26.3625,100.0,0.15,174.8425,0.0,0.0,,741.105,
2023-07-14 00:00:00,31.6525,54.6375,11.3325,17.3675,28.6975,11.745000000000001,16.5,0.3,21.755000000000003,0.1825,,,,0.06,0.07,26.5625,100.0,0.175,145.875,0.0,0.0,,740.795,
2023-07-14 01:00:00,36.0525,57.8475,10.9075,16.7225,27.6325,11.575,16.650000000000002,0.295,25.052500000000002,0.175,,,,0.06,0.07,26.7425,100.0,0.2125,179.435,0.0,0.0,,740.6375,
2023-07-14 02:00:00,32.2375,51.6075,10.77,16.51,27.2775,11.5975,16.7725,0.2825,24.3575,0.17,,,,0.06,0.07,26.6675,100.0,0.185,212.9975,0.0,0.0,,740.355,
2023-07-14 03:00:00,30.552500000000002,47.2725,10.5325,16.145,26.675,11.635,16.925,0.265,25.4675,0.1625,,,,0.052500000000000005,0.0625,26.8325,100.0,0.235,244.2475,0.0,0.0,,740.245,
2023-07-14 04:00:00,31.95,48.5775,10.3525,15.865,26.2175,11.5025,16.985,0.25,26.2125,0.15,,,,0.05,0.06,27.045,100.0,0.20500000000000002,195.0525,0.0,0.0,,740.0325,
2023-07-14 05:00:00,34.1275,54.0075,10.17,15.59,25.7625,11.54,16.5775,0.245,26.814999999999998,0.14500000000000002,,,,0.05,0.06,27.145,100.0,0.2175,166.43,0.0,0.0,,740.2625,
2023-07-14 06:00:00,40.0975,57.4425,10.04,15.3925,25.4325,11.46,16.505,0.2375,29.87,0.14500000000000002,,,,0.05,0.06,27.0225,100.0,0.32999999999999996,188.725,0.0,0.0,5.52,740.6500000000001,
2023-07-14 07:00:00,39.9125,56.222500000000004,10.1625,15.58,25.7425,11.47,17.1375,0.235,30.700000000000003,0.14,,,,0.0475,0.06,27.302500000000002,100.0,0.295,197.97,0.0075,0.0075,10.395,741.26,
2023-07-14 08:00:00,46.3775,62.394999999999996,9.885,15.15,25.03,11.5025,16.4425,0.235,31.0075,0.14,,,,0.0475,0.06,27.68,100.0,0.275,206.805,0.3175,0.3175,27.697499999999998,741.7750000000001,
2023-07-14 09:00:00,43.5075,58.2725,9.5525,14.6375,24.1875,11.52,15.7325,0.2125,32.435,0.1325,,,,0.04,0.05,27.78,100.0,0.3075,198.415,0.095,0.095,49.61,742.3725,
2023-07-14 10:00:00,26.29,35.78,9.120000000000001,13.9825,23.1025,11.379999999999999,15.91,0.2075,31.95,0.1275,,,,0.04,0.05,28.307499999999997,99.98,0.255,207.5025,0.0025,0.0025,70.3675,742.0225,
2023-07-14 11:00:00,25.405,30.8825,8.6375,13.2425,21.88,11.307500000000001,15.905000000000001,0.1925,31.872500000000002,0.1125,,,,0.04,0.0425,31.025,91.8425,0.305,212.7825,0.0,0.0,94.33500000000001,741.835,
2023-07-14 12:00:00,25.4,31.7825,8.2025,12.57,20.7725,11.2575,15.525,0.1775,39.07,0.11,,,,0.04,0.04,34.53,76.13250000000001,0.445,186.0875,0.0,0.0,258.745,741.215,
2023-07-14 13:00:00,20.18,32.1925,8.3575,12.81,21.1675,11.36,15.7625,0.18,45.68,0.11,,,,0.04,0.04,37.53,66.52,0.5475,186.4725,0.0,0.0,270.4975,740.54,
2023-07-14 14:00:00,43.78,68.28750000000001,8.5825,13.1525,21.740000000000002,11.5175,16.4725,0.155,42.455,0.095,,,,0.0325,0.0375,37.0725,68.0025,0.4575,166.55,0.0,0.0,192.0,740.29,
2023-07-14 15:00:00,30.2925,45.4975,8.325,12.754999999999999,21.075,11.5225,13.5425,0.1525,37.4675,0.095,,,,0.03,0.0375,35.3225,73.265,0.275,162.47,0.0,0.0,89.36,739.7425,
2023-07-14 16:00:00,39.2725,52.475,8.6175,13.2075,21.8275,11.58,11.2325,0.1525,36.1075,0.0925,,,,0.03,0.0375,31.7475,84.01249999999999,0.33999999999999997,184.5875,0.14500000000000002,0.14500000000000002,33.1625,739.25,
2023-07-14 17:00:00,32.8325,46.11,8.682500000000001,13.31,21.9925,11.565,10.8275,0.1475,31.7825,0.08499999999999999,,,,0.03,0.035,28.8325,95.5625,0.2475,181.3875,0.455,0.455,32.2575,738.895,
2023-07-14 18:00:00,27.67,41.9675,8.6625,13.2775,21.94,11.61,11.2425,0.14750000000000002,28.6375,0.09,,,,0.03,0.035,28.5,97.9,0.27,218.145,0.0,0.0,9.545,739.4825000000001,
2023-07-14 19:00:00,23.15,39.9325,8.5975,13.18,21.78,11.39,12.0,0.1575,32.6575,0.095,,,,0.0325,0.04,27.795,99.31,0.1475,141.21,0.0,0.0,,740.1475,
2023-07-14 20:00:00,29.7675,42.26,8.46,12.965,21.42,11.355,12.225,0.19,31.78,0.1125,,,,0.04,0.04,27.4725,99.95,0.1425,180.185,0.0,0.0,,740.745,
2023-07-14 21:00:00,31.0625,50.3625,8.01,12.2775,20.2875,11.2875,11.93,0.1875,31.31,0.11,,,,0.04,0.04,27.3425,100.0,0.1675,169.2725,0.0,0.0,,741.3425,
2023-07-14 22:00:00,35.932500000000005,53.3525,7.485,11.469999999999999,18.9575,11.2325,11.6525,0.19,31.1225,0.1125,,,,0.04,0.04,27.2525,100.0,0.1225,152.7075,0.0,0.0,,741.595,
2023-07-14 23:00:00,27.596666666666664,50.07666666666666,7.79,11.94,19.73,11.1475,12.442499999999999,0.2,32.8275,0.1175,,,,0.04,0.0475,27.29,100.0,0.0925,102.22,0.0,0.0,,741.4325,
2023-07-15 00:00:00,,,8.0875,12.3975,20.4875,11.2575,12.5125,0.2025,33.485,0.12,,,,0.04,0.05,27.2325,100.0,0.29000000000000004,229.67000000000002,0.0,0.0,,741.1275,
2023-07-15 01:00:00,,,7.8725000000000005,12.0675,19.94,11.307500000000001,12.345,0.2,33.78,0.12,,,,0.04,0.0475,27.2025,100.0,0.1825,181.10750000000002,0.0,0.0,,741.1524999999999,
2023-07-15 02:00:00,,,7.467499999999999,11.45,18.925,11.1175,12.31,0.2025,32.465,0.12,,,,0.04,0.0475,27.1875,100.0,0.14500000000000002,143.32,0.0,0.0,,740.8475,
2023-07-15 03:00:00,,,7.62,11.682500000000001,19.3075,11.185,12.73,0.1975,33.06,0.11499999999999999,,,,0.04,0.04,27.009999999999998,100.0,0.1375,133.3375,0.0,0.0,,740.455,
2023-07-15 04:00:00,,,7.4525,11.4275,18.8825,11.2375,12.71,0.1975,33.86,0.1125,,,,0.04,0.04,27.145,100.0,0.16,232.04666666666665,0.0,0.0,,740.4325,
2023-07-15 05:00:00,,,6.9675,10.68,17.65,11.215,13.0925,0.1925,33.5375,0.11,,,,0.04,0.0425,27.4375,100.0,0.20500000000000002,169.1625,0.0,0.0,,740.5975,
2023-07-15 06:00:00,,,7.1825,11.02,18.2025,11.055,12.625,0.19,34.0475,0.11,,,,0.04,0.04,27.1525,100.0,0.1975,200.445,0.3625,0.3625,5.416666666666667,740.8375,
2023-07-15 07:00:00,,,7.0175,10.7575,17.7775,11.17,12.9725,0.1775,36.325,0.1075,,,,0.0375,0.04,26.8725,100.0,0.20666666666666667,168.54,0.09,0.09,5.2275,741.33,
2023-07-15 08:00:00,32.7,42.1,7.7025,11.8075,19.5075,11.192499999999999,13.462499999999999,0.175,40.2025,0.11,,,,0.04,0.04,26.607499999999998,100.0,0.3,184.57,0.0425,0.0425,28.7925,741.6675,
2023-07-15 09:00:00,32.99,43.87,7.415,11.3675,18.7825,11.2,13.0525,0.17250000000000001,41.235,0.10500000000000001,,,,0.035,0.04,27.205,99.8325,0.3075,167.28,0.0075,0.0075,74.745,741.89,
2023-07-15 10:00:00,28.07,36.82,7.4425,11.4025,18.845,11.1225,13.2325,0.1625,48.725,0.1,,,,0.03,0.04,29.7025,88.7575,0.4725,200.3375,0.0,0.0,189.4875,741.5,
2023-07-15 11:00:00,29.060000000000002,32.7675,7.1075,10.89,18.0,11.17,13.182500000000001,0.15,48.9125,0.09,,,,0.03,0.0375,33.8175,73.72,0.53,195.4425,0.0,0.0,324.245,741.1775,
2023-07-15 12:00:00,17.9825,30.732499999999998,8.0475,12.3375,20.3875,11.4425,12.817499999999999,0.1625,48.725,0.0975,,,,0.0325,0.04,35.435,68.275,0.4425,195.2,0.0,0.0,238.21,741.2925,
2023-07-15 13:00:00,22.53,30.405,9.27,14.2025,23.47,11.7125,12.0475,0.17,47.7675,0.10500000000000001,,,,0.0325,0.04,36.1025,66.2825,0.5425,177.495,0.0,0.0,260.23249999999996,740.53,
2023-07-15 14:00:00,23.087500000000002,31.875,9.385,14.3875,23.775,11.8225,11.83,0.16,49.2425,0.095,,,,0.0325,0.04,37.205,63.66,0.4975,185.0375,0.0,0.0,218.3625,740.0,
2023-07-15 15:00:00,25.517500000000002,39.3725,9.1875,14.0825,23.27,11.657499999999999,12.797500000000001,0.1375,48.8525,0.0825,,,,0.03,0.0325,36.3775,65.3675,0.3875,216.64249999999998,0.0,0.0,134.4975,739.5174999999999,
2023-07-15 16:00:00,27.7275,39.597500000000004,8.7725,13.4475,22.22,11.5625,12.4325,0.1225,33.5925,0.0775,,,,0.03,0.03,31.8975,82.8175,0.23249999999999998,175.3025,0.0,0.0,26.6825,739.22,
2023-07-15 17:00:00,30.7975,43.042500000000004,9.692499999999999,14.855,24.5475,11.64,13.06,0.155,32.275,0.095,,,,0.03,0.035,29.96,89.13,0.375,201.1975,0.005,0.005,9.0275,739.4,
2023-07-15 18:00:00,28.945,43.295,10.065000000000001,15.43,25.4925,11.615,13.265,0.2,33.215,0.12,,,,0.04,0.0475,28.712500000000002,94.9975,0.2925,202.9025,0.035,0.035,9.5,739.915,
2023-07-15 19:00:00,30.64,38.58,10.1125,15.5,25.6125,11.6075,13.2825,0.2525,31.825000000000003,0.15250000000000002,,,,0.05,0.06,27.9225,97.9075,0.1775,132.12,0.0,0.0,,740.3075,
2023-07-15 20:00:00,34.5675,46.76,9.4475,14.485,23.9325,11.5475,13.485,0.2875,30.189999999999998,0.17250000000000001,,,,0.06,0.07,27.585,99.47,0.135,152.16750000000002,0.0,0.0,,740.59,
2023-07-15 21:00:00,32.7675,54.7675,8.6725,13.2975,21.965,11.375,12.18,0.3,27.385,0.18,,,,0.06,0.07,27.5575,100.0,0.15,160.29,0.0,0.0,,741.1424999999999,
2023-07-15 22:00:00,32.3125,57.1625,8.1225,12.45,20.57,11.3575,11.219999999999999,0.2925,26.762500000000003,0.175,,,,0.06,0.07,27.192500000000003,100.0,0.1625,176.375,0.0,0.0,,741.4325,
2023-07-15 23:00:00,28.1425,46.9725,7.8475,12.03,19.8775,11.275,10.775,0.27,26.355,0.165,,,,0.055,0.065,26.7875,100.0,0.14,123.8475,0.0,0.0,,741.255,
2023-07-16 00:00:00,30.512500000000003,46.4075,7.5375,11.55,19.0825,11.26,10.7075,0.2525,26.5825,0.1525,,,,0.05,0.06,26.54,100.0,0.1925,182.39,0.0,0.0,,741.1725,
2023-07-16 01:00:00,24.8,39.222500000000004,7.37,11.2925,18.6625,11.3125,10.9125,0.24,26.96,0.14500000000000002,,,,0.05,0.06,26.5225,100.0,0.2425,214.575,0.0,0.0,,741.025,
2023-07-16 02:00:00,18.4125,42.542500000000004,7.4025,11.35,18.7525,11.2,11.2225,0.23249999999999998,26.93,0.14,,,,0.0475,0.057499999999999996,26.67,100.0,0.1475,160.10250000000002,0.0,0.0,,740.6675,
2023-07-16 03:00:00,27.19,43.19,7.4,11.345,18.75,11.185,11.34,0.2275,27.3475,0.1375,,,,0.045,0.055,26.725,100.0,0.13,168.7225,0.0,0.0,,740.375,
2023-07-16 04:00:00,25.18,40.1525,7.4775,11.4575,18.9375,11.2125,11.5925,0.22,26.634999999999998,0.1375,,,,0.04,0.05,26.485,100.0,0.19,186.6775,0.0,0.0,,740.3325,
2023-07-16 05:00:00,22.6825,46.885,7.695,11.795,19.4875,11.2025,12.04,0.2125,26.96,0.1325,,,,0.04,0.05,26.38,100.0,0.15,166.7175,0.0,0.0,3.3066666666666666,740.3375,
2023-07-16 06:00:00,25.5975,46.0175,7.895,12.1025,20.0025,11.25,12.235,0.215,27.552500000000002,0.135,,,,0.04,0.05,27.04,100.0,0.2125,183.89249999999998,0.0,0.0,23.0975,740.4375,
2023-07-16 07:00:00,30.92,50.0325,7.734999999999999,11.86,19.595,11.2,11.4075,0.2125,27.525,0.13,,,,0.04,0.05,28.865000000000002,99.7675,0.24,186.465,0.0,0.0,56.5525,740.6725,
2023-07-16 08:00:00,35.6425,49.3125,7.7875,11.932500000000001,19.7175,11.2575,12.3925,0.21,27.3375,0.13,,,,0.04,0.05,29.8375,93.2825,0.245,178.9125,0.0,0.0,93.5725,740.9675,
2023-07-16 09:00:00,42.082499999999996,62.28,7.905,12.115,20.0175,11.34,11.8625,0.2075,25.21,0.1275,,,,0.04,0.05,34.965,71.60249999999999,0.395,176.3725,0.0,0.0,249.7825,740.955,
2023-07-16 10:00:00,38.4325,55.125,7.665,11.7475,19.4125,11.2325,11.165,0.20500000000000002,23.7875,0.125,,,,0.04,0.05,36.7625,64.425,0.42500000000000004,202.16,0.0,0.0,269.695,741.0,
2023-07-16 11:00:00,41.587500000000006,52.2475,7.9025,12.1125,20.015,11.33,11.065000000000001,0.2025,23.92,0.1225,,,,0.04,0.05,36.46,66.7975,0.3725,178.7325,0.0,0.0,189.32999999999998,740.95,
2023-07-16 12:00:00,41.8925,60.2625,8.4025,12.8775,21.2825,11.465,11.1225,0.1975,23.39,0.12,,,,0.04,0.05,37.835,62.7675,0.5375,203.4825,0.005,0.005,310.8775,740.62,
2023-07-16 13:00:00,47.410000000000004,57.5475,9.1775,14.07,23.25,11.6625,11.0175,0.2,22.5175,0.12,,,,0.04,0.0475,39.0325,57.28,0.46499999999999997,226.2225,0.015,0.015,259.965,740.11,
2023-07-16 14:00:00,46.730000000000004,60.6475,10.0475,15.4,25.4525,11.86,11.71,0.195,23.2275,0.11,,,,0.04,0.0425,38.3925,60.785,0.33999999999999997,183.36249999999998,0.0,0.0,151.8275,739.4025,
2023-07-16 15:00:00,43.902499999999996,59.1275,10.1675,15.585,25.752499999999998,11.925,11.787500000000001,0.1825,24.005,0.11,,,,0.04,0.04,36.295,69.745,0.2375,153.2225,0.0,0.0,115.8525,738.88,
2023-07-16 16:00:00,48.44,64.9025,10.317499999999999,15.82,26.14,11.98,11.9,0.18,23.622500000000002,0.11,,,,0.04,0.04,36.56,68.3475,0.305,182.69,0.0,0.0,83.75999999999999,738.3175,
2023-07-16 17:00:00,48.31,62.345,10.64,16.3075,26.947499999999998,12.0725,12.100000000000001,0.17,24.5075,0.10500000000000001,,,,0.035,0.04,34.69,74.86,0.2575,140.6325,0.0,0.0,56.09,738.335,
2023-07-16 18:00:00,49.46,64.4625,9.565,14.66,24.2275,11.64,12.0,0.1575,23.49,0.0975,,,,0.03,0.04,29.955,83.5175,0.5075,208.345,0.0,0.0,6.9025,738.9425,
2023-07-16 19:00:00,34.8075,46.4075,8.825,13.5275,22.354999999999997,11.6025,11.855,0.16,24.77,0.0975,,,,0.03,0.04,28.51,90.7525,0.305,173.35500000000002,0.0,0.0,,739.235,
2023-07-16 20:00:00,27.5325,44.92,8.635,13.235,21.875,11.5375,11.9875,0.18,25.08,0.1075,,,,0.0375,0.04,28.0,93.2025,0.135,95.63,0.0,0.0,,739.775,
2023-07-16 21:00:00,40.737500000000004,46.7675,8.5375,13.0875,21.6225,11.36,12.2425,0.19,25.5125,0.11,,,,0.04,0.04,27.939999999999998,94.4625,0.175,174.4075,0.0,0.0,,740.27,
2023-07-16 22:00:00,34.7225,48.275,8.16,12.51,20.6675,11.315,12.2675,0.195,26.2675,0.11499999999999999,,,,0.04,0.045,28.04,96.2125,0.155,139.505,0.0,0.0,,740.4625,
2023-07-16 23:00:00,37.207499999999996,50.660000000000004,7.9825,12.23,20.21,11.2225,11.6125,0.2,25.79,0.12,,,,0.04,0.05,27.8325,97.59,0.2025,196.10750000000002,0.0,0.0,,740.48,
2023-07-17 00:00:00,42.7125,58.8625,7.6899999999999995,11.79,19.48,11.317499999999999,11.7625,0.20500000000000002,26.4425,0.125,,,,0.04,0.05,27.325,99.0175,0.1275,182.69,0.0,0.0,,740.27,
2023-07-17 01:00:00,35.2625,56.542500000000004,7.4675,11.4475,18.915,11.19,11.965,0.20500000000000002,25.63,0.1225,,,,0.04,0.05,27.2125,99.8,0.0825,118.80250000000001,0.0,0.0,,739.985,
2023-07-17 02:00:00,34.4125,51.6125,7.4725,11.4525,18.93,11.225,12.095,0.195,27.575,0.11499999999999999,,,,0.04,0.045,27.2025,100.0,0.11,129.695,0.0,0.0,,739.78,
2023-07-17 03:00:00,34.4,42.705,7.205,11.045,18.25,11.2325,11.01,0.1925,25.935,0.11499999999999999,,,,0.04,0.045,27.095,100.0,0.21250000000000002,189.0125,0.0,0.0,,739.4675,
2023-07-17 04:00:00,38.7975,42.11,7.4025,11.3475,18.75,11.19,10.68,0.185,25.375,0.11,,,,0.04,0.04,26.9675,100.0,0.16,153.4125,0.0,0.0,,739.4725000000001,
2023-07-17 05:00:00,33.0375,47.572500000000005,8.115,12.435,20.5475,11.17,10.84,0.185,26.1075,0.11,,,,0.04,0.04,26.7425,100.0,0.07,89.12,0.0,0.0,3.356666666666667,739.545,
2023-07-17 06:00:00,31.7275,57.2775,7.57,11.605,19.177500000000002,11.135,10.8925,0.185,25.5325,0.11,,,,0.04,0.04,27.6725,99.9975,0.3325,174.5875,0.0,0.0,23.43,739.9825000000001,
2023-07-17 07:00:00,34.3375,51.93,7.58,11.614999999999998,19.1925,11.09,10.52,0.1625,25.1875,0.10250000000000001,,,,0.035,0.04,29.6275,90.9,0.53,191.32,0.0,0.0,60.2975,740.2225,
2023-07-17 08:00:00,30.392500000000002,53.754999999999995,6.702500000000001,10.2675,16.97,10.9025,10.0425,0.14500000000000002,23.1625,0.08499999999999999,,,,0.03,0.035,33.0975,76.4475,0.675,204.9775,0.0,0.0,232.62,740.405,
2023-07-17 09:00:00,26.880000000000003,46.567499999999995,6.5649999999999995,10.0625,16.6325,10.915,9.995000000000001,0.1325,22.7025,0.08,,,,0.03,0.03,34.4675,70.2325,0.5675,175.3025,0.0,0.0,197.77,740.505,
2023-07-17 10:00:00,23.6725,44.3475,6.2875,9.64,15.93,10.844999999999999,9.7875,0.115,22.2425,0.075,,,,0.0275,0.0275,35.7425,66.855,0.7025,190.2975,0.0,0.0,293.7675,740.605,
2023-07-17 11:00:00,17.15,40.292500000000004,5.7775,8.8575,14.6325,10.76,10.995000000000001,0.0875,24.4125,0.052500000000000005,,,,0.02,0.02,35.8575,66.4825,0.745,211.5875,0.0,0.0,265.2025,740.28,
2023-07-17 12:00:00,25.3125,40.2975,6.5675,10.0675,16.6325,10.945,11.3675,0.1075,24.4025,0.0675,,,,0.02,0.025,36.8525,64.8375,0.6525,217.0775,0.0,0.0,259.595,739.72,
2023-07-17 13:00:00,24.439999999999998,37.645,8.205,12.5775,20.7825,11.344999999999999,11.4675,0.1275,25.2025,0.0775,,,,0.0275,0.03,36.745000000000005,66.10499999999999,0.525,192.135,0.0,0.0,206.85,739.2950000000001,
2023-07-17 14:00:00,21.79,40.9425,8.5075,13.045,21.555,11.475,11.9,0.10250000000000001,27.675,0.0625,,,,0.02,0.0225,35.9525,69.63250000000001,0.35,182.705,0.01,0.01,128.185,738.745,
2023-07-17 15:00:00,28.1775,42.6725,8.165000000000001,12.515,20.675,11.4175,11.842500000000001,0.0875,27.2625,0.052500000000000005,,,,0.02,0.02,38.575,60.260000000000005,0.44,197.87,0.02,0.02,177.64,738.0,
2023-07-17 16:00:00,27.24,39.8475,7.5600000000000005,11.5875,19.15,11.205,12.34,0.08,30.5325,0.0475,,,,0.0175,0.02,33.7575,77.15,0.405,209.685,0.0675,0.0675,63.08,737.6325,
2023-07-17 17:00:00,26.4275,41.667500000000004,6.8975,10.5725,17.4675,11.1225,11.8475,0.1,28.557499999999997,0.06,,,,0.02,0.0225,31.697499999999998,84.45,0.315,173.085,0.0325,0.0325,37.355,737.61,
2023-07-17 18:00:00,38.9675,53.1075,7.9775,12.2225,20.197499999999998,11.3925,13.225,0.10250000000000001,28.2225,0.0575,,,,0.02,0.0225,30.565,84.9025,0.28500000000000003,175.4725,0.0,0.0,11.2375,738.1575,
2023-07-17 19:00:00,42.6875,52.415,7.9425,12.17,20.1125,11.4175,13.0625,0.0975,33.3725,0.06,,,,0.02,0.02,28.377499999999998,94.92750000000001,0.245,122.7375,0.8125,0.8125,,738.8325,
2023-07-17 20:00:00,56.9125,72.0675,8.25,12.6475,20.895,11.6025,13.5425,0.155,47.53,0.095,,,,0.0325,0.0375,27.6925,99.5975,0.1375,164.2675,0.38749999999999996,0.38749999999999996,,739.345,
2023-07-17 21:00:00,58.735,60.9675,8.502500000000001,13.0325,21.5375,11.525,13.8325,0.2025,57.5875,0.1225,,,,0.04,0.0475,27.675,100.0,0.11,108.07249999999999,0.0,0.0,,739.89,
2023-07-17 22:00:00,60.057500000000005,66.99249999999999,8.95,13.717500000000001,22.669999999999998,11.6,14.4775,0.215,65.8875,0.1325,,,,0.04,0.05,27.4375,100.0,0.1,106.005,0.0,0.0,,740.3325,
2023-07-17 23:00:00,51.4,55.792500000000004,9.1425,14.0125,23.150000000000002,11.682500000000001,14.3925,0.17750000000000002,61.877500000000005,0.1075,,,,0.035,0.04,27.3125,100.0,0.155,156.735,0.0,0.0,,740.3824999999999,
2023-07-18 00:00:00,45.7825,57.272499999999994,8.97,13.745000000000001,22.715,11.535,14.1275,0.1525,61.1575,0.09,,,,0.03,0.0375,27.134999999999998,100.0,0.14,154.9225,0.0,0.0,,740.065,
2023-07-18 01:00:00,38.5425,55.824999999999996,8.86,13.5825,22.439999999999998,11.55,14.0425,0.1225,59.74,0.08,,,,0.0275,0.03,26.955,100.0,0.11750000000000001,143.405,0.0,0.0,,739.7,
2023-07-18 02:00:00,35.4,47.54,8.7775,13.4525,22.2275,11.5625,14.14,0.1125,59.6625,0.07500000000000001,,,,0.0225,0.03,26.9675,100.0,0.1425,191.92000000000002,0.0,0.0,,739.5125,
2023-07-18 03:00:00,35.1075,53.692499999999995,8.1375,12.4775,20.615,11.495000000000001,13.73,0.10250000000000001,56.9275,0.065,,,,0.02,0.025,26.9025,100.0,0.20500000000000002,185.5575,0.0,0.0,,739.36,
2023-07-18 04:00:00,40.9975,48.195,8.1425,12.477500000000001,20.6175,11.505,13.9575,0.1075,61.1575,0.065,,,,0.02,0.025,26.935000000000002,100.0,0.315,186.1975,0.0,0.0,,739.3925,
2023-07-18 05:00:00,43.6175,57.245,8.2025,12.575,20.775,11.4225,13.6775,0.10500000000000001,62.1075,0.065,,,,0.02,0.025,26.905,100.0,0.3625,216.745,0.0,0.0,2.58,739.56,
2023-07-18 06:00:00,33.550000000000004,45.6975,8.125,12.455,20.58,11.415,13.405,0.1,62.85,0.06,,,,0.02,0.0225,27.12,100.0,0.40499999999999997,207.6725,0.0,0.0,18.655,740.1075000000001,
2023-07-18 07:00:00,30.9775,47.269999999999996,7.9725,12.22,20.1925,11.4275,13.185,0.09,92.165,0.052500000000000005,,,,0.02,0.02,27.995,99.4475,0.5599999999999999,191.3925,0.0,0.0,63.3425,740.465,
2023-07-18 08:00:00,34.572500000000005,47.4975,8.44,12.9375,21.377499999999998,11.4025,12.73,0.0825,78.01,0.0475,,,,0.0175,0.02,30.9625,86.1175,0.6275,169.88,0.0,0.0,142.5325,740.89,
2023-07-18 09:00:00,34.7975,51.04,8.18,12.54,20.72,11.4175,12.43,0.0875,67.98,0.05,,,,0.02,0.02,32.269999999999996,80.32,0.7075,182.39,0.0,0.0,149.52249999999998,741.2025,
2023-07-18 10:00:00,37.3125,55.0325,7.422499999999999,11.3775,18.8025,11.25,13.04,0.0875,63.1825,0.0475,,,,0.0175,0.02,33.505,75.7775,0.6625,162.24,0.0,0.0,198.8225,741.1075000000001,
2023-07-18 11:00:00,44.94,60.41,6.38,9.7725,16.1525,10.9875,11.85,0.0975,44.89,0.055,,,,0.02,0.02,34.4675,72.4375,0.7325,185.4475,0.0,0.0,246.13,740.8175,
2023-07-18 12:00:00,41.527499999999996,53.027499999999996,7.0225,10.765,17.785,11.08,11.515,0.095,48.6625,0.060000000000000005,,,,0.02,0.0225,35.515,69.185,0.6225,169.47,0.0,0.0,247.89,740.3475,
2023-07-18 13:00:00,40.1425,49.457499999999996,7.655,11.73,19.384999999999998,11.34,11.945,0.075,54.48,0.045,,,,0.015,0.0175,36.9,64.6625,0.7375,174.0925,0.0,0.0,254.2575,739.8275,
2023-07-18 14:00:00,34.6,49.4975,7.86,12.0475,19.9075,11.46,12.190000000000001,0.0675,45.3475,0.04,,,,0.01,0.0175,36.870000000000005,63.8,0.6925,170.0225,0.0,0.0,197.7525,739.27,
2023-07-18 15:00:00,33.5325,44.682500000000005,7.6125,11.665,19.275,11.315000000000001,11.6175,0.057499999999999996,49.762499999999996,0.0375,,,,0.01,0.01,37.905,60.2625,0.4625,146.6675,0.0,0.0,190.6525,738.7325000000001,
2023-07-18 16:00:00,31.5675,48.73,7.8425,12.02,19.8625,11.3775,12.175,0.057499999999999996,49.9925,0.0375,,,,0.01,0.01,35.7025,66.6525,0.47250000000000003,180.265,0.0,0.0,85.71,738.2825,
2023-07-18 17:00:00,27.8275,44.4725,7.365,11.2875,18.6525,11.129999999999999,12.46,0.0575,55.2775,0.035,,,,0.01,0.0125,32.8225,75.97,0.355,175.41,0.0,0.0,41.3025,738.15,
2023-07-18 18:00:00,28.375,37.035,7.14,10.945,18.08,11.22,11.8025,0.057499999999999996,6.32,0.0375,,,,0.01,0.01,31.3175,80.405,0.3325,182.8575,0.0,0.0,7.8775,738.38,
2023-07-18 19:00:00,29.38,45.53,7.8925,12.092500000000001,19.985,11.245000000000001,11.8675,0.0625,,0.04,,,,0.01,0.015000000000000001,29.247500000000002,88.1625,0.1525,130.4125,0.0,0.0,,738.7325,
2023-07-18 20:00:00,31.8525,46.19,8.135,12.4675,20.5975,11.3275,12.1675,0.0825,,0.0475,,,,0.0175,0.02,28.2825,94.5075,0.1375,128.5075,0.0,0.0,,739.2275,
2023-07-18 21:00:00,32.4875,48.3575,8.219999999999999,12.5975,20.8175,11.315,12.4025,0.10250000000000001,,0.0625,,,,0.02,0.025,27.85,97.08500000000001,0.115,119.71000000000001,0.0,0.0,,739.515,
2023-07-18 22:00:00,32.99,50.262499999999996,8.0425,12.3275,20.3675,11.385,12.377500000000001,0.11,,0.07250000000000001,,,,0.02,0.03,27.6,98.2325,0.0925,124.52499999999999,0.0,0.0,,739.635,
2023-07-18 23:00:00,31.8225,50.9875,7.91,12.1225,20.0375,11.3275,12.8575,0.11,,0.07,,,,0.02,0.03,27.3875,99.15,0.09,119.86,0.0,0.0,,739.5699999999999,
2023-07-19 00:00:00,26.895,45.3125,7.7575,11.89,19.6475,11.342500000000001,12.685,0.1,,0.06,,,,0.02,0.02,27.322499999999998,99.7025,0.125,179.06,0.0,0.0,,739.2025,
2023-07-19 01:00:00,32.4875,48.239999999999995,7.57,11.6,19.1725,11.3225,12.685,0.09,,0.05,,,,0.02,0.02,27.32,99.93,0.19,188.0275,0.0,0.0,,739.17,
2023-07-19 02:00:00,22.7925,33.8825,7.645,11.717500000000001,19.365000000000002,11.2875,13.04,0.08,,0.045,,,,0.015,0.02,27.12,99.445,0.185,143.74,0.0,0.0,,739.065,
2023-07-19 03:00:00,18.775,38.699999999999996,8.41,12.8925,21.3025,11.215,12.5275,0.09,,0.05,,,,0.02,0.02,27.134999999999998,97.9375,0.1325,158.495,0.0,0.0,,738.97,
2023-07-19 04:00:00,22.82,40.4675,8.17,12.524999999999999,20.695,11.3325,12.7275,0.0925,,0.057499999999999996,,,,0.02,0.02,26.725,98.9375,0.135,154.25,0.0,0.0,,738.99,
2023-07-19 05:00:00,20.35,37.5575,7.785,11.934999999999999,19.7175,11.25,12.907499999999999,0.09,,0.052500000000000005,,,,0.02,0.02,26.56,99.7625,0.15250000000000002,196.465,0.0,0.0,0.78,739.3025,
2023-07-19 06:00:00,20.79,38.480000000000004,7.99,12.2425,20.2325,11.32,12.6975,0.105,,0.065,,,,0.0225,0.025,27.015,99.9925,0.195,182.715,0.0,0.0,13.805,739.545,
2023-07-19 07:00:00,28.94,55.7625,9.3575,14.34,23.7,11.5125,12.6975,0.1325,,0.08,,,,0.03,0.03,29.7925,90.54249999999999,0.325,198.5425,0.0,0.0,78.0125,739.9075,
2023-07-19 08:00:00,31.747500000000002,64.73,8.635,13.2325,21.865000000000002,11.4625,12.5525,0.1175,,0.0775,,,,0.0275,0.03,33.8375,74.4125,0.41,162.43,0.0,0.0,190.965,740.225,
2023-07-19 09:00:00,32.9775,57.1525,8.06,12.355,20.415,11.45,12.725,0.11,,0.07,,,,0.02,0.03,35.96,67.5425,0.5425,174.34,0.0,0.0,264.40999999999997,740.205,
2023-07-19 10:00:00,27.605,53.2725,7.86,12.045,19.9075,11.435,12.99,0.1075,,0.0675,,,,0.02,0.0275,37.105,64.4625,0.4875,199.005,0.0,0.0,314.5775,740.0699999999999,
2023-07-19 11:00:00,30.3475,53.69,7.0175,10.745,17.7625,11.1875,12.705,0.11,60.9625,0.07,,,,0.02,0.03,38.46,61.650000000000006,0.6,204.95,0.0,0.0,305.705,739.8625,
2023-07-19 12:00:00,30.11,51.4375,6.8875,10.555,17.4425,11.105,10.3225,0.1175,30.97,0.08,,,,0.03,0.03,37.7175,63.33,0.46499999999999997,204.3275,0.0,0.0,211.66500000000002,739.7,
2023-07-19 13:00:00,30.1,51.8925,7.1375,10.9425,18.0775,11.05,10.5425,0.12,28.630000000000003,0.0775,,,,0.0275,0.03,39.2475,58.927499999999995,0.47750000000000004,236.2175,0.0,0.0,256.7375,739.19,
2023-07-19 14:00:00,,44.3275,7.4875,11.4775,18.965,11.21,10.375,0.125,26.3225,0.0775,,,,0.0275,0.03,39.0025,59.1875,0.47750000000000004,203.16,0.03,0.03,172.9125,738.73,
2023-07-19 15:00:00,34.8,47.3475,7.6825,11.774999999999999,19.46,11.125,10.4575,0.1225,25.3125,0.0775,,,,0.0275,0.03,35.6525,69.3525,0.43000000000000005,200.095,0.0,0.0,73.4875,738.1775,
2023-07-19 16:00:00,36.1525,53.2025,6.965,10.674999999999999,17.6375,11.0475,11.3275,0.1,25.4925,0.0625,,,,0.0225,0.025,34.5225,75.39999999999999,0.20750000000000002,168.0175,0.0,0.0,53.2625,737.4925,
2023-07-19 17:00:00,33.2025,48.7775,6.845,10.4925,17.3375,10.9825,11.8,0.0925,22.0275,0.052500000000000005,,,,0.02,0.02,34.4025,73.5475,0.3375,178.6,0.0,0.0,50.092499999999994,737.055,
2023-07-19 18:00:00,29.33,44.9625,7.4425,11.4025,18.8425,10.93,16.305,0.095,32.5475,0.055,,,,0.02,0.02,32.3075,80.31,0.15000000000000002,151.39,0.0,0.0,5.5675,737.545,
2023-07-19 19:00:00,19.34,49.5225,7.0875,10.8625,17.947499999999998,11.004999999999999,16.8325,0.1,25.885,0.06,,,,0.02,0.0225,30.05,89.705,0.13,174.38,0.0,0.0,,737.935,
2023-07-19 20:00:00,23.48,44.5625,7.0775,10.844999999999999,17.925,10.9225,16.9925,0.11,25.552500000000002,0.07,,,,0.0225,0.0275,29.0375,95.05,0.175,156.9975,0.0,0.0,,738.33,
2023-07-19 21:00:00,28.2425,50.3975,7.295,11.1825,18.4825,10.9075,16.9625,0.13,22.517500000000002,0.08,,,,0.03,0.03,28.6875,96.1125,0.155,189.94,0.0,0.0,,738.7875,
2023-07-19 22:00:00,33.33,51.5825,7.2725,11.15,18.4275,10.9375,16.9175,0.14250000000000002,25.322499999999998,0.08499999999999999,,,,0.03,0.0375,28.555,98.2475,0.0975,133.24,0.0,0.0,,739.1675,
2023-07-19 23:00:00,31.9525,51.9925,7.27,11.1425,18.415,10.915,17.22,0.155,25.6675,0.095,,,,0.03,0.04,28.7575,99.19,0.135,205.5625,0.0,0.0,,739.14,
2023-07-20 00:00:00,31.03,50.9175,7.3675,11.295,18.6575,10.9575,16.945,0.16999999999999998,26.3,0.10500000000000001,,,,0.035,0.04,28.822499999999998,99.35249999999999,0.125,160.5275,0.0,0.0,,738.9475,
2023-07-20 01:00:00,31.1925,49.13,7.2125,11.059999999999999,18.2725,10.905000000000001,17.235,0.1725,25.48,0.10500000000000001,,,,0.035,0.04,28.73,99.41,0.12,178.45499999999998,0.0,0.0,,738.8,
2023-07-20 02:00:00,32.457499999999996,49.197500000000005,7.235,11.092500000000001,18.33,10.97,17.0875,0.175,25.705,0.1075,,,,0.0375,0.04,28.595,99.7225,0.11,165.715,0.0,0.0,,738.5475,
2023-07-20 03:00:00,27.86,40.94,7.305,11.1975,18.505000000000003,10.96,16.975,0.18,24.4,0.1075,,,,0.0375,0.04,28.365000000000002,99.9825,0.14,212.1875,0.0,0.0,,738.5625,
2023-07-20 04:00:00,30.31,44.93,6.9175,10.6025,17.5175,11.025,16.13,0.18,24.9725,0.1075,,,,0.04,0.04,27.9825,100.0,0.16,198.0975,0.0,0.0,,738.4225,
2023-07-20 05:00:00,30.302500000000002,39.985,7.065,10.835,17.905,10.88,16.005,0.18,24.3825,0.11,,,,0.04,0.04,27.9625,100.0,0.20500000000000002,260.1375,0.0,0.0,3.395,738.67,
2023-07-20 06:00:00,30.1075,46.587500000000006,7.075,10.8475,17.9225,10.945,16.22,0.185,23.6925,0.11,,,,0.04,0.04,28.7825,99.985,0.20750000000000002,187.44,0.0,0.0,17.7675,739.0375,
2023-07-20 07:00:00,30.97,46.995,6.9975000000000005,10.73,17.7275,10.8825,16.82,0.1875,24.71,0.11,,,,0.04,0.04,30.73,91.64,0.2725,158.3175,0.0,0.0,68.13,739.295,
2023-07-20 08:00:00,35.2525,54.277499999999996,7.005,10.735,17.74,10.905,16.275,0.1875,25.67,0.11,,,,0.04,0.04,35.7275,71.385,0.4375,197.85,0.0,0.0,260.005,739.5024999999999,
2023-07-20 09:00:00,34.9175,62.4625,6.495,9.9575,16.455,10.9425,15.4275,0.1775,24.2375,0.11,,,,0.04,0.04,38.19,62.28,0.5549999999999999,205.595,0.0,0.0,301.97249999999997,739.5825,
2023-07-20 10:00:00,29.8725,57.4875,6.335,9.7125,16.045,10.9275,15.4775,0.17250000000000001,22.37,0.10500000000000001,,,,0.0375,0.04,39.285,58.9625,0.5125,190.4,0.0,0.0,301.89750000000004,739.575,
2023-07-20 11:00:00,33.3725,63.2025,6.605,10.1225,16.725,11.014999999999999,15.355,0.1675,26.4825,0.10250000000000001,,,,0.0325,0.04,38.92,60.8,0.45749999999999996,165.2275,0.0,0.0,259.2475,739.6025,
2023-07-20 12:00:00,31.5675,54.155,6.955,10.665000000000001,17.6225,10.9875,14.94,0.175,24.96,0.1075,,,,0.0375,0.04,39.1975,59.3275,0.55,165.5025,0.0,0.0,314.65,739.4075,
2023-07-20 13:00:00,34.4,57.9325,7.46,11.4325,18.8875,11.147499999999999,15.075,0.165,25.59,0.10250000000000001,,,,0.0325,0.04,40.095,55.5225,0.6775,204.715,0.0,0.0,276.15999999999997,738.9775,
2023-07-20 14:00:00,30.6325,50.2325,7.5075,11.51,19.0175,11.1675,15.625,0.14500000000000002,24.9375,0.085,,,,0.0325,0.0325,39.927499999999995,54.655,0.67,191.435,0.0,0.0,231.3575,738.4225,
2023-07-20 15:00:00,33.7875,56.097500000000004,7.6725,11.754999999999999,19.425,11.145,16.57,0.13,25.3875,0.08,,,,0.03,0.03,40.595,52.605000000000004,0.53,197.065,0.0,0.0,175.235,737.8475,
2023-07-20 16:00:00,35.2525,57.085,7.59,11.6325,19.2225,11.14,16.19,0.135,24.665,0.08,,,,0.03,0.0325,37.605,60.2725,0.4525,191.0575,0.0,0.0,83.7975,737.38,
2023-07-20 17:00:00,38.49,59.8525,7.5375,11.6375,19.23,11.0325,16.5275,0.15,25.365000000000002,0.0925,,,,0.03,0.04,35.1325,66.72749999999999,0.395,206.025,0.0,0.0,46.345,737.295,
2023-07-20 18:00:00,38.9875,62.6525,7.77,11.91,19.6825,11.05,15.8625,0.16,27.497500000000002,0.0975,,,,0.0325,0.04,32.9025,75.7875,0.2375,170.7375,0.0,0.0,6.35,737.545,
2023-07-20 19:00:00,40.995000000000005,64.9,7.885,12.0875,19.9775,11.15,15.692499999999999,0.18,21.1275,0.1075,,,,0.04,0.04,30.814999999999998,84.32,0.1375,139.115,0.0,0.0,,738.0,
2023-07-20 20:00:00,42.9375,68.735,8.5125,13.045,21.557499999999997,11.2125,15.747499999999999,0.19,24.9925,0.11,,,,0.04,0.04,29.645,92.8125,0.135,147.945,0.0,0.0,,738.7525,
2023-07-20 21:00:00,45.2225,71.3575,8.3725,12.8325,21.2025,11.0775,16.0625,0.2025,24.8975,0.1225,,,,0.04,0.05,29.080000000000002,96.3575,0.155,194.675,0.0,0.0,,739.535,
2023-07-20 22:00:00,49.36,78.6775,8.5725,13.1375,21.71,11.0425,15.922500000000001,0.225,24.7675,0.14,,,,0.0425,0.052500000000000005,28.6325,97.8875,0.11,152.6725,0.0,0.0,,739.935,
2023-07-20 23:00:00,47.5675,76.9325,8.725,13.372499999999999,22.1,10.995000000000001,15.8425,0.2475,24.42,0.1475,,,,0.05,0.06,28.48,98.95,0.1375,213.7475,0.0,0.0,,740.0225,
2023-07-21 00:00:00,48.08,73.95,8.51,13.04,21.5475,11.11,15.165,0.2575,25.405,0.1575,,,,0.05,0.06,28.27,99.515,0.0875,124.5275,0.0,0.0,,739.765,
2023-07-21 01:00:00,49.6475,69.3775,8.4925,13.0125,21.505,11.1175,15.5075,0.25,24.16,0.1525,,,,0.05,0.06,28.2325,99.9225,0.1525,200.87,0.0,0.0,,739.465,
2023-07-21 02:00:00,50.4725,68.12,8.575000000000001,13.1425,21.7125,11.0975,15.685,0.245,24.552500000000002,0.1475,,,,0.05,0.06,28.34,100.0,0.175,192.705,0.0,0.0,,739.5325,
2023-07-21 03:00:00,51.660000000000004,64.75750000000001,8.307500000000001,12.7325,21.0425,11.1375,15.6175,0.2425,20.915,0.14250000000000002,,,,0.0475,0.06,28.315,100.0,0.165,222.2825,0.0,0.0,,739.3925,
2023-07-21 04:00:00,45.512499999999996,66.2725,8.3475,12.7875,21.1325,11.17,15.975,0.235,23.945,0.14250000000000002,,,,0.045,0.055,28.1125,100.0,0.16749999999999998,171.5075,0.0,0.0,,739.86,
2023-07-21 05:00:00,47.4275,60.8925,8.29,12.71,20.9975,11.165,16.3225,0.23249999999999998,23.857499999999998,0.14,,,,0.045,0.055,28.2225,100.0,0.2375,170.9875,0.0,0.0,7.045,740.235,
2023-07-21 06:00:00,44.31,66.405,7.715,11.825,19.54,11.015,15.417499999999999,0.23249999999999998,24.947499999999998,0.14,,,,0.0475,0.057499999999999996,29.75,95.95,0.3025,189.185,0.0,0.0,33.0975,740.5475,
2023-07-21 07:00:00,47.2925,79.5775,7.73,11.8475,19.5775,11.01,15.4875,0.2275,23.759999999999998,0.1375,,,,0.0475,0.057499999999999996,31.5625,86.395,0.51,181.4275,0.0,0.0,60.067499999999995,740.9075,
2023-07-21 08:00:00,47.4,80.58749999999999,7.2375,11.095,18.335,11.0425,15.2925,0.2125,22.9025,0.13,,,,0.04,0.05,35.47,71.835,0.5075000000000001,160.32,0.0,0.0,255.665,741.0075,
2023-07-21 09:00:00,34.832499999999996,64.7675,7.0875,10.8675,17.9625,11.0,15.0725,0.1975,22.8875,0.12,,,,0.04,0.0475,37.39,64.2325,0.465,180.0525,0.0,0.0,276.59000000000003,740.9,
2023-07-21 10:00:00,34.2075,59.8775,6.5725,10.0725,16.6425,11.0125,15.225,0.1925,23.310000000000002,0.1125,,,,0.04,0.0425,37.265,64.6725,0.585,182.2625,0.0,0.0,241.645,740.9525,
2023-07-21 11:00:00,28.8825,63.832499999999996,6.4675,9.91,16.375,11.045,15.385,0.1825,22.66,0.11,,,,0.04,0.04,38.019999999999996,63.2025,0.665,223.4325,0.0125,0.0125,281.39,740.975,
2023-07-21 12:00:00,34.79,63.7025,6.29,9.64,15.925,10.9925,15.14,0.1625,23.447499999999998,0.1,,,,0.0325,0.04,37.935,62.22,0.6174999999999999,198.175,0.0075,0.0075,229.9475,740.9575,
2023-07-21 13:00:00,31.23,52.8825,6.435,9.865,16.3,10.995,15.0875,0.1475,22.7775,0.0875,,,,0.03,0.0375,38.485,58.7625,0.8175,177.8225,0.0,0.0,238.63,740.5875,
2023-07-21 14:00:00,28.200000000000003,49.9475,7.125,10.9175,18.042499999999997,11.0825,15.415000000000001,0.14,23.45,0.0825,,,,0.03,0.0325,39.0675,57.575,0.625,187.3025,0.0,0.0,209.3325,739.99,
2023-07-21 15:00:00,45.4025,67.60000000000001,7.3825,11.315,18.695,11.2025,15.52,0.135,23.23,0.08,,,,0.03,0.03,38.8125,58.302499999999995,0.5125000000000001,208.3425,0.0,0.0,160.595,739.5125,
2023-07-21 16:00:00,43.7775,65.4425,7.245,11.100000000000001,18.345,11.075,15.2175,0.125,23.08,0.08,,,,0.0275,0.03,37.18,60.777499999999996,0.6075,211.3325,0.0,0.0,80.1725,739.0,
2023-07-21 17:00:00,44.0875,67.2675,7.0725,10.84,17.9175,11.1175,15.44,0.11499999999999999,22.549999999999997,0.07500000000000001,,,,0.025,0.03,35.0775,67.4025,0.38,220.925,0.0,0.0,38.945,739.0125,
2023-07-21 18:00:00,33.177499999999995,63.17,7.7,11.8025,19.505,11.157499999999999,14.625,0.135,23.8825,0.0825,,,,0.03,0.0325,32.6675,75.345,0.35,201.48749999999998,0.0,0.0,3.3866666666666667,739.3875,
2023-07-21 19:00:00,40.92,73.13,8.5225,13.0625,21.5825,11.219999999999999,10.497499999999999,0.155,23.6625,0.0925,,,,0.03,0.04,31.145,82.855,0.1975,185.8875,0.0,0.0,,740.2425000000001,
2023-07-21 20:00:00,44.97,74.185,8.407499999999999,12.885,21.287499999999998,11.2125,10.3975,0.1625,22.1475,0.10250000000000001,,,,0.0325,0.04,29.8125,91.245,0.14250000000000002,126.42500000000001,0.0,0.0,,741.02,
2023-07-21 21:00:00,38.72,66.4325,8.165,12.5175,20.6775,11.1125,10.942499999999999,0.1775,23.2225,0.11,,,,0.04,0.04,29.49,93.55,0.185,173.39499999999998,0.0,0.0,,741.6975,
2023-07-21 22:00:00,45.552499999999995,77.925,7.96,12.2025,20.1675,11.1975,11.255,0.1825,23.47,0.11,,,,0.04,0.04,29.3425,95.0925,0.21000000000000002,194.265,0.0,0.0,,742.3175,
2023-07-21 23:00:00,43.0975,80.07,7.43,11.385,18.814999999999998,11.0875,10.9025,0.1825,22.85,0.11,,,,0.04,0.04,29.4625,92.77,0.2825,164.63,0.0,0.0,,742.3,
2023-07-22 00:00:00,36.910000000000004,70.36500000000001,6.7075000000000005,10.28,16.9825,11.04,11.1075,0.175,23.3825,0.1075,,,,0.035,0.04,30.0975,88.6625,0.435,171.47,0.0,0.0,,742.24,
2023-07-22 01:00:00,35.83,68.5275,6.3725,9.77,16.145,10.8925,11.15,0.1625,24.697499999999998,0.10250000000000001,,,,0.035,0.04,30.105,88.165,0.635,214.26999999999998,0.0,0.0,,742.235,
2023-07-22 02:00:00,42.082499999999996,63.9775,5.79,8.88,14.6675,10.8125,10.6525,0.15,22.2975,0.09,,,,0.03,0.04,29.66,89.12,0.5825,164.8225,0.0,0.0,,742.0625,
2023-07-22 03:00:00,35.2425,58.59,5.9925,9.185,15.175,10.7675,10.9375,0.14500000000000002,24.424999999999997,0.08499999999999999,,,,0.03,0.035,29.3425,89.97,0.635,193.97750000000002,0.0,0.0,,741.9225,
2023-07-22 04:00:00,32.582499999999996,60.3675,5.9725,9.1525,15.125,10.8,10.745,0.1375,22.21,0.08,,,,0.03,0.03,28.96,90.95,0.5700000000000001,218.22750000000002,0.0,0.0,,741.97,
2023-07-22 05:00:00,41.2975,57.0575,6.0275,9.2375,15.2675,10.7725,10.9775,0.1375,21.6825,0.08,,,,0.03,0.03,28.6425,91.72,0.5,189.2425,0.0,0.0,1.86,742.1725,
2023-07-22 06:00:00,37.442499999999995,63.097500000000004,6.3774999999999995,9.7775,16.155,10.7775,10.835,0.1375,23.377499999999998,0.08,,,,0.03,0.03,29.0775,89.8175,0.6074999999999999,198.82999999999998,0.0,0.0,14.42,742.72,
2023-07-22 07:00:00,38.2675,65.7575,6.305,9.6625,15.965,10.8,10.8775,0.135,24.155,0.08,,,,0.03,0.03,30.215,86.1825,0.5675,187.15,0.0,0.0,63.0075,743.16,
2023-07-22 08:00:00,39.2675,58.3275,6.1525,9.432500000000001,15.5825,10.862499999999999,10.89,0.13,23.950000000000003,0.08,,,,0.03,0.03,32.2975,79.0525,0.7475,185.5525,0.0,0.0,153.9875,743.4625,
2023-07-22 09:00:00,34.949999999999996,62.5275,5.8625,8.985,14.8475,10.865,11.087499999999999,0.12,22.8,0.0775,,,,0.0275,0.03,33.295,74.8825,0.8,166.485,0.0,0.0,201.65,743.6175,
2023-07-22 10:00:00,38.3775,60.24,5.795,8.8825,14.6775,10.865,11.3825,0.1175,22.73,0.0775,,,,0.0275,0.03,34.7775,70.33,0.7725,184.09,0.025,0.025,261.47749999999996,743.5225,
2023-07-22 11:00:00,40.917500000000004,63.9375,5.535,8.485,14.0225,10.825,11.434999999999999,0.1125,22.747500000000002,0.07,,,,0.0225,0.03,35.3475,68.57249999999999,0.7475,152.785,0.005,0.005,258.605,743.265,
2023-07-22 12:00:00,41.0,64.39250000000001,5.5675,8.535,14.1,10.6975,11.185,0.1075,21.8925,0.0675,,,,0.02,0.0275,36.4975,64.3175,0.7775000000000001,188.195,0.0,0.0,276.4275,743.0575,
2023-07-22 13:00:00,31.14,58.402499999999996,5.7675,8.8425,14.6025,10.735,12.3275,0.08,45.0025,0.05,,,,0.015,0.015,37.545,60.7675,0.72,201.0975,0.0,0.0,258.04,742.6475,
2023-07-22 14:00:00,28.4,63.015,5.8675,9.075,14.9925,10.9475,11.6025,0.0675,24.5175,0.04,,,,0.01,0.02,36.94,62.6425,0.7175,195.6375,0.0,0.0,171.2325,741.8,
2023-07-22 15:00:00,22.4075,51.2025,5.6725,8.695,14.365,10.775,10.5725,0.0675,20.442500000000003,0.04,,,,0.01,0.0175,38.205,57.845,0.69,189.555,0.0,0.0,187.155,741.155,
2023-07-22 16:00:00,25.39,54.245,5.7325,8.7875,14.52,10.79,9.86,0.07,19.0,0.04,,,,0.01,0.02,36.68,61.1,0.6875,190.015,0.015,0.015,87.35000000000001,740.8675000000001,
2023-07-22 17:00:00,28.2075,55.0875,6.0249999999999995,9.235,15.252500000000001,10.8,9.872499999999999,0.0675,19.4575,0.04,,,,0.01,0.0175,34.255,68.15,0.54,215.4575,0.195,0.195,45.9625,740.9725,
2023-07-22 18:00:00,28.3975,59.917500000000004,6.2825,9.6275,15.91,10.8825,11.440000000000001,0.0775,19.6475,0.045,,,,0.015,0.02,32.66,71.97749999999999,0.64,190.3025,0.13,0.13,5.796666666666667,741.625,
2023-07-22 19:00:00,23.6625,61.3775,6.657500000000001,10.2075,16.8675,10.835,12.122499999999999,0.0975,19.795,0.06,,,,0.02,0.0225,31.509999999999998,76.4075,0.4775,192.55,0.0,0.0,,741.9575,
2023-07-22 20:00:00,40.2225,61.695,6.8475,10.495000000000001,17.3425,11.0225,12.4025,0.1,20.1625,0.06,,,,0.02,0.02,30.6325,78.705,0.4525,185.665,0.005,0.005,,742.3875,
2023-07-22 21:00:00,28.7175,63.667500000000004,6.4625,9.9075,16.369999999999997,10.91,12.6625,0.1,20.315,0.06,,,,0.02,0.0225,29.1525,81.1125,0.2975,205.32999999999998,0.024999999999999998,0.024999999999999998,,742.6275,
2023-07-22 22:00:00,24.240000000000002,41.3775,6.7375,10.33,17.065,10.865,12.3425,0.1075,20.3925,0.065,,,,0.02,0.025,28.2075,88.2875,0.1375,125.10499999999999,0.0,0.0,,743.09,
2023-07-22 23:00:00,22.552500000000002,46.605000000000004,7.01,10.7425,17.755,10.935,11.96,0.11,20.36,0.07,,,,0.0225,0.0275,27.810000000000002,93.3,0.14500000000000002,143.75,0.0,0.0,,743.215,
2023-07-23 00:00:00,21.5325,45.4225,7.345,11.254999999999999,18.6,11.0,11.879999999999999,0.11499999999999999,20.1675,0.07500000000000001,,,,0.0225,0.03,28.585,91.0325,0.3825,189.9375,0.0,0.0,,743.08,
2023-07-23 01:00:00,34.3575,59.3625,7.1875,11.015,18.2025,10.975,11.815,0.11499999999999999,19.9675,0.07500000000000001,,,,0.025,0.03,29.3675,87.4575,0.4775,160.1775,0.0,0.0,,742.8125,
2023-07-23 02:00:00,36.7325,47.7025,6.505,9.97,16.48,10.9225,11.5625,0.1125,19.815,0.07250000000000001,,,,0.0225,0.03,29.375,86.2325,0.575,190.585,0.0,0.0,,742.7574999999999,
2023-07-23 03:00:00,31.0,44.1575,6.37,9.765,16.1325,10.9075,11.7675,0.1075,19.994999999999997,0.0675,,,,0.02,0.03,28.9025,87.615,0.4425,214.91750000000002,0.0,0.0,,742.735,
2023-07-23 04:00:00,28.9625,43.902499999999996,6.525,9.9975,16.5225,10.825,11.7325,0.1075,19.97,0.0675,,,,0.02,0.025,28.6175,88.765,0.4625,184.4775,0.0,0.0,,742.5175,
2023-07-23 05:00:00,33.83,49.112500000000004,6.35,9.7375,16.0875,10.8425,11.545,0.1075,20.08,0.0675,,,,0.02,0.0275,28.45,89.4675,0.445,190.4875,0.0,0.0,1.5250000000000001,742.665,
2023-07-23 06:00:00,34.0,54.6075,6.4025,9.815,16.215,10.8525,11.25,0.1075,19.975,0.0675,,,,0.02,0.0275,28.86,89.655,0.4475,189.36,0.0,0.0,11.81,743.11,
2023-07-23 07:00:00,35.5475,49.7825,6.165,9.4475,15.6125,10.844999999999999,11.1475,0.10500000000000001,19.9,0.065,,,,0.02,0.025,30.067500000000003,85.94,0.6525,216.2425,0.0,0.0,64.8475,743.38,
2023-07-23 08:00:00,28.7375,54.6175,5.7225,8.7675,14.4875,10.86,11.245,0.10500000000000001,19.5375,0.0675,,,,0.02,0.025,32.5725,77.4275,0.8049999999999999,201.9875,0.0,0.0,198.245,743.5025,
2023-07-23 09:00:00,35.75,52.1425,5.7725,8.8475,14.6125,10.7575,11.5875,0.1075,19.82,0.065,,,,0.02,0.025,34.0275,72.3675,0.7075,212.0725,0.0,0.0,185.1475,743.5825,
2023-07-23 10:00:00,35.0325,62.3275,5.575,8.5475,14.1225,10.7525,11.6225,0.10500000000000001,19.4875,0.065,,,,0.02,0.025,35.0125,70.69749999999999,0.605,186.115,0.0,0.0,236.71,743.41,
2023-07-23 11:00:00,37.2225,59.6475,5.4775,8.3975,13.875,10.83,11.8025,0.10500000000000001,19.755,0.0625,,,,0.02,0.025,36.8425,63.932500000000005,0.725,178.465,0.0,0.0,319.415,742.975,
2023-07-23 12:00:00,33.722500000000004,64.1225,5.2125,7.994999999999999,13.2075,10.7625,11.3825,0.095,19.322499999999998,0.055,,,,0.02,0.02,37.265,61.8125,0.7675000000000001,209.3675,0.0,0.0,256.0775,742.4825,
2023-07-23 13:00:00,26.87,59.9825,5.3175,8.1525,13.4725,10.705,11.2425,0.0875,19.5325,0.05,,,,0.0175,0.02,37.0975,60.2425,0.8025,180.6275,0.0,0.0,229.11,742.0150000000001,
2023-07-23 14:00:00,24.58,54.1125,5.74,8.79,14.530000000000001,10.8625,11.432500000000001,0.0775,19.9025,0.045,,,,0.015000000000000001,0.0175,37.635,58.5025,0.725,187.91,0.0,0.0,204.60750000000002,741.5275,
2023-07-23 15:00:00,25.27,54.195,5.8125,8.91,14.72,10.86,11.4125,0.07250000000000001,19.9225,0.04,,,,0.0125,0.02,38.2775,56.7875,0.615,181.845,0.0,0.0,194.825,740.815,
2023-07-23 16:00:00,26.455,52.5325,5.445,8.3475,13.7925,10.82,12.0975,0.0675,19.86,0.04,,,,0.01,0.0175,36.585,60.51,0.6975,215.7325,0.01,0.01,90.1925,740.3825,
2023-07-23 17:00:00,26.5,46.135,5.6274999999999995,8.629999999999999,14.26,10.83,12.115,0.0625,20.0925,0.04,,,,0.01,0.01,34.0175,68.1175,0.475,168.3825,0.01,0.01,46.2725,740.0725,
2023-07-23 18:00:00,23.0625,51.1075,5.93,9.0875,15.02,10.817499999999999,11.8525,0.0675,20.0575,0.04,,,,0.01,0.0175,32.1775,73.4575,0.3025,180.70499999999998,0.0,0.0,4.806666666666667,740.2075,
2023-07-23 19:00:00,21.6475,56.510000000000005,6.97,10.68,17.65,10.85,12.6,0.0825,20.2875,0.045,,,,0.015,0.02,30.1025,82.7,0.14,157.1,0.0,0.0,,740.5699999999999,
2023-07-23 20:00:00,27.400000000000002,52.8625,7.532500000000001,11.54,19.072499999999998,11.0175,13.0175,0.095,20.65,0.055,,,,0.02,0.02,28.7925,90.3625,0.1675,152.49,0.0,0.0,,740.9975,
2023-07-23 21:00:00,29.63,54.0775,7.805,11.965,19.77,11.0,12.782499999999999,0.11,20.585,0.07250000000000001,,,,0.02,0.03,28.6875,92.1925,0.1775,182.64,0.0,0.0,,741.415,
2023-07-23 22:00:00,28.9275,61.8675,7.4925,11.485,18.975,10.995000000000001,12.815,0.11499999999999999,20.345,0.07250000000000001,,,,0.0225,0.03,28.8675,89.3575,0.28,174.545,0.0,0.0,,741.595,
2023-07-23 23:00:00,37.1175,67.9975,7.3075,11.2,18.505,10.945,13.05,0.10500000000000001,20.1275,0.0675,,,,0.02,0.025,29.255,86.8425,0.3125,207.065,0.0,0.0,,741.6225,
2023-07-24 00:00:00,25.9925,59.1525,7.8725,12.067499999999999,19.939999999999998,10.96,12.49,0.1125,20.2225,0.07250000000000001,,,,0.02,0.03,28.78,89.285,0.1775,159.8825,0.0,0.0,,741.275,
2023-07-24 01:00:00,30.0475,53.2975,7.8575,12.05,19.91,10.8675,12.997499999999999,0.11,20.42,0.07,,,,0.02,0.03,28.2075,92.7325,0.20750000000000002,164.955,0.0,0.0,,740.8275,
2023-07-24 02:00:00,34.9375,58.707499999999996,7.672499999999999,11.755,19.425,10.895,13.24,0.11,20.1625,0.07,,,,0.0225,0.0275,28.17,94.58500000000001,0.21,211.7775,0.0,0.0,,740.655,
2023-07-24 03:00:00,31.33,56.735,7.105,10.89,17.995,10.895,12.8775,0.125,20.025,0.08,,,,0.03,0.03,28.6025,93.03750000000001,0.27749999999999997,188.5325,0.0,0.0,,740.565,
2023-07-24 04:00:00,42.3175,71.0575,7.0024999999999995,10.7375,17.740000000000002,10.86,12.870000000000001,0.13,20.125,0.08,,,,0.03,0.03,29.065,89.7225,0.435,191.0775,0.0,0.0,,740.6125,
2023-07-24 05:00:00,45.31,69.13749999999999,6.855,10.504999999999999,17.36,10.8875,12.68,0.13,20.185,0.08,,,,0.03,0.03,29.2175,89.1375,0.3975,199.8,0.0,0.0,1.54,740.7574999999999,
2023-07-24 06:00:00,41.5325,68.80499999999999,6.9825,10.7075,17.689999999999998,10.93,12.2575,0.1375,19.9975,0.08,,,,0.03,0.03,29.8425,87.7675,0.435,187.45999999999998,0.0,0.0,27.2225,741.2149999999999,
2023-07-24 07:00:00,44.2025,78.83,6.6725,10.225,16.8975,10.940000000000001,12.725000000000001,0.14,19.822499999999998,0.08,,,,0.03,0.0325,31.2025,83.1825,0.55,213.3425,0.0,0.0,58.894999999999996,741.5775,
2023-07-24 08:00:00,41.4975,76.1475,6.4425,9.8775,16.32,10.8925,12.22,0.14500000000000002,19.6075,0.08499999999999999,,,,0.03,0.035,32.815,78.565,0.4925,214.33249999999998,0.0,0.0,110.9775,741.885,
2023-07-24 09:00:00,45.17,72.75750000000001,6.3675,9.7625,16.13,10.785,12.01,0.14500000000000002,19.9975,0.08499999999999999,,,,0.03,0.035,34.3075,73.3125,0.665,199.8275,0.0,0.0,215.9425,741.8225,
2023-07-24 10:00:00,40.4675,70.5375,5.9025,9.0525,14.955,10.8,11.600000000000001,0.1475,19.345,0.0875,,,,0.03,0.0375,36.715,65.2175,0.7175,192.265,0.025,0.025,268.1675,741.715,
2023-07-24 11:00:00,41.2675,69.5175,5.6899999999999995,8.7175,14.4075,10.8375,11.2675,0.1375,19.060000000000002,0.0825,,,,0.03,0.0325,37.0525,63.91,0.68,216.055,0.005,0.005,291.4575,741.33,
2023-07-24 12:00:00,36.949999999999996,60.847500000000004,5.585,8.567499999999999,14.1525,10.8675,11.682500000000001,0.1325,19.689999999999998,0.0825,,,,0.03,0.0325,38.417500000000004,60.3475,0.65,185.095,0.0,0.0,289.6375,740.9300000000001,
2023-07-24 13:00:00,38.3475,60.6025,5.7775,8.855,14.6275,10.817499999999999,11.5725,0.1275,19.79,0.08,,,,0.03,0.03,38.365,59.5175,0.61,167.28,0.0,0.0,232.8475,740.4525,
2023-07-24 14:00:00,34.63,52.635,6.15,9.43,15.5775,10.865,11.692499999999999,0.12,20.35,0.07500000000000001,,,,0.0275,0.03,38.315,59.745,0.6875,178.555,0.0,0.0,215.015,739.8425,
2023-07-24 15:00:00,34.3075,56.625,6.4775,9.93,16.41,10.92,12.24,0.11499999999999999,21.1325,0.07500000000000001,,,,0.0275,0.03,39.3975,57.13,0.5,191.345,0.0,0.0,172.495,739.135,
2023-07-24 16:00:00,42.807500000000005,61.2225,6.4075,9.815,16.2225,10.98,12.4425,0.11499999999999999,21.2,0.07,,,,0.0225,0.03,36.9875,63.46,0.5900000000000001,206.8475,0.0,0.0,91.75,738.5899999999999,
2023-07-24 17:00:00,44.55,59.824999999999996,6.555,10.0475,16.6025,10.932500000000001,13.205,0.11,19.73,0.0675,,,,0.02,0.03,34.7275,70.995,0.435,200.29999999999998,0.0,0.0,33.9825,738.49,
2023-07-24 18:00:00,38.51,70.9125,6.84,10.4825,17.32,10.9125,13.49,0.1175,19.515,0.0775,,,,0.0275,0.03,32.605000000000004,77.7525,0.33,191.23,0.0,0.0,3.9625,738.6775,
2023-07-24 19:00:00,42.07,72.28,7.4875,11.475,18.9675,10.995000000000001,12.9925,0.14,19.605,0.08499999999999999,,,,0.03,0.035,31.23,82.0,0.2225,149.64,0.0,0.0,,739.1575,
2023-07-24 20:00:00,39.6875,66.105,8.3275,12.765,21.0925,11.2425,13.5075,0.16999999999999998,19.57,0.10250000000000001,,,,0.035,0.04,30.377499999999998,88.32249999999999,0.1875,184.95499999999998,0.0,0.0,,739.9025,
2023-07-24 21:00:00,48.01,67.6725,8.51,13.0425,21.549999999999997,11.285,13.305,0.1875,19.630000000000003,0.11,,,,0.04,0.04,29.9625,91.8275,0.14250000000000002,159.45,0.0,0.0,,740.5425,
2023-07-24 22:00:00,50.620000000000005,74.6825,8.425,12.915000000000001,21.34,11.2925,13.23,0.185,19.53,0.11,,,,0.04,0.04,29.52,93.885,0.2425,193.4775,0.0,0.0,,740.9200000000001,
2023-07-24 23:00:00,50.5075,70.7675,8.56,13.1175,21.675,11.095,13.2725,0.1925,19.14,0.11,,,,0.04,0.0425,29.490000000000002,93.85499999999999,0.21250000000000002,149.6375,0.0,0.0,,741.0275,
2023-07-25 00:00:00,53.8825,74.9275,8.6025,13.192499999999999,21.794999999999998,11.1775,13.0225,0.1875,19.25,0.11,,,,0.04,0.04,29.6675,92.52250000000001,0.20500000000000002,164.255,0.0,0.0,,740.6075000000001,
2023-07-25 01:00:00,46.9425,75.0,8.4125,12.895,21.305,11.1675,13.0525,0.185,19.427500000000002,0.11,,,,0.04,0.04,29.2875,93.985,0.21,214.565,0.0,0.0,,740.46,
2023-07-25 02:00:00,49.02,70.87,8.772499999999999,13.4475,22.2175,11.1725,13.2575,0.185,19.565,0.11,,,,0.04,0.04,28.810000000000002,95.9325,0.25,182.3,0.0,0.0,,740.3050000000001,
2023-07-25 03:00:00,43.3,73.3575,8.145,12.4925,20.64,11.21,13.434999999999999,0.185,19.427500000000002,0.11,,,,0.04,0.04,28.9875,94.8775,0.29500000000000004,176.19,0.0,0.0,,740.1225,
2023-07-25 04:00:00,43.5825,66.1225,8.0475,12.2525,20.375,11.165,13.6575,0.1875,19.57,0.11,,,,0.04,0.0425,28.7675,95.1275,0.4375,208.67499999999998,0.0,0.0,,739.9225,
2023-07-25 05:00:00,42.44,68.1625,8.225000000000001,12.6075,20.825,11.075,13.16,0.195,19.5625,0.11499999999999999,,,,0.04,0.045,28.425,96.91,0.37,191.14,0.0075,0.0075,0.26,740.1,
2023-07-25 06:00:00,49.1675,72.4275,7.67,11.754999999999999,19.42,11.1325,12.835,0.1975,19.57,0.11499999999999999,,,,0.04,0.045,29.142500000000002,95.02250000000001,0.33499999999999996,186.1475,0.0025,0.0025,22.165,740.6825,
2023-07-25 07:00:00,54.4275,76.5325,7.4875,11.475,18.9625,11.105,13.0375,0.2025,19.0375,0.1225,,,,0.04,0.05,31.244999999999997,86.835,0.495,188.17,0.0,0.0,73.625,741.5425,
2023-07-25 08:00:00,51.7975,85.745,7.327500000000001,11.235,18.565,11.1825,12.3775,0.2,18.7575,0.1225,,,,0.04,0.0475,33.225,79.4875,0.6375,182.5075,0.0,0.0,158.89,742.1,
2023-07-25 09:00:00,50.6375,88.85000000000001,7.1725,10.99,18.165,11.08,13.035,0.195,18.66,0.11499999999999999,,,,0.04,0.0475,32.725,80.0875,0.5475,219.5525,0.0,0.0,93.2425,742.4125,
2023-07-25 10:00:00,53.3075,78.08250000000001,7.035,10.7825,17.817500000000003,11.1775,13.275,0.19,19.045,0.1125,,,,0.04,0.0425,32.8825,79.8775,0.4525,187.75,0.0,0.0,71.165,742.74,
2023-07-25 11:00:00,50.307500000000005,78.88250000000001,6.8875,10.557500000000001,17.445,11.105,13.1225,0.175,20.5925,0.10500000000000001,,,,0.0375,0.04,32.25,80.7575,0.5275,156.5125,0.0,0.0,137.49,742.575,
2023-07-25 12:00:00,42.66,62.8725,7.095,10.88,17.975,11.092500000000001,12.895,0.1775,20.915,0.10500000000000001,,,,0.035,0.04,33.7375,76.785,0.655,190.405,0.0,0.0,146.0275,742.2574999999999,
2023-07-25 13:00:00,43.4625,60.927499999999995,6.5575,10.0475,16.6075,11.02,12.6775,0.16,19.9275,0.095,,,,0.0325,0.04,33.645,75.88,0.5825,162.46,0.0,0.0,165.65,741.7225,
2023-07-25 14:00:00,40.697500000000005,52.2475,6.735,10.3225,17.0525,11.0075,12.6425,0.15,19.59,0.09,,,,0.03,0.0375,34.4675,73.905,0.5575,198.6475,0.0,0.0,148.9075,741.02,
2023-07-25 15:00:00,45.0475,61.245,6.6175,10.1475,16.765,11.015,12.2,0.14250000000000002,19.6725,0.08499999999999999,,,,0.03,0.035,33.332499999999996,76.99000000000001,0.505,192.2475,0.0,0.0,102.355,740.5175,
2023-07-25 16:00:00,41.6225,61.597500000000004,6.835,10.4775,17.31,11.0275,12.365,0.1325,19.345,0.0825,,,,0.03,0.0325,32.095,80.57,0.4325,185.3825,0.0,0.0,58.355000000000004,740.5725,
2023-07-25 17:00:00,40.2425,58.1575,6.7725,10.385,17.1575,11.1375,12.4975,0.135,19.677500000000002,0.08,,,,0.03,0.03,30.8325,84.4925,0.375,199.245,0.0,0.0,20.5675,740.455,
2023-07-25 18:00:00,37.4925,61.64,6.865,10.5225,17.384999999999998,11.067499999999999,12.76,0.125,20.075000000000003,0.08,,,,0.03,0.03,29.240000000000002,89.96000000000001,0.2875,196.86,0.0,0.0,1.7874999999999999,740.4725,
2023-07-25 19:00:00,38.7525,63.3725,7.1575,10.9725,18.1325,11.1375,12.6425,0.1325,20.36,0.08,,,,0.03,0.03,28.4675,93.6525,0.28500000000000003,181.2625,0.0,0.0,,740.9375,
2023-07-25 20:00:00,32.807500000000005,60.45,7.405,11.345,18.7525,11.1575,12.4875,0.15,19.4425,0.09,,,,0.03,0.0375,28.265,94.87,0.17500000000000002,173.29749999999999,0.0,0.0,,741.54,
2023-07-25 21:00:00,34.2425,57.6475,7.62,11.68,19.295,11.1175,12.275,0.1475,19.695,0.0875,,,,0.03,0.0375,27.665,97.61500000000001,0.17,166.5725,0.0,0.0,,741.9399999999999,
2023-07-25 22:00:00,40.375,52.2975,7.46,11.4325,18.8925,11.1525,11.9025,0.15,19.975,0.0875,,,,0.03,0.0375,27.4125,98.6625,0.11249999999999999,129.2475,0.0,0.0,,742.34,
2023-07-25 23:00:00,34.9925,50.2325,7.032500000000001,10.78,17.8125,11.15,12.15,0.15,19.555,0.0875,,,,0.03,0.0375,27.18,99.1825,0.125,124.4225,0.0,0.0,,742.4075,
2023-07-26 00:00:00,37.7975,47.839999999999996,7.1525,10.965,18.119999999999997,11.14,12.3825,0.14500000000000002,19.4225,0.0875,,,,0.03,0.035,27.0325,99.7625,0.2,193.89,0.0,0.0,,742.16,
2023-07-26 01:00:00,28.232499999999998,46.1275,7.0725,10.8375,17.91,11.07,12.592500000000001,0.14500000000000002,19.655,0.08499999999999999,,,,0.03,0.035,26.9125,99.995,0.2275,203.4075,0.0,0.0,,741.7975,
2023-07-26 02:00:00,28.2875,48.46,6.827500000000001,10.465,17.294999999999998,10.985,12.2975,0.14250000000000002,19.4075,0.0825,,,,0.03,0.035,26.7125,100.0,0.25,184.195,0.0,0.0,,741.535,
2023-07-26 03:00:00,29.9425,42.01,6.98,10.6975,17.68,11.0025,12.8575,0.135,19.1225,0.08,,,,0.03,0.03,26.525,100.0,0.23,198.7525,0.0,0.0,,741.3399999999999,
2023-07-26 04:00:00,27.68,44.555,6.995,10.7175,17.71,11.035,12.754999999999999,0.135,19.752499999999998,0.08,,,,0.03,0.03,26.4,100.0,0.2125,197.645,0.0,0.0,,741.51,
2023-07-26 05:00:00,29.2425,40.0775,6.695,10.26,16.9525,11.015,12.515,0.1325,19.14,0.08,,,,0.03,0.03,26.245,100.0,0.215,188.45250000000001,0.0,0.0,1.9249999999999998,741.7275,
2023-07-26 06:00:00,26.207500000000003,42.557500000000005,6.87,10.53,17.4,11.0525,12.362499999999999,0.135,19.6025,0.08,,,,0.03,0.0325,27.025,99.95,0.2125,168.39249999999998,0.0,0.0,15.605,742.1575,
2023-07-26 07:00:00,32.19,51.2525,7.045,10.795,17.8375,11.0,12.6325,0.14500000000000002,19.4775,0.08499999999999999,,,,0.03,0.035,29.215,91.39750000000001,0.4825,222.21,0.0,0.0,59.22,742.765,
2023-07-26 08:00:00,35.4925,55.4325,6.8325,10.4725,17.305,10.9475,12.715,0.14500000000000002,19.3475,0.08499999999999999,,,,0.03,0.035,33.7475,75.91,0.4575,185.5975,0.0475,0.0475,226.83499999999998,743.0675,
2023-07-26 09:00:00,36.277499999999996,63.957499999999996,6.76,10.3575,17.1175,11.0175,12.77,0.15,18.87,0.09,,,,0.03,0.0375,37.04,64.64,0.55,195.6225,0.0025,0.0025,281.98,743.15,
2023-07-26 10:00:00,34.27,59.7725,6.3525,9.7375,16.085,11.0025,13.2325,0.14500000000000002,19.0775,0.08499999999999999,,,,0.03,0.035,38.0125,61.0775,0.63,190.065,0.0,0.0,307.6775,742.7675,
2023-07-26 11:00:00,34.78,59.0125,6.08,9.32,15.395,10.8575,13.425,0.14250000000000002,18.76,0.0825,,,,0.03,0.035,37.34,63.745000000000005,0.54,207.4975,0.0,0.0,202.125,742.52,
2023-07-26 12:00:00,37.602500000000006,69.7175,6.4875,9.940000000000001,16.425,11.07,12.967500000000001,0.14250000000000002,18.705,0.08,,,,0.03,0.03,38.0525,60.68,0.5449999999999999,177.905,0.0,0.0,236.405,742.19,
2023-07-26 13:00:00,36.442499999999995,64.6875,7.0075,10.7375,17.744999999999997,11.185,12.655,0.14250000000000002,19.1325,0.0825,,,,0.03,0.035,38.745,58.2475,0.5475,185.1,0.0,0.0,208.8425,741.6125,
2023-07-26 14:00:00,35.1425,61.7475,7.7875,11.9375,19.725,11.4675,13.1625,0.1325,19.3875,0.08,,,,0.03,0.03,37.5925,61.4875,0.425,199.57999999999998,0.0,0.0,105.745,740.9475,
2023-07-26 15:00:00,40.8025,55.307500000000005,8.2025,12.5725,20.77,11.4275,12.835,0.1325,19.4375,0.08,,,,0.03,0.03,34.8725,70.475,0.35000000000000003,199.085,0.0,0.0,56.0375,740.3475,
2023-07-26 16:00:00,36.7475,55.9875,8.375,12.8375,21.2125,11.54,12.5725,0.1275,19.9125,0.0775,,,,0.0275,0.03,36.567499999999995,66.86500000000001,0.245,178.79000000000002,0.0,0.0,87.85249999999999,740.16,
2023-07-26 17:00:00,35.15,57.475,8.745000000000001,13.4025,22.1425,11.475,12.66,0.1225,19.3425,0.08,,,,0.03,0.03,35.2375,69.7425,0.3175,182.70749999999998,0.0,0.0,50.46,740.145,
2023-07-26 18:00:00,33.849999999999994,55.6375,8.774999999999999,13.45,22.225,11.44,12.64,0.13,19.232499999999998,0.08,,,,0.03,0.03,32.1825,79.275,0.165,169.25,0.0,0.0,8.213333333333333,740.1875,
2023-07-26 19:00:00,36.41,62.1875,8.8125,13.5075,22.315,11.447500000000002,12.625,0.1375,19.302500000000002,0.08,,,,0.03,0.03,29.995,87.9175,0.0975,120.195,0.0,0.0,,740.6025,
2023-07-26 20:00:00,38.7225,61.0225,9.01,13.809999999999999,22.825,11.525,13.057500000000001,0.135,20.39,0.08,,,,0.03,0.03,29.375,91.195,0.18,210.355,0.0,0.0,,741.0225,
2023-07-26 21:00:00,41.7975,69.4575,8.4925,13.0175,21.505000000000003,11.465,13.0475,0.135,20.302500000000002,0.08,,,,0.03,0.0325,28.785,92.66499999999999,0.1525,171.6975,0.0,0.0,,741.485,
2023-07-26 22:00:00,43.93,60.3575,8.2925,12.75,21.0625,11.45,12.9525,0.135,20.305,0.08,,,,0.03,0.03,28.307499999999997,93.6225,0.2075,203.4575,0.0,0.0,,741.9125,
2023-07-26 23:00:00,43.427499999999995,57.9725,8.32,12.7525,21.072499999999998,11.370000000000001,12.620000000000001,0.135,20.0175,0.0825,,,,0.03,0.03,27.895,95.7025,0.1275,150.71,0.0,0.0,,742.0649999999999,
2023-07-27 00:00:00,41.2725,58.6875,8.05,12.3375,20.3825,11.379999999999999,12.3125,0.1375,20.0425,0.08499999999999999,,,,0.03,0.0325,27.77,97.2975,0.13,180.595,0.0,0.0,,742.0799999999999,
2023-07-27 01:00:00,42.167500000000004,52.1125,7.83,12.0,19.835,11.2675,12.4175,0.14250000000000002,20.1,0.0875,,,,0.03,0.035,27.665,98.0875,0.14,140.85500000000002,0.0,0.0,,741.6175000000001,
2023-07-27 02:00:00,39.6875,57.015,7.6175,11.68,19.2975,11.1525,12.24,0.14500000000000002,20.314999999999998,0.08499999999999999,,,,0.03,0.035,27.825,97.98,0.21500000000000002,160.91,0.0,0.0,,741.0225,
2023-07-27 03:00:00,40.47,53.855,7.7375,11.86,19.5975,11.2025,11.99,0.14,20.1075,0.08499999999999999,,,,0.03,0.035,28.2975,94.4825,0.2575,174.9175,0.0,0.0,,741.0174999999999,
2023-07-27 04:00:00,48.4275,59.699999999999996,7.7325,11.855,19.59,11.135,12.135,0.14250000000000002,20.2225,0.08499999999999999,,,,0.03,0.035,27.9775,94.9175,0.19,142.125,0.0,0.0,,741.0325,
2023-07-27 05:00:00,39.71,58.1275,7.445,11.41,18.855,11.185,12.115,0.14250000000000002,19.927500000000002,0.08499999999999999,,,,0.03,0.035,27.634999999999998,96.195,0.14250000000000002,156.055,0.0,0.0,1.4849999999999999,741.2349999999999,
2023-07-27 06:00:00,42.1075,51.905,7.6325,11.6975,19.330000000000002,11.1375,11.935,0.14500000000000002,19.695,0.08499999999999999,,,,0.03,0.035,28.0425,96.45750000000001,0.2075,161.2725,0.0,0.0,12.870000000000001,741.63,
2023-07-27 07:00:00,40.17,51.7025,7.545,11.56,19.105,11.12,12.015,0.15,19.955,0.09,,,,0.03,0.04,30.015,89.89500000000001,0.3375,187.04,0.0,0.0,64.1,741.8725000000001,
2023-07-27 08:00:00,46.8675,63.205,7.54,11.555,19.1,11.1875,12.27,0.15,19.6325,0.09,,,,0.03,0.04,33.4,76.9925,0.5425,171.445,0.0,0.0,199.10750000000002,742.1025,
2023-07-27 09:00:00,36.2725,66.64500000000001,7.5075,11.504999999999999,19.015,11.1775,12.3075,0.1525,19.6075,0.0925,,,,0.03,0.0375,35.4525,70.4,0.5700000000000001,186.85,0.0,0.0,185.7,742.365,
2023-07-27 10:00:00,36.6725,69.2575,7.2925,11.18,18.48,11.25,12.622499999999999,0.14500000000000002,19.6325,0.08499999999999999,,,,0.03,0.035,35.81,68.895,0.5925,170.3775,0.0,0.0,198.01749999999998,742.1999999999999,
2023-07-27 11:00:00,35.06,66.6475,7.28,11.1575,18.4375,11.1525,13.735,0.1325,18.615000000000002,0.08,,,,0.03,0.03,35.5075,69.9025,0.685,190.595,0.0,0.0,171.3625,741.74,
2023-07-27 12:00:00,36.9325,71.2225,7.1025,10.8875,17.9975,11.225,13.04,0.12,19.2375,0.0775,,,,0.0275,0.03,37.3175,63.425,0.6725,206.535,0.0,0.0,238.8625,741.0325,
2023-07-27 13:00:00,31.877499999999998,61.0725,7.3925,11.3325,18.7225,11.1825,12.5475,0.1175,21.305,0.0775,,,,0.0275,0.03,37.6975,61.4775,0.5900000000000001,209.0975,0.0,0.0,206.2,740.495,
2023-07-27 14:00:00,27.542499999999997,57.95,7.8975,12.1075,20.0075,11.335,12.7275,0.1175,21.5825,0.07500000000000001,,,,0.025,0.03,38.975,57.905,0.52,184.41750000000002,0.0,0.0,222.29,739.98,
2023-07-27 15:00:00,31.46,57.7025,8.1425,12.4825,20.625,11.4575,13.335,0.12,22.0125,0.0775,,,,0.0275,0.03,38.66,59.09,0.3525,200.0975,0.0,0.0,148.4775,739.2975,
2023-07-27 16:00:00,29.7625,57.3075,7.9399999999999995,12.1725,20.115000000000002,11.315,13.635,0.1225,22.0675,0.0775,,,,0.0275,0.03,36.025,66.0075,0.3825,201.61,0.0,0.0,55.082499999999996,738.855,
2023-07-27 17:00:00,28.732499999999998,61.43,7.825,11.995000000000001,19.8225,11.23,13.045,0.11,22.330000000000002,0.07250000000000001,,,,0.0225,0.03,33.305,76.0775,0.25,158.2975,0.0,0.0,30.4175,738.7625,
2023-07-27 18:00:00,34.21,54.912499999999994,7.96,12.2,20.16,11.4,13.2475,0.11499999999999999,21.79,0.07500000000000001,,,,0.025,0.03,32.16,81.09,0.1575,154.0625,0.0,0.0,8.885,739.265,
2023-07-27 19:00:00,34.4975,58.1425,8.285,12.6975,20.9775,11.46,13.2925,0.1125,21.302500000000002,0.07250000000000001,,,,0.025,0.0275,30.1375,88.985,0.1175,108.5175,0.03,0.03,,739.86,
2023-07-27 20:00:00,35.272499999999994,53.48,8.4425,12.94,21.3825,11.4425,13.3275,0.11499999999999999,21.0425,0.07250000000000001,,,,0.0225,0.0275,29.3775,90.41499999999999,0.12,139.2575,0.0,0.0,,740.1325,
2023-07-27 21:00:00,31.8275,51.535,8.475,12.99,21.4675,11.3375,13.445,0.12,21.0125,0.0775,,,,0.0275,0.03,28.947499999999998,92.1925,0.14,161.185,0.0,0.0,,740.54,
2023-07-27 22:00:00,33.9225,48.845,8.5075,13.04,21.545,11.3275,12.41,0.125,21.055,0.08,,,,0.03,0.03,28.8575,92.1525,0.16749999999999998,151.1675,0.0,0.0,,740.6524999999999,
2023-07-27 23:00:00,34.772499999999994,48.21,8.147499999999999,12.4875,20.6325,11.335,12.43,0.1225,21.09,0.08,,,,0.03,0.03,28.8375,92.0125,0.185,176.305,0.0,0.0,,740.4775,
2023-07-28 00:00:00,33.06,55.0825,8.01,12.280000000000001,20.2925,11.33,12.629999999999999,0.125,20.737499999999997,0.08,,,,0.0275,0.03,28.3175,94.6,0.19,191.3375,0.0,0.0,,740.3225,
2023-07-28 01:00:00,25.75,45.6625,7.78,11.9275,19.7075,11.2675,12.3875,0.13,21.1875,0.08,,,,0.03,0.03,27.8475,96.835,0.165,158.6525,0.0,0.0,,739.8900000000001,
2023-07-28 02:00:00,32.652499999999996,43.237500000000004,7.63,11.695,19.325000000000003,11.225,12.0125,0.13,20.965,0.08,,,,0.03,0.03,27.885,96.8875,0.26,201.2275,0.0,0.0,,739.5,
2023-07-28 03:00:00,32.03,47.625,7.4525,11.425,18.8775,11.0725,12.2225,0.13,21.0,0.08,,,,0.03,0.03,27.425,97.5875,0.1225,183.145,0.0,0.0,,739.275,
2023-07-28 04:00:00,26.877499999999998,44.3575,7.585,11.629999999999999,19.215,11.1775,12.0825,0.13,20.995,0.08,,,,0.03,0.03,27.3625,98.98,0.085,110.13,0.0,0.0,,739.1425,
2023-07-28 05:00:00,31.34,38.8925,7.1775,11.005,18.1825,11.06,11.75,0.135,21.29,0.08,,,,0.03,0.03,27.585,99.4925,0.05,57.43,0.0,0.0,0.925,739.3525,
2023-07-28 06:00:00,34.0125,39.7825,7.575,11.61,19.1825,11.1625,11.6775,0.14,21.0675,0.0825,,,,0.03,0.0325,28.075000000000003,99.7525,0.1275,145.0175,0.0,0.0,13.4175,739.5125,
2023-07-28 07:00:00,38.2575,49.4375,7.73,11.8475,19.58,11.0875,11.79,0.15,20.927500000000002,0.09,,,,0.03,0.04,30.259999999999998,90.78750000000001,0.2525,180.54500000000002,0.0,0.0,56.8875,739.7675,
2023-07-28 08:00:00,41.6875,62.58,7.9075,12.1225,20.03,11.192499999999999,11.8125,0.1525,20.6625,0.0925,,,,0.03,0.04,35.09,71.5075,0.3975,183.245,0.0,0.0,240.82750000000001,739.865,
2023-07-28 09:00:00,38.61,69.7825,7.5875,11.6275,19.215,11.290000000000001,11.5875,0.1475,20.7025,0.0875,,,,0.03,0.0375,38.269999999999996,60.400000000000006,0.45999999999999996,185.8075,0.0,0.0,299.6675,739.8399999999999,
2023-07-28 10:00:00,29.6075,58.1,7.23,11.085,18.315,11.2175,11.5025,0.14750000000000002,20.245,0.0875,,,,0.03,0.0375,38.557500000000005,58.825,0.43000000000000005,187.555,0.0,0.0,214.2375,739.86,
2023-07-28 11:00:00,30.46,60.26,7.0675,10.8325,17.8975,11.145,11.8275,0.1475,19.975,0.08499999999999999,,,,0.03,0.035,38.5975,59.295,0.4925,171.64499999999998,0.0,0.0,281.405,739.4075,
2023-07-28 12:00:00,25.9575,50.86,7.1775,11.0025,18.18,11.21,11.7725,0.14250000000000002,20.11,0.0825,,,,0.03,0.0325,38.685,57.7675,0.5675,191.6775,0.0,0.0,213.15,739.02,
2023-07-28 13:00:00,29.28,52.0775,7.76,11.8975,19.6575,11.3675,11.91,0.14250000000000002,20.83,0.085,,,,0.03,0.0325,37.495000000000005,60.92,0.56,219.7575,0.0,0.0,145.6675,738.34,
2023-07-28 14:00:00,32.88,57.6075,9.2475,14.17,23.419999999999998,11.58,12.0575,0.175,20.9575,0.11,,,,0.04,0.04,39.4075,56.1525,0.5425,222.9025,0.0,0.0,238.495,737.6775,
2023-07-28 15:00:00,31.259999999999998,60.4525,9.2625,14.2,23.465,11.5875,12.5425,0.16,20.9375,0.0975,,,,0.03,0.04,37.8125,60.167500000000004,0.3275,143.71,0.0,0.0,72.0275,737.2925,
2023-07-28 16:00:00,30.7175,66.4975,9.2025,14.1075,23.3125,11.56,12.925,0.15,21.2175,0.09,,,,0.03,0.04,32.5725,75.5025,0.48250000000000004,177.8225,0.0,0.0,18.265,737.715,
2023-07-28 17:00:00,28.2825,70.72999999999999,8.342500000000001,12.7875,21.125,11.2775,12.99,0.1375,21.26,0.08,,,,0.03,0.03,30.535,82.31,0.385,222.1375,0.0,0.0,12.815,737.8275,
2023-07-28 18:00:00,31.68,42.185,8.067499999999999,12.365,20.43,11.4175,13.0175,0.14,21.055,0.08499999999999999,,,,0.03,0.035,29.4625,87.3175,0.2475,157.785,0.0,0.0,2.9966666666666666,738.1475,
2023-07-28 19:00:00,24.162499999999998,38.8475,8.4375,12.9275,21.365,11.24,12.924999999999999,0.155,21.447499999999998,0.095,,,,0.03,0.04,28.4175,93.19500000000001,0.3025,190.6575,0.0,0.0,,738.3125,
2023-07-28 20:00:00,28.6375,46.0775,8.5075,13.0375,21.5475,11.245000000000001,12.785,0.16749999999999998,21.57,0.10250000000000001,,,,0.035,0.04,28.3625,93.785,0.1875,173.7775,0.0,0.0,,739.175,
2023-07-28 21:00:00,31.6025,56.23,8.0975,12.405,20.4975,11.315,13.0875,0.1675,21.365000000000002,0.10250000000000001,,,,0.035,0.04,28.62,90.5725,0.38,231.2475,0.0,0.0,,739.71,
2023-07-28 22:00:00,32.28,47.1575,7.84,12.0175,19.8625,11.260000000000002,12.8725,0.16,21.2975,0.1,,,,0.03,0.04,28.5,90.235,0.2825,213.8525,0.0,0.0,,739.5174999999999,
2023-07-28 23:00:00,29.4,46.5075,7.975,12.225,20.2025,11.21,12.6775,0.17250000000000001,21.387500000000003,0.10500000000000001,,,,0.035,0.04,27.67,94.1625,0.1625,165.8075,0.0,0.0,,739.1175000000001,
2023-07-29 00:00:00,31.04,46.795,7.84,12.0225,19.865000000000002,11.23,12.925,0.16999999999999998,21.5125,0.10500000000000001,,,,0.035,0.04,27.18,96.8225,0.215,211.7125,0.0,0.0,,738.7475,
2023-07-29 01:00:00,29.36,37.852500000000006,7.5225,11.535,19.0575,11.225,12.95,0.1675,21.7025,0.10500000000000001,,,,0.035,0.04,27.16,96.365,0.24000000000000002,227.48250000000002,0.0,0.0,,738.365,
2023-07-29 02:00:00,27.947499999999998,45.5675,7.4,11.345,18.745,11.129999999999999,12.545,0.1775,21.7725,0.1075,,,,0.0375,0.04,26.925,96.9975,0.2525,224.0725,0.0,0.0,,738.3075,
2023-07-29 03:00:00,37.3725,47.175000000000004,7.4225,11.3775,18.7975,11.035,12.879999999999999,0.17500000000000002,21.05,0.10500000000000001,,,,0.0375,0.04,27.46,95.755,0.375,244.8675,0.0,0.0,,738.46,
2023-07-29 04:00:00,38.182500000000005,51.2325,6.8175,10.4525,17.27,10.9575,12.02,0.17,20.9325,0.10500000000000001,,,,0.035,0.04,27.64,96.04,0.48,228.5975,0.0,0.0,,738.2925,
2023-07-29 05:00:00,37.33,49.4325,6.545,10.025,16.5675,10.9925,12.0075,0.175,21.18,0.1075,,,,0.0375,0.04,27.7575,96.83,0.41000000000000003,209.185,0.0,0.0,0.42,738.7225,
2023-07-29 06:00:00,42.4225,59.9225,6.345,9.727500000000001,16.0675,10.9275,11.975,0.1775,21.002499999999998,0.11,,,,0.04,0.04,28.25,94.9975,0.39,230.5875,0.0,0.0,13.1675,739.1825,
2023-07-29 07:00:00,47.432500000000005,61.0825,6.575,10.0825,16.6575,10.967500000000001,12.165,0.1875,21.02,0.11,,,,0.04,0.04,29.2925,90.735,0.3775,223.54,0.0,0.0,43.8875,739.7575,
2023-07-29 08:00:00,49.7275,68.17999999999999,6.9075,10.59,17.5,11.06,11.719999999999999,0.19,21.23,0.11,,,,0.04,0.04,31.235,82.1075,0.69,259.40250000000003,0.0,0.0,123.86250000000001,739.9975,
2023-07-29 09:00:00,44.1925,71.9375,6.8325,10.4775,17.31,11.01,11.2775,0.1925,20.6075,0.1125,,,,0.04,0.045,33.4625,73.8725,0.48,195.385,0.0,0.0,185.1125,740.12,
2023-07-29 10:00:00,37.7175,68.46000000000001,6.88,10.5475,17.4225,10.965,12.3425,0.2025,20.9875,0.125,,,,0.04,0.05,35.1475,68.5,0.5275000000000001,213.095,0.0,0.0,167.85750000000002,740.1625,
2023-07-29 11:00:00,38.8525,66.4325,6.9225,10.61,17.5325,10.9725,13.442499999999999,0.2025,21.405,0.1225,,,,0.04,0.05,35.3925,67.46,0.5,183.8675,0.0,0.0,188.6925,740.1425,
2023-07-29 12:00:00,40.2525,62.4675,7.02,10.76,17.78,11.1375,12.785,0.2,21.84,0.12,,,,0.04,0.0475,37.885000000000005,59.09,0.755,236.7275,0.0,0.0,329.45500000000004,739.44,
2023-07-29 13:00:00,32.9525,51.9775,6.78,10.39,17.17,10.99,12.8575,0.185,22.4775,0.1125,,,,0.0375,0.045,37.879999999999995,59.71,0.75,213.485,0.0,0.0,251.185,738.8675,
2023-07-29 14:00:00,30.67,49.0475,6.3975,9.805,16.197499999999998,10.905,12.9675,0.17250000000000001,23.4225,0.10250000000000001,,,,0.0375,0.04,35.495000000000005,66.9975,0.5325,190.1075,0.0,0.0,89.0675,738.6225,
2023-07-29 15:00:00,30.310000000000002,60.1125,6.297499999999999,9.6475,15.945,10.8925,12.4725,0.16,23.705,0.0975,,,,0.0325,0.04,34.5325,69.9925,0.735,234.2725,0.0,0.0,85.0675,738.2975,
2023-07-29 16:00:00,27.4975,48.4025,6.3575,9.75,16.11,10.925,12.515,0.1575,23.580000000000002,0.1,,,,0.0325,0.04,33.650000000000006,72.67,0.5525,200.1025,0.0,0.0,65.655,738.175,
2023-07-29 17:00:00,27.2075,45.25,6.6899999999999995,10.254999999999999,16.939999999999998,10.965,13.0275,0.1475,23.49,0.0875,,,,0.03,0.0375,31.9325,79.5975,0.2575,148.26,0.0,0.0,23.2675,738.4875,
2023-07-29 18:00:00,29.7125,49.33,6.9875,10.71,17.7,11.0275,12.58,0.1325,22.07,0.08,,,,0.03,0.03,30.04,87.80250000000001,0.225,161.025,0.0,0.0,4.0633333333333335,738.4449999999999,
2023-07-29 19:00:00,30.5725,44.09,7.93,12.157499999999999,20.0875,11.08,13.005,0.165,22.5825,0.0975,,,,0.035,0.0375,28.9175,93.5275,0.2925,176.67000000000002,0.0025,0.0025,,738.985,
2023-07-29 20:00:00,38.72,57.962500000000006,8.43,12.925,21.355,11.2525,13.325,0.19,22.17,0.11,,,,0.04,0.045,28.5575,95.4375,0.3475,207.6225,0.1375,0.1375,,739.4575,
2023-07-29 21:00:00,33.3925,47.58,8.4075,12.8875,21.2925,11.185,13.36,0.20750000000000002,21.9725,0.13,,,,0.04,0.05,27.93,98.4325,0.265,205.4725,0.03,0.03,,740.0375,
2023-07-29 22:00:00,36.6725,47.99,8.4,12.8775,21.2775,11.2575,13.0375,0.20500000000000002,22.085,0.12,,,,0.04,0.0425,27.7725,98.39750000000001,0.32,180.74,0.0,0.0,,740.14,
2023-07-29 23:00:00,23.75,42.5925,7.8975,12.105,20.0025,11.155000000000001,13.31,0.16999999999999998,21.965,0.10500000000000001,,,,0.035,0.04,27.1925,98.375,0.2975,177.055,0.0,0.0,,739.985,
2023-07-30 00:00:00,24.6525,31.7825,7.645,11.709999999999999,19.35,11.1275,13.355,0.15,21.9,0.09,,,,0.03,0.04,26.7925,98.35,0.2975,178.2825,0.0,0.0,,739.78,
2023-07-30 01:00:00,18.5125,27.9625,7.9525,12.19,20.145,11.0825,13.2625,0.155,21.9075,0.0925,,,,0.03,0.04,27.0775,98.555,0.3775,179.095,0.0,0.0,,739.235,
2023-07-30 02:00:00,30.3825,42.1575,7.07,10.8375,17.9075,10.9725,13.4675,0.125,21.9925,0.08,,,,0.03,0.03,27.3675,96.0725,0.4,169.5475,0.0,0.0,,738.89,
2023-07-30 03:00:00,22.197499999999998,34.6325,6.765,10.3725,17.14,10.8525,13.0875,0.11499999999999999,21.73,0.0775,,,,0.0275,0.03,27.11,96.8175,0.2775,154.26,0.0,0.0,,738.8775,
2023-07-30 04:00:00,17.9375,27.8125,6.8125,10.442499999999999,17.255,11.004999999999999,13.645,0.11,21.9375,0.07,,,,0.0225,0.0275,26.7175,98.7,0.2875,162.3175,0.0,0.0,,738.7774999999999,
2023-07-30 05:00:00,20.7975,36.057500000000005,6.685,10.247499999999999,16.932499999999997,10.95,13.525,0.10500000000000001,22.015,0.065,,,,0.02,0.025,26.8825,98.63250000000001,0.3425,174.085,0.0,0.0,0.18,738.9425,
2023-07-30 06:00:00,19.8375,33.4475,6.5225,9.995000000000001,16.5175,10.9125,12.965,0.10250000000000001,21.8525,0.065,,,,0.02,0.0225,27.807499999999997,94.85249999999999,0.6075,231.805,0.0,0.0,17.009999999999998,739.3399999999999,
2023-07-30 07:00:00,21.1525,39.3,6.26,9.595,15.855,10.775,13.4025,0.095,22.002499999999998,0.055,,,,0.02,0.02,29.2025,88.72999999999999,0.6100000000000001,220.9025,0.0,0.0,55.75,739.72,
2023-07-30 08:00:00,22.552500000000002,36.2525,5.845,8.9575,14.8025,10.7325,12.6575,0.0875,21.855,0.05,,,,0.02,0.02,32.67,75.66,0.53,216.465,0.0,0.0,197.7875,739.985,
2023-07-30 09:00:00,17.767500000000002,38.6575,5.545,8.495000000000001,14.040000000000001,10.73,12.51,0.08499999999999999,21.6175,0.0475,,,,0.015,0.02,34.894999999999996,67.28,0.72,225.1725,0.0,0.0,252.83249999999998,740.0925,
2023-07-30 10:00:00,23.11,40.765,5.625,8.620000000000001,14.2425,10.8275,12.7725,0.08499999999999999,21.6125,0.045,,,,0.0175,0.02,36.6925,60.8825,0.555,220.605,0.0,0.0,281.9625,739.9625,
2023-07-30 11:00:00,19.240000000000002,31.262500000000003,5.8075,8.9025,14.7075,10.8525,12.4725,0.09,21.545,0.052500000000000005,,,,0.02,0.02,35.615,64.4325,0.595,219.745,0.0,0.0,187.94,739.54,
2023-07-30 12:00:00,21.9025,40.3425,5.7425,8.8025,14.54,10.7275,12.5725,0.0975,21.39,0.057499999999999996,,,,0.02,0.02,36.7575,60.7575,0.5575,194.01,0.0,0.0,203.7825,738.9425,
2023-07-30 13:00:00,22.0,46.597500000000004,6.1125,9.365,15.4775,10.995000000000001,12.37,0.0925,21.79,0.055,,,,0.02,0.02,37.1225,60.1275,0.5675,197.2975,0.0,0.0,164.61,738.29,
2023-07-30 14:00:00,16.3925,38.8325,7.11,10.9,18.0125,11.21,12.5725,0.095,22.0675,0.055,,,,0.02,0.02,35.4675,65.06,0.4575,161.29500000000002,0.0,0.0,81.925,737.5625,
2023-07-30 15:00:00,18.6175,38.5025,7.779999999999999,11.9275,19.7175,11.280000000000001,12.227500000000001,0.095,22.27,0.055,,,,0.02,0.02,34.652499999999996,69.7125,0.39249999999999996,149.6625,0.0,0.0,84.4825,736.87,
2023-07-30 16:00:00,19.377499999999998,41.8425,7.84,12.0175,19.8575,11.23,12.05,0.095,22.335,0.055,,,,0.02,0.02,34.065,69.35,0.5525,176.235,0.0,0.0,31.0175,736.5575,
2023-07-30 17:00:00,21.5275,41.1125,7.57,11.605,19.175,11.055,11.9275,0.095,22.04,0.057499999999999996,,,,0.02,0.02,32.225,74.025,0.545,183.83249999999998,0.0,0.0,27.942500000000003,736.5799999999999,
2023-07-30 18:00:00,15.7025,45.525,7.29,11.1775,18.47,11.0775,12.065,0.10500000000000001,21.97,0.065,,,,0.02,0.025,32.2625,76.5475,0.3775,164.9925,0.0,0.0,25.83,736.8924999999999,
2023-07-30 19:00:00,17.0475,46.682500000000005,7.955,12.195,20.15,11.1575,12.094999999999999,0.1175,22.12,0.0775,,,,0.0275,0.03,30.7225,82.4075,0.365,141.04250000000002,0.0,0.0,0.3,737.28,
2023-07-30 20:00:00,25.8,43.75,8.4575,12.96,21.415,11.19,12.5675,0.145,22.3625,0.0875,,,,0.03,0.0375,30.015,85.4675,0.365,167.57750000000001,0.0,0.0,,737.76,
2023-07-30 21:00:00,27.067500000000003,41.93,8.040000000000001,12.325,20.365000000000002,11.2475,12.5425,0.15,22.2975,0.0925,,,,0.03,0.04,30.384999999999998,82.91749999999999,0.435,165.01999999999998,0.0,0.0,,738.4425,
2023-07-30 22:00:00,20.332500000000003,38.655,7.6325,11.6975,19.330000000000002,11.0875,12.627500000000001,0.15,22.3125,0.09,,,,0.03,0.0375,30.3975,83.0625,0.4325,159.555,0.0,0.0,,738.58,
2023-07-30 23:00:00,25.7075,45.68,7.2475000000000005,11.1075,18.3575,11.0975,12.975,0.14,21.8775,0.0825,,,,0.03,0.0325,30.375,82.58,0.515,171.81,0.0,0.0,,738.4875,
2023-07-31 00:00:00,25.03,41.375,6.67,10.225000000000001,16.8975,10.985,13.0925,0.11499999999999999,22.22,0.0775,,,,0.025,0.03,30.1275,83.2175,0.7275,210.255,0.0,0.0,,738.0675,
2023-07-31 01:00:00,25.7725,33.8275,6.3275,9.700000000000001,16.0275,10.807500000000001,13.5,0.10500000000000001,22.3875,0.065,,,,0.02,0.025,29.09,88.6,0.47250000000000003,237.65,0.0,0.0,,737.995,
2023-07-31 02:00:00,22.61,33.3075,6.23,9.5475,15.78,10.95,13.6575,0.0975,22.515,0.057499999999999996,,,,0.02,0.02,27.785,93.925,0.2,157.61,0.0,0.0,,737.81,
2023-07-31 03:00:00,23.369999999999997,28.875,6.3925,9.8,16.195,10.94,13.7,0.0925,22.3,0.055,,,,0.02,0.02,27.5175,95.95,0.2025,119.935,0.0,0.0,,737.6925,
2023-07-31 04:00:00,17.697499999999998,35.9775,6.74,10.3325,17.0775,10.9175,13.3,0.09,22.4725,0.052500000000000005,,,,0.02,0.02,27.8275,95.355,0.1975,151.265,0.0,0.0,,737.75,
2023-07-31 05:00:00,15.9525,28.822499999999998,6.53,10.0125,16.544999999999998,10.967500000000001,13.5325,0.08499999999999999,22.1075,0.05,,,,0.0175,0.02,28.122500000000002,93.17,0.415,187.3525,0.0,0.0,0.97,737.93,
2023-07-31 06:00:00,20.83,33.5175,6.3325,9.7075,16.04,10.7925,12.817499999999999,0.0875,22.3825,0.052500000000000005,,,,0.02,0.02,28.7075,91.305,0.5825,256.025,0.0,0.0,22.7825,738.155,
2023-07-31 07:00:00,26.6075,41.4675,6.235,9.557500000000001,15.7925,10.725,13.1975,0.0975,22.08,0.0575,,,,0.02,0.0225,30.2825,86.4375,0.5275,255.35500000000002,0.0,0.0,59.37,738.775,
2023-07-31 08:00:00,21.677500000000002,48.68,6.205,9.51,15.712499999999999,10.925,13.6625,0.10250000000000001,22.3975,0.0625,,,,0.02,0.0225,30.535,85.47749999999999,0.585,232.55,0.0,0.0,44.370000000000005,739.0024999999999,
2023-07-31 09:00:00,25.6575,41.8175,6.2925,9.645,15.93,10.93,13.205,0.1075,22.255,0.065,,,,0.0225,0.025,31.7275,82.2125,0.4925,228.2775,0.0,0.0,107.32249999999999,739.0625,
2023-07-31 10:00:00,35.2725,55.1725,6.23,9.5475,15.774999999999999,10.934999999999999,13.285,0.1125,22.240000000000002,0.07,,,,0.02,0.03,33.985,74.0575,0.46,231.865,0.0,0.0,120.0325,739.1025,
2023-07-31 11:00:00,41.3025,57.8575,6.0875,9.3275,15.4125,10.9225,13.32,0.11,23.245,0.07,,,,0.0225,0.0275,34.3675,73.53999999999999,0.36,199.23250000000002,0.0,0.0,120.3025,738.8050000000001,
2023-07-31 12:00:00,38.2125,50.3275,6.875,10.5375,17.41,11.1025,12.92,0.12,23.877499999999998,0.0775,,,,0.0275,0.03,35.69,69.46000000000001,0.475,198.5675,0.0,0.0,157.515,738.3975,
2023-07-31 13:00:00,33.567499999999995,49.5125,7.1325,10.9375,18.07,11.07,13.165,0.12,22.61,0.07250000000000001,,,,0.025,0.03,37.3275,64.03999999999999,0.5449999999999999,224.5725,0.0,0.0,211.7625,737.825,
2023-07-31 14:00:00,28.5925,45.379999999999995,7.1825,11.004999999999999,18.1875,11.2,12.8125,0.125,31.46,0.08,,,,0.025,0.03,36.915,64.3475,0.515,208.0575,0.0,0.0,126.965,737.13,
2023-07-31 15:00:00,25.307499999999997,43.332499999999996,6.9275,10.62,17.5475,11.1175,12.7325,0.11499999999999999,30.0225,0.07500000000000001,,,,0.025,0.03,37.425,63.6425,0.45999999999999996,228.64,0.0,0.0,134.355,736.5925,
2023-07-31 16:00:00,29.7425,47.332499999999996,7.6525,11.7275,19.38,11.2175,12.72,0.1275,30.0425,0.08,,,,0.03,0.03,34.8875,71.10249999999999,0.33999999999999997,190.89749999999998,0.0,0.0,59.635,736.2325,
2023-07-31 17:00:00,28.5475,44.0575,7.5025,11.4975,19.0,11.2775,12.69,0.125,29.6075,0.0775,,,,0.0275,0.03,31.002499999999998,77.4525,0.6375,236.3675,0.0,0.0,8.09,736.355,
2023-07-31 18:00:00,15.45,51.277499999999996,7.135,10.9375,18.0725,10.9825,12.5425,0.125,30.085,0.08,,,,0.03,0.03,28.9625,84.0425,0.46749999999999997,165.53500000000003,0.0,0.0,0.36,736.6700000000001,
2023-07-31 19:00:00,25.537499999999998,43.5325,7.475,11.4625,18.94,11.004999999999999,12.545,0.1575,30.072499999999998,0.095,,,,0.03,0.04,28.4175,88.645,0.2725,178.5075,0.0,0.0,,737.2225000000001,
2023-07-31 20:00:00,30.732499999999998,51.07,7.725,11.84,19.567500000000003,11.067499999999999,12.0625,0.19,29.580000000000002,0.1125,,,,0.04,0.0425,27.8375,92.72749999999999,0.2225,163.415,0.0,0.0,,737.84,
2023-07-31 21:00:00,43.95,58.575,8.5075,13.035,21.5425,11.1075,12.2075,0.2375,30.065,0.14500000000000002,,,,0.045,0.0575,27.52,94.8125,0.2025,163.16500000000002,0.0,0.0,,738.045,
2023-07-31 22:00:00,36.3,56.54,8.92,13.6725,22.595,11.0425,12.1275,0.2825,30.33,0.17,,,,0.06,0.0675,27.385,96.465,0.28500000000000003,195.71249999999998,0.0,0.0,,738.1125,
2023-07-31 23:00:00,44.582499999999996,61.3125,8.33,12.765,21.095,11.065,12.055,0.27,29.685,0.165,,,,0.055,0.065,27.805,96.10249999999999,0.2475,164.64249999999998,0.0,0.0,,737.8824999999999,
2023-08-01 00:00:00,42.1925,52.6475,7.9825,12.235,20.215,11.0225,12.002500000000001,0.2525,29.975,0.155,,,,0.05,0.06,27.9625,96.0475,0.2575,166.585,0.0,0.0,,737.7375,
2023-08-01 01:00:00,38.1375,53.287499999999994,7.4475,11.412500000000001,18.86,11.055,11.842500000000001,0.2275,30.0925,0.1375,,,,0.045,0.052500000000000005,28.5375,93.3575,0.355,182.24,0.0,0.0,,737.565,
2023-08-01 02:00:00,50.760000000000005,61.7575,7.1975,11.030000000000001,18.225,10.9775,11.785,0.2175,29.7275,0.135,,,,0.04,0.05,28.26,94.4225,0.265,170.505,0.0,0.0,,737.3275,
2023-08-01 03:00:00,45.11,58.95,6.8625,10.5225,17.3825,11.04,11.61,0.20500000000000002,30.0475,0.1275,,,,0.04,0.05,28.5,93.3875,0.505,239.07500000000002,0.0,0.0,,737.2475000000001,
2023-08-01 04:00:00,41.0325,51.0325,6.345,9.7225,16.0675,10.85,11.9375,0.1975,30.2925,0.1175,,,,0.04,0.0475,28.009999999999998,93.26,0.3425,217.5025,0.01,0.01,,737.42,
2023-08-01 05:00:00,40.7075,50.31,6.2975,9.6475,15.945,10.8525,11.9175,0.19,29.85,0.1125,,,,0.04,0.0425,27.13,96.94749999999999,0.245,143.21,0.01,0.01,4.63,737.5575,
2023-08-01 06:00:00,33.932500000000005,37.1225,6.5424999999999995,10.03,16.572499999999998,10.9525,11.8525,0.1825,29.9225,0.1125,,,,0.04,0.0425,27.7,97.43,0.17,150.575,0.0,0.0,24.375,737.9175,
2023-08-01 07:00:00,38.92,42.3075,6.9825,10.705,17.689999999999998,10.9575,11.835,0.2025,30.28,0.125,,,,0.04,0.0475,29.875,89.9075,0.4925,234.04250000000002,0.0,0.0,65.6275,737.925,
2023-08-01 08:00:00,50.8925,60.395,6.7625,10.37,17.134999999999998,10.92,12.1125,0.21,29.91,0.1275,,,,0.04,0.05,31.2525,83.65,0.5449999999999999,243.0375,0.0,0.0,88.9875,737.8625,
2023-08-01 09:00:00,46.370000000000005,63.7475,6.7325,10.32,17.055,10.82,12.045,0.20500000000000002,30.0375,0.125,,,,0.04,0.05,32.2,81.9975,0.5375,238.875,0.0,0.0,111.45,737.995,
2023-08-01 10:00:00,46.78,69.11,6.5425,10.0275,16.5675,10.942499999999999,12.549999999999999,0.20500000000000002,30.5875,0.125,,,,0.04,0.05,34.6,74.42750000000001,0.7175,230.015,0.0,0.0,218.2875,738.0699999999999,
2023-08-01 11:00:00,54.1475,72.74,6.3125,9.6725,15.985,10.932500000000001,13.035,0.2025,29.8275,0.1225,,,,0.04,0.0475,37.0925,66.7625,0.7050000000000001,218.2025,0.0,0.0,280.4025,737.9225,
2023-08-01 12:00:00,59.040000000000006,85.485,6.1850000000000005,9.48,15.6625,10.9475,12.495,0.2025,29.47,0.1225,,,,0.04,0.05,37.785,62.3275,0.6475,216.215,0.0,0.0,258.3325,737.5725,
2023-08-01 13:00:00,62.777499999999996,85.20750000000001,6.175,9.465,15.64,10.955,12.7475,0.195,30.2975,0.11499999999999999,,,,0.04,0.0425,38.6125,58.16,0.6825,204.8075,0.0,0.0,250.97,737.0475,
2023-08-01 14:00:00,69.95750000000001,89.5275,6.765000000000001,10.370000000000001,17.1325,10.9775,12.5775,0.185,30.064999999999998,0.11,,,,0.04,0.04,38.435,57.7975,0.5575,193.625,0.0,0.0,177.625,736.5025,
2023-08-01 15:00:00,49.900000000000006,77.7025,7.1274999999999995,10.93,18.0575,11.0825,12.8325,0.1925,29.655,0.1125,,,,0.04,0.0425,36.230000000000004,67.5625,0.5775,206.525,0.0,0.0,114.7525,735.7475,
2023-08-01 16:00:00,52.4875,80.64750000000001,6.9375,10.64,17.575,10.96,12.67,0.1925,30.3325,0.11499999999999999,,,,0.04,0.0425,34.41,72.1675,0.62,216.8075,0.0,0.0,56.1375,735.49,
2023-08-01 17:00:00,51.15,77.3575,6.9625,10.67,17.6325,11.035,12.9875,0.195,29.99,0.1175,,,,0.04,0.045,32.7975,78.39,0.425,180.6425,0.0,0.0,23.355,735.9025,
2023-08-01 18:00:00,47.04,69.63,7.2175,11.0625,18.2775,11.12,12.585,0.1975,29.692500000000003,0.1175,,,,0.04,0.0475,31.83,82.275,0.31,176.48499999999999,0.0,0.0,8.536666666666667,736.2725,
2023-08-01 19:00:00,48.542500000000004,77.6625,7.6175,11.6725,19.29,11.217500000000001,12.8625,0.20500000000000002,30.315,0.125,,,,0.04,0.05,30.52,83.195,0.24,179.64499999999998,0.0,0.0,,736.6775,
2023-08-01 20:00:00,45.7,71.21249999999999,8.155000000000001,12.4975,20.6525,11.2,12.495000000000001,0.2375,30.4375,0.14750000000000002,,,,0.0475,0.0575,29.45,88.7025,0.23750000000000002,155.7575,0.0,0.0,,736.8199999999999,
2023-08-01 21:00:00,57.682500000000005,81.6225,9.035,13.8475,22.88,11.1775,12.557500000000001,0.28250000000000003,29.605,0.17250000000000001,,,,0.06,0.07,30.2625,89.66,0.38,199.0275,0.0,0.0,,737.3075,
2023-08-01 22:00:00,61.097500000000004,87.7,8.08,12.39,20.47,11.165,12.31,0.245,30.2425,0.14750000000000002,,,,0.05,0.057499999999999996,30.4825,87.575,0.61,220.485,0.0,0.0,,737.795,
2023-08-01 23:00:00,46.8925,71.9675,7.1375,10.9375,18.0725,11.057500000000001,12.379999999999999,0.20500000000000002,30.225,0.1225,,,,0.04,0.0475,30.015,86.5175,0.5625,221.53,0.0,0.0,,737.8375,
2023-08-02 00:00:00,32.2575,55.985,6.78,10.3925,17.1725,10.955,12.235,0.185,29.7,0.1125,,,,0.0375,0.045,29.247500000000002,89.1575,0.425,223.31,0.0,0.0,,737.2049999999999,
2023-08-02 01:00:00,26.9725,52.3575,6.4675,9.9175,16.384999999999998,10.9875,12.37,0.16749999999999998,30.1725,0.1,,,,0.035,0.04,29.1125,89.705,0.39,201.6225,0.0,0.0,,736.96,
2023-08-02 02:00:00,33.567499999999995,49.645,6.7725,10.385,17.1575,10.9625,11.945,0.15,30.29,0.09,,,,0.03,0.0375,28.9825,91.22749999999999,0.3225,192.86,0.0,0.0,,736.56,
2023-08-02 03:00:00,28.677500000000002,49.305,6.725,10.307500000000001,17.03,10.9125,12.092500000000001,0.1375,29.9125,0.08499999999999999,,,,0.03,0.035,29.1925,91.0575,0.405,227.8,0.0,0.0,,736.6524999999999,
2023-08-02 04:00:00,32.3675,50.185,6.7725,10.3775,17.15,10.875,11.895,0.13,30.0,0.08,,,,0.03,0.03,29.1375,91.975,0.4925,193.145,0.1925,0.1925,,736.6575,
2023-08-02 05:00:00,30.5675,52.9525,6.12,9.379999999999999,15.5,10.9775,11.905,0.125,30.255,0.0775,,,,0.0275,0.03,26.0875,98.2975,0.6475,194.1175,5.855,5.855,,737.225,
2023-08-02 06:00:00,18.4175,30.875,6.4,9.807500000000001,16.205,10.9575,11.7375,0.1275,29.88,0.08,,,,0.03,0.03,25.485,99.9825,0.3575,226.715,3.9625,3.9625,3.6525,737.78,
2023-08-02 07:00:00,16.3575,27.55,6.325,9.695,16.0225,10.995000000000001,11.67,0.1325,29.965,0.08,,,,0.03,0.03,25.695,100.0,0.275,200.78,0.005,0.005,2.7575000000000003,738.0525,
2023-08-02 08:00:00,16.3975,20.322499999999998,6.327500000000001,9.7075,16.035,10.925,11.58,0.1475,30.345,0.09,,,,0.0325,0.035,26.0075,100.0,0.3925,174.0,0.0275,0.0275,1.663333333333333,738.35,
2023-08-02 09:00:00,20.75,27.575,7.4725,11.4575,18.927500000000002,10.9725,11.629999999999999,0.20500000000000002,29.9375,0.125,,,,0.04,0.05,26.38,100.0,0.4375,210.0275,2.2225,2.2225,13.346666666666666,739.065,
2023-08-02 10:00:00,25.54,35.7625,7.4350000000000005,11.395,18.83,11.057500000000001,11.7925,0.22,29.7925,0.135,,,,0.0425,0.052500000000000005,27.5925,100.0,0.345,245.585,1.1275,1.1275,56.645,738.995,
2023-08-02 11:00:00,25.12,38.26,7.445,11.41,18.8525,11.067499999999999,12.2,0.24,30.15,0.14500000000000002,,,,0.0475,0.057499999999999996,29.935000000000002,97.23,0.3175,185.7925,0.0,0.0,119.49249999999999,738.9125,
2023-08-02 12:00:00,29.0625,35.5475,6.475,9.9225,16.395,11.0475,12.525,0.215,29.975,0.135,,,,0.04,0.05,32.895,80.5275,0.4025,193.575,0.0,0.0,148.355,738.5975,
2023-08-02 13:00:00,24.270000000000003,28.8125,6.8875,10.555,17.4425,11.225,13.415,0.2175,29.8975,0.14,,,,0.04,0.05,34.715,73.60249999999999,0.3775,195.7575,0.0,0.0,167.56,738.26,
2023-08-02 14:00:00,25.067500000000003,39.417500000000004,7.2725,11.15,18.425,11.2975,12.59,0.2175,30.205,0.135,,,,0.0425,0.052500000000000005,35.03,72.27,0.385,224.09,0.0,0.0,129.66500000000002,737.6725,
2023-08-02 15:00:00,22.49,29.9625,7.2075,11.05,18.255000000000003,11.2325,12.4075,0.21,29.9025,0.13,,,,0.04,0.05,34.395,74.6975,0.4425,211.95499999999998,0.0,0.0,114.235,736.775,
2023-08-02 16:00:00,23.947499999999998,30.685,7.3875,11.325,18.71,11.1775,12.435,0.20750000000000002,29.61,0.1275,,,,0.04,0.05,33.71,77.85,0.375,211.5275,0.0,0.0,72.0475,736.4525,
2023-08-02 17:00:00,22.259999999999998,33.650000000000006,7.385,11.32,18.7075,11.1775,12.89,0.21,30.3675,0.13,,,,0.04,0.05,31.9925,84.09,0.2725,186.3,0.0,0.0,31.5925,736.1575,
2023-08-02 18:00:00,20.17,26.8175,6.865,10.5225,17.39,11.065,13.3375,0.1925,30.345,0.1125,,,,0.04,0.0425,30.2975,90.13499999999999,0.22999999999999998,217.3025,0.0,0.0,4.506666666666667,736.5,
2023-08-02 19:00:00,21.067500000000003,28.0775,6.395,9.8025,16.1925,11.040000000000001,13.03,0.19,29.814999999999998,0.11,,,,0.04,0.04,29.3525,92.8325,0.4075,228.46,0.0,0.0,,737.11,
2023-08-02 20:00:00,22.55,27.412499999999998,6.25,9.58,15.825,10.9625,12.915000000000001,0.1925,30.0925,0.1125,,,,0.04,0.0425,28.995,93.73,0.4,224.4775,0.0,0.0,,737.625,
2023-08-02 21:00:00,27.6275,30.8425,6.145,9.4175,15.559999999999999,10.75,12.875,0.2,30.245,0.12,,,,0.04,0.0475,28.3475,95.93,0.34750000000000003,204.975,0.0,0.0,,738.0374999999999,
2023-08-02 22:00:00,23.8375,36.0125,6.5024999999999995,9.97,16.475,10.842500000000001,12.6675,0.1925,29.5775,0.11499999999999999,,,,0.04,0.045,27.7875,93.07,0.39249999999999996,192.125,0.0,0.0,,738.4449999999999,
2023-08-02 23:00:00,18.5775,23.9075,7.0475,10.8,17.85,10.9225,12.5075,0.2025,30.235,0.1225,,,,0.04,0.05,27.085,94.2525,0.23,177.4175,0.0,0.0,,738.0675,
2023-08-03 00:00:00,15.0175,30.0925,6.9775,10.695,17.67,11.0075,12.645,0.175,30.502499999999998,0.105,,,,0.035,0.0425,26.892500000000002,94.435,0.26,216.215,0.0,0.0,,737.6175000000001,
2023-08-03 01:00:00,19.32,20.59,6.7524999999999995,10.3525,17.105,10.9275,12.375,0.16,29.83,0.0975,,,,0.0325,0.04,26.63,95.08500000000001,0.245,202.92,0.0,0.0,,737.3775,
2023-08-03 02:00:00,7.4325,17.1475,6.7875,10.405000000000001,17.197499999999998,10.985,12.190000000000001,0.14750000000000002,29.965,0.0875,,,,0.03,0.035,26.5425,96.0425,0.1,117.94,0.0,0.0,,736.93,
2023-08-03 03:00:00,14.63,15.05,6.782500000000001,10.395,17.18,10.9675,12.265,0.1375,30.4075,0.08499999999999999,,,,0.03,0.035,26.6175,97.2075,0.14,189.495,0.0,0.0,,736.83,
2023-08-03 04:00:00,7.1975,19.7175,6.9375,10.6325,17.57,11.04,11.99,0.14250000000000002,29.955,0.08499999999999999,,,,0.03,0.035,27.1725,97.73,0.23249999999999998,220.35500000000002,0.0,0.0,,737.0175,
2023-08-03 05:00:00,18.982499999999998,31.009999999999998,6.335,9.7075,16.0425,10.9075,11.925,0.14500000000000002,30.085,0.08499999999999999,,,,0.03,0.035,27.9175,96.7675,0.23249999999999998,194.115,0.0,0.0,,737.31,
2023-08-03 06:00:00,24.04,34.739999999999995,6.365,9.76,16.127499999999998,10.9025,11.9575,0.15,30.314999999999998,0.09,,,,0.03,0.04,27.9375,97.945,0.265,162.7425,0.01,0.01,6.57,737.8475,
2023-08-03 07:00:00,24.682499999999997,28.8025,6.55,10.035,16.585,10.9275,11.91,0.17250000000000001,29.925,0.10250000000000001,,,,0.0325,0.04,28.9775,96.645,0.2225,152.9675,0.01,0.01,20.0375,738.3050000000001,
2023-08-03 08:00:00,27.4075,35.9775,6.2775,9.622499999999999,15.897499999999999,10.905,11.9775,0.1775,29.8975,0.11,,,,0.04,0.04,29.4625,95.105,0.27,204.3575,0.01,0.01,55.504999999999995,738.46,
2023-08-03 09:00:00,27.4025,39.2475,6.1025,9.362499999999999,15.465,11.035,12.545,0.18,30.375,0.11,,,,0.04,0.04,33.285,82.035,0.355,202.7975,0.0,0.0,146.465,738.3725,
2023-08-03 10:00:00,28.0775,41.4625,6.1925,9.495000000000001,15.684999999999999,11.0,12.592500000000001,0.1525,30.2225,0.09,,,,0.0325,0.035,34.175,74.61,0.48,174.48,0.0,0.0,139.3625,738.325,
2023-08-03 11:00:00,20.0775,34.222500000000004,6.0200000000000005,9.2275,15.2425,10.9875,12.4925,0.1075,29.8125,0.0675,,,,0.02,0.0275,35.0775,71.145,0.4425,211.04,0.0,0.0,205.72,738.17,
2023-08-03 12:00:00,14.192499999999999,28.3975,6.3825,9.785,16.1725,11.0275,12.655,0.13,30.0475,0.08,,,,0.03,0.03,37.7375,64.52250000000001,0.5425,210.6625,0.0,0.0,265.265,737.73,
2023-08-03 13:00:00,12.9375,29.5775,6.7925,10.41,17.2025,11.14,12.905,0.13,30.1125,0.08,,,,0.03,0.03,38.27,62.56,0.6074999999999999,191.715,0.0,0.0,269.34,737.315,
2023-08-03 14:00:00,16.96,25.6675,7.025,10.77,17.7975,11.165,13.17,0.11499999999999999,29.8925,0.07500000000000001,,,,0.025,0.03,38.589999999999996,60.582499999999996,0.63,184.3025,0.0,0.0,226.785,736.8725,
2023-08-03 15:00:00,18.84,23.535,7.2725,11.15,18.427500000000002,11.2375,12.9725,0.1175,30.1325,0.07500000000000001,,,,0.0275,0.03,37.675,61.3075,0.5125,161.6625,0.0,0.0,166.7475,736.4725,
2023-08-03 16:00:00,17.5475,29.105,7.5125,11.515,19.0325,11.36,12.9875,0.12,30.072499999999998,0.07500000000000001,,,,0.0275,0.03,36.3025,65.8325,0.4725,221.7175,0.0,0.0,95.53,736.1324999999999,
2023-08-03 17:00:00,15.76,32.3475,7.755,11.885,19.645,11.307500000000001,13.3925,0.12,30.072499999999998,0.0775,,,,0.0275,0.03,33.985,74.1525,0.225,153.755,0.0,0.0,37.46,736.0575,
2023-08-03 18:00:00,24.7875,33.875,7.5649999999999995,11.595,19.165,11.295,13.5,0.1075,30.125,0.065,,,,0.02,0.025,31.165,85.4575,0.16,149.36,0.0,0.0,7.02,736.67,
2023-08-03 19:00:00,17.85,26.427500000000002,7.4125,11.3625,18.775,11.33,13.2325,0.1075,30.18,0.0675,,,,0.02,0.0275,29.355,89.375,0.20750000000000002,158.5325,0.0,0.0,,737.48,
2023-08-03 20:00:00,11.4125,31.905,7.484999999999999,11.475,18.9625,11.155,13.265,0.11499999999999999,29.692500000000003,0.07500000000000001,,,,0.025,0.03,28.3,92.85,0.155,155.5075,0.0,0.0,,738.01,
2023-08-03 21:00:00,18.45,27.575,6.99,10.715,17.7,11.057500000000001,13.26,0.12,30.2725,0.08,,,,0.03,0.03,28.76,93.4275,0.29500000000000004,211.2625,0.0,0.0,,738.4725,
2023-08-03 22:00:00,19.28,35.3675,6.57,10.0675,16.6375,11.155000000000001,12.9,0.11,30.4025,0.07250000000000001,,,,0.0225,0.03,28.1625,93.2775,0.29,201.23,0.06,0.06,,738.675,
2023-08-03 23:00:00,16.979999999999997,22.4225,6.359999999999999,9.7475,16.107499999999998,11.1,12.39,0.10500000000000001,29.6925,0.065,,,,0.02,0.0225,27.285,95.27,0.2025,161.02,0.0,0.0,,738.7175,
2023-08-04 00:00:00,13.5175,25.6425,6.36,9.75,16.1075,11.032499999999999,12.645,0.1,30.08,0.0625,,,,0.02,0.0225,27.415,94.17,0.285,193.1525,0.0,0.0,,738.5525,
2023-08-04 01:00:00,18.8125,22.2575,6.7524999999999995,10.3525,17.1075,10.9075,12.4225,0.10500000000000001,30.35,0.065,,,,0.02,0.025,27.4775,94.255,0.215,176.82750000000001,0.0,0.0,,738.375,
2023-08-04 02:00:00,18.419999999999998,28.5925,6.4475,9.8825,16.33,11.0,12.435,0.1,30.035,0.06,,,,0.02,0.0225,27.095,95.98,0.18,190.67,0.0,0.0,,737.8425,
2023-08-04 03:00:00,21.9775,27.7175,6.18,9.4725,15.6525,10.975,12.305,0.1,30.17,0.06,,,,0.02,0.0225,26.715,97.9875,0.1525,187.34,0.0,0.0,,737.5725,
2023-08-04 04:00:00,21.4225,28.7825,6.2425,9.5725,15.815,10.8375,12.395,0.1,30.475,0.06,,,,0.02,0.02,26.54,99.025,0.16,207.865,0.0,0.0,,737.9625,
2023-08-04 05:00:00,16.6625,32.045,6.0024999999999995,9.2025,15.205,10.9125,11.99,0.1,29.795,0.0625,,,,0.02,0.02,26.61,99.64750000000001,0.16,187.0775,0.0,0.0,1.37,738.495,
2023-08-04 06:00:00,23.46,35.05,6.04,9.2575,15.2925,10.94,12.2425,0.10250000000000001,29.9025,0.065,,,,0.02,0.025,27.44,99.36,0.20500000000000002,178.8225,0.0,0.0,8.0,738.98,
2023-08-04 07:00:00,25.5375,36.28,5.9025,9.045,14.9475,10.8825,12.64,0.10500000000000001,30.5125,0.0675,,,,0.02,0.025,28.6875,93.83,0.32499999999999996,203.685,0.0,0.0,27.675,739.165,
2023-08-04 08:00:00,28.8775,43.665,5.8625,8.9875,14.8475,10.9,12.66,0.1075,30.1875,0.0675,,,,0.02,0.0275,29.645,89.35,0.27749999999999997,217.7375,0.0,0.0,27.12,739.565,
2023-08-04 09:00:00,28.71,38.0975,5.8774999999999995,9.0025,14.877500000000001,10.87,12.56,0.1125,29.85,0.07250000000000001,,,,0.0225,0.03,29.9575,90.0825,0.3725,203.9225,0.0,0.0,103.2375,739.7950000000001,
2023-08-04 10:00:00,29.182499999999997,41.1475,5.7725,8.8475,14.620000000000001,10.9225,12.5775,0.11499999999999999,30.2775,0.07500000000000001,,,,0.0225,0.03,33.865,74.8725,0.69,224.725,0.0,0.0,247.2,739.855,
2023-08-04 11:00:00,24.6575,40.2175,5.75,8.8075,14.555,10.915000000000001,13.465,0.105,28.895,0.065,,,,0.0225,0.025,35.0325,69.4,0.655,186.87,0.0,0.0,242.625,739.8575,
2023-08-04 12:00:00,34.839999999999996,45.85,6.09,9.333333333333334,15.416666666666666,10.886666666666665,13.043333333333335,0.10000000000000002,,0.056666666666666664,,,,0.02,0.02,35.86666666666667,66.72333333333334,0.58,153.08333333333334,0.0,0.0,262.78333333333336,739.54,
2023-08-04 13:00:00,,,5.195,7.960000000000001,6.574999999999999,8.28,12.82,0.14500000000000002,29.29,0.6074999999999999,,,,0.335,0.28,36.08,66.94,0.32,153.29500000000002,0.0,0.0,158.925,738.9300000000001,
2023-08-04 14:00:00,,,6.2125,9.515,15.725,10.969999999999999,16.27,0.052500000000000005,30.127499999999998,0.035,,,,0.01,0.01,35.565,66.655,0.665,213.60750000000002,0.0,0.0,207.32750000000001,738.6025,
2023-08-04 15:00:00,,,6.835,10.475,17.31,11.0825,14.4125,0.075,29.375,0.04,,,,0.0125,0.0175,36.1,64.4825,0.6625,248.1075,0.0,0.0,171.3375,738.3375,
2023-08-04 16:00:00,29.9,37.1,7.1875,11.02,18.2075,11.14,13.122499999999999,0.08499999999999999,30.205,0.0475,,,,0.015000000000000001,0.02,33.6575,71.03,0.3875,177.0675,0.0,0.0,69.605,738.105,
2023-08-04 17:00:00,29.9975,47.54,7.2475000000000005,11.1125,18.3625,11.07,14.4825,0.0925,29.8825,0.055,,,,0.02,0.02,31.1275,81.3075,0.24000000000000002,189.615,0.0,0.0,17.25,738.3025,
2023-08-04 18:00:00,29.8075,38.33,7.1425,10.95,18.0925,11.1625,14.6375,0.0975,30.0025,0.057499999999999996,,,,0.02,0.02,29.57,89.12,0.14250000000000002,170.5775,0.0,0.0,2.066666666666667,738.875,
2023-08-04 19:00:00,30.5725,45.6375,7.1925,11.03,18.2225,11.07,14.5175,0.10500000000000001,29.84,0.065,,,,0.02,0.025,28.2725,93.395,0.095,133.37,0.0,0.0,,739.3325,
2023-08-04 20:00:00,29.3425,41.067499999999995,7.0525,10.809999999999999,17.862499999999997,11.1525,14.23,0.11499999999999999,29.545,0.07250000000000001,,,,0.0225,0.03,27.7875,96.5725,0.0625,95.64750000000001,0.0,0.0,,740.1375,
2023-08-04 21:00:00,31.1375,40.61,7.46,11.432500000000001,18.892500000000002,11.125,14.595,0.135,29.8675,0.0825,,,,0.03,0.0325,28.035,97.605,0.14750000000000002,212.03,0.0,0.0,,740.5775,
2023-08-04 22:00:00,29.77,46.4125,7.36,11.285,18.645,11.2425,14.72,0.155,29.645,0.095,,,,0.03,0.04,27.995,98.055,0.1525,218.985,0.0,0.0,,740.6375,
2023-08-04 23:00:00,35.1325,45.63,7.595000000000001,11.64,19.2325,11.14,14.3725,0.1825,29.7225,0.1075,,,,0.0375,0.04,27.89,98.3725,0.10250000000000001,157.0425,0.0,0.0,,740.5025,
2023-08-05 00:00:00,39.2675,50.417500000000004,7.7775,11.925,19.71,11.175,14.885,0.1825,29.9875,0.11,,,,0.035,0.045,27.62,96.7225,0.42,196.905,0.0075,0.0075,,740.5075,
2023-08-05 01:00:00,32.730000000000004,45.582499999999996,6.74,10.325,17.064999999999998,11.23,14.9,0.1525,29.58,0.0925,,,,0.03,0.0375,26.2975,99.225,0.4175,233.12,3.8850000000000002,3.8850000000000002,,740.3425,
2023-08-05 02:00:00,40.39,40.46,6.7775,10.385,17.16,11.1,14.785,0.14750000000000002,29.6475,0.09,,,,0.03,0.035,26.1525,100.0,0.1725,176.89000000000001,1.23,1.23,,739.9925000000001,
2023-08-05 03:00:00,31.16,42.6575,6.672499999999999,10.225,16.9,11.16,14.25,0.155,30.107499999999998,0.0925,,,,0.03,0.04,26.33,100.0,0.195,167.5375,0.03,0.03,,740.1075,
2023-08-05 04:00:00,28.9425,41.1375,6.8975,10.5725,17.47,11.1075,14.1675,0.1575,29.71,0.0975,,,,0.0325,0.04,26.4875,100.0,0.1675,146.11,0.1975,0.1975,,740.2325,
2023-08-05 05:00:00,30.6625,40.22,7.025,10.7725,17.7975,11.0975,14.82,0.155,29.49,0.0975,,,,0.03,0.0375,26.4525,100.0,0.1675,196.6125,0.7875,0.7875,6.73,740.015,
2023-08-05 06:00:00,30.605,39.025,6.7124999999999995,10.285,17.0,11.1025,14.3225,0.1525,30.1875,0.095,,,,0.03,0.0375,26.79,100.0,0.1725,191.925,0.0,0.0,19.7875,740.33,
2023-08-05 07:00:00,28.3,30.48,6.3175,9.682500000000001,16.0,10.8775,14.122499999999999,0.1625,30.07,0.0975,,,,0.0325,0.04,28.0125,100.0,0.1625,174.7525,0.0,0.0,77.11,740.7574999999999,
2023-08-05 08:00:00,34.62,40.385000000000005,6.315,9.6775,15.9925,10.99,14.4125,0.17,29.3975,0.1075,,,,0.035,0.04,29.915,99.6225,0.1875,204.3725,0.0,0.0,59.3775,741.5425,
2023-08-05 09:00:00,40.1875,56.365,5.7025,8.745000000000001,14.445,10.95,14.185,0.1675,30.405,0.105,,,,0.035,0.04,31.1125,91.65,0.23,179.585,0.0,0.0,104.17,741.8325,
2023-08-05 10:00:00,44.795,59.73,4.6274999999999995,7.09,11.717500000000001,10.79,16.705,0.1075,30.4375,0.065,,,,0.0225,0.025,35.8625,70.9575,0.3025,170.5275,0.0,0.0,287.765,741.6175000000001,
2023-08-05 11:00:00,40.387499999999996,50.9725,4.5975,7.047499999999999,11.647499999999999,10.7225,17.92,0.0925,29.5275,0.052500000000000005,,,,0.02,0.02,36.325,66.6075,0.4525,196.5525,0.0,0.0,278.225,741.1775,
2023-08-05 12:00:00,35.2,48.055,4.8325,7.4125,12.25,10.7,17.865,0.09,30.53,0.05,,,,0.0175,0.02,36.9625,64.73,0.405,200.665,0.0,0.0,220.435,740.89,
2023-08-05 13:00:00,42.3575,50.06,4.592499999999999,7.035,11.625,10.6425,18.32,0.08,30.6275,0.045,,,,0.015,0.02,37.725,62.36,0.3625,196.2975,0.0,0.0,265.2925,740.4,
2023-08-05 14:00:00,37.595,52.5525,4.6575,7.1375,11.7975,10.7025,19.4225,0.08499999999999999,29.7725,0.0475,,,,0.0175,0.02,37.43,63.4375,0.2725,167.705,0.0,0.0,126.5025,739.9475,
2023-08-05 15:00:00,35.6375,49.265,4.7075,7.2125,11.9175,10.6275,19.495,0.08499999999999999,30.3925,0.0475,,,,0.02,0.02,34.865,73.31,0.185,161.0075,0.0,0.0,92.00750000000001,739.435,
2023-08-05 16:00:00,45.5575,46.7425,5.7275,8.785,14.51,10.7525,15.8975,0.1075,29.985,0.065,,,,0.02,0.025,34.785,75.235,0.135,154.0775,0.0,0.0,54.3225,739.325,
2023-08-05 17:00:00,39.6175,54.075,5.9725,9.1525,15.125,10.8975,15.985000000000001,0.12,29.625,0.0775,,,,0.0275,0.03,31.985,85.39,0.155,140.91,0.0,0.0,28.655,739.235,
2023-08-05 18:00:00,40.4625,48.9875,6.2975,9.649999999999999,15.942499999999999,10.92,15.675,0.155,29.9075,0.095,,,,0.03,0.04,30.4,87.46000000000001,0.2575,182.2625,0.0,0.0,11.176666666666668,739.775,
2023-08-05 19:00:00,40.0175,52.0475,6.3525,9.7375,16.0925,10.9725,15.3225,0.17,30.21,0.1,,,,0.035,0.04,28.715,90.2625,0.31,168.2875,0.0,0.0,,740.54,
2023-08-05 20:00:00,29.462500000000002,37.447500000000005,6.6975,10.265,16.965,10.8775,15.375,0.19,29.6175,0.11,,,,0.04,0.0425,28.1875,91.5775,0.23249999999999998,185.0,0.0,0.0,,740.95,
2023-08-05 21:00:00,22.14,37.2,6.7825,10.3975,17.18,10.9875,15.2625,0.1975,29.8825,0.1175,,,,0.04,0.0475,27.8625,93.82,0.19,133.76749999999998,0.0,0.0,,741.29,
2023-08-05 22:00:00,18.322499999999998,26.7775,6.32,9.6875,16.0075,10.8875,14.58,0.20500000000000002,30.08,0.125,,,,0.04,0.05,27.490000000000002,96.3225,0.125,163.34,0.0,0.0,,741.0699999999999,
2023-08-05 23:00:00,23.502499999999998,32.59,6.1825,9.4775,15.657499999999999,10.815,13.8975,0.2075,29.775,0.1275,,,,0.04,0.05,27.34,98.1225,0.15,158.7025,0.005,0.005,,740.8225,
2023-08-06 00:00:00,25.5375,32.3075,6.3825,9.785,16.162499999999998,10.9475,14.885,0.2225,30.0275,0.1375,,,,0.0425,0.052500000000000005,27.205000000000002,99.2575,0.1225,169.56,0.005,0.005,,740.2875,
2023-08-06 01:00:00,26.18,38.5925,6.2524999999999995,9.5825,15.8325,10.932500000000001,14.265,0.235,30.052500000000002,0.14,,,,0.045,0.055,27.3,99.865,0.1775,233.0325,0.0,0.0,,740.0225,
2023-08-06 02:00:00,29.0025,37.1275,6.55,10.040000000000001,16.59,10.8875,14.79,0.2175,29.65,0.135,,,,0.0425,0.052500000000000005,27.3,100.0,0.165,163.91,0.02,0.02,,739.9125,
2023-08-06 03:00:00,30.7425,41.23,5.987500000000001,9.18,15.1675,10.905,14.475,0.1975,29.9775,0.1175,,,,0.04,0.0475,26.92,100.0,0.19,152.0475,0.030000000000000002,0.030000000000000002,,739.5675,
2023-08-06 04:00:00,25.869999999999997,29.795,6.3225,9.6975,16.02,11.0375,15.055,0.1975,30.3475,0.1175,,,,0.04,0.0475,26.762500000000003,100.0,0.1325,161.4275,0.0,0.0,,739.1675,
2023-08-06 05:00:00,27.8275,31.96,5.984999999999999,9.175,15.1575,10.96,14.4575,0.185,29.7475,0.11,,,,0.04,0.04,26.677500000000002,100.0,0.175,168.4575,0.0,0.0,1.845,739.1875,
2023-08-06 06:00:00,26.74,27.1825,6.1975,9.495,15.69,10.8875,14.68,0.1825,30.015,0.1125,,,,0.04,0.04,27.119999999999997,100.0,0.1625,145.5925,0.0,0.0,8.98,739.6575,
2023-08-06 07:00:00,30.3725,34.769999999999996,6.395,9.7975,16.1925,11.02,14.3875,0.1975,30.2525,0.12,,,,0.04,0.045,28.3,98.5625,0.2175,174.45,0.0,0.0,36.6925,739.9300000000001,
2023-08-06 08:00:00,34.269999999999996,41.39,6.220000000000001,9.535,15.75,10.9225,14.775,0.195,29.905,0.1125,,,,0.04,0.045,30.28,88.6875,0.35000000000000003,189.73,0.0,0.0,79.2025,740.03,
2023-08-06 09:00:00,27.6325,35.6,5.945,9.115,15.057500000000001,10.885,14.8825,0.1975,29.6425,0.11499999999999999,,,,0.04,0.045,32.785,79.8125,0.49,212.575,0.0,0.0,173.92,739.815,
2023-08-06 10:00:00,34.1675,38.745,5.5675,8.535,14.1025,10.7975,14.425,0.19,30.255,0.11,,,,0.04,0.04,34.19,74.54,0.6225,250.5,0.1675,0.1675,160.03,739.8175,
2023-08-06 11:00:00,30.4375,50.305,5.54,8.495,14.032499999999999,10.84,14.685,0.1825,30.0875,0.1125,,,,0.04,0.0425,29.5575,97.195,0.4275,176.4075,2.1,2.1,129.635,739.3050000000001,
2023-08-06 12:00:00,28.27,39.6825,5.2925,8.1125,13.405,10.8025,14.4,0.1775,29.835,0.1075,,,,0.0375,0.04,28.0,97.3,0.365,169.615,1.415,1.415,9.0775,739.14,
2023-08-06 13:00:00,30.0375,34.682500000000005,5.4825,8.405000000000001,13.8875,10.785,14.4375,0.1775,30.2825,0.1075,,,,0.0375,0.04,27.54,99.98,0.1825,133.305,1.17,1.17,10.275,738.7425,
2023-08-06 14:00:00,28.8425,34.697500000000005,6.37,9.7625,16.1325,10.8825,14.825,0.22,30.2825,0.1325,,,,0.0425,0.052500000000000005,27.7575,100.0,0.23500000000000001,184.7425,0.005,0.005,10.035,738.1775,
2023-08-06 15:00:00,30.6375,36.0775,7.205,11.045,18.25,10.85,14.9175,0.2475,29.580000000000002,0.15,,,,0.05,0.06,27.8975,100.0,0.165,135.01749999999998,0.03,0.03,37.9675,737.7275,
2023-08-06 16:00:00,27.6075,33.8375,7.1825,11.0075,18.192500000000003,10.905000000000001,14.2725,0.27,30.25,0.1625,,,,0.055,0.065,28.442500000000003,100.0,0.2725,158.9675,0.0,0.0,33.815,737.375,
2023-08-06 17:00:00,36.3925,46.3875,6.71,10.2875,17.0,11.0,14.1075,0.2575,30.22,0.155,,,,0.05,0.06,28.585,99.435,0.2325,146.85250000000002,0.0,0.0,20.720000000000002,737.32,
2023-08-06 18:00:00,40.0825,55.647499999999994,7.0075,10.74,17.7475,10.8875,14.372499999999999,0.305,29.7675,0.18,,,,0.0625,0.07250000000000001,28.0125,99.555,0.21250000000000002,144.5525,0.0,0.0,2.1066666666666665,737.5425,
2023-08-06 19:00:00,47.3525,63.2725,7.4775,11.465,18.945,11.0175,13.965,0.335,30.119999999999997,0.2025,,,,0.07,0.08,27.8,100.0,0.2475,143.1075,0.0,0.0,,738.1225,
2023-08-06 20:00:00,36.4825,60.5475,6.605,10.1275,16.7325,10.9825,13.645,0.2875,30.240000000000002,0.17250000000000001,,,,0.0575,0.0675,27.2925,98.13499999999999,0.6125,208.7625,0.21,0.21,,738.5450000000001,
2023-08-06 21:00:00,32.33,48.7,6.6325,10.1675,16.8,11.004999999999999,14.715,0.26,29.810000000000002,0.155,,,,0.052500000000000005,0.0625,25.6425,99.6075,0.1925,108.965,0.6575,0.6575,,738.625,
2023-08-06 22:00:00,22.34,34.7325,6.9725,10.682500000000001,17.6525,11.0475,13.8175,0.2675,29.94,0.1625,,,,0.057499999999999996,0.0675,25.7675,100.0,0.2125,141.0125,0.385,0.385,,738.8025,
2023-08-06 23:00:00,24.997500000000002,28.009999999999998,6.48,9.9325,16.412499999999998,11.015,14.5,0.2225,30.315,0.1325,,,,0.045,0.052500000000000005,25.8975,100.0,0.4375,170.63,0.1925,0.1925,,738.44,
2023-08-07 00:00:00,19.59,34.39,6.6775,10.235,16.9125,11.0175,14.6975,0.215,29.9075,0.13,,,,0.04,0.052500000000000005,26.14,100.0,0.2225,201.245,0.02,0.02,,737.8425,
2023-08-07 01:00:00,25.2975,30.2725,6.15,9.4275,15.5775,10.93,13.975,0.2,30.015,0.12,,,,0.04,0.0475,26.252499999999998,100.0,0.3875,169.1375,0.0075,0.0075,,737.615,
2023-08-07 02:00:00,20.762500000000003,30.79,6.6274999999999995,10.1575,16.7825,10.9375,14.3275,0.1975,30.4125,0.1175,,,,0.04,0.0475,26.4125,100.0,0.21000000000000002,202.12,0.0325,0.0325,,737.1775,
2023-08-07 03:00:00,27.560000000000002,32.57,7.0225,10.765,17.785,10.955,14.83,0.19,30.225,0.1125,,,,0.04,0.0425,26.7,100.0,0.2,180.6825,0.15,0.15,,737.1675,
2023-08-07 04:00:00,23.5475,36.9275,6.0925,9.345,15.4375,10.935,13.9975,0.16999999999999998,29.95,0.105,,,,0.0375,0.04,26.21,100.0,0.35,210.7675,0.6375,0.6375,,737.2525,
2023-08-07 05:00:00,17.599999999999998,29.7225,6.1375,9.4125,15.55,11.04,14.4525,0.1525,30.17,0.095,,,,0.03,0.04,25.84,100.0,0.155,159.995,0.0025,0.0025,,737.42,
2023-08-07 06:00:00,22.33,29.895,6.4,9.81,16.21,10.932500000000001,14.7075,0.1525,29.947499999999998,0.0925,,,,0.03,0.0375,26.17,100.0,0.1575,152.98,0.0,0.0,4.965,737.63,
2023-08-07 07:00:00,16.990000000000002,24.0975,6.6425,10.18,16.822499999999998,10.9175,14.0025,0.1725,29.9425,0.1075,,,,0.0375,0.04,26.8775,100.0,0.23750000000000002,123.03999999999999,0.0,0.0,35.68,737.875,
2023-08-07 08:00:00,31.009999999999998,58.9075,6.5975,10.1125,16.7075,10.8625,14.43,0.1775,30.4675,0.1075,,,,0.0375,0.04,28.34,97.0775,0.615,205.0725,0.0,0.0,126.5875,738.1375,
2023-08-07 09:00:00,36.14,70.2175,5.7924999999999995,8.8775,14.67,10.8875,14.092500000000001,0.155,30.08,0.0925,,,,0.03,0.04,32.1975,79.36,0.8325,230.23,0.0,0.0,238.73,738.3725,
2023-08-07 10:00:00,40.5525,81.02000000000001,5.175,7.93,13.1075,10.74,14.7725,0.115,29.93,0.0675,,,,0.024999999999999998,0.0275,33.975,72.62,0.8225,245.28,0.0,0.0,262.28,738.4275,
2023-08-07 11:00:00,38.4775,86.6075,5.015000000000001,7.6899999999999995,12.705,10.7675,15.1725,0.08750000000000001,30.2525,0.0525,,,,0.0175,0.02,34.519999999999996,70.27250000000001,0.7525,231.4225,0.0,0.0,249.47,738.0450000000001,
2023-08-07 12:00:00,31.15,81.1925,5.19,7.96,13.1525,10.772499999999999,15.3475,0.10250000000000001,30.122500000000002,0.0625,,,,0.02,0.025,35.625,66.73,0.7625,237.6375,0.0,0.0,244.575,737.585,
2023-08-07 13:00:00,38.6325,86.80250000000001,5.5175,8.4575,13.975,10.7825,15.795,0.10250000000000001,29.4675,0.0625,,,,0.02,0.0225,32.1725,77.53,0.53,175.1225,0.755,0.755,85.115,737.14,
2023-08-07 14:00:00,25.0775,54.5475,5.445,8.3475,13.7925,10.775,16.09,0.095,30.525,0.055,,,,0.02,0.02,29.177500000000002,96.52250000000001,0.3375,156.035,2.335,2.335,152.38,736.6275,
2023-08-07 15:00:00,27.4025,42.495,5.555,8.515,14.0675,10.7975,16.265,0.10250000000000001,30.3675,0.06,,,,0.02,0.0225,31.7325,83.2225,0.635,179.1825,0.0,0.0,51.1125,736.2225,
2023-08-07 16:00:00,24.212500000000002,73.4725,5.2325,8.02,13.255,10.6725,15.7875,0.10500000000000001,29.77,0.065,,,,0.0225,0.0225,31.46,81.3625,0.6074999999999999,213.9475,0.0275,0.0275,61.4675,735.99,
2023-08-07 17:00:00,35.4775,83.4275,5.5275,8.4675,13.9925,10.68,15.7775,0.12,30.08,0.07500000000000001,,,,0.025,0.03,30.935000000000002,82.995,0.48,188.8475,0.0025,0.0025,28.21,735.81,
2023-08-07 18:00:00,34.74,84.6825,5.8825,9.02,14.905,10.774999999999999,15.665,0.14750000000000002,30.4225,0.09,,,,0.0325,0.035,29.91,85.03999999999999,0.3675,145.9675,0.005,0.005,5.646666666666667,736.2850000000001,
2023-08-07 19:00:00,41.177499999999995,86.5675,6.54,10.025,16.564999999999998,10.7825,15.282499999999999,0.19,29.745,0.1175,,,,0.04,0.045,28.825,89.4375,0.33,155.53,0.015,0.015,,736.895,
2023-08-07 20:00:00,37.2425,96.04,7.0625,10.8275,17.8925,10.8825,15.0875,0.2375,30.2525,0.14500000000000002,,,,0.0475,0.057499999999999996,28.42,91.0875,0.325,162.9875,0.0,0.0,,737.3025,
2023-08-07 21:00:00,44.815,96.39750000000001,6.9075,10.5875,17.497500000000002,10.895,15.6375,0.245,30.505,0.14500000000000002,,,,0.05,0.06,28.39,88.6325,0.3875,160.8425,0.0,0.0,,737.585,
2023-08-07 22:00:00,34.4675,98.17,6.4875,9.9425,16.4325,10.8925,14.6375,0.2375,29.97,0.14500000000000002,,,,0.045,0.055,28.275,88.675,0.45249999999999996,144.01500000000001,0.0,0.0,,737.5775,
2023-08-07 23:00:00,43.260000000000005,87.495,5.9475,9.115,15.0625,10.84,14.275,0.20500000000000002,29.7775,0.125,,,,0.04,0.0475,28.32,86.6575,0.5825,178.905,0.0,0.0,,737.3924999999999,
2023-08-08 00:00:00,30.6475,83.465,5.7375,8.7925,14.525,10.78,14.9775,0.175,30.3825,0.10500000000000001,,,,0.035,0.04,28.04,86.75999999999999,0.5175000000000001,179.7,0.0,0.0,,737.1625,
2023-08-08 01:00:00,33.6,78.39,5.48,8.4025,13.879999999999999,10.655000000000001,14.33,0.155,30.17,0.0925,,,,0.0325,0.0375,27.5975,88.33500000000001,0.4675,192.9475,0.0,0.0,,736.7674999999999,
2023-08-08 02:00:00,36.597500000000004,76.13749999999999,5.3025,8.127500000000001,13.43,10.7875,13.842500000000001,0.1375,30.135,0.08499999999999999,,,,0.03,0.035,27.3825,88.875,0.38,160.5025,0.0,0.0,,736.5525,
2023-08-08 03:00:00,28.7725,75.60749999999999,5.295,8.1175,13.4125,10.6875,14.66,0.12,30.302500000000002,0.07500000000000001,,,,0.025,0.03,27.28,88.8475,0.425,186.7375,0.0,0.0,,736.595,
2023-08-08 04:00:00,33.1275,80.4125,5.282500000000001,8.1,13.385,10.8275,14.295,0.11499999999999999,30.1225,0.07250000000000001,,,,0.0225,0.03,27.1575,90.22,0.51,197.71,0.0,0.0,,736.7875,
2023-08-08 05:00:00,34.94,75.49000000000001,5.36,8.215,13.5775,10.7475,14.895,0.10500000000000001,31.085,0.065,,,,0.02,0.025,27.0825,91.3275,0.54,217.1175,0.0,0.0,1.54,737.1575,
2023-08-08 06:00:00,31.037499999999998,71.86,5.4925,8.4225,13.9175,10.6775,15.1075,0.0975,30.36,0.057499999999999996,,,,0.02,0.02,27.555,89.6975,0.5700000000000001,213.3175,0.0,0.0,21.1075,737.765,
2023-08-08 07:00:00,34.96,76.3225,5.1975,7.965,13.165,10.655000000000001,14.4425,0.1,30.1425,0.06,,,,0.02,0.0225,28.7625,86.19999999999999,0.5425,195.66500000000002,0.0,0.0,75.5275,738.25,
2023-08-08 08:00:00,34.4225,82.30000000000001,4.9575,7.5975,12.5525,10.645,14.0225,0.0975,29.7,0.055,,,,0.02,0.02,30.805,79.61500000000001,0.88,254.13,0.0,0.0,169.4725,738.54,
2023-08-08 09:00:00,32.660000000000004,78.95750000000001,4.965,7.61,12.5775,10.6525,14.915,0.09,30.067500000000003,0.0475,,,,0.0175,0.02,32.1725,75.365,0.7925,227.8975,0.0,0.0,213.245,738.6825,
2023-08-08 10:00:00,33.8575,81.25999999999999,4.89,7.495,12.385,10.635,14.9375,0.075,30.1475,0.045,,,,0.015000000000000001,0.0175,34.165,69.285,1.0375,249.425,0.0,0.0,309.47249999999997,738.755,
2023-08-08 11:00:00,28.2925,92.51,4.4975000000000005,6.895,11.4,10.6025,14.9375,0.057499999999999996,30.009999999999998,0.035,,,,0.01,0.01,34.2575,68.96,0.97,253.5675,0.0,0.0,241.5875,738.685,
2023-08-08 12:00:00,34.769999999999996,93.1925,4.785,7.335,12.1225,10.725,15.61,0.0675,30.0475,0.04,,,,0.01,0.0175,34.2525,69.71000000000001,0.8875,242.005,0.0,0.0,205.88,738.5350000000001,
2023-08-08 13:00:00,35.29,100.6725,4.865,7.46,12.3275,10.715,15.4925,0.08,30.197499999999998,0.045,,,,0.0125,0.02,35.0375,67.98,0.625,230.28,0.0,0.0,195.2475,738.4325,
2023-08-08 14:00:00,34.6225,98.3425,5.12,7.75,12.98,10.77,15.477500000000001,0.085,30.622500000000002,0.05,,,,0.0175,0.02,35.25,66.74,0.7025,227.165,0.0,0.0,167.305,738.4475,
2023-08-08 15:00:00,39.555,103.0475,5.425,8.317499999999999,13.745000000000001,10.815,15.6525,0.095,30.0325,0.057499999999999996,,,,0.02,0.02,34.165,71.27250000000001,0.66,214.3475,0.0,0.0,128.6325,738.4775,
2023-08-08 16:00:00,39.8,103.6925,5.255000000000001,8.06,13.3175,10.8,15.405,0.0975,30.0375,0.055,,,,0.02,0.02,33.667500000000004,71.85,0.6599999999999999,199.7775,0.0,0.0,91.81,738.4725000000001,
2023-08-08 17:00:00,34.58,107.63250000000001,5.2775,8.09,13.370000000000001,10.7125,15.345,0.095,29.7025,0.055,,,,0.02,0.02,32.15,76.065,0.6225,230.0325,0.0,0.0,39.682500000000005,738.4275,
2023-08-08 18:00:00,35.4,109.2,5.0625,7.7575,12.8225,10.717500000000001,15.925,0.08499999999999999,29.96,0.0475,,,,0.0175,0.02,30.7975,81.395,0.445,184.39249999999998,0.02,0.02,10.513333333333334,738.7825,
2023-08-08 19:00:00,37.43,111.265,5.2700000000000005,8.075,13.3475,10.7225,15.59,0.105,30.3625,0.065,,,,0.0225,0.025,29.52,86.1675,0.3575,176.925,0.0025,0.0025,,739.4275,
2023-08-08 20:00:00,42.72,110.02250000000001,5.615,8.6125,14.225000000000001,10.64,15.0425,0.1275,29.92,0.08,,,,0.03,0.0325,28.9575,88.0275,0.2575,141.815,0.0,0.0,,739.835,
2023-08-08 21:00:00,42.222500000000004,112.5575,5.9225,9.08,15.0,10.7275,14.9375,0.155,29.76,0.095,,,,0.03,0.04,28.6525,89.4225,0.2975,168.32,0.0,0.0,,740.525,
2023-08-08 22:00:00,42.78,111.42,5.8375,8.95,14.785,10.8125,15.01,0.16,30.345,0.0975,,,,0.03,0.04,28.835,87.91,0.275,145.425,0.0,0.0,,740.6800000000001,
2023-08-08 23:00:00,38.837500000000006,106.5825,5.6625000000000005,8.6775,14.34,10.842500000000001,15.004999999999999,0.155,30.255,0.095,,,,0.03,0.04,28.75,88.7625,0.29,146.32,0.0,0.0,,740.6025,
2023-08-09 00:00:00,34.93,97.945,5.5725,8.545,14.12,10.8375,15.315,0.14250000000000002,29.7725,0.085,,,,0.03,0.0325,28.2875,90.855,0.245,154.8625,0.0,0.0,,740.2850000000001,
2023-08-09 01:00:00,35.2825,92.98750000000001,5.405,8.285,13.69,10.7275,14.71,0.14,30.315,0.0825,,,,0.03,0.0325,28.3525,90.8075,0.315,176.335,0.0,0.0,,739.79,
2023-08-09 02:00:00,34.91,99.9375,5.165,7.9174999999999995,13.08,10.7525,14.655,0.13,30.04,0.0825,,,,0.03,0.03,28.6375,89.56,0.46499999999999997,184.39,0.0,0.0,,739.525,
2023-08-09 03:00:00,38.925,90.505,5.1575,7.904999999999999,13.06,10.8125,15.1325,0.1125,29.4925,0.07250000000000001,,,,0.0225,0.03,28.58,88.0775,0.6725,243.24,0.0,0.0,,739.5775,
2023-08-09 04:00:00,34.1825,84.505,4.6175,7.075,11.692499999999999,10.7075,14.4575,0.0975,30.1925,0.0575,,,,0.02,0.0225,28.2525,87.065,0.6425000000000001,238.33249999999998,0.0,0.0,,739.7225,
2023-08-09 05:00:00,37.769999999999996,85.875,4.6725,7.155,11.8275,10.68,14.305,0.095,30.47,0.052500000000000005,,,,0.02,0.02,27.87,88.32,0.4375,205.06,0.0,0.0,0.35,740.1175000000001,
2023-08-09 06:00:00,29.2,90.62,5.035,7.7225,12.7575,10.765,14.76,0.09,29.655,0.052500000000000005,,,,0.02,0.02,28.06,87.62,0.475,206.5925,0.0,0.0,11.085,740.6775,
2023-08-09 07:00:00,29.7,77.8,5.265000000000001,8.0725,13.335,10.7025,14.16,0.1,29.9975,0.06,,,,0.02,0.02,28.655,86.32,0.76,266.585,0.0,0.0,32.9675,741.165,
2023-08-09 08:00:00,31.73,91.8625,4.865,7.4575,12.3275,10.8125,13.79,0.1,30.2325,0.06,,,,0.02,0.02,29.05,84.3075,0.6799999999999999,233.685,0.0,0.0,41.019999999999996,741.66,
2023-08-09 09:00:00,37.02,83.1525,5.3,8.1225,13.42,10.8375,14.8575,0.10250000000000001,29.6,0.065,,,,0.02,0.0225,29.27,84.11,0.5475,215.2075,0.0,0.0,35.015,742.075,
2023-08-09 10:00:00,38.4525,91.545,5.225,8.01,13.2375,10.925,14.9175,0.0975,30.0625,0.06,,,,0.02,0.0225,29.725,83.39750000000001,0.5549999999999999,245.0,0.0,0.0,66.53999999999999,742.33,
2023-08-09 11:00:00,35.31,91.12,5.345000000000001,8.1975,13.5425,10.8375,15.8225,0.0925,30.335,0.052500000000000005,,,,0.02,0.02,31.33,78.8725,0.5800000000000001,222.35750000000002,0.0,0.0,96.2975,742.28,
2023-08-09 12:00:00,37.7125,93.2625,5.025,7.705,12.73,10.8275,15.692499999999999,0.1075,29.61,0.0675,,,,0.02,0.0275,31.24,79.005,0.595,221.16750000000002,0.0,0.0,71.36,742.1925,
2023-08-09 13:00:00,40.99,98.1325,5.085,7.7924999999999995,12.8825,10.795,16.0975,0.1075,29.945,0.07,,,,0.0225,0.0275,30.2325,82.7325,0.4625,187.2175,0.0,0.0,41.3075,741.9525,
2023-08-09 14:00:00,42.0675,103.4125,5.325,8.1575,13.4825,10.8875,16.625,0.11,28.61,0.07,,,,0.03,0.025,30.3625,83.9875,0.4775,179.085,0.0,0.0,44.620000000000005,741.5225,
2023-08-09 15:00:00,37.195,99.38,5.4,8.275,13.6725,10.9175,16.54,0.1175,,0.0775,,,,0.05,0.02,30.1425,83.5675,0.5,167.26,0.0,0.0,32.1875,741.16,
2023-08-09 16:00:00,39.115,106.85249999999999,5.609999999999999,8.6,14.2075,10.9225,16.8625,0.11499999999999999,,0.07500000000000001,,,,0.05,0.02,29.5275,86.5325,0.36,160.7425,0.0,0.0,16.67,740.9625,
2023-08-09 17:00:00,38.43,102.98,5.8275,8.9275,14.754999999999999,10.942499999999999,17.73,0.14750000000000002,59.765,0.0925,,,,0.0625,0.025,29.689999999999998,87.005,0.3625,162.12,0.0,0.0,22.2975,740.87,
2023-08-09 18:00:00,41.88,104.83250000000001,6.1,9.3525,15.455,10.942499999999999,16.5475,0.185,88.135,0.1125,,,,0.0775,0.03,29.4725,88.20750000000001,0.2575,136.5775,0.0,0.0,6.91,741.1175000000001,
2023-08-09 19:00:00,42.3875,114.2775,6.11,9.365,15.475000000000001,10.8525,15.670000000000002,0.22,48.0725,0.135,,,,0.0925,0.0375,28.6325,92.59,0.2425,196.255,0.0,0.0,,741.4375,
2023-08-09 20:00:00,43.7525,105.6525,6.53,10.0075,16.5375,10.88,16.2675,0.29,48.9025,0.175,,,,0.12,0.0475,28.377499999999998,94.7375,0.2,150.0675,0.0,0.0,,741.6725,
2023-08-09 21:00:00,47.087500000000006,105.0175,6.9175,10.6075,17.525,10.9525,16.2,0.345,52.42,0.20500000000000002,,,,0.14,0.055,28.5125,94.41,0.2575,162.04,0.0,0.0,,741.9125,
2023-08-09 22:00:00,46.0575,113.1375,6.484999999999999,9.9375,16.259999999999998,10.9925,16.025,0.3275,56.675,0.1975,,,,0.1325,0.05,28.7775,92.3,0.275,142.9525,0.0,0.0,,742.1324999999999,
2023-08-09 23:00:00,47.2525,113.4,5.8475,8.9675,14.815000000000001,10.955,16.7,0.2975,59.5325,0.1775,,,,0.12,0.05,29.1,89.4275,0.3,149.615,0.0,0.0,,741.91,
2023-08-10 00:00:00,43.4325,112.82,5.725,8.774999999999999,14.4975,10.8675,16.2525,0.28,63.1825,0.17,,,,0.1125,0.04,29.175,88.02,0.4725,159.97,0.0,0.0,,741.5225,
2023-08-10 01:00:00,45.96,111.64,5.4075,8.2875,13.6975,10.790000000000001,16.697499999999998,0.255,68.455,0.1525,,,,0.10250000000000001,0.04,29.125,87.3425,0.55,199.0425,0.0,0.0,,741.0975,
2023-08-10 02:00:00,42.8125,122.52250000000001,4.99,7.6425,12.6325,10.73,16.39,0.215,71.3625,0.1325,,,,0.09,0.0325,28.98,86.9175,0.67,241.51749999999998,0.0,0.0,,740.6575,
2023-08-10 03:00:00,38.4475,107.7575,4.95,7.5875,12.540000000000001,10.7425,16.560000000000002,0.185,73.39,0.1125,,,,0.07500000000000001,0.03,28.8875,85.6075,0.6875,251.99,0.0,0.0,,740.7225000000001,
2023-08-10 04:00:00,36.27,112.6225,4.66,7.1475,11.8125,10.6575,15.682500000000001,0.1575,73.2975,0.0975,,,,0.0625,0.0225,28.6375,85.85,0.625,255.9475,0.0,0.0,,740.8475,
2023-08-10 05:00:00,42.7725,111.5425,4.8775,7.4725,12.35,10.7575,16.1425,0.14,75.7175,0.08499999999999999,,,,0.055,0.02,28.195,87.5975,0.33999999999999997,197.3625,0.0,0.0,,741.285,
2023-08-10 06:00:00,38.33,101.715,4.975,7.625,12.595,10.82,16.605,0.1275,76.9575,0.08,,,,0.055,0.02,27.5575,91.64,0.175,183.66750000000002,0.0,0.0,2.0866666666666664,741.9300000000001,
2023-08-10 07:00:00,42.9225,96.785,4.8975,7.5125,12.4125,10.655000000000001,15.66,0.14,86.695,0.0825,,,,0.057499999999999996,0.02,27.7875,93.2225,0.13,126.07249999999999,0.0,0.0,10.8975,742.6500000000001,
2023-08-10 08:00:00,43.480000000000004,96.02250000000001,4.8125,7.3774999999999995,12.195,10.7125,15.24,0.14500000000000002,74.8225,0.08499999999999999,,,,0.06,0.02,28.244999999999997,93.24,0.195,175.4725,0.0,0.0,16.935,743.125,
2023-08-10 09:00:00,45.3375,92.6175,5.195,7.965,13.157499999999999,10.765,15.1775,0.17250000000000001,73.8575,0.11,,,,0.07,0.03,29.34,88.6075,0.2625,176.995,0.0,0.0,43.8775,743.3874999999999,
2023-08-10 10:00:00,48.3,109.9,5.125,7.8575,12.985,10.775,14.905,0.1775,78.7775,0.11,,,,0.07,0.03,31.21,80.66,0.35,204.965,0.0,0.0,83.645,743.5425,
2023-08-10 11:00:00,48.787499999999994,121.6175,4.805,7.365,12.1725,10.7725,14.71,0.1675,82.355,0.10500000000000001,,,,0.07,0.03,33.185,73.9325,0.3675,239.77,0.0,0.0,117.03,743.54,
2023-08-10 12:00:00,46.6725,122.1925,4.7425,7.2725,12.02,10.655000000000001,14.665,0.175,86.405,0.1075,,,,0.07,0.03,33.1225,74.8675,0.385,227.2375,0.0,0.0,111.085,743.2975,
2023-08-10 13:00:00,51.695,129.16250000000002,4.7425,7.2675,12.0125,10.8,14.865,0.175,90.955,0.10500000000000001,,,,0.07,0.03,33.49,73.9225,0.41000000000000003,202.4275,0.0,0.0,131.755,742.75,
2023-08-10 14:00:00,43.055,131.36,4.577500000000001,7.0175,11.595,10.719999999999999,15.2125,0.16999999999999998,102.2375,0.10500000000000001,,,,0.07,0.03,34.0125,72.26,0.4,199.57,0.0,0.0,100.2375,742.1625,
2023-08-10 15:00:00,51.012499999999996,132.27,4.61,7.0600000000000005,11.67,10.7725,15.225,0.16,113.28750000000001,0.095,,,,0.065,0.0275,34.16,71.5075,0.625,214.60750000000002,0.0,0.0,145.405,741.6700000000001,
2023-08-10 16:00:00,49.0775,128.91750000000002,4.4525,6.82,11.274999999999999,10.7775,15.33,0.1475,117.6875,0.09,,,,0.0625,0.0225,33.0475,73.93,0.64,215.8275,0.0,0.0,73.49,741.4575,
2023-08-10 17:00:00,54.527499999999996,127.655,4.26,6.5275,10.7775,10.7025,15.24,0.14250000000000002,119.0425,0.08499999999999999,,,,0.06,0.02,31.8025,77.57249999999999,0.5875,236.82999999999998,0.0,0.0,33.7,741.4775,
2023-08-10 18:00:00,46.68,128.78,4.465,6.8475,11.3125,10.6925,15.34,0.1475,115.63,0.08499999999999999,,,,0.06,0.02,29.935,85.2,0.36,197.325,0.0,0.0,5.646666666666667,741.78,
2023-08-10 19:00:00,47.269999999999996,116.1375,4.825,7.395,12.219999999999999,10.79,15.29,0.165,,0.105,,,,0.0675,0.0275,28.5475,91.425,0.2275,171.27,0.0,0.0,,742.365,
2023-08-10 20:00:00,45.27,109.505,5.0925,7.8025,12.89,10.7425,15.15,0.2,,0.12,,,,0.0825,0.03,28.072499999999998,94.6325,0.18,161.3675,0.0,0.0,,742.9125,
2023-08-10 21:00:00,50.0325,101.3775,5.175,7.9275,13.1025,10.865,15.355,0.215,,0.135,,,,0.09,0.035,27.695,96.35,0.08,92.75999999999999,0.0,0.0,,743.085,
2023-08-10 22:00:00,45.6575,96.17,4.9375,7.5625,12.495000000000001,10.7475,15.1875,0.2425,,0.14500000000000002,,,,0.0975,0.04,27.38,97.755,0.1225,143.0925,0.0,0.0,,743.22,
2023-08-10 23:00:00,50.5275,91.8425,5.205,7.9799999999999995,13.185,10.7775,15.61,0.255,,0.1525,,,,0.10500000000000001,0.04,27.2125,98.505,0.23249999999999998,207.8625,0.0,0.0,,742.9925000000001,
2023-08-11 00:00:00,48.09,97.88749999999999,5.0575,7.7525,12.715,10.865,15.774999999999999,0.2475,,0.1475,,,,0.1,0.04,27.4925,97.8425,0.23500000000000001,177.6275,0.0,0.0,,742.7275,
2023-08-11 01:00:00,50.1275,108.83,4.83,7.4075,12.2375,10.782499999999999,15.8275,0.2325,,0.14,,,,0.0975,0.04,27.52,96.7325,0.21,161.07,0.0,0.0,,742.5,
2023-08-11 02:00:00,49.427499999999995,104.1725,4.9,7.5075,12.405000000000001,10.7775,15.975000000000001,0.21,,0.13,,,,0.09,0.03,27.6725,95.345,0.2425,199.0775,0.0,0.0,,742.1,
2023-08-11 03:00:00,38.665,97.8,4.5975,7.0075,11.58,10.79,16.98,0.1975,,0.1175,,,,0.08,0.03,28.057499999999997,92.0125,0.36,189.9375,0.0,0.0,,741.985,
2023-08-11 04:00:00,43.8025,99.1525,4.7225,7.2425,11.965,10.8875,16.22,0.19,,0.11,,,,0.0775,0.03,28.072499999999998,91.39750000000001,0.5025,238.135,0.0,0.0,,741.7925,
2023-08-11 05:00:00,41.14,102.535,4.645,7.1175,11.765,10.7125,16.1675,0.17250000000000001,,0.1075,,,,0.07,0.03,28.0675,90.9025,0.4575,253.865,0.0,0.0,0.4,742.0325,
2023-08-11 06:00:00,46.510000000000005,101.52,4.7,7.205,11.9025,10.7475,16.2725,0.165,,0.10250000000000001,,,,0.07,0.03,28.3925,89.4175,0.56,259.15,0.0,0.0,11.85,742.265,
2023-08-11 07:00:00,42.06,109.2325,4.65,7.125,11.7775,10.6775,16.11,0.17,,0.10500000000000001,,,,0.07,0.03,29.1375,86.4,0.59,269.9925,0.0,0.0,33.43,742.5675,
2023-08-11 08:00:00,51.082499999999996,115.7825,4.640000000000001,7.11,11.75,10.6875,15.897499999999999,0.165,,0.10250000000000001,,,,0.07,0.03,30.515,82.1375,0.605,242.20749999999998,0.0,0.0,77.6225,742.905,
2023-08-11 09:00:00,47.822500000000005,113.19749999999999,4.33,6.64,10.965,10.682500000000001,15.21,0.165,,0.10250000000000001,,,,0.07,0.03,32.412499999999994,76.07,0.56,228.115,0.0,0.0,125.35000000000001,742.9575,
2023-08-11 10:00:00,49.9225,120.5725,4.0875,6.2625,10.3525,10.635,15.559999999999999,0.165,,0.10250000000000001,,,,0.0675,0.03,34.61,69.5325,0.52,242.745,0.0,0.0,189.98250000000002,742.9125,
2023-08-11 11:00:00,50.87,124.3725,4.2524999999999995,6.52,10.775,10.682500000000001,15.672500000000001,0.1125,,0.0675,,,,0.05,0.0175,36.58,64.305,0.45999999999999996,234.07999999999998,0.0,0.0,210.59,742.6424999999999,
2023-08-11 12:00:00,55.42,124.5,5.96,9.135,15.09,10.905,17.895,0.07500000000000001,82.24000000000001,0.0425,,,,0.0325,0.01,36.9075,63.6725,0.4575,199.55,0.02,0.02,187.23000000000002,742.31,
2023-08-11 13:00:00,46.5125,,5.6325,8.6325,14.2625,10.92,18.255000000000003,0.1,87.2475,0.06,,,,0.04,0.02,36.72,66.8075,0.365,181.67,0.0025,0.0025,131.7275,741.8325,
2023-08-11 14:00:00,46.2,,5.2625,8.0625,13.3225,10.9825,17.802500000000002,0.11,85.2375,0.07,,,,0.0475,0.02,33.9625,76.24,0.39,182.0,0.0,0.0,97.03,741.1025,
2023-08-11 15:00:00,50.647499999999994,117.9,5.3225,8.157499999999999,13.48,10.8675,17.46,0.11,84.4675,0.07250000000000001,,,,0.05,0.02,36.465,66.8,0.49,205.29250000000002,0.0,0.0,114.05,740.515,
2023-08-11 16:00:00,50.4125,103.88250000000001,4.85,7.4350000000000005,12.287500000000001,10.8825,17.58,0.1075,90.14750000000001,0.0675,,,,0.045,0.0175,33.11,75.0825,0.54,193.2625,0.0,0.0,42.614999999999995,740.1324999999999,
2023-08-11 17:00:00,51.235,125.965,4.346666666666667,6.663333333333334,8.2575,10.663333333333334,16.94666666666667,0.0775,68.44,0.05,,,,0.04666666666666667,0.02,32.8,75.655,0.46499999999999997,188.865,0.0,0.0,33.92,740.225,
2023-08-11 18:00:00,,,5.425,8.317499999999999,13.7475,11.0,17.6125,0.11499999999999999,83.14,0.07500000000000001,,,,0.05,0.02,29.642500000000002,87.18,0.3725,167.1275,0.0825,0.0825,7.82,740.645,
2023-08-11 19:00:00,,,5.5275,8.4725,14.0,10.8225,17.244999999999997,0.16,114.75750000000001,0.0975,,,,0.0675,0.025,28.13,93.05250000000001,0.2725,186.31,0.0,0.0,,741.1575,
2023-08-11 20:00:00,52.1,71.31,6.1450000000000005,9.4125,15.5525,10.925,17.515,0.21000000000000002,124.58,0.1275,,,,0.09,0.0325,28.1625,93.78,0.275,179.37,0.0,0.0,,741.4925000000001,
2023-08-11 21:00:00,51.9075,79.3625,5.9425,9.1075,15.05,10.8575,16.9625,0.245,84.86,0.14500000000000002,,,,0.10250000000000001,0.04,28.2225,93.7975,0.28,173.535,0.0,0.0,,741.7875,
2023-08-11 22:00:00,49.0975,85.0625,5.7225,8.77,14.49,10.845,17.3625,0.275,,0.1675,,,,0.11,0.04,28.064999999999998,94.3575,0.33,182.3975,0.0,0.0,,741.6925,
2023-08-11 23:00:00,51.72,87.17333333333333,5.21,7.986666666666667,13.200000000000001,10.886666666666665,16.763333333333332,0.26333333333333336,,0.16,,,,0.10666666666666667,0.043333333333333335,28.296666666666667,92.37666666666667,0.27,164.24333333333334,0.0,0.0,,741.46,
2023-08-12 00:00:00,48.14,94.0575,5.19,7.9575,13.145,10.91,17.175,0.26,,0.155,,,,0.10500000000000001,0.04,28.064999999999998,92.6575,0.2775,174.3175,0.0,0.0,,741.1325,
2023-08-12 01:00:00,48.9675,95.0875,5.345,8.1925,13.535,10.8825,16.71,0.265,,0.16,,,,0.10500000000000001,0.04,27.95,93.88499999999999,0.295,181.79500000000002,0.0,0.0,,740.75,
2023-08-12 02:00:00,48.42,93.3125,5.2725,8.085,13.3575,10.7875,17.134999999999998,0.2525,,0.1525,,,,0.10500000000000001,0.04,28.165,91.71000000000001,0.315,156.9,0.0,0.0,,740.4375,
2023-08-12 03:00:00,46.2725,91.4425,5.1674999999999995,7.9225,13.0925,10.9125,17.072499999999998,0.225,,0.135,,,,0.095,0.0375,28.490000000000002,88.67750000000001,0.4375,170.6725,0.0,0.0,,740.2825,
2023-08-12 04:00:00,46.1025,94.0875,4.695,7.1975,11.895,10.82,16.8775,0.2025,,0.125,,,,0.08499999999999999,0.03,28.5075,87.9975,0.6074999999999999,187.96,0.0,0.0,,740.2225,
2023-08-12 05:00:00,42.427499999999995,80.6275,4.8475,7.4275,12.275,10.8225,16.9225,0.1875,,0.11,,,,0.08,0.03,28.3525,88.1075,0.5325,197.54250000000002,0.0,0.0,4.3,740.5625,
2023-08-12 06:00:00,41.6225,73.41250000000001,5.045,7.7375,12.785,10.8125,17.055,0.17250000000000001,,0.1075,,,,0.07,0.03,28.7675,86.53,0.6025,208.72750000000002,0.0,0.0,22.692500000000003,740.9875,
2023-08-12 07:00:00,38.2175,74.9875,4.67,7.154999999999999,11.8225,10.735,16.8875,0.1575,,0.095,,,,0.0675,0.0275,29.39,84.3725,0.7025,216.9075,0.0,0.0,43.655,741.2425000000001,
2023-08-12 08:00:00,38.39,81.71,4.4925,6.8825,11.375,10.75,16.1525,0.1525,115.51,0.095,,,,0.0675,0.025,31.0825,78.8,0.6875,215.8325,0.0,0.0,98.0675,741.5625,
2023-08-12 09:00:00,45.535,82.105,4.672499999999999,7.157500000000001,11.83,10.7725,16.3475,0.1475,108.5725,0.09,,,,0.06,0.02,32.4875,74.355,0.7475,252.21499999999997,0.0,0.0,176.5075,741.7225,
2023-08-12 10:00:00,40.015,89.08,4.2,6.4425,10.64,10.7575,17.247500000000002,0.14250000000000002,113.07,0.08,,,,0.06,0.02,34.6075,68.9625,0.8525,240.8975,0.0,0.0,247.3125,741.7950000000001,
2023-08-12 11:00:00,51.32333333333333,89.99666666666667,4.153333333333333,6.363333333333333,7.8825,10.686666666666667,16.703333333333333,0.08499999999999999,97.47666666666667,0.052500000000000005,,,,0.049999999999999996,0.016666666666666666,36.09666666666667,63.413333333333334,0.93,213.06000000000003,0.0,0.0,246.49666666666667,741.5133333333333,
2023-08-12 12:00:00,40.0,89.6825,4.2775,6.555,10.8275,10.725000000000001,17.39,0.0775,128.53,0.045,,,,0.035,0.01,36.5025,61.75,0.9125000000000001,260.2425,0.0,0.0,252.15500000000003,740.99,
2023-08-12 13:00:00,46.2675,100.325,3.9775,6.0975,10.0725,10.6775,16.915,0.0825,165.64,0.045,,,,0.0375,0.01,36.3175,60.365,0.8275,201.04250000000002,0.0,0.0,208.3225,740.59,
2023-08-12 14:00:00,41.8725,95.80250000000001,3.945,6.047499999999999,9.9925,10.64,17.09,0.09,164.3375,0.05,,,,0.04,0.01,35.645,62.555,0.7525,194.725,0.0,0.0,137.10250000000002,740.0,
2023-08-12 15:00:00,42.085,95.03999999999999,3.9925,6.1175,10.105,10.6425,16.97,0.0925,160.8725,0.05,,,,0.04,0.01,35.0375,62.332499999999996,0.795,190.6825,0.0,0.0,134.125,739.395,
2023-08-12 16:00:00,38.6275,92.735,4.02,6.175,10.2025,10.690000000000001,17.56,0.0875,159.97,0.05,,,,0.04,0.0125,33.5225,64.3625,0.885,221.855,0.0,0.0,56.5,738.935,
2023-08-12 17:00:00,33.925000000000004,79.85,4.245,6.505,10.7475,10.7475,17.255000000000003,0.10250000000000001,,0.0625,,,,0.0425,0.02,32.3125,68.765,0.575,181.115,0.0,0.0,26.2825,738.7775,
2023-08-12 18:00:00,39.3075,83.985,4.5875,7.0275,11.6125,10.71,17.205,0.115,,0.07250000000000001,,,,0.05,0.02,31.1,74.01249999999999,0.44,175.5275,0.0,0.0,3.1033333333333335,738.9875,
2023-08-12 19:00:00,42.0075,85.4625,5.0675,7.77,12.8375,10.745000000000001,16.7225,0.16,,0.0975,,,,0.065,0.025,30.265,77.9975,0.3425,159.095,0.0,0.0,,739.26,
2023-08-12 20:00:00,41.230000000000004,90.275,5.605,8.5925,14.1975,10.855,16.5625,0.1925,,0.1125,,,,0.0775,0.03,30.465,76.9825,0.4075,160.38,0.0,0.0,,739.7725,
2023-08-12 21:00:00,46.0325,88.545,5.45,8.3575,13.8075,10.8675,16.42,0.2125,,0.1325,,,,0.09,0.0325,30.56,77.4825,0.445,150.765,0.0,0.0,,739.9275,
2023-08-12 22:00:00,47.44,86.05000000000001,5.217499999999999,8.0,13.215,10.9075,16.575,0.1975,,0.1175,,,,0.0825,0.03,30.509999999999998,75.4675,0.655,202.48250000000002,0.0,0.0,,739.9525,
2023-08-12 23:00:00,43.225,79.7175,4.5825,7.0249999999999995,11.61,10.782499999999999,16.365000000000002,0.1775,,0.1075,,,,0.07250000000000001,0.03,30.3175,74.62,0.7725,208.3275,0.0,0.0,,739.7624999999999,
2023-08-13 00:00:00,37.5875,76.8375,4.4325,6.7925,11.225000000000001,10.807500000000001,16.7975,0.1525,,0.0925,,,,0.065,0.025,29.9225,75.255,0.595,196.1375,0.0,0.0,,739.4675,
2023-08-13 01:00:00,33.63,65.08250000000001,4.055,6.21,10.2625,10.73,16.3875,0.1275,,0.08,,,,0.055,0.02,29.5825,76.7525,0.66,173.9975,0.0,0.0,,738.92,
2023-08-13 02:00:00,32.5325,64.1875,4.0775,6.2275,10.3275,10.66,16.2425,0.1175,,0.07250000000000001,,,,0.0475,0.02,29.305,78.705,0.7925,189.2825,0.0,0.0,,738.685,
2023-08-13 03:00:00,33.3575,60.53,4.095000000000001,6.2775,10.3725,10.675,16.5375,0.1,,0.06,,,,0.045,0.0175,28.9325,80.9375,0.645,225.29,0.0,0.0,,738.585,
2023-08-13 04:00:00,31.4725,66.0875,3.8925,5.9675,9.855,10.6775,16.8925,0.095,,0.055,,,,0.04,0.015000000000000001,28.6325,82.03999999999999,0.5475,221.1725,0.0,0.0,,738.545,
2023-08-13 05:00:00,32.3,61.2175,4.0775,6.2524999999999995,10.3275,10.7025,17.0075,0.0875,,0.052500000000000005,,,,0.04,0.0125,28.255,83.025,0.5375,208.1825,0.0,0.0,0.97,738.7475,
2023-08-13 06:00:00,30.947499999999998,65.545,3.995,6.12,10.115,10.717500000000001,17.2275,0.0875,,0.052500000000000005,,,,0.04,0.01,28.302500000000002,82.6675,0.7075,190.0375,0.0,0.0,9.795,739.135,
2023-08-13 07:00:00,43.37,64.8775,3.8575,5.9125,9.7675,10.7025,17.005,0.09,,0.05,,,,0.0375,0.0125,28.4725,82.13499999999999,0.5449999999999999,192.8875,0.0,0.0,18.85,739.51,
2023-08-13 08:00:00,34.1575,68.63,4.1925,6.4225,10.615,10.662500000000001,16.355,0.0975,,0.055,,,,0.04,0.0175,28.887500000000003,81.565,0.555,213.1775,0.0,0.0,34.370000000000005,740.21,
2023-08-13 09:00:00,43.6075,71.26,4.2025,6.445,10.6425,10.8875,17.0175,0.1075,,0.0675,,,,0.0475,0.02,29.125,81.07,0.5675,212.1525,0.0,0.0,38.28,740.7475,
2023-08-13 10:00:00,40.01,72.85000000000001,4.1975,6.4350000000000005,10.635,10.8575,16.8625,0.11499999999999999,,0.07500000000000001,,,,0.05,0.02,29.37,81.60499999999999,0.47750000000000004,174.0475,0.0,0.0,42.485,741.075,
2023-08-13 11:00:00,43.1825,70.2125,4.2125,6.4525,10.66,10.7325,16.895,0.1275,,0.08,,,,0.055,0.02,29.515,82.185,0.37,161.9075,0.0,0.0,36.9625,741.0675,
2023-08-13 12:00:00,44.3625,75.05,4.1875,6.42,10.605,10.685,16.7425,0.14,,0.08499999999999999,,,,0.06,0.02,29.189999999999998,84.305,0.3075,172.8725,0.0175,0.0175,30.575000000000003,740.98,
2023-08-13 13:00:00,38.5,71.1225,4.1025,6.3325,10.462499999999999,10.79,17.485,0.155,,0.095,,,,0.065,0.025,29.7225,83.13499999999999,0.2775,149.8325,0.0125,0.0125,45.912499999999994,740.56,
2023-08-13 14:00:00,43.417500000000004,74.55,4.4325,6.86,11.334999999999999,10.7675,17.225,0.1825,,0.11,,,,0.0775,0.03,30.3725,82.0625,0.20500000000000002,165.41750000000002,0.0,0.0,43.6125,740.285,
2023-08-13 15:00:00,43.11,79.805,4.4625,6.84,11.2975,10.82,16.9425,0.19,,0.1125,,,,0.07500000000000001,0.03,29.475,85.2025,0.225,170.895,0.0,0.0,25.16,740.0825,
2023-08-13 16:00:00,38.2675,65.855,4.6525,7.130000000000001,11.78,10.844999999999999,17.285,0.2,,0.12,,,,0.0825,0.03,29.552500000000002,87.61500000000001,0.075,93.205,0.0,0.0,33.9875,740.0875,
2023-08-13 17:00:00,41.4825,65.525,4.43,6.7875,11.215,10.825,16.9525,0.20750000000000002,,0.1275,,,,0.08499999999999999,0.0325,29.04,89.2925,0.1475,124.07000000000001,0.0,0.0,12.54,740.4399999999999,
2023-08-13 18:00:00,36.089999999999996,65.945,4.6725,7.16,11.8275,10.817499999999999,16.7875,0.225,,0.1375,,,,0.095,0.04,27.74,93.235,0.14500000000000002,128.27,0.0,0.0,2.6399999999999997,740.8775,
2023-08-13 19:00:00,46.1225,77.185,4.88,7.475,12.352500000000001,10.8975,17.21,0.2425,,0.14750000000000002,,,,0.10250000000000001,0.04,27.21,95.0875,0.14250000000000002,121.2375,0.0,0.0,,741.2,
2023-08-13 20:00:00,43.6075,75.6325,4.7325,7.2524999999999995,11.9825,10.927499999999998,16.6975,0.2675,,0.165,,,,0.11,0.04,27.11,96.6325,0.19,137.26749999999998,0.0,0.0,,741.64,
2023-08-13 21:00:00,43.9825,73.68,4.6825,7.1775,11.8575,10.8775,16.9675,0.265,,0.1625,,,,0.11,0.04,27.3375,96.3175,0.175,142.4475,0.0,0.0,,741.975,
2023-08-13 22:00:00,42.839999999999996,69.0075,4.4025,6.7475000000000005,11.1525,10.8475,16.2425,0.2725,,0.165,,,,0.11,0.04,27.009999999999998,96.91,0.1075,96.6675,0.0,0.0,,742.1800000000001,
2023-08-13 23:00:00,37.11,52.129999999999995,5.0075,7.672499999999999,12.6775,10.935,16.5975,0.2575,,0.15250000000000002,,,,0.10500000000000001,0.04,26.7775,96.345,0.26,167.5825,0.0,0.0,,742.2275,
2023-08-14 00:00:00,30.3275,49.1325,4.4350000000000005,6.797499999999999,11.235,10.8825,16.2625,0.2225,,0.1375,,,,0.095,0.0375,26.92,94.28999999999999,0.33,201.675,0.0,0.0,,742.2875,
2023-08-14 01:00:00,30.2925,40.34,4.380000000000001,6.7125,11.09,10.94,16.4525,0.1975,,0.12,,,,0.0825,0.03,26.7075,93.66499999999999,0.3075,171.0875,0.0,0.0,,742.1875,
2023-08-14 02:00:00,32.7175,34.037499999999994,4.4675,6.845000000000001,11.31,10.91,15.98,0.19,,0.1175,,,,0.08,0.0325,26.54,95.345,0.20500000000000002,196.9,0.0,0.0,,741.86,
2023-08-14 03:00:00,28.8475,34.400000000000006,4.5600000000000005,6.9875,11.545,10.8775,16.1875,0.1875,,0.1125,,,,0.0775,0.0325,26.4825,96.39750000000001,0.165,166.89249999999998,0.0,0.0,,741.7774999999999,
2023-08-14 04:00:00,22.32,27.5275,4.76,7.300000000000001,12.06,10.98,16.4575,0.165,,0.0975,,,,0.0675,0.025,26.2525,97.63499999999999,0.225,158.005,0.0675,0.0675,,741.9225,
2023-08-14 05:00:00,28.9625,31.3975,4.635,7.102499999999999,11.7375,10.870000000000001,16.4525,0.1475,,0.0875,,,,0.06,0.0225,25.79,99.47749999999999,0.20500000000000002,146.57,0.10750000000000001,0.10750000000000001,,742.16,
2023-08-14 06:00:00,24.7525,32.1875,4.92,7.547499999999999,12.4675,10.945,16.5225,0.165,,0.1,,,,0.0675,0.0275,25.9875,99.995,0.1775,168.83499999999998,0.005,0.005,4.61,742.565,
2023-08-14 07:00:00,30.3,28.22,5.3774999999999995,8.245,13.6225,10.969999999999999,16.729999999999997,0.175,,0.1075,,,,0.07,0.03,27.0025,100.0,0.2525,202.68,0.0,0.0,38.2525,743.085,
2023-08-14 08:00:00,32.2325,48.7625,4.955,7.595,12.55,10.925,16.37,0.1925,,0.1125,,,,0.08,0.03,28.490000000000002,95.4275,0.2375,196.17000000000002,0.0,0.0,78.13250000000001,743.5775,
2023-08-14 09:00:00,38.2,39.47,5.2725,8.0825,13.355,11.01,16.1425,0.2,,0.12,,,,0.08,0.03,30.9175,83.565,0.325,246.2775,0.0,0.0,128.77499999999998,743.7825,
2023-08-14 10:00:00,45.45,48.7175,5.075,7.7775,12.8475,11.0075,16.78,0.2175,65.8,0.1375,,,,0.09,0.0375,33.3275,75.5675,0.39,191.11,0.0,0.0,178.695,743.8575000000001,
2023-08-14 11:00:00,53.7,51.51,5.39,8.26,13.645,11.129999999999999,17.134999999999998,0.235,64.865,0.14,,,,0.0975,0.04,35.005,69.69749999999999,0.3525,219.8125,0.0,0.0,217.735,743.6525,
2023-08-14 12:00:00,50.902499999999996,65.935,5.6625,8.6775,14.34,11.145,17.5625,0.26,60.120000000000005,0.155,,,,0.1075,0.04,36.8775,64.505,0.365,192.255,0.0,0.0,220.54,743.2975,
2023-08-14 13:00:00,50.8975,67.62,5.4275,8.3225,13.7475,11.1425,18.0575,0.22749999999999998,50.875,0.1375,,,,0.0925,0.0375,33.65,74.58,0.4375,204.0675,0.16,0.16,65.6425,742.8325,
2023-08-14 14:00:00,47.71,61.25,5.13,7.8625,12.99,11.0825,17.5775,0.18,44.215,0.11,,,,0.07,0.03,27.0425,96.49249999999999,0.515,208.335,3.52,3.52,99.3125,742.1875,
2023-08-14 15:00:00,34.870000000000005,36.3975,4.905,7.512499999999999,12.3725,11.0,17.85,0.1975,63.9675,0.12,,,,0.0775,0.03,33.1025,86.3075,0.295,228.175,0.425,0.425,107.1375,741.66,
2023-08-14 16:00:00,37.0925,44.6075,4.58,7.015000000000001,11.594999999999999,10.905,17.9275,0.17250000000000001,67.425,0.10500000000000001,,,,0.07,0.03,26.75,92.83250000000001,0.57,191.6075,2.0825,2.0825,5.695,741.6825,
2023-08-14 17:00:00,24.085,28.49,4.635,7.0975,11.73,10.975,18.355,0.1525,47.44,0.09,,,,0.06,0.0225,25.6625,99.545,0.26,174.89249999999998,1.7625,1.7625,9.9025,741.48,
2023-08-14 18:00:00,17.14,22.055,4.84,7.4175,12.26,10.93,19.26,0.1275,59.879999999999995,0.0825,,,,0.052500000000000005,0.02,25.86,100.0,0.2225,173.7775,0.0,0.0,2.9600000000000004,741.6324999999999,
2023-08-14 19:00:00,21.475,26.95,4.84,7.4125,12.252500000000001,11.045,18.4075,0.125,94.6325,0.08,,,,0.055,0.02,25.6675,100.0,0.2025,172.2875,0.0,0.0,,742.0550000000001,
2023-08-14 20:00:00,19.3,23.015,5.0075,7.675000000000001,12.682500000000001,10.98,19.1425,0.16,90.33,0.095,,,,0.065,0.025,25.44,100.0,0.2,176.89249999999998,0.0,0.0,,742.38,
2023-08-14 21:00:00,27.612499999999997,31.25,4.9,7.67,12.68,11.0625,18.2575,0.18,,0.11,,,,0.07500000000000001,0.03,25.4325,100.0,0.215,207.925,0.0,0.0,,742.66,
2023-08-14 22:00:00,,,4.885,7.485,12.375,10.985,18.1825,0.2175,,0.1275,,,,0.0875,0.035,25.3325,100.0,0.24,216.0225,0.0,0.0,,742.8399999999999,
2023-08-14 23:00:00,29.8,29.92,5.1125,7.8325000000000005,12.9425,11.07,17.78,0.28,,0.1675,,,,0.1125,0.045,25.6375,100.0,0.225,182.835,0.0,0.0,,742.7775,
2023-08-15 00:00:00,35.1025,36.39,5.5425,8.4925,14.0325,11.0275,17.8325,0.3625,,0.22,,,,0.1475,0.057499999999999996,25.895,100.0,0.26,202.75,0.005,0.005,,742.7,
2023-08-15 01:00:00,,,5.58,8.5525,14.129999999999999,10.9775,17.285,0.405,,0.2425,,,,0.1625,0.065,25.8925,100.0,0.1875,181.5975,0.024999999999999998,0.024999999999999998,,742.415,
2023-08-15 02:00:00,35.035,39.707499999999996,5.2475000000000005,8.045,13.2925,11.2125,17.22,0.4325,,0.26,,,,0.17250000000000001,0.07,25.5925,100.0,0.16,209.9,0.0,0.0,,742.1375,
2023-08-15 03:00:00,30.65,35.345,5.17,7.922499999999999,13.0175,11.0425,17.695,0.44,,0.2625,,,,0.1775,0.07,25.305,100.0,0.1275,159.785,0.0,0.0,,741.99,
2023-08-15 04:00:00,26.247500000000002,28.0475,4.9525,7.6525,12.5425,10.995,17.64,0.4175,,0.2525,,,,0.17,0.0675,25.115000000000002,100.0,0.1875,207.755,0.0,0.0,,742.0025,
2023-08-15 05:00:00,25.04,28.73,4.95,7.595,12.545,10.985,17.285,0.4,,0.2375,,,,0.16,0.0625,25.0,100.0,0.19,214.0775,0.0,0.0,0.96,742.2125,
2023-08-15 06:00:00,29.5,41.65,4.925,7.55,12.4725,11.0025,17.3,0.37,,0.2225,,,,0.15,0.06,25.66,100.0,0.1475,178.585,0.0,0.0,20.7125,742.665,
2023-08-15 07:00:00,31.6225,33.6175,5.275,8.09,13.365,10.907499999999999,17.5,0.3775,,0.2225,,,,0.1525,0.06,27.2775,100.0,0.14250000000000002,135.2,0.0,0.0,56.495000000000005,742.795,
2023-08-15 08:00:00,47.224999999999994,55.614999999999995,5.3149999999999995,8.15,13.465,11.002500000000001,16.1175,0.395,124.5525,0.2325,,,,0.16,0.06,31.4525,95.4975,0.2925,180.2225,0.0,0.0,222.82,743.0074999999999,
2023-08-15 09:00:00,54.545,76.0575,5.140000000000001,7.8825,13.0225,10.835,16.915,0.385,112.7325,0.2275,,,,0.155,0.06,35.585,69.8275,0.405,205.0075,0.0,0.0,283.0725,743.255,
2023-08-15 10:00:00,45.59,71.845,4.9725,7.57,12.5925,10.88,16.697499999999998,0.3625,113.855,0.2175,,,,0.14750000000000002,0.055,37.43,62.0975,0.40249999999999997,213.15,0.0,0.0,313.745,743.315,
2023-08-15 11:00:00,46.1625,62.29,4.615,7.0725,11.6825,10.775,16.9325,0.32,99.5975,0.195,,,,0.1325,0.052500000000000005,38.205,58.595,0.47,187.4625,0.0,0.0,308.52,743.0925,
2023-08-15 12:00:00,38.0025,57.545,4.945,7.5825,12.525,10.93,16.7825,0.3,101.6125,0.18,,,,0.1225,0.05,37.442499999999995,62.095,0.3575,197.375,0.0,0.0,213.2375,742.6875,
2023-08-15 13:00:00,39.6325,54.9925,4.915,7.535,12.45,10.9,17.0275,0.275,94.47,0.1675,,,,0.11,0.0425,37.9175,61.07,0.355,172.385,0.0,0.0,165.36,742.1625,
2023-08-15 14:00:00,40.182500000000005,55.6425,5.095,7.8100000000000005,12.9025,11.0275,17.5075,0.2525,92.37,0.1525,,,,0.10500000000000001,0.04,34.6125,73.6275,0.26,156.5675,0.0,0.0,77.535,741.42,
2023-08-15 15:00:00,38.464999999999996,50.839999999999996,4.9525,7.595000000000001,12.545,10.8925,17.8325,0.245,107.0875,0.15,,,,0.10250000000000001,0.04,33.565,78.715,0.165,128.1125,0.0125,0.0125,54.2775,740.9275,
2023-08-15 16:00:00,36.760000000000005,54.2675,4.695,7.1925,11.8875,10.8825,17.747500000000002,0.23249999999999998,106.9725,0.14250000000000002,,,,0.095,0.0375,32.3625,82.1725,0.195,158.855,0.0075,0.0075,28.497500000000002,740.7075,
2023-08-15 17:00:00,44.51,55.5475,4.0600000000000005,6.225,10.2775,10.825,17.68,0.20750000000000002,89.14750000000001,0.125,,,,0.08499999999999999,0.03,28.615000000000002,92.8325,0.5925,208.11749999999998,2.3375,2.3375,2.9450000000000003,740.98,
2023-08-15 18:00:00,36.2175,41.7425,3.9825,6.17,10.192499999999999,10.78,17.53,0.195,108.91666666666667,0.11499999999999999,,,,0.08,0.03,26.5325,99.9,0.275,146.235,6.6925,6.6925,4.233333333333333,741.0550000000001,
2023-08-15 19:00:00,23.1725,25.8975,4.2825,6.61,10.9225,10.8525,17.6125,0.21,,0.13,,,,0.0875,0.0325,26.6125,100.0,0.1725,157.335,0.375,0.375,,741.725,
2023-08-15 20:00:00,,,4.3175,6.615,10.9325,10.807500000000001,17.322499999999998,0.2125,,0.13,,,,0.09,0.0325,26.4025,100.0,0.24,236.245,0.0,0.0,,742.135,
2023-08-15 21:00:00,,,4.035,6.1825,10.2175,10.754999999999999,17.025,0.215,,0.135,,,,0.09,0.035,26.2075,100.0,0.2225,223.6975,0.0,0.0,,742.385,
2023-08-15 22:00:00,22.5925,23.345,4.2125,6.46,10.6725,10.85,16.875,0.2175,,0.1325,,,,0.0925,0.0375,26.095,100.0,0.1925,160.865,0.0,0.0,,742.27,
2023-08-15 23:00:00,21.642500000000002,25.5575,4.255,6.5600000000000005,10.7725,10.77,17.32,0.22749999999999998,,0.135,,,,0.095,0.0375,26.0475,100.0,0.1775,186.1925,0.0,0.0,,742.2674999999999,
2023-08-16 00:00:00,25.494999999999997,25.21,4.9750000000000005,7.625,12.6,10.8125,17.689999999999998,0.285,,0.165,,,,0.1175,0.045,26.055,100.0,0.20750000000000002,219.68,0.0,0.0,,742.1724999999999,
2023-08-16 01:00:00,27.3475,31.805,5.0725,7.7775,12.844999999999999,11.0,17.2825,0.33,,0.1975,,,,0.1325,0.05,26.035,100.0,0.1275,183.4975,0.0,0.0,,742.0675,
2023-08-16 02:00:00,29.8175,32.455,4.9,7.505,12.4075,10.912500000000001,17.055,0.37,,0.22,,,,0.15,0.057499999999999996,25.9075,100.0,0.135,163.665,0.0,0.0,,741.835,
2023-08-16 03:00:00,24.9825,28.535,5.2825,8.0975,13.3825,11.06,17.0325,0.4075,,0.245,,,,0.165,0.065,25.82,100.0,0.1575,198.79250000000002,0.0,0.0,,741.5925,
2023-08-16 04:00:00,30.54,30.87,5.0925,7.8,12.89,11.0375,17.2875,0.445,,0.2675,,,,0.18,0.07,25.805,100.0,0.1225,144.715,0.0,0.0,,741.7175,
2023-08-16 05:00:00,25.6175,28.57,5.0825,7.79,12.8775,11.0125,17.3975,0.4675,,0.28500000000000003,,,,0.19,0.07250000000000001,25.79,100.0,0.1575,176.0975,0.0,0.0,0.57,741.8725,
2023-08-16 06:00:00,31.16,31.33,4.95,7.5875,12.5375,10.97,17.495,0.4775,,0.28500000000000003,,,,0.1925,0.0775,26.3825,100.0,0.135,158.14499999999998,0.0,0.0,14.530000000000001,742.215,
2023-08-16 07:00:00,31.9225,34.0225,4.74,7.265,12.004999999999999,11.03,17.2,0.45,,0.2725,,,,0.185,0.07250000000000001,27.785,100.0,0.245,157.1625,0.0,0.0,51.815,742.4575,
2023-08-16 08:00:00,37.975,46.0575,4.3875,6.7275,11.1175,10.895,16.7925,0.42,,0.2525,,,,0.17,0.065,31.405,96.01,0.28250000000000003,174.6575,0.0,0.0,228.8975,742.7975,
2023-08-16 09:00:00,39.839999999999996,55.1775,4.3375,6.6525,10.9875,10.745000000000001,15.864999999999998,0.3875,,0.2275,,,,0.155,0.0625,36.445,69.055,0.3825,207.19,0.0,0.0,283.15,742.9825,
2023-08-16 10:00:00,42.214999999999996,62.144999999999996,4.3575,6.6775,11.032499999999999,10.8025,16.5025,0.2825,80.055,0.1675,,,,0.115,0.0475,38.0075,62.75,0.4375,207.56,0.0,0.0,301.2525,742.9200000000001,
2023-08-16 11:00:00,43.650000000000006,62.14,4.9225,7.5425,12.46,10.79,17.75,0.19,66.08,0.11499999999999999,,,,0.0775,0.03,38.16,61.8425,0.315,175.845,0.0,0.0,221.0075,742.5799999999999,
2023-08-16 12:00:00,48.135,58.195,4.9125,7.535,12.4475,11.015,17.5325,0.1675,47.94,0.1,,,,0.0675,0.025,38.8025,59.4275,0.525,226.165,0.0,0.0,288.3725,742.105,
2023-08-16 13:00:00,49.167500000000004,59.525,4.4325,6.795,11.225,10.9425,14.395,0.135,46.955,0.0825,,,,0.0575,0.0225,39.155,57.175,0.5975,229.34,0.0,0.0,239.67249999999999,741.5575,
2023-08-16 14:00:00,46.402499999999996,65.24000000000001,4.7675,7.305,12.07,10.98,13.9775,0.1225,40.09,0.07,,,,0.0525,0.0175,38.519999999999996,60.34,0.47250000000000003,202.60750000000002,0.0,0.0,176.33249999999998,740.765,
2023-08-16 15:00:00,45.24,60.455,4.4175,6.7675,11.18,10.955,14.02,0.11,180.81,0.07,,,,0.0475,0.02,38.66,59.095,0.495,209.795,0.0,0.0,173.2225,739.9225,
2023-08-16 16:00:00,38.2575,56.9925,4.5649999999999995,7.005,11.5675,11.0875,15.1925,0.11499999999999999,70.855,0.07250000000000001,,,,0.0475,0.02,35.535,70.055,0.4525,209.96,0.0,0.0,69.63,739.54,
2023-08-16 17:00:00,45.6175,65.1425,4.175,6.4,10.5725,11.045,13.5875,0.11,73.18,0.07,,,,0.045,0.02,33.925,74.3625,0.38,175.98250000000002,0.0,0.0,40.23,739.53,
2023-08-16 18:00:00,43.335,63.9975,4.3100000000000005,6.6049999999999995,10.915,10.8325,12.055,0.1125,102.5075,0.07250000000000001,,,,0.0475,0.02,31.225,82.72,0.2875,158.8475,0.0,0.0,6.415,739.9075,
2023-08-16 19:00:00,47.635,66.05,4.445,6.815,11.2575,10.795,11.575,0.14500000000000002,122.67750000000001,0.0875,,,,0.06,0.0225,29.752499999999998,88.03999999999999,0.28250000000000003,163.285,0.0,0.0,,740.375,
2023-08-16 20:00:00,48.75,64.6775,4.675,7.165,11.844999999999999,10.79,11.5175,0.195,138.015,0.12,,,,0.0825,0.0325,28.932499999999997,92.1725,0.3475,169.91,0.0,0.0,,740.9625,
2023-08-16 21:00:00,47.6425,67.92,4.9425,7.577500000000001,12.52,10.7425,12.19,0.23249999999999998,,0.14,,,,0.095,0.04,29.295,88.7525,0.3825,191.51999999999998,0.0,0.0,,741.4175,
2023-08-16 22:00:00,52.0475,71.36250000000001,4.6000000000000005,7.0525,11.6525,10.78,11.235,0.22,,0.1375,,,,0.09,0.0375,29.1675,89.39,0.395,175.3,0.0,0.0,,741.395,
2023-08-16 23:00:00,47.4625,65.72749999999999,4.485,6.875,11.3575,10.67,11.8025,0.21,,0.1275,,,,0.08499999999999999,0.03,29.0725,89.73750000000001,0.46,204.9125,0.0,0.0,,741.2825,
2023-08-17 00:00:00,45.275000000000006,60.940000000000005,4.275,6.555,10.83,10.6725,11.6075,0.195,,0.11499999999999999,,,,0.08,0.03,28.56,92.2025,0.3425,168.75,0.0,0.0,,740.9675,
2023-08-17 01:00:00,48.3825,62.9,3.9725,6.095,10.067499999999999,10.7075,11.842500000000001,0.1825,,0.11,,,,0.07500000000000001,0.03,28.5175,91.5425,0.40499999999999997,189.23000000000002,0.0,0.0,,740.835,
2023-08-17 02:00:00,51.0075,61.505,4.0075,6.1425,10.147499999999999,10.655,11.387500000000001,0.16999999999999998,,0.10500000000000001,,,,0.07,0.03,28.3975,91.195,0.3925,216.8425,0.0,0.0,,740.8375,
2023-08-17 03:00:00,44.3,53.745000000000005,3.7325,5.7225,9.4525,10.6175,12.155,0.1675,,0.10250000000000001,,,,0.07,0.03,28.122500000000002,92.7775,0.35750000000000004,180.305,0.0,0.0,,740.78,
2023-08-17 04:00:00,44.1075,60.760000000000005,3.8625000000000003,5.925,9.785,10.5025,11.55,0.1575,,0.095,,,,0.065,0.025,27.8325,94.9825,0.335,187.1725,0.0,0.0,,740.725,
2023-08-17 05:00:00,45.739999999999995,58.2425,3.9475,6.05,9.997499999999999,10.585,11.285,0.1575,,0.095,,,,0.065,0.025,27.835,95.2775,0.31,176.3425,0.0,0.0,0.54,740.9749999999999,
2023-08-17 06:00:00,38.567499999999995,63.472500000000004,4.045,6.1975,10.2425,10.6375,11.0,0.1575,,0.0975,,,,0.065,0.025,28.23,94.385,0.4175,195.7325,0.0,0.0,14.2725,741.4125,
2023-08-17 07:00:00,46.785000000000004,63.4975,4.215,6.4575000000000005,10.6725,10.7275,11.095,0.1775,,0.1075,,,,0.07,0.03,29.5975,89.2175,0.48,213.7525,0.0,0.0,47.965,741.995,
2023-08-17 08:00:00,48.6425,78.985,4.3325000000000005,6.6375,10.967500000000001,10.7,11.155,0.185,145.83,0.11,,,,0.0775,0.03,31.3425,84.005,0.375,202.6675,0.0,0.0,84.88,742.475,
2023-08-17 09:00:00,42.905,79.39750000000001,4.3525,6.6725,11.025,10.59,10.8975,0.1875,125.02000000000001,0.1125,,,,0.0775,0.03,33.0525,78.6975,0.3125,203.0075,0.0,0.0,107.9625,742.5725,
2023-08-17 10:00:00,51.375,87.335,4.395,6.7425,11.1375,10.77,12.1225,0.2,125.69999999999999,0.12,,,,0.0825,0.03,35.307500000000005,72.1275,0.37,229.625,0.0,0.0,173.76999999999998,742.7125,
2023-08-17 11:00:00,49.0,98.86500000000001,4.4575,6.8325000000000005,11.29,10.75,11.705,0.2,121.94500000000001,0.12,,,,0.08499999999999999,0.03,36.475,68.7575,0.3225,191.2725,0.0,0.0,167.02,742.5725,
2023-08-17 12:00:00,51.9925,103.88250000000001,4.625,7.085,11.7175,11.0775,11.2175,0.2,126.0625,0.12,,,,0.0825,0.03,36.95,68.13,0.2625,173.89,0.0,0.0,156.6525,741.9725000000001,
2023-08-17 13:00:00,57.5,105.06,4.4375,6.805,11.24,10.969999999999999,11.5725,0.1925,124.215,0.12,,,,0.08,0.03,37.885,65.8075,0.3275,266.4175,0.0,0.0,196.495,741.215,
2023-08-17 14:00:00,60.31,105.465,4.3225,6.63,10.9525,10.9575,11.4025,0.18,115.38,0.1125,,,,0.07500000000000001,0.03,35.775,66.1825,0.575,227.1375,0.0,0.0,179.63,740.8625,
2023-08-17 15:00:00,44.1025,70.23500000000001,4.0225,6.1675,10.19,10.9025,11.54,0.16,100.5,0.095,,,,0.065,0.025,30.18,81.2275,0.4675,191.5625,0.0,0.0,40.7275,740.5450000000001,
2023-08-17 16:00:00,27.009999999999998,39.26,3.9074999999999998,5.987500000000001,9.8875,10.5775,11.23,0.15250000000000002,101.27250000000001,0.0925,,,,0.065,0.025,28.07,91.39750000000001,0.22,179.555,0.0,0.0,0.8724999999999999,740.4175,
2023-08-17 17:00:00,26.11,30.8525,4.0600000000000005,6.225,10.2875,10.67,11.42,0.16,92.3075,0.1,,,,0.0675,0.0275,27.505,94.00999999999999,0.185,151.3625,0.0175,0.0175,0.9433333333333334,740.5550000000001,
2023-08-17 18:00:00,34.489999999999995,39.2025,5.0125,7.675,12.685,10.7125,11.5725,0.2175,81.6,0.1325,,,,0.0925,0.035,27.185000000000002,97.22999999999999,0.2575,167.76999999999998,0.0675,0.0675,,740.99,
2023-08-17 19:00:00,37.885,40.754999999999995,6.2175,9.524999999999999,15.739999999999998,10.75,11.7575,0.305,86.9325,0.1825,,,,0.125,0.0475,26.9775,98.89,0.2525,196.4375,0.0975,0.0975,,741.38,
2023-08-17 20:00:00,36.7475,51.5425,6.7575,10.36,17.115,10.79,11.66,0.37,69.3125,0.2175,,,,0.1525,0.06,26.942500000000003,99.81,0.3125,210.135,0.0075,0.0075,,741.665,
2023-08-17 21:00:00,40.652499999999996,51.94,5.505,8.44,13.942499999999999,10.8525,11.465,0.35250000000000004,104.0525,0.21000000000000002,,,,0.14250000000000002,0.055,26.875,99.9975,0.185,165.5525,0.0,0.0,,742.1425,
2023-08-17 22:00:00,40.51,52.510000000000005,5.654999999999999,8.662500000000001,14.315,10.8775,11.825,0.39,112.455,0.23,,,,0.1575,0.06,26.9125,100.0,0.245,195.4175,0.0,0.0,,741.9575,
2023-08-17 23:00:00,49.3725,57.69,5.1375,7.8725000000000005,13.012500000000001,10.805,11.7025,0.355,113.6125,0.2125,,,,0.145,0.057499999999999996,26.995,100.0,0.2225,172.53,0.0,0.0,,741.975,
2023-08-18 00:00:00,43.32,51.230000000000004,4.8125,7.345000000000001,12.1875,10.7575,11.6975,0.3375,101.9375,0.2,,,,0.1375,0.052500000000000005,27.01,100.0,0.235,195.235,0.0,0.0,,741.925,
2023-08-18 01:00:00,41.7475,51.087500000000006,4.775,7.315,12.09,10.7075,11.9825,0.3275,114.9575,0.195,,,,0.1325,0.052500000000000005,26.927500000000002,100.0,0.2025,189.49,0.0,0.0,,741.6275,
2023-08-18 02:00:00,41.41,46.3275,4.6025,7.055,11.6625,10.6975,11.9975,0.31,123.295,0.1875,,,,0.1275,0.0475,26.795,100.0,0.185,182.26999999999998,0.0,0.0,,741.1825,
2023-08-18 03:00:00,43.135000000000005,48.445,4.415,6.7675,11.1825,10.72,12.155,0.2975,124.43,0.1775,,,,0.12,0.045,26.9125,100.0,0.155,136.4825,0.0,0.0,,740.8299999999999,
2023-08-18 04:00:00,40.402499999999996,48.6175,4.305,6.595,10.9,10.692499999999999,11.8,0.2725,110.795,0.1675,,,,0.1125,0.0425,27.0675,100.0,0.21000000000000002,185.6625,0.0,0.0,,740.605,
2023-08-18 05:00:00,39.01,40.17,4.2075,6.449999999999999,10.655,10.6425,11.307500000000001,0.2625,113.005,0.16,,,,0.10500000000000001,0.0425,27.0775,100.0,0.1925,148.89499999999998,0.075,0.075,,740.75,
2023-08-18 06:00:00,40.44,44.584999999999994,4.0425,6.1925,10.2325,10.6875,11.3125,0.26,115.6425,0.155,,,,0.10500000000000001,0.04,27.88,100.0,0.2575,190.45,0.8674999999999999,0.8674999999999999,45.3825,741.065,
2023-08-18 07:00:00,43.16,48.45,5.0600000000000005,7.755,12.815,10.8925,11.4275,0.2675,136.1625,0.165,,,,0.11,0.04,29.195,99.94,0.3025,215.8075,0.0225,0.0225,73.715,741.6775,
2023-08-18 08:00:00,47.35,52.875,5.085,7.795,12.879999999999999,10.682500000000001,11.725,0.2725,133.63333333333333,0.165,,,,0.11499999999999999,0.0425,29.21,98.405,0.2925,192.52,0.0,0.0,26.7275,742.21,
2023-08-18 09:00:00,47.7,51.565,4.5425,6.9625,11.5075,10.795,12.35,0.2575,,0.1575,,,,0.1075,0.04,27.8,97.545,0.4775,208.81,0.0125,0.0125,13.920000000000002,742.5875,
2023-08-18 10:00:00,,,4.88,7.48,12.3625,10.7525,11.4925,0.265,,0.165,,,,0.1075,0.04,29.4925,92.2975,0.5375,214.12,0.017499999999999998,0.017499999999999998,74.605,742.4825,
2023-08-18 11:00:00,,,4.25,6.5125,10.7625,10.73,11.83,0.2625,,0.16,,,,0.11,0.04,33.9675,74.91,0.5175,228.4025,0.0,0.0,303.4675,742.3325,
2023-08-18 12:00:00,12.817499999999999,25.5,4.495,6.8875,11.379999999999999,10.8,11.735,0.255,,0.1525,,,,0.10500000000000001,0.04,37.5975,63.7025,0.4925,230.56,0.0,0.0,305.01,741.85,
2023-08-18 13:00:00,36.9825,42.802499999999995,4.495,6.8875,11.3825,10.835,11.2225,0.2425,,0.15,,,,0.1,0.04,38.5475,62.495000000000005,0.4625,200.01,0.0,0.0,252.7625,741.1,
2023-08-18 14:00:00,46.0975,66.30250000000001,4.5,6.8925,11.39,10.9275,11.3275,0.2175,,0.1325,,,,0.0925,0.0325,38.4525,63.097500000000004,0.48500000000000004,196.42249999999999,0.0,0.0,225.825,740.255,
2023-08-18 15:00:00,43.54,64.14750000000001,4.5625,6.995,11.557500000000001,10.875,15.41,0.135,53.79333333333333,0.08499999999999999,,,,0.057499999999999996,0.02,37.8625,63.5225,0.4875,213.155,0.0,0.0,151.67499999999998,739.735,
2023-08-18 16:00:00,46.1975,53.4325,4.325,6.6325,10.955,10.895,19.1725,0.1225,34.5925,0.08,,,,0.052500000000000005,0.02,34.2625,76.1725,0.37,190.8875,0.0,0.0,50.3575,739.445,
2023-08-18 17:00:00,46.4,55.76,3.7575,5.755,9.51,10.77,18.05,0.1275,48.7925,0.0775,,,,0.052500000000000005,0.02,32.925,80.8575,0.27,187.3975,0.0,0.0,28.0475,739.9525,
2023-08-18 18:00:00,57.04,64.89,4.0675,6.24,10.305,11.075,14.497499999999999,0.14500000000000002,90.7975,0.0825,,,,0.06,0.02,30.365000000000002,89.975,0.10250000000000001,101.8275,0.0,0.0,2.255,740.2825,
2023-08-18 19:00:00,64.92750000000001,68.9675,3.8475,5.8975,9.7425,10.8275,13.9325,0.1525,111.1275,0.0925,,,,0.0625,0.0225,29.095,95.7825,0.145,163.435,0.0,0.0,,740.3824999999999,
2023-08-18 20:00:00,60.667500000000004,63.1975,3.81,5.842499999999999,9.6475,10.775,13.9275,0.165,106.7075,0.10250000000000001,,,,0.07,0.03,28.634999999999998,98.495,0.10250000000000001,143.0025,0.0,0.0,,741.2775,
2023-08-18 21:00:00,,,3.835,5.885,9.7175,10.825,13.7675,0.19,123.905,0.11499999999999999,,,,0.08,0.03,28.4375,99.36500000000001,0.060000000000000005,78.5675,0.0,0.0,,741.7125,
2023-08-18 22:00:00,64.41999999999999,70.25,4.0425,6.195,10.235,10.7925,13.7625,0.225,127.7175,0.135,,,,0.0925,0.035,28.3,99.88,0.1575,138.6125,0.0,0.0,,741.92,
2023-08-18 23:00:00,58.14,72.5975,4.0649999999999995,6.23,10.29,10.675,13.350000000000001,0.24,120.02250000000001,0.14,,,,0.1,0.04,28.5575,99.97749999999999,0.245,185.4175,0.0,0.0,,741.7975,
2023-08-19 00:00:00,52.79,65.0525,3.8225,5.8625,9.6825,10.735,13.1325,0.24,119.71000000000001,0.14,,,,0.0975,0.04,28.6625,98.985,0.27249999999999996,194.8125,0.0,0.0,,741.46,
2023-08-19 01:00:00,56.4575,64.0275,4.0,6.13,10.125,10.775,13.3375,0.2375,123.00999999999999,0.14500000000000002,,,,0.095,0.04,28.575,98.385,0.2175,175.735,0.0,0.0,,741.3625000000001,
2023-08-19 02:00:00,47.825,58.097500000000004,3.6399999999999997,5.5775,9.215,10.6375,13.2825,0.2375,136.4675,0.1475,,,,0.0975,0.04,28.1875,99.24249999999999,0.245,221.355,0.0,0.0,,741.1775,
2023-08-19 03:00:00,40.75,44.275000000000006,3.8075,5.8375,9.64,10.7325,13.32,0.235,118.005,0.14250000000000002,,,,0.0975,0.04,28.0475,99.945,0.2675,219.0375,0.0,0.0,,741.165,
2023-08-19 04:00:00,40.0175,50.9825,3.71,5.69,9.3975,10.71,13.1075,0.235,127.5525,0.14250000000000002,,,,0.0975,0.0375,27.865000000000002,99.755,0.245,180.29000000000002,0.0,0.0,,741.0875,
2023-08-19 05:00:00,45.69,46.91,3.6574999999999998,5.6075,9.265,10.6875,13.024999999999999,0.22749999999999998,111.3125,0.135,,,,0.095,0.0375,27.555,99.97749999999999,0.3125,185.515,0.0,0.0,1.36,741.27,
2023-08-19 06:00:00,39.2475,40.519999999999996,3.65,5.5925,9.235,10.7175,12.9825,0.22999999999999998,105.3675,0.14,,,,0.095,0.04,27.9425,98.49,0.425,205.345,0.0,0.0,13.4875,741.7574999999999,
2023-08-19 07:00:00,39.8675,41.677499999999995,3.6,5.52,9.115,10.645,13.04,0.235,116.79666666666667,0.14250000000000002,,,,0.095,0.04,29.4675,92.8625,0.695,204.62,0.0,0.0,50.975,741.9475,
2023-08-19 08:00:00,44.8175,45.665,3.315,5.445,8.995000000000001,10.7625,13.605,0.2275,,0.135,,,,0.095,0.0375,31.9975,83.4525,0.495,189.94,0.0,0.0,170.335,742.15,
2023-08-19 09:00:00,42.197500000000005,46.225,3.645,5.59,9.235,10.565,13.56,0.215,,0.135,,,,0.09,0.035,33.79,76.445,0.495,197.8875,0.0,0.0,187.73999999999998,742.205,
2023-08-19 10:00:00,41.81,50.677499999999995,3.7125,5.6899999999999995,9.4,10.6325,13.53,0.20500000000000002,,0.125,,,,0.08499999999999999,0.03,35.332499999999996,70.615,0.6375,212.89,0.0,0.0,216.5875,742.255,
2023-08-19 11:00:00,35.1475,41.7375,3.8825000000000003,5.952500000000001,9.835,10.807500000000001,14.245,0.1525,72.63333333333334,0.0925,,,,0.0625,0.0225,35.435,69.69,0.68,202.9625,0.0,0.0,217.8825,742.0725,
2023-08-19 12:00:00,32.9725,40.2425,3.9074999999999998,5.99,9.8925,10.77,13.545,0.135,84.7075,0.0825,,,,0.057499999999999996,0.02,36.775,65.7325,0.6925,201.0175,0.0,0.0,276.0725,741.8475,
2023-08-19 13:00:00,25.667499999999997,38.725,3.5925000000000002,5.5075,9.095,10.649999999999999,13.9675,0.10250000000000001,71.67,0.06,,,,0.0425,0.0175,37.697500000000005,61.6525,0.6275,179.3,0.0,0.0,246.98499999999999,741.4125,
2023-08-19 14:00:00,27.8175,33.8275,3.665,5.625,9.29,10.5825,13.592500000000001,0.10250000000000001,110.97749999999999,0.0625,,,,0.045,0.0175,37.614999999999995,60.9725,0.685,195.3525,0.0,0.0,204.43,740.8025,
2023-08-19 15:00:00,23.56,31.615,3.595,5.5075,9.1025,10.645,14.185,0.10500000000000001,126.58250000000001,0.065,,,,0.045,0.02,37.932500000000005,60.5025,0.625,194.3375,0.0,0.0,168.32999999999998,740.405,
2023-08-19 16:00:00,23.015,32.927499999999995,3.5250000000000004,5.4075,8.932500000000001,10.6375,14.540000000000001,0.10250000000000001,132.57750000000001,0.0625,,,,0.045,0.0175,34.505,68.58500000000001,0.5175,224.0075,0.0,0.0,49.575,740.0925,
2023-08-19 17:00:00,20.59,24.86,3.3275,5.0975,8.425,10.5375,14.4775,0.10250000000000001,140.66,0.0625,,,,0.0425,0.02,32.4775,74.61,0.5075,214.4025,0.0175,0.0175,17.3675,740.0425,
2023-08-19 18:00:00,26.865000000000002,32.68,3.7525,5.7525,9.5075,10.6425,14.4725,0.1175,150.1525,0.07250000000000001,,,,0.052500000000000005,0.02,30.83,81.505,0.295,182.18,0.0025,0.0025,2.5433333333333334,740.3199999999999,
2023-08-19 19:00:00,27.68,42.425,4.12,6.3149999999999995,10.432500000000001,10.709999999999999,14.3125,0.135,158.26,0.085,,,,0.057499999999999996,0.02,29.1075,89.99,0.19,173.1575,0.0,0.0,,740.5325,
2023-08-19 20:00:00,27.8925,41.85,4.5675,7.0,11.567499999999999,10.425,14.34,0.1675,160.48250000000002,0.10500000000000001,,,,0.07,0.03,28.509999999999998,93.655,0.195,194.415,0.0,0.0,,741.2425,
2023-08-19 21:00:00,34.36,49.97,4.035,6.1825,10.215,10.6325,14.2525,0.175,160.735,0.1075,,,,0.07250000000000001,0.03,27.97,96.25,0.1875,178.165,0.0,0.0,,741.71,
2023-08-19 22:00:00,32.0,42.945,3.8674999999999997,5.925,9.7925,10.64,14.2275,0.185,159.55,0.1125,,,,0.07500000000000001,0.03,27.5775,97.9825,0.1375,147.12,0.0,0.0,,742.0475,
2023-08-19 23:00:00,36.1425,37.425,4.015000000000001,6.154999999999999,10.1675,10.63,13.834999999999999,0.185,,0.11,,,,0.07500000000000001,0.03,27.5,98.7225,0.14500000000000002,137.31,0.0,0.0,,741.975,
2023-08-20 00:00:00,34.4675,45.012499999999996,3.7800000000000002,5.7975,9.5725,10.5825,13.8825,0.18,,0.11,,,,0.0775,0.03,27.5675,98.31,0.21000000000000002,168.08499999999998,0.0,0.0,,741.83,
2023-08-20 01:00:00,36.43,43.1625,3.735,5.7275,9.46,10.5875,13.9175,0.18,,0.11,,,,0.07500000000000001,0.03,27.5975,97.57,0.2575,176.45,0.0,0.0,,741.68,
2023-08-20 02:00:00,38.7175,42.03,3.645,5.5875,9.227500000000001,10.537500000000001,14.05,0.16749999999999998,,0.1025,,,,0.07,0.025,27.9775,95.35249999999999,0.2325,200.39499999999998,0.0,0.0,,741.3175,
2023-08-20 03:00:00,33.69,38.7875,3.685,5.65,9.3275,10.6075,13.8225,0.1625,,0.1,,,,0.065,0.025,27.8675,94.455,0.2425,181.9375,0.0,0.0,,741.2950000000001,
2023-08-20 04:00:00,34.9475,38.43,3.5875,5.5,9.0875,10.585,13.557500000000001,0.16,,0.095,,,,0.0675,0.025,27.41,96.08,0.255,195.54000000000002,0.0,0.0,,741.625,
2023-08-20 05:00:00,28.54,40.879999999999995,3.38,5.1825,8.56,10.6225,13.940000000000001,0.1575,,0.09,,,,0.065,0.025,27.345,96.565,0.2875,188.8225,0.0,0.0,0.37,741.9675,
2023-08-20 06:00:00,31.73,32.73,3.595,5.51,9.1,10.6075,13.5575,0.155,,0.095,,,,0.065,0.0225,28.0775,95.0375,0.36,167.8675,0.0,0.0,15.855,742.4325,
2023-08-20 07:00:00,27.0925,40.955,3.625,5.5575,9.1775,10.6475,14.0025,0.155,,0.0975,,,,0.065,0.025,29.4975,90.34,0.535,204.905,0.0,0.0,59.802499999999995,742.8175,
2023-08-20 08:00:00,39.5325,44.337500000000006,3.6125,5.5375,9.15,10.530000000000001,13.862499999999999,0.1575,,0.0975,,,,0.0675,0.0275,32.1875,81.165,0.535,176.8525,0.0,0.0,157.69,742.9575,
2023-08-20 09:00:00,36.335,44.614999999999995,3.3675,5.16,8.5275,10.6075,13.945,0.1575,,0.0975,,,,0.0675,0.0275,33.26,77.6175,0.5725,206.2425,0.0,0.0,153.54500000000002,743.135,
2023-08-20 10:00:00,43.14,43.46,3.4975,5.3625,8.86,10.5375,13.46,0.16,,0.0975,,,,0.0675,0.0275,34.7975,72.475,0.6775,210.39249999999998,0.0,0.0,242.0025,743.1675,
2023-08-20 11:00:00,,,3.38,5.18,8.5575,10.6175,13.6725,0.1575,,0.0975,,,,0.0675,0.025,35.1575,71.135,0.565,231.5875,0.0,0.0,166.355,742.99,
2023-08-20 12:00:00,42.375,51.59,3.35,5.1375,8.49,10.57,13.5225,0.16,,0.095,,,,0.065,0.025,35.4775,71.075,0.6025,207.385,0.0,0.0,172.26,742.72,
2023-08-20 13:00:00,39.5925,47.255,3.4299999999999997,5.26,8.6875,10.645,13.64,0.165,,0.1,,,,0.065,0.025,38.355,62.55,0.545,171.49,0.0,0.0,266.90250000000003,742.2149999999999,
2023-08-20 14:00:00,38.44,42.5,3.7800000000000002,5.7925,9.567499999999999,10.66,13.9125,0.155,,0.095,,,,0.065,0.025,37.63,63.95,0.4675,197.85,0.0,0.0,163.55,741.59,
2023-08-20 15:00:00,38.4,43.97,3.6,5.5175,9.115,10.629999999999999,14.3,0.14750000000000002,,0.0925,,,,0.0625,0.02,36.917500000000004,66.1325,0.4,214.205,0.0,0.0,139.5875,741.0375,
2023-08-20 16:00:00,41.775,46.075,3.5425,5.425,8.967500000000001,10.690000000000001,14.5175,0.14250000000000002,,0.08499999999999999,,,,0.057499999999999996,0.02,35.105,71.22749999999999,0.38,193.9975,0.0,0.0,48.215,740.6875,
2023-08-20 17:00:00,35.052499999999995,45.33,3.705,5.6825,9.3875,10.665000000000001,14.69,0.1325,,0.0825,,,,0.055,0.02,32.715,79.005,0.2875,199.1525,0.0,0.0,20.19,740.5725,
2023-08-20 18:00:00,40.3925,44.1525,3.8274999999999997,5.87,9.695,10.6275,14.805,0.14,,0.09,,,,0.060000000000000005,0.025,30.375,86.01,0.1825,171.4725,0.0,0.0,2.9650000000000003,740.6775,
2023-08-20 19:00:00,41.7575,50.589999999999996,3.9375,6.0375,9.975,10.7375,14.7275,0.15000000000000002,,0.0925,,,,0.065,0.025,28.825,93.8325,0.16,168.415,0.0,0.0,,741.0775,
2023-08-20 20:00:00,43.7275,50.2525,3.9699999999999998,6.085,10.0525,10.64,14.835,0.16749999999999998,,0.1,,,,0.065,0.025,28.475,96.3675,0.19,179.175,0.0,0.0,,741.2525,
2023-08-20 21:00:00,40.9075,45.3125,3.8475,5.895,9.7375,10.6575,14.73,0.18,,0.10500000000000001,,,,0.07500000000000001,0.03,28.3875,96.82,0.14500000000000002,150.8725,0.0,0.0,,741.6925,
2023-08-20 22:00:00,41.185,50.375,3.9475,6.01,9.9275,10.66,14.165,0.1825,,0.11,,,,0.07500000000000001,0.03,27.9675,97.965,0.14500000000000002,184.895,0.0,0.0,,741.8075,
2023-08-20 23:00:00,43.52,44.45,3.78,5.7925,9.567499999999999,10.635,14.6025,0.1875,,0.115,,,,0.08,0.03,27.625,99.25999999999999,0.0425,57.575,0.0,0.0,,741.925,
2023-08-21 00:00:00,35.1325,41.5325,3.6975,5.665,9.3625,10.66,14.7175,0.185,,0.1125,,,,0.07500000000000001,0.03,27.425,99.9,0.0475,64.345,0.0,0.0,,741.62,
2023-08-21 01:00:00,33.74,41.315,3.9,5.98,9.879999999999999,10.52,14.504999999999999,0.185,,0.1125,,,,0.07500000000000001,0.03,27.307499999999997,100.0,0.1,100.2925,0.0,0.0,,741.295,
2023-08-21 02:00:00,41.85,42.12,3.8325,5.875,9.7025,10.66,14.545,0.18,,0.11,,,,0.07500000000000001,0.03,27.302500000000002,100.0,0.125,150.1575,0.0,0.0,,741.185,
2023-08-21 03:00:00,41.6525,42.25,3.755,5.7575,9.51,10.655,14.595,0.1825,,0.1125,,,,0.0775,0.03,27.1925,100.0,0.1175,178.16,0.0,0.0,,740.9375,
2023-08-21 04:00:00,39.57,43.8075,3.715,5.69,9.405,10.59,14.28,0.185,,0.115,,,,0.0775,0.03,26.9975,100.0,0.16,205.1175,0.0,0.0,,740.965,
2023-08-21 05:00:00,35.2475,41.964999999999996,3.5575,5.455,9.015,10.665,14.215,0.1825,,0.11,,,,0.07500000000000001,0.03,26.994999999999997,100.0,0.1575,179.4075,0.0,0.0,2.3800000000000003,741.2225000000001,
2023-08-21 06:00:00,34.715,43.2975,3.885,5.955,9.84,10.645,13.959999999999999,0.19,,0.11499999999999999,,,,0.0775,0.03,27.705,100.0,0.095,137.5075,0.0,0.0,20.044999999999998,741.5375,
2023-08-21 07:00:00,,,4.0625,6.23,10.295,10.585,14.25,0.2,,0.12,,,,0.08,0.03,29.465,97.58500000000001,0.26,178.2975,0.0,0.0,91.88499999999999,741.7674999999999,
2023-08-21 08:00:00,38.0375,60.4125,3.73,5.715,9.44,10.6025,14.2475,0.2025,,0.12,,,,0.08499999999999999,0.03,32.17,82.45,0.2525,171.4875,0.0,0.0,92.21000000000001,742.0225,
2023-08-21 09:00:00,49.3775,62.92,3.855,5.91,9.7625,10.5725,13.6525,0.20750000000000002,,0.1275,,,,0.0875,0.0325,35.6975,71.16,0.35750000000000004,212.3475,0.0,0.0,201.3025,742.3675000000001,
2023-08-21 10:00:00,51.825,60.519999999999996,3.6125,5.5375,9.145,10.715,13.57,0.175,42.325,0.10500000000000001,,,,0.0725,0.0275,35.485,69.49,0.3175,197.385,0.0,0.0,111.45,742.36,
2023-08-21 11:00:00,57.2175,58.2175,3.87,5.9325,9.8,10.74,12.715,0.185,67.53999999999999,0.11,,,,0.07500000000000001,0.03,34.7175,73.66499999999999,0.29,200.7025,0.0,0.0,89.1325,742.11,
2023-08-21 12:00:00,,58.457499999999996,4.04,6.1899999999999995,10.2275,10.7875,11.5325,0.19,75.4,0.11499999999999999,,,,0.07500000000000001,0.03,34.4375,74.1925,0.3275,209.02499999999998,0.0,0.0,85.6575,741.9475,
2023-08-21 13:00:00,,53.295,3.625,5.56,9.182500000000001,10.9125,12.3575,0.1675,65.59,0.0975,,,,0.0675,0.0275,33.3875,79.0375,0.19,141.44,0.0,0.0,60.955,741.49,
2023-08-21 14:00:00,,47.775,3.8525,5.9075,9.7575,10.9175,12.6975,0.19,70.64,0.11499999999999999,,,,0.07500000000000001,0.03,31.62,88.1825,0.235,146.7125,0.005,0.005,46.3975,740.9225,
2023-08-21 15:00:00,,61.135,3.6775,5.635,9.31,10.785,11.765,0.1975,59.965,0.1175,,,,0.08,0.03,31.4775,89.25999999999999,0.2275,172.865,0.0125,0.0125,61.625,740.3325,
2023-08-21 16:00:00,,60.0525,3.67,5.6225000000000005,9.29,10.782499999999999,9.8825,0.2,64.75999999999999,0.12,,,,0.0875,0.03,31.5425,87.4325,0.245,176.0875,0.017499999999999998,0.017499999999999998,47.3475,740.1625,
2023-08-21 17:00:00,,59.37,4.155,6.3675,10.52,10.977500000000001,13.515,0.2175,78.6225,0.1275,,,,0.0925,0.035,30.8525,89.275,0.175,205.54999999999998,0.0,0.0,22.865000000000002,740.3675000000001,
2023-08-21 18:00:00,,,3.785,5.8025,9.585,10.765,13.735,0.2175,75.2925,0.1325,,,,0.0875,0.035,29.7975,92.9975,0.245,214.9775,0.0,0.0,4.733333333333333,740.735,
2023-08-21 19:00:00,,,3.4775,5.3325000000000005,8.807500000000001,10.74,14.3475,0.215,113.7125,0.135,,,,0.09,0.035,28.5225,97.19749999999999,0.11499999999999999,134.695,0.0,0.0,,740.8325,
2023-08-21 20:00:00,,,3.6375,5.5775,9.219999999999999,10.6,14.3125,0.23,121.0275,0.14,,,,0.095,0.0375,28.2425,99.0425,0.24500000000000002,196.385,0.0,0.0,,741.1274999999999,
2023-08-21 21:00:00,,,3.745,5.734999999999999,9.4725,10.7325,14.4775,0.24,123.28333333333335,0.1475,,,,0.0975,0.0375,28.2825,99.4275,0.1725,156.695,0.0,0.0,,741.7275,
2023-08-21 22:00:00,49.9,,3.685,5.6475,9.33,10.6075,14.765,0.2375,,0.14500000000000002,,,,0.1,0.0375,28.2225,99.69999999999999,0.1575,171.78750000000002,0.0,0.0,,741.885,
2023-08-21 23:00:00,49.71,,3.625,5.56,9.1825,10.5,14.6325,0.22749999999999998,2.2750000000000004,0.14,,,,0.0975,0.035,28.177500000000002,99.905,0.13,124.94,0.0,0.0,,741.7075,
2023-08-22 00:00:00,45.0,,3.8525,5.905,9.76,10.6,14.65,0.22999999999999998,2.305,0.14250000000000002,,,,0.0975,0.035,28.155,99.8725,0.1975,222.08749999999998,0.0,0.0,,741.1925,
2023-08-22 01:00:00,36.7,,3.8525,5.9075,9.7575,10.6,14.717500000000001,0.215,1.77,0.1275,,,,0.09,0.035,27.9925,99.715,0.215,202.64,0.0,0.0,,740.8075,
2023-08-22 02:00:00,30.5,,4.2225,6.47,10.69,10.594999999999999,14.7575,0.20750000000000002,0.8,0.125,,,,0.08499999999999999,0.035,27.945,99.255,0.1775,195.35250000000002,0.0,0.0,,740.51,
2023-08-22 03:00:00,34.7,,3.8775,5.9475,9.82,10.5875,14.780000000000001,0.2025,0.91,0.125,,,,0.08499999999999999,0.0325,27.865000000000002,99.5325,0.25,169.42000000000002,0.0,0.0,,740.2575,
2023-08-22 04:00:00,37.9,,3.855,5.9075,9.754999999999999,10.629999999999999,14.8475,0.1975,0.38,0.12,,,,0.0825,0.03,27.805,99.6975,0.12666666666666668,149.14333333333335,0.0,0.0,,739.98,
2023-08-22 05:00:00,24.9,,3.7375,5.725,9.46,10.5825,15.2175,0.1975,0.22,0.1225,,,,0.08,0.03,27.775,99.9975,0.29,238.2,0.0,0.0,0.16,740.0799999999999,
2023-08-22 06:00:00,35.8,,3.9875,6.11,10.094999999999999,10.6,14.342500000000001,0.21250000000000002,,0.13,,,,0.09,0.035,27.9225,100.0,0.1125,135.5275,0.0,0.0,1.2650000000000001,740.44,
2023-08-22 07:00:00,46.5,,3.7925,5.8175,9.6075,10.6075,14.6025,0.2125,,0.1325,,,,0.09,0.0325,28.125,99.97749999999999,0.16749999999999998,181.1925,0.0,0.0,1.69,741.095,
2023-08-22 08:00:00,39.6,,3.7024999999999997,5.675,9.375,10.6175,14.4525,0.2375,,0.14,,,,0.095,0.04,28.1525,99.89750000000001,0.2475,221.0425,0.005,0.005,4.35,741.405,
2023-08-22 09:00:00,34.0,,3.685,5.6475,9.3325,10.629999999999999,14.055,0.2425,,0.1475,,,,0.1,0.04,27.9175,100.0,0.26,172.9025,1.0150000000000001,1.0150000000000001,6.07,741.6,
2023-08-22 10:00:00,36.8,,3.9524999999999997,6.0600000000000005,10.01,10.7075,14.155,0.2475,,0.155,,,,0.10250000000000001,0.04,28.0575,100.0,0.325,203.34,0.925,0.925,51.162499999999994,741.2725,
2023-08-22 11:00:00,29.0,,4.0525,6.215,10.265,10.695,13.9,0.255,,0.155,,,,0.1075,0.04,28.72,98.73750000000001,0.48750000000000004,190.6575,0.08499999999999999,0.08499999999999999,57.885,740.96,
2023-08-22 12:00:00,37.2,,4.38,6.71,11.087499999999999,11.0375,14.575,0.2125,21.815,0.13,,,,0.09,0.03,28.4225,98.6925,0.33,192.93,0.0,0.0,12.355,740.8125,
2023-08-22 13:00:00,38.145,,4.165,6.3825,10.5425,10.8025,11.4175,0.23249999999999998,40.9925,0.14250000000000002,,,,0.095,0.0375,28.252499999999998,98.6375,0.46,213.1525,0.0275,0.0275,10.592500000000001,740.3025,
2023-08-22 14:00:00,35.3,48.3,4.75,7.2775,12.025,10.71,12.8025,0.2575,56.24,0.1575,,,,0.1075,0.04,27.91,99.565,0.305,236.64749999999998,0.3125,0.3125,2.965,740.105,
2023-08-22 15:00:00,24.0225,42.03,4.0075,6.14,10.145,10.9475,13.4275,0.225,56.215,0.135,,,,0.0925,0.0375,26.3275,99.6825,0.375,181.26,0.9225,0.9225,1.3299999999999998,740.115,
2023-08-22 16:00:00,2.63,17.475,3.785,5.8,9.5775,10.805,13.2125,0.195,48.7975,0.12,,,,0.08,0.03,26.185000000000002,100.0,0.2425,179.8125,0.3275,0.3275,14.1625,739.8875,
2023-08-22 17:00:00,,13.825,3.7725,5.785,9.5525,10.7775,14.615,0.15,60.69,0.09,,,,0.06,0.02,26.1125,100.0,0.49000000000000005,214.4625,0.6799999999999999,0.6799999999999999,12.315,739.65,
2023-08-22 18:00:00,10.305,17.215,3.9475,6.0525,10.0,10.7475,13.99,0.155,106.2025,0.0975,,,,0.0675,0.0275,25.435000000000002,100.0,0.45499999999999996,264.33,4.675,4.675,,740.335,
2023-08-22 19:00:00,8.46,12.745000000000001,3.7075,5.6850000000000005,9.3925,10.55,13.815,0.1775,43.6,0.1075,,,,0.07,0.03,25.65,100.0,0.3,206.34,1.115,1.115,,740.5925,
2023-08-22 20:00:00,4.13,12.32,3.8,5.83,9.62,10.46,12.72,0.2,5.82,0.12,,,,0.09,0.03,25.76,100.0,0.36,228.44,0.67,0.1675,,740.92,
2023-08-22 21:00:00,,,,,,,,,,,,,,,,,,,,,0.0,,,
2023-08-22 22:00:00,,,,,,,,,,,,,,,,,,,,,0.0,,,
2023-08-22 23:00:00,,,,,,,,,,,,,,,,,,,,,0.0,,,
2023-08-23 00:00:00,,,,,,,,,,,,,,,,,,,,,0.0,,,
2023-08-23 01:00:00,,,,,,,,,,,,,,,,,,,,,0.0,,,
2023-08-23 02:00:00,,,,,,,,,,,,,,,,,,,,,0.0,,,
2023-08-23 03:00:00,,,,,,,,,,,,,,,,,,,,,0.0,,,
2023-08-23 04:00:00,,,,,,,,,,,,,,,,,,,,,0.0,,,
2023-08-23 05:00:00,,,,,,,,,,,,,,,,,,,,,0.0,,,
2023-08-23 06:00:00,,,,,,,,,,,,,,,,,,,,,0.0,,,
2023-08-23 07:00:00,,,,,,,,,,,,,,,,,,,,,0.0,,,
2023-08-23 08:00:00,,,,,,,,,,,,,,,,,,,,,0.0,,,
2023-08-23 09:00:00,,,,,,,,,,,,,,,,,,,,,0.0,,,
2023-08-23 10:00:00,,,,,,,,,,,,,,,,,,,,,0.0,,,
2023-08-23 11:00:00,,,,,,,,,,,,,,,,,,,,,0.0,,,
2023-08-23 12:00:00,,,,,,,,,,,,,,,,,,,,,0.0,,,
2023-08-23 13:00:00,,,,,,,,,,,,,,,,,,,,,0.0,,,
2023-08-23 14:00:00,,,,,0.0,,,0.0,,0.0,,,,,,,,,,0.0,0.0,,,
2023-08-23 15:00:00,11.2,22.5,3.96,6.0675,10.0275,10.8525,19.5,0.0775,95.755,0.0475,,,,0.035,0.016666666666666666,,,,,0.0,0.0,,,
2023-08-23 16:00:00,,,4.435,6.795,11.2275,10.92,27.3875,0.11,120.56,0.065,,,,0.045,0.02,,,,,0.0,0.0,,,
2023-08-23 17:00:00,,,3.78,5.7975,9.575,10.73,23.75,0.07500000000000001,,0.042499999999999996,,,,0.03,0.0125,,,,,0.0,0.0,,,
2023-08-23 18:00:00,,3.6899999999999995,3.3575,5.1525,8.5125,10.5775,17.255,0.065,10.826666666666668,0.04,,,,0.03,0.01,,,,,0.0,0.0,,,
2023-08-23 19:00:00,18.0,21.5,2.6875,4.12,6.805,10.622499999999999,15.2025,0.09,23.5425,0.0525,,,,0.0375,0.015,,,,,0.0,0.0,,,
2023-08-23 20:00:00,15.719999999999999,19.905,1.7675,2.7075,4.475,10.71,14.86,0.135,,0.085,,,,0.055,0.0225,,,,,0.0,0.0,,,
2023-08-23 21:00:00,17.405,22.8,1.7125,2.625,4.3325,10.684999999999999,14.5375,0.235,,0.14,,,,0.095,0.035,,,,,0.0,0.0,,,
2023-08-23 22:00:00,23.35,26.325,1.77,2.7125,4.48,10.6875,14.7375,0.4075,,0.2425,,,,0.165,0.0675,,,,,0.0,0.0,,,
2023-08-23 23:00:00,28.68,44.74,1.865,2.8575,4.7225,10.815,14.405,0.425,,0.255,,,,0.175,0.065,,,,,0.0,0.0,,,
2023-08-24 00:00:00,30.7,40.7325,1.775,2.7199999999999998,4.495,10.9,14.215,0.4,,0.2425,,,,0.165,0.0675,,,,,0.0,0.0,,,
2023-08-24 01:00:00,25.642500000000002,35.0,1.8275,2.8,4.6225000000000005,10.7275,14.3825,0.335,,0.1975,,,,0.135,0.05,,,,,0.0,0.0,,,
2023-08-24 02:00:00,13.6,28.0625,1.8175,2.79,4.61,10.6425,13.745000000000001,0.295,,0.1775,,,,0.1225,0.0475,,,,,0.0,0.0,,,
2023-08-24 03:00:00,20.912499999999998,33.6925,1.8699999999999999,2.87,4.735,10.6325,14.0125,0.2625,,0.16,,,,0.11,0.0425,,,,,0.0,0.0,,,
2023-08-24 04:00:00,20.555,29.1,1.8625,2.8525,4.7075,10.495,14.01,0.2425,,0.14250000000000002,,,,0.0975,0.0375,,,,,0.0,0.0,,,
2023-08-24 05:00:00,19.0,34.255,1.7674999999999998,2.7125,4.4825,10.5525,13.655,0.1875,,0.115,,,,0.0775,0.0275,,,,,0.0,0.0,,,
2023-08-24 06:00:00,18.1575,32.1625,1.72,2.6350000000000002,4.355,10.575,13.42,0.175,,0.11,,,,0.075,0.03,,,,,0.0,0.0,,,
2023-08-24 07:00:00,18.1,37.8,1.6166666666666665,2.48,4.09,10.543333333333335,12.673333333333334,0.17,,0.10666666666666667,,,,0.07,0.03,,,,,0.0,0.0,,,
2023-08-24 08:00:00,,,,,,,,,,,,,,,,,,,,,0.0,,,
2023-08-24 09:00:00,,,,,,,,,,,,,,,,,,,,,0.0,,,
2023-08-24 10:00:00,,,,,,,,,,,,,,,,,,,,,0.0,,,
2023-08-24 11:00:00,18.1,37.8,1.5866666666666667,2.4266666666666663,3.0100000000000002,9.895,10.735,0.025,30.97666666666667,0.0125,,,,0.02,0.01,,,,,0.0,0.0,,,
2023-08-24 12:00:00,18.1,37.8,1.6999999999999997,2.605,4.31,,,0.0,32.065,0.0,,,,,,,,,,0.0,0.0,,,
2023-08-24 13:00:00,,,1.3533333333333335,2.0766666666666667,2.57,9.67,15.375,0.015,41.73,0.0125,,,,0.015,0.01,,,,,0.0,0.0,,,
2023-08-24 14:00:00,,,,,0.0,11.1975,19.662499999999998,0.0925,35.2475,0.052500000000000005,,,,0.0375,0.0125,,,,,0.0,0.0,,,
2023-08-24 15:00:00,,12.8,1.53,2.3475,3.875,11.25,21.575,0.10500000000000001,41.265,0.065,,,,0.045,0.02,,,,,0.0,0.0,,,
2023-08-24 16:00:00,,26.8625,1.67,2.56,4.2225,10.9225,23.8675,0.095,2.4966666666666666,0.057499999999999996,,,,0.0375,0.0175,,,,,0.0,0.0,,,
2023-08-24 17:00:00,,21.1875,1.68,2.5775,4.26,11.095,21.72,0.0675,35.13,0.0425,,,,0.0325,0.01,25.345,100.0,0.6699999999999999,204.28,0.0,0.0,,737.475,
2023-08-24 18:00:00,2.28,29.45,1.725,2.64,4.3675,10.8975,17.145,0.115,7.566666666666666,0.07250000000000001,,,,0.05,0.02,25.2825,100.0,0.515,194.8175,0.0,0.0,,737.6975,
2023-08-24 19:00:00,27.6525,39.345,1.8125,2.78,4.592499999999999,10.7325,14.475000000000001,0.1575,0.235,0.1,,,,0.0675,0.025,25.3025,100.0,0.4,166.0325,0.0,0.0,,738.01,
2023-08-24 20:00:00,35.995,54.815,1.82,2.7875,4.6025,10.73,14.325,0.1975,0.01,0.12,,,,0.08,0.03,25.2825,100.0,0.2825,149.935,0.0,0.0,,738.4075,
2023-08-24 21:00:00,33.36,49.805,1.8125,2.785,4.5975,10.615,14.02,0.235,0.67,0.14250000000000002,,,,0.095,0.04,25.3275,100.0,0.29000000000000004,180.84,0.16249999999999998,0.16249999999999998,,738.6725,
2023-08-24 22:00:00,30.064999999999998,56.015,1.865,2.8575,4.715,10.7375,13.5625,0.20750000000000002,,0.1275,,,,0.08499999999999999,0.0325,25.3825,100.0,0.485,238.435,4.4925,4.4925,,738.725,
2023-08-24 23:00:00,31.42,39.765,1.6875,2.585,4.2725,10.705,13.415,0.185,,0.11,,,,0.0775,0.03,25.497500000000002,100.0,0.45,246.26500000000001,5.305,5.305,,738.6675,
2023-08-25 00:00:00,27.515,35.7825,1.7025000000000001,2.61,4.3149999999999995,10.6325,14.315,0.18,,0.105,,,,0.07250000000000001,0.0275,25.655,100.0,0.3275,159.53,6.2,6.2,,738.355,
2023-08-25 01:00:00,20.9825,26.29,1.6524999999999999,2.535,4.185,10.7125,14.08,0.16,,0.1,,,,0.065,0.025,25.655,100.0,0.25,151.5975,4.345,4.345,,737.83,
2023-08-25 02:00:00,20.5075,31.025,1.8,2.76,4.555,10.525,13.9625,0.1675,,0.10250000000000001,,,,0.0675,0.03,25.6125,100.0,0.20500000000000002,117.53999999999999,1.0574999999999999,1.0574999999999999,,737.455,
2023-08-25 03:00:00,24.5825,38.9,1.6724999999999999,2.5625,4.235,10.7025,13.5775,0.16,,0.1,,,,0.0675,0.025,25.615000000000002,100.0,0.14750000000000002,111.28,0.125,0.125,,737.295,
2023-08-25 04:00:00,31.31,40.82,1.83,2.8025,4.63,10.6025,13.782499999999999,0.14500000000000002,,0.09,,,,0.057499999999999996,0.02,25.5275,100.0,0.2075,109.8975,0.005,0.005,,737.4475,
2023-08-25 05:00:00,23.43,48.215,1.7875,2.74,4.5225,10.6375,13.725000000000001,0.1275,,0.0775,,,,0.055,0.02,25.1875,100.0,0.345,198.9275,0.0,0.0,,737.8875,
2023-08-25 06:00:00,26.020000000000003,53.255,1.755,2.69,4.44,10.59,13.432500000000001,0.12,,0.0775,,,,0.05,0.02,25.325,100.0,0.325,171.83249999999998,0.0,0.0,,738.4125,
2023-08-25 07:00:00,28.4325,53.785,1.815,2.7824999999999998,4.5975,10.56,13.1775,0.1375,,0.0825,,,,0.06,0.02,26.1525,100.0,0.3925,193.41750000000002,0.0,0.0,,739.025,
2023-08-25 08:00:00,26.07,61.78,1.79,2.74,4.525,10.6825,12.8575,0.15,,0.09,,,,0.06,0.02,27.759999999999998,97.19,0.5325,200.0075,0.0,0.0,,739.2125,
2023-08-25 09:00:00,36.5,79.205,1.8375,2.8175,4.6525,10.6375,13.3925,0.14250000000000002,,0.0825,,,,0.06,0.02,30.685,82.7975,0.5900000000000001,186.1925,0.0,0.0,,739.5174999999999,
2023-08-25 10:00:00,39.91,83.89999999999999,1.895,2.9025,4.79,10.675,13.1975,0.14250000000000002,1.33,0.0825,,,,0.06,0.02,33.192499999999995,73.59,0.59,183.425,0.0,0.0,,739.6925,
2023-08-25 11:00:00,38.832499999999996,82.295,1.7475,2.6775,4.425,10.83,16.3575,0.1325,1.21,0.08,,,,0.055,0.02,32.5925,75.825,0.5449999999999999,201.415,0.0,0.0,,739.51,
2023-08-25 12:00:00,34.7175,85.62,1.6875,2.59,4.2775,10.795,20.939999999999998,0.125,8.73,0.075,,,,0.0525,0.02,32.9775,75.0825,0.515,223.89749999999998,0.0,0.0,,739.29,
2023-08-25 13:00:00,30.1275,81.05,1.7675,2.7125000000000004,4.475,10.6725,24.7775,0.057499999999999996,12.94,0.0375,,,,0.0275,0.01,33.5175,72.9225,0.5775,211.82,0.0,0.0,,738.925,
2023-08-25 14:00:00,35.735,91.25,1.7675,2.7075,4.470000000000001,10.64,17.4375,0.085,,0.0475,,,,0.035,0.0125,33.8575,72.5625,0.56,218.0025,0.0,0.0,,738.5925,
2023-08-25 15:00:00,40.47,86.67,2.3433333333333333,3.59,4.45,10.6775,15.2425,0.095,5.4350000000000005,0.055,,,,0.04,0.0175,34.315,71.1375,0.515,202.745,0.0,0.0,,738.335,
2023-08-25 16:00:00,34.28,83.17,5.08,7.79,12.875,10.7,17.6875,0.0575,24.14,0.035,,,,0.025,0.01,33.1125,73.92,0.5549999999999999,202.6625,0.0,0.0,,738.185,
2023-08-25 17:00:00,32.39,82.24000000000001,5.255,8.052499999999998,13.3025,10.855,17.405,0.0675,34.42,0.04,,,,0.03,0.01,31.142500000000002,79.67,0.485,174.8425,0.0,0.0,,738.2925,
2023-08-25 18:00:00,32.3975,77.165,5.935,9.1,15.0375,10.8475,16.9875,0.1075,31.22,0.0675,,,,0.0475,0.0175,29.255,86.77250000000001,0.35750000000000004,155.5975,0.0,0.0,,738.5625,
2023-08-25 19:00:00,39.4975,82.885,6.415,9.837499999999999,16.252499999999998,10.8975,17.6275,0.155,31.225,0.095,,,,0.0675,0.0275,27.86,94.1325,0.2675,150.87,0.0,0.0,,739.08,
2023-08-25 20:00:00,36.394999999999996,73.985,6.5575,10.05,16.6075,10.92,16.5675,0.2125,31.4675,0.1275,,,,0.0875,0.03,27.295,97.3575,0.235,166.4825,0.0,0.0,,739.6625,
2023-08-25 21:00:00,35.91,71.315,6.645,10.182500000000001,16.8275,10.997499999999999,16.8975,0.2425,30.917499999999997,0.14500000000000002,,,,0.1,0.04,27.3575,96.3425,0.295,173.7075,0.0,0.0,,740.1075000000001,
2023-08-25 22:00:00,37.165000000000006,83.92999999999999,6.6850000000000005,10.2475,16.935000000000002,10.9175,17.335,0.245,32.8475,0.15,,,,0.1,0.04,27.64,95.095,0.4,148.68,0.02,0.02,,740.2775,
2023-08-25 23:00:00,39.145,88.59,6.105,9.355,15.46,10.9225,17.565,0.2175,35.0825,0.1325,,,,0.09,0.0325,27.8525,92.3075,0.5525,197.85,0.0,0.0,,740.32,
2023-08-26 00:00:00,39.2,93.265,5.9275,9.0775,15.004999999999999,10.8525,17.6175,0.1925,36.105000000000004,0.1125,,,,0.08,0.03,27.615,90.81,0.5700000000000001,208.71,0.0,0.0,,740.0274999999999,
2023-08-26 01:00:00,42.894999999999996,107.75,5.984999999999999,9.1725,15.157499999999999,10.9475,17.567500000000003,0.1675,37.6075,0.10250000000000001,,,,0.07,0.03,27.16,90.8025,0.42,172.99,0.0,0.0,,739.6949999999999,
2023-08-26 02:00:00,32.792500000000004,112.965,6.165,9.4525,15.620000000000001,10.92,16.955,0.1525,36.7675,0.0925,,,,0.06,0.02,26.705,92.38499999999999,0.49,226.14,0.0,0.0,,739.4675,
2023-08-26 03:00:00,35.417500000000004,114.625,6.345000000000001,9.725,16.065,10.91,16.7825,0.1275,35.2175,0.0825,,,,0.052500000000000005,0.02,26.3125,94.33,0.455,208.76,0.0,0.0,,739.355,
2023-08-26 04:00:00,36.667500000000004,108.81,6.185,9.477500000000001,15.66,10.9,16.9675,0.11750000000000001,38.3475,0.07250000000000001,,,,0.052500000000000005,0.02,26.5975,93.64750000000001,0.635,217.6825,0.01,0.01,,739.49,
2023-08-26 05:00:00,38.935,111.35,5.9625,9.1425,15.100000000000001,10.8925,16.935,0.1075,39.7025,0.0675,,,,0.045,0.02,26.3275,94.41749999999999,0.43,208.225,0.01,0.01,,739.78,
2023-08-26 06:00:00,38.125,108.08000000000001,5.8675,8.995,14.86,10.895,16.432499999999997,0.1,36.269999999999996,0.06,,,,0.04,0.02,26.692500000000003,92.6625,0.725,238.0675,0.0125,0.0125,,740.015,
2023-08-26 07:00:00,45.3925,119.11,5.995,9.185,15.18,10.9075,16.76,0.10500000000000001,39.535,0.0625,,,,0.0425,0.02,27.655,89.1675,0.63,232.1575,0.005,0.005,,740.3675,
2023-08-26 08:00:00,44.045,127.205,5.7075,8.7475,14.4525,10.82,16.6925,0.11,40.955,0.07,,,,0.05,0.02,30.225,80.24,0.6375,219.66750000000002,0.0,0.0,,740.69,
2023-08-26 09:00:00,51.292500000000004,152.585,5.3225,8.157499999999999,13.48,10.765,16.05,0.11,41.9,0.07,,,,0.05,0.02,32.66,72.1975,0.6875,220.4525,0.0,0.0,,740.925,
2023-08-26 10:00:00,49.945,155.895,5.45,8.3575,13.807500000000001,10.8575,16.7275,0.10500000000000001,44.1075,0.07,,,,0.0475,0.02,34.155,67.11500000000001,0.7825,244.445,0.0,0.0,,740.9425,
2023-08-26 11:00:00,52.2325,168.635,5.46,8.3675,13.8225,10.8325,16.990000000000002,0.10500000000000001,45.7525,0.065,,,,0.045,0.02,35.5325,63.9975,0.8275,222.96249999999998,0.0,0.0,,740.6475,
2023-08-26 12:00:00,45.69,204.355,5.775,8.85,14.625,10.872499999999999,16.560000000000002,0.10250000000000001,44.4375,0.06,,,,0.04,0.02,36.5625,61.5625,0.6875,217.6925,0.0,0.0,,740.1625,
2023-08-26 13:00:00,53.375,156.23,5.6899999999999995,8.725,14.41,10.915,16.512500000000003,0.1,43.285,0.06,,,,0.04,0.02,36.915,60.705,0.8,218.06,0.0,0.0,,739.59,
2023-08-26 14:00:00,48.74,155.595,5.845000000000001,8.9575,14.8025,10.96,16.535,0.095,43.42,0.055,,,,0.04,0.015,36.152499999999996,61.7375,0.6975,206.1025,0.0,0.0,,739.2725,
2023-08-26 15:00:00,51.03,165.29500000000002,5.655,8.67,14.32,10.9175,16.525,0.095,42.535,0.055,,,,0.04,0.015,35.505,64.925,0.6675,215.10500000000002,0.0,0.0,,739.0675,
2023-08-26 16:00:00,46.725,227.645,5.5025,8.432500000000001,13.935,10.9225,16.86,0.095,44.46,0.055,,,,0.04,0.015,33.0975,71.92,0.62,206.65,0.0,0.0,,738.905,
2023-08-26 17:00:00,44.9475,163.54500000000002,5.345000000000001,8.192499999999999,13.5375,10.817499999999999,16.535,0.095,43.4875,0.055,,,,0.04,0.015000000000000001,31.54,77.5525,0.515,174.995,0.0,0.0,,738.915,
2023-08-26 18:00:00,50.2475,167.03,6.0175,9.225000000000001,15.2425,10.865,16.6175,0.11,42.3275,0.07250000000000001,,,,0.0475,0.02,30.0,83.3025,0.45249999999999996,170.33,0.0,0.0,,739.09,
2023-08-26 19:00:00,43.3025,142.7,6.1899999999999995,9.485,15.6725,10.9,16.2775,0.14500000000000002,40.735,0.09,,,,0.0625,0.0225,29.314999999999998,84.7225,0.48250000000000004,152.51749999999998,0.0,0.0,,739.5925,
2023-08-26 20:00:00,47.7675,138.74,6.1725,9.4575,15.6275,10.879999999999999,15.7625,0.1775,42.0925,0.11,,,,0.07,0.03,28.927500000000002,86.7625,0.4475,175.2425,0.0,0.0,,740.1925,
2023-08-26 21:00:00,45.08,160.545,6.325,9.692499999999999,16.015,10.9375,16.6175,0.19,41.917500000000004,0.11,,,,0.08,0.03,28.67,86.525,0.45,191.055,0.0,0.0,,740.6075,
2023-08-26 22:00:00,46.457499999999996,134.34,6.12,9.379999999999999,15.5,10.8575,16.545,0.19,45.21,0.11,,,,0.08,0.03,28.5,86.81,0.5525,183.58249999999998,0.0,0.0,,740.775,
2023-08-26 23:00:00,38.7225,138.315,5.915,9.065,14.9725,10.875,16.595,0.19,44.4775,0.11,,,,0.0775,0.03,28.22,87.8725,0.44499999999999995,184.5225,0.0,0.0,,740.6725,
2023-08-27 00:00:00,46.18,154.75,5.8725000000000005,9.0025,14.8725,10.85,16.5375,0.175,43.3525,0.1075,,,,0.07,0.03,28.2725,87.61,0.52,213.55,0.0,0.0,,740.49,
2023-08-27 01:00:00,48.4425,141.635,5.72,8.765,14.485,10.955,16.92,0.155,42.8575,0.095,,,,0.0625,0.0225,28.18,86.96000000000001,0.5375,215.8725,0.015,0.015,,740.24,
2023-08-27 02:00:00,48.402499999999996,149.54500000000002,5.1049999999999995,7.822500000000001,12.9225,10.9175,16.2175,0.1275,43.2525,0.08,,,,0.052500000000000005,0.02,27.935000000000002,85.99000000000001,0.6525,250.4675,0.015,0.015,,739.8875,
2023-08-27 03:00:00,50.4425,151.235,5.1125,7.835,12.9475,10.735,16.38,0.11,43.6825,0.07,,,,0.05,0.02,27.5825,85.4375,0.6775,206.0425,0.01,0.01,,739.4925000000001,
2023-08-27 04:00:00,49.235,144.45999999999998,5.515000000000001,8.45,13.9575,10.8325,16.0075,0.1,45.3275,0.06,,,,0.04,0.02,27.085,86.425,0.5675,187.39,0.017499999999999998,0.017499999999999998,,739.43,
2023-08-27 05:00:00,45.31,128.425,5.515000000000001,8.46,13.975,10.8225,15.9975,0.09,43.27,0.05,,,,0.04,0.01,26.87,86.7725,0.645,243.9675,0.0,0.0,,739.535,
2023-08-27 06:00:00,44.4225,164.46,5.5375,8.4875,14.0225,10.8525,16.2275,0.09,43.4875,0.05,,,,0.04,0.01,27.03,85.965,0.6475,250.0775,0.0,0.0,,739.7375,
2023-08-27 07:00:00,43.2325,136.285,5.58,8.5525,14.1325,10.855,16.28,0.09,42.7325,0.05,,,,0.04,0.01,28.0325,82.8225,0.635,216.5475,0.0,0.0,,740.13,
2023-08-27 08:00:00,47.575,159.59,5.2925,8.1125,13.4,10.795,16.065,0.0875,43.8525,0.05,,,,0.0375,0.01,30.8825,73.9825,0.9575,257.755,0.0225,0.0225,,740.4475,
2023-08-27 09:00:00,56.255,206.975,5.137499999999999,7.8774999999999995,13.015,10.7425,16.005,0.0875,44.4625,0.05,,,,0.04,0.01,32.995,67.3275,1.0274999999999999,236.56,0.0075,0.0075,,740.615,
2023-08-27 10:00:00,68.1675,244.93,5.2125,7.99,13.2025,10.805,16.7575,0.0875,45.5975,0.0475,,,,0.0375,0.01,34.9125,62.05,0.9175,232.57750000000001,0.0,0.0,,740.5025,
2023-08-27 11:00:00,68.20750000000001,263.71000000000004,5.4475,8.3425,13.79,10.8525,16.487499999999997,0.0875,46.6325,0.0475,,,,0.0375,0.01,35.9375,60.2125,0.87,228.165,0.0,0.0,,740.255,
2023-08-27 12:00:00,77.14500000000001,265.645,5.3475,8.195,13.54,10.7975,15.9575,0.0875,47.0475,0.05,,,,0.04,0.01,36.13,60.042500000000004,1.03,232.76,0.0,0.0,,740.0375,
2023-08-27 13:00:00,67.775,273.775,5.2875,8.100000000000001,13.38,10.7325,15.9175,0.08499999999999999,47.1175,0.05,,,,0.04,0.01,36.6275,59.1,1.025,250.68,0.0,0.0,,739.665,
2023-08-27 14:00:00,70.9025,270.78000000000003,5.65,8.6625,14.31,10.9025,16.2225,0.08499999999999999,46.6775,0.0475,,,,0.0375,0.01,36.99,58.137499999999996,0.7975,209.6625,0.0,0.0,,739.2049999999999,
2023-08-27 15:00:00,68.0825,263.28499999999997,5.525,8.4675,13.987499999999999,10.8125,16.04,0.08,47.9475,0.0425,,,,0.035,0.01,35.6875,61.419999999999995,0.9199999999999999,219.2825,0.025,0.025,,738.83,
2023-08-27 16:00:00,70.43,260.81,5.3925,8.265,13.657499999999999,10.865,15.9,0.08499999999999999,48.385000000000005,0.0475,,,,0.0375,0.01,33.192499999999995,68.81,0.6675,197.445,0.005,0.005,,738.66,
2023-08-27 17:00:00,69.625,258.895,5.3925,8.2625,13.655,10.780000000000001,16.235,0.0875,47.6475,0.05,,,,0.04,0.01,31.9875,72.675,0.5875,198.7575,0.02,0.02,,738.6675,
2023-08-27 18:00:00,66.8775,246.07,5.612500000000001,8.6,14.215,10.8575,16.5,0.10250000000000001,44.205,0.0625,,,,0.0425,0.02,30.3875,77.685,0.5325,199.93,0.0,0.0,,738.775,
2023-08-27 19:00:00,62.230000000000004,232.765,6.1225,9.3825,15.5,10.9375,16.355,0.135,44.79,0.0825,,,,0.055,0.02,29.535,79.93,0.585,173.4725,0.0,0.0,,739.125,
2023-08-27 20:00:00,70.2675,233.715,6.0575,9.285,15.342500000000001,10.8925,15.7075,0.155,45.29,0.0975,,,,0.0625,0.0225,29.055,80.9175,0.46,194.13,0.0,0.0,,739.7574999999999,
2023-08-27 21:00:00,63.015,229.145,6.29,9.645,15.932500000000001,10.907499999999999,15.557500000000001,0.1825,44.545,0.11,,,,0.07500000000000001,0.03,28.6375,83.2925,0.4275,159.495,0.0,0.0,,740.1825,
2023-08-27 22:00:00,63.285,215.98000000000002,6.5625,10.06,16.625,10.9875,16.055,0.1975,44.65,0.1175,,,,0.08,0.03,28.947499999999998,81.5175,0.6824999999999999,175.3675,0.0,0.0,,740.345,
2023-08-27 23:00:00,65.63250000000001,226.605,6.035,9.2475,15.2775,10.9125,15.3575,0.1825,43.91,0.1075,,,,0.07500000000000001,0.03,28.744999999999997,81.1875,0.5975,198.85,0.0,0.0,,740.1675,
2023-08-28 00:00:00,65.505,209.435,6.005,9.205,15.205,10.8975,16.055,0.1625,43.5275,0.1,,,,0.0675,0.0275,28.265,82.8575,0.6074999999999999,224.815,0.0,0.0,,739.73,
2023-08-28 01:00:00,56.847500000000004,202.135,5.855,8.975,14.83,10.934999999999999,16.2775,0.1475,46.295,0.09,,,,0.057499999999999996,0.02,27.9325,83.49,0.635,188.1775,0.0,0.0,,739.45,
2023-08-28 02:00:00,58.2525,183.465,5.4475,8.3475,13.795,10.815,15.5525,0.125,45.155,0.0775,,,,0.052500000000000005,0.02,27.8975,82.4525,0.625,187.76749999999998,0.0,0.0,,739.0525,
2023-08-28 03:00:00,55.3825,174.33,5.595,8.575,14.1725,10.8675,16.195,0.11,45.7075,0.0675,,,,0.0475,0.02,27.6025,83.4175,0.6425,196.06,0.0,0.0,,738.8325,
2023-08-28 04:00:00,48.105,158.13,5.6274999999999995,8.6275,14.254999999999999,10.8725,16.3575,0.10250000000000001,46.8025,0.0625,,,,0.0425,0.02,27.072499999999998,85.5575,0.6275,195.015,0.0,0.0,,738.7125,
2023-08-28 05:00:00,48.775,158.72500000000002,5.5975,8.5825,14.185,10.7675,15.754999999999999,0.1,46.2675,0.06,,,,0.04,0.0175,26.7375,86.96000000000001,0.5875,202.7775,0.0,0.0,,739.0575,
2023-08-28 06:00:00,47.535,158.99,5.665,8.6825,14.342500000000001,10.85,15.7275,0.1,43.8675,0.06,,,,0.04,0.02,26.9325,86.35499999999999,0.595,193.045,0.0,0.0,,739.55,
2023-08-28 07:00:00,49.542500000000004,160.615,5.96,9.135,15.0925,10.8875,16.134999999999998,0.10500000000000001,44.3975,0.0625,,,,0.0425,0.02,28.134999999999998,82.205,0.8575,256.2875,0.0,0.0,,740.145,
2023-08-28 08:00:00,55.53,180.365,5.6274999999999995,8.629999999999999,14.254999999999999,10.74,15.715,0.10500000000000001,43.917500000000004,0.0625,,,,0.045,0.02,31.0675,73.7575,0.8674999999999999,237.1225,0.0,0.0,,740.7525,
2023-08-28 09:00:00,55.7,170.38,5.672499999999999,8.692499999999999,14.355,10.86,16.3,0.10500000000000001,45.3125,0.0625,,,,0.0425,0.02,33.3675,67.775,0.865,226.6575,0.0,0.0,,741.145,
2023-08-28 10:00:00,59.2975,176.54500000000002,5.7925,8.879999999999999,14.6725,10.8625,17.0475,0.10250000000000001,42.3,0.06,,,,0.04,0.02,34.8575,63.55,0.85,247.98,0.0,0.0,,741.09,
2023-08-28 11:00:00,59.6925,187.16,6.05,9.265,15.31,10.9725,17.497500000000002,0.1075,39.18,0.065,,,,0.045,0.02,36.2875,59.6475,0.6675,231.595,0.0,0.0,,740.97,
2023-08-28 12:00:00,63.199999999999996,199.95499999999998,6.055,9.28,15.3325,10.875,15.74,0.11,39.1075,0.07,,,,0.0475,0.02,36.57,59.69,0.875,249.9075,0.0,0.0,,740.7375,
2023-08-28 13:00:00,65.72999999999999,210.86,6.015000000000001,9.217500000000001,15.23,10.865,12.247499999999999,0.10500000000000001,36.8275,0.065,,,,0.0425,0.02,37.417500000000004,57.6125,0.78,248.79,0.0,0.0,,740.295,
2023-08-28 14:00:00,60.4525,210.73499999999999,6.0625,9.295,15.355,10.9325,11.075,0.095,35.79,0.055,,,,0.04,0.015,36.44,60.6925,0.7925,237.465,0.0,0.0,,739.665,
2023-08-28 15:00:00,56.605000000000004,197.59,5.8675,8.9925,14.86,10.89,10.185,0.0925,37.805,0.055,,,,0.04,0.015,35.47,63.4375,0.75,238.76,0.0,0.0,,739.1275,
2023-08-28 16:00:00,58.875,190.345,5.615,8.605,14.2175,10.8725,8.6775,0.0925,44.03,0.05,,,,0.0375,0.0125,33.575,68.8575,0.6775,235.3125,0.0,0.0,,738.7875,
2023-08-28 17:00:00,59.0,183.35,5.875,9.0075,14.885,10.9025,10.445,0.0975,56.7975,0.0575,,,,0.0425,0.015,31.74,74.2,0.5349999999999999,208.35750000000002,0.0,0.0,,738.9549999999999,
2023-08-28 18:00:00,,162.385,6.38,9.78,16.155,11.12,15.0425,0.0975,52.292500000000004,0.0575,,,,0.0425,0.015,29.5975,73.9975,0.6950000000000001,218.755,0.0,0.0,,739.29,
2023-08-28 19:00:00,45.5,120.07000000000001,6.5125,9.9825,16.49,10.985,16.805,0.1175,63.31,0.07500000000000001,,,,0.052500000000000005,0.02,27.77,79.0575,0.38,177.98000000000002,0.0,0.0,,739.9375,
2023-08-28 20:00:00,36.945,79.33,7.32,11.217500000000001,18.535,11.1325,17.255000000000003,0.1575,57.93,0.095,,,,0.0625,0.0225,27.2025,79.5325,0.415,178.8625,0.0,0.0,,740.5975000000001,
2023-08-28 21:00:00,42.9225,81.1,7.5125,11.5125,19.0225,11.015,16.7025,0.1825,56.2125,0.11,,,,0.07250000000000001,0.03,27.57,77.155,0.43,161.4975,0.0,0.0,,740.89,
2023-08-28 22:00:00,37.685,92.985,7.1075,10.895,18.002499999999998,11.035,17.045,0.185,58.332499999999996,0.11,,,,0.07500000000000001,0.03,27.28,80.6975,0.3825,174.05,0.0,0.0,,740.9525,
2023-08-28 23:00:00,39.935,83.815,7.905,12.1175,20.02,11.275,16.807499999999997,0.195,60.9175,0.11499999999999999,,,,0.08,0.03,26.145,89.0125,0.2325,148.665,0.0,0.0,,740.965,
2023-08-29 00:00:00,37.5775,84.905,8.2225,12.6075,20.8325,11.2975,16.955,0.195,52.6225,0.1175,,,,0.08,0.03,25.955,90.715,0.31,179.8425,0.0,0.0,,741.0825,
2023-08-29 01:00:00,46.082499999999996,80.83500000000001,8.46,12.9675,21.425,11.465,16.9775,0.1925,53.7375,0.11499999999999999,,,,0.0775,0.03,26.0625,87.7775,0.33,161.555,0.0,0.0,,740.8725000000001,
2023-08-29 02:00:00,41.0,78.95750000000001,7.8725,12.065,19.9375,11.2325,16.485,0.175,51.16,0.10500000000000001,,,,0.07500000000000001,0.0275,26.695,82.50999999999999,0.55,214.04,0.0,0.0,,740.9975,
2023-08-29 03:00:00,33.567499999999995,65.24,7.585,11.622499999999999,19.2075,11.15,16.59,0.155,49.4975,0.095,,,,0.065,0.025,26.1725,86.4075,0.54,220.5875,0.0,0.0,,740.6675,
2023-08-29 04:00:00,32.5275,59.375,7.862500000000001,12.0475,19.9075,11.31,16.7675,0.15,55.225,0.09,,,,0.0625,0.025,25.8625,88.685,0.2825,144.045,0.0,0.0,,740.8325,
2023-08-29 05:00:00,30.09,78.1875,8.185,12.5425,20.725,11.29,15.712499999999999,0.14750000000000002,54.6575,0.09,,,,0.06,0.0225,25.752499999999998,90.1225,0.3,163.29,0.0,0.0,,741.0975,
2023-08-29 06:00:00,34.725,84.9025,7.745,11.870000000000001,19.6175,11.295,15.115,0.14,50.75,0.08499999999999999,,,,0.06,0.02,26.5425,87.7175,0.435,193.625,0.0,0.0,,741.5475,
2023-08-29 07:00:00,49.364999999999995,107.38,7.1525,10.962499999999999,18.1175,11.115,15.325,0.14250000000000002,48.97,0.0875,,,,0.06,0.02,28.252499999999998,82.08,0.6075,180.0625,0.0,0.0,,741.955,
2023-08-29 08:00:00,48.83,130.7525,6.54,10.0225,16.5625,10.975,15.802500000000002,0.14500000000000002,51.1925,0.08499999999999999,,,,0.06,0.02,30.8525,74.63,0.62,214.955,0.0,0.0,,742.2425,
2023-08-29 09:00:00,51.620000000000005,125.32,5.9875,9.175,15.1625,10.895,15.5425,0.14250000000000002,51.145,0.0825,,,,0.06,0.02,33.65,67.56,0.7175,238.69,0.0,0.0,,742.385,
2023-08-29 10:00:00,46.5475,128.04,6.1225000000000005,9.379999999999999,15.5,11.022499999999999,15.57,0.1375,53.4425,0.08,,,,0.057499999999999996,0.02,35.254999999999995,63.895,0.74,224.7875,0.0,0.0,,742.36,
2023-08-29 11:00:00,48.0525,141.12,6.525,10.0025,16.525,11.1225,16.052500000000002,0.1375,43.14,0.0825,,,,0.057499999999999996,0.02,36.1625,62.777499999999996,0.6125,223.51,0.0,0.0,,742.2149999999999,
2023-08-29 12:00:00,51.1625,134.75,6.38,9.782499999999999,16.1625,11.155000000000001,16.8425,0.11750000000000001,38.3375,0.0675,,,,0.0475,0.0175,35.0325,67.8175,0.735,224.655,0.0,0.0,,741.9875,
2023-08-29 13:00:00,49.1775,137.1475,5.9925,9.185,15.175,10.9775,17.6425,0.0875,40.5975,0.0475,,,,0.0375,0.01,37.5,59.99,0.6375000000000001,240.685,0.0,0.0,,741.5325,
2023-08-29 14:00:00,42.61,127.41749999999999,6.7125,10.29,17.0,10.9975,17.427500000000002,0.0975,36.6375,0.0575,,,,0.04,0.015,37.93,57.7525,0.7825,246.0275,0.0,0.0,,740.96,
2023-08-29 15:00:00,48.02,142.115,6.7425,10.335,17.075,11.1,17.12,0.10500000000000001,38.2325,0.0625,,,,0.045,0.0175,37.4425,59.9375,0.6775,257.7025,0.0,0.0,,740.585,
2023-08-29 16:00:00,57.79,149.1875,6.5875,10.0975,16.68,11.045,17.3375,0.1125,43.1525,0.0675,,,,0.0475,0.02,34.28,70.51,0.5575,222.41,0.0,0.0,,740.4525,
2023-08-29 17:00:00,53.74,152.4025,6.32,9.6875,16.0,11.0525,17.7075,0.115,45.78,0.07250000000000001,,,,0.045,0.02,32.315,77.685,0.3675,171.655,0.0,0.0,,740.655,
2023-08-29 18:00:00,52.535,147.075,6.73,10.315,17.04,11.0,17.6325,0.125,47.1575,0.08,,,,0.052500000000000005,0.02,30.2,83.88,0.2825,162.94,0.0,0.0,,740.9425,
2023-08-29 19:00:00,54.7275,137.60000000000002,6.4325,9.8575,16.29,11.035,17.51,0.15,50.1875,0.09,,,,0.0625,0.0225,28.645,90.3025,0.1775,128.6225,0.0,0.0,,741.4675,
2023-08-29 20:00:00,44.1425,113.9525,6.5375,10.02,16.5575,10.967500000000001,17.05,0.18,49.585,0.1075,,,,0.07250000000000001,0.03,27.8875,94.5775,0.22999999999999998,143.855,0.0,0.0,,741.8675000000001,
2023-08-29 21:00:00,53.1,108.84,6.5675,10.0625,16.63,11.0,16.925,0.1975,47.71,0.12,,,,0.0825,0.03,28.4125,94.11,0.3125,180.17000000000002,0.0,0.0,,742.155,
2023-08-29 22:00:00,44.584999999999994,122.7475,6.3774999999999995,9.775,16.1525,11.0125,17.305,0.2025,48.62,0.1225,,,,0.0825,0.03,28.985,91.1625,0.3125,164.3725,0.0,0.0,,742.3725,
2023-08-29 23:00:00,42.6525,123.10249999999999,6.0625,9.2925,15.355,10.9125,16.9,0.20500000000000002,50.7375,0.125,,,,0.08499999999999999,0.03,28.7275,91.885,0.33,205.995,0.0,0.0,,742.455,
2023-08-30 00:00:00,49.6725,129.01,6.18,9.465,15.645,11.067499999999999,16.73,0.195,51.1375,0.12,,,,0.0825,0.03,28.6225,91.6425,0.29750000000000004,160.9725,0.0,0.0,,742.165,
2023-08-30 01:00:00,44.765,125.13,6.255,9.5825,15.8325,11.02,17.2725,0.1875,51.2525,0.11,,,,0.0775,0.03,28.4125,91.575,0.375,166.02249999999998,0.0225,0.0225,,741.9449999999999,
2023-08-30 02:00:00,44.212500000000006,122.38499999999999,5.7225,8.77,14.4875,10.965,16.6925,0.185,54.04,0.1125,,,,0.07500000000000001,0.03,28.6575,89.685,0.46499999999999997,187.57,0.0125,0.0125,,741.8325,
2023-08-30 03:00:00,43.8125,117.4575,5.8175,8.9175,14.7325,10.99,16.9675,0.1725,60.307500000000005,0.105,,,,0.0675,0.0275,27.4025,90.62,0.28,194.845,0.024999999999999998,0.024999999999999998,,742.1575,
2023-08-30 04:00:00,35.855000000000004,72.54249999999999,6.695,10.2625,16.9575,11.1425,17.535,0.175,61.66,0.10500000000000001,,,,0.07250000000000001,0.0275,26.69,94.295,0.21,197.265,0.0,0.0,,742.2725,
2023-08-30 05:00:00,38.99,66.935,6.34,9.717500000000001,16.055,11.11,16.4175,0.16,54.0725,0.0975,,,,0.065,0.025,26.6325,93.37,0.32,193.98250000000002,0.0,0.0,,742.3975,
2023-08-30 06:00:00,42.685,66.995,7.1125,10.907499999999999,18.02,11.135,17.195,0.1725,59.769999999999996,0.10250000000000001,,,,0.0675,0.0275,26.740000000000002,95.66499999999999,0.23500000000000001,163.505,0.0,0.0,,742.85,
2023-08-30 07:00:00,36.89,64.675,6.5375,10.02,16.557499999999997,11.120000000000001,16.79,0.16999999999999998,53.125,0.10250000000000001,,,,0.07,0.03,28.0275,93.15,0.1825,127.3725,0.0,0.0,,743.325,
2023-08-30 08:00:00,35.15,61.887499999999996,6.1925,9.485,15.6725,10.94,16.435,0.1825,50.8975,0.11,,,,0.07250000000000001,0.03,29.927500000000002,84.62,0.295,163.85250000000002,0.0,0.0,,743.665,
2023-08-30 09:00:00,42.947500000000005,95.41499999999999,6.0275,9.235,15.262500000000001,11.075,17.1075,0.1875,53.61,0.11,,,,0.07500000000000001,0.03,31.7625,79.295,0.41000000000000003,213.1575,0.0,0.0,,743.9250000000001,
2023-08-30 10:00:00,49.4975,101.44,5.8425,8.9575,14.795,10.955,16.715,0.19,55.5125,0.11,,,,0.07500000000000001,0.03,33.565,74.4825,0.2475,142.07999999999998,0.0,0.0,,743.9575,
2023-08-30 11:00:00,46.31,99.565,6.1875,9.485,15.674999999999999,10.9225,17.37,0.19,50.145,0.1125,,,,0.0775,0.03,35.1125,70.6275,0.275,173.0675,0.0,0.0,,743.75,
2023-08-30 12:00:00,48.7175,108.025,6.9275,10.6175,17.5425,11.2275,17.955,0.185,45.035,0.1125,,,,0.0775,0.03,39.2325,55.910000000000004,0.45499999999999996,205.54,0.0,0.0,,743.365,
2023-08-30 13:00:00,46.96,122.44500000000001,7.6475,11.717500000000001,19.37,11.305,17.7225,0.1825,44.137499999999996,0.1075,,,,0.07500000000000001,0.03,38.97,54.425,0.455,198.22,0.0,0.0,,742.88,
2023-08-30 14:00:00,44.575,117.28,7.465,11.445,18.9125,11.3225,17.755,0.165,42.6175,0.10250000000000001,,,,0.07,0.0275,38.9175,55.3075,0.5075000000000001,226.95,0.0,0.0,,742.405,
2023-08-30 15:00:00,49.925,125.915,7.1425,10.9525,18.095,11.15,17.7075,0.16,36.835,0.095,,,,0.065,0.025,37.9525,57.685,0.4675,155.685,0.0,0.0,,741.9025,
2023-08-30 16:00:00,43.415000000000006,116.8025,6.685,10.2425,16.9275,11.195,17.325,0.155,34.1675,0.095,,,,0.0625,0.0225,34.4975,67.345,0.375,166.52,0.0,0.0,,741.7375,
2023-08-30 17:00:00,47.365,123.0875,6.0475,9.2675,15.315,11.04,18.02,0.11750000000000001,33.3175,0.07,,,,0.05,0.015,31.8925,77.64,0.26,193.2625,0.0,0.0,,741.6475,
2023-08-30 18:00:00,49.4375,115.84,5.4675,8.3775,13.844999999999999,10.85,17.6225,0.08,41.955,0.045,,,,0.035,0.01,29.1725,87.7575,0.2425,176.2575,0.0,0.0,,741.9775,
2023-08-30 19:00:00,46.3025,108.045,5.8675,8.9925,14.86,10.9625,17.08,0.11,48.09,0.0675,,,,0.0475,0.02,28.105,92.6175,0.275,163.97,0.0,0.0,,742.495,
2023-08-30 20:00:00,49.785,117.4875,6.1850000000000005,9.48,15.665,10.8975,16.7625,0.155,53.650000000000006,0.0975,,,,0.065,0.025,28.2125,91.3925,0.22999999999999998,161.5425,0.0,0.0,,742.9725,
2023-08-30 21:00:00,57.552499999999995,111.5025,6.705,10.275,16.9775,10.9625,17.2125,0.19,55.0675,0.11499999999999999,,,,0.08,0.03,27.490000000000002,94.45,0.17500000000000002,129.63,0.0,0.0,,743.1275,
2023-08-30 22:00:00,60.32,117.21000000000001,6.66,10.2125,16.872500000000002,11.0825,17.2125,0.21,54.42,0.1325,,,,0.0875,0.0325,27.0775,95.675,0.20500000000000002,166.5325,0.0,0.0,,743.1424999999999,
2023-08-30 23:00:00,53.62,110.5225,7.1225000000000005,10.9175,18.04,11.065000000000001,16.8725,0.235,60.835,0.14500000000000002,,,,0.095,0.04,26.6175,96.125,0.1825,191.29500000000002,0.0,0.0,,743.0475,
2023-08-31 00:00:00,59.6975,111.36500000000001,7.7075000000000005,11.817499999999999,19.5275,11.307500000000001,17.29,0.255,59.754999999999995,0.155,,,,0.10500000000000001,0.04,26.4175,96.74000000000001,0.215,182.22500000000002,0.0,0.0,,742.8075,
2023-08-31 01:00:00,52.925000000000004,108.3,7.585,11.620000000000001,19.21,11.2725,17.23,0.2625,58.445,0.16,,,,0.1075,0.04,26.395,97.17,0.2425,207.82500000000002,0.0,0.0,,742.635,
2023-08-31 02:00:00,61.805,102.6775,7.5825,11.6225,19.2075,11.2125,17.1325,0.26,58.76,0.1625,,,,0.1075,0.04,26.285,98.08,0.22,199.87,0.0,0.0,,742.55,
2023-08-31 03:00:00,58.322500000000005,99.4,7.2125,11.057500000000001,18.2775,11.2075,17.025,0.25,55.3525,0.155,,,,0.10500000000000001,0.04,26.3475,99.11,0.2675,211.68,0.0,0.0,,742.555,
2023-08-31 04:00:00,54.1325,97.46000000000001,7.005,10.74,17.745,11.2,17.0225,0.245,54.347500000000004,0.14500000000000002,,,,0.10250000000000001,0.04,26.41,99.5575,0.17500000000000002,154.825,0.0,0.0,,742.73,
2023-08-31 05:00:00,50.32,98.2725,6.6850000000000005,10.2525,16.9375,11.059999999999999,16.4,0.2375,50.3675,0.14500000000000002,,,,0.1,0.04,26.455,99.9075,0.2825,195.7725,0.0,0.0,,743.0475,
2023-08-31 06:00:00,52.04,99.4625,6.66,10.2125,16.8725,11.085,17.04,0.2275,49.4525,0.14,,,,0.095,0.0375,27.1625,99.4675,0.275,155.825,0.0,0.0,,743.4675,
2023-08-31 07:00:00,55.199999999999996,112.095,6.3375,9.71,16.0475,11.1,17.2975,0.22999999999999998,52.0775,0.14250000000000002,,,,0.095,0.04,29.37,92.105,0.2525,164.20999999999998,0.0,0.0,,743.9075,
2023-08-31 08:00:00,55.01,120.4425,5.6775,8.695,14.3725,10.935,16.79,0.225,57.42,0.14,,,,0.0925,0.0375,33.855,74.58,0.41000000000000003,214.89499999999998,0.0,0.0,,744.375,
2023-08-31 09:00:00,54.03,152.8625,5.575,8.545,14.1175,10.7225,16.51,0.215,57.3025,0.135,,,,0.09,0.035,36.315,63.5925,0.47,230.46,0.0,0.0,,744.73,
2023-08-31 10:00:00,56.615,137.5275,5.6925,8.7225,14.4125,10.8625,16.955000000000002,0.21,60.4125,0.13,,,,0.09,0.0325,37.5975,57.915,0.595,196.925,0.0,0.0,,744.675,
2023-08-31 11:00:00,55.44,136.6125,5.890000000000001,9.0225,14.912500000000001,10.870000000000001,17.465,0.2025,56.735,0.125,,,,0.08499999999999999,0.03,37.9,58.14,0.4475,197.1025,0.0,0.0,,744.3625,
2023-08-31 12:00:00,54.625,127.6875,6.21,9.52,15.73,10.98,17.145,0.2025,41.5275,0.12,,,,0.0825,0.03,38.8425,56.2775,0.5275000000000001,215.66,0.0,0.0,,743.9575,
2023-08-31 13:00:00,57.505,120.5225,6.605,10.125,16.7375,11.16,17.32,0.2025,32.5925,0.125,,,,0.0875,0.0325,37.365,64.0375,0.3825,179.13,0.0,0.0,,743.52,
2023-08-31 14:00:00,59.73,116.52250000000001,6.405,9.82,16.225,10.925,18.619999999999997,0.195,36.72,0.1175,,,,0.08,0.03,37.9675,60.36,0.445,228.29000000000002,0.0,0.0,,742.905,
2023-08-31 15:00:00,61.93,119.21,6.49,9.95,16.4375,10.945,18.42,0.2,34.2425,0.12,,,,0.0825,0.03,38.2625,59.245000000000005,0.295,218.065,0.0,0.0,,742.425,
2023-08-31 16:00:00,49.9875,114.26249999999999,6.1875,9.4825,15.665,11.0275,17.7225,0.1925,35.93,0.1125,,,,0.0775,0.03,34.6,66.14,0.43500000000000005,204.805,0.0,0.0,,742.1575,
2023-08-31 17:00:00,55.995000000000005,109.0625,5.9975000000000005,9.1925,15.1875,11.0125,18.0025,0.1725,35.192499999999995,0.10500000000000001,,,,0.07,0.03,32.095,76.4675,0.36,178.76,0.0,0.0,,742.1324999999999,
2023-08-31 18:00:00,51.065,108.0275,6.135,9.4025,15.535,10.98,18.165,0.185,39.1475,0.1075,,,,0.0775,0.03,29.735,85.54249999999999,0.245,176.495,0.0,0.0,,742.28,
2023-08-31 19:00:00,52.3525,100.735,6.27,9.61,15.877500000000001,10.975,17.84,0.2,48.9825,0.1225,,,,0.0875,0.03,28.3175,92.265,0.195,150.945,0.0,0.0,,742.6025,
2023-08-31 20:00:00,54.239999999999995,95.36500000000001,6.2275,9.5425,15.77,11.025,17.310000000000002,0.22,51.4925,0.1375,,,,0.09,0.0375,27.68,94.305,0.1275,129.58,0.0,0.0,,743.1875,
2023-08-31 21:00:00,49.552499999999995,107.89,6.4675,9.91,16.375,11.045,17.36,0.2475,55.505,0.15,,,,0.1,0.04,27.35,95.5775,0.1375,154.59,0.0,0.0,,743.4225,
2023-08-31 22:00:00,51.239999999999995,94.06,6.7825,10.4,17.18,10.99,17.96,0.2675,60.24,0.165,,,,0.11,0.04,27.005,96.835,0.14,147.3525,0.0,0.0,,743.365,
2023-08-31 23:00:00,51.105000000000004,91.1775,6.797499999999999,10.4175,17.2125,11.02,17.2975,0.2925,58.5925,0.175,,,,0.1175,0.05,26.96,97.455,0.1525,182.1075,0.0,0.0,,743.1475,
2023-09-01 00:00:00,50.81,102.8225,6.835,10.475,17.31,11.0825,17.5075,0.3,57.6075,0.1825,,,,0.1225,0.05,26.875,98.27000000000001,0.1675,159.1225,0.0,0.0,,742.8,
2023-09-01 01:00:00,53.9,91.6725,6.6525,10.2,16.8525,11.055,17.145,0.295,57.91,0.1775,,,,0.1225,0.05,26.765,98.61749999999999,0.1925,185.37,0.0,0.0,,742.7425000000001,
2023-09-01 02:00:00,60.5875,96.8225,6.67,10.225,16.895,11.045,17.12,0.29000000000000004,55.792500000000004,0.175,,,,0.1175,0.0475,26.6675,98.8025,0.2325,190.39,0.0,0.0,,742.625,
2023-09-01 03:00:00,59.445,96.515,6.5625,10.057500000000001,16.62,11.0975,17.1075,0.28250000000000003,56.6325,0.17,,,,0.1125,0.045,26.515,98.5975,0.23249999999999998,191.6025,0.0,0.0,,742.475,
2023-09-01 04:00:00,68.0225,101.925,6.51,9.98,16.4875,11.015,16.832500000000003,0.2775,58.01,0.1675,,,,0.1125,0.0425,26.447499999999998,98.505,0.24000000000000002,189.44,0.0,0.0,,742.6275,
2023-09-01 05:00:00,64.91,99.58,6.5825,10.09,16.669999999999998,11.057500000000001,16.9375,0.26,58.644999999999996,0.16,,,,0.10500000000000001,0.04,26.4675,98.195,0.22499999999999998,172.5425,0.0,0.0,,742.9300000000001,
2023-09-01 06:00:00,63.3475,106.57249999999999,6.36,9.7425,16.095000000000002,11.01,16.815,0.2525,55.91,0.155,,,,0.10500000000000001,0.04,26.815,97.81,0.2375,186.565,0.0,0.0,,743.3575,
2023-09-01 07:00:00,61.75,100.02,6.375,9.77,16.14,11.0,17.0375,0.25,55.6175,0.1525,,,,0.10500000000000001,0.04,29.16,90.015,0.295,141.4725,0.0,0.0,,743.865,
2023-09-01 08:00:00,62.28,119.66,5.6225,8.620000000000001,14.2425,10.9,17.0975,0.2475,58.879999999999995,0.14750000000000002,,,,0.1,0.04,33.115,75.065,0.4775,180.9575,0.0,0.0,,744.3025,
2023-09-01 09:00:00,57.845,140.0625,5.485,8.405,13.8825,10.91,16.689999999999998,0.2425,58.0225,0.14500000000000002,,,,0.1,0.04,36.2675,66.0575,0.5549999999999999,222.785,0.0,0.0,,744.52,
2023-09-01 10:00:00,64.19,145.7375,5.452500000000001,8.36,13.809999999999999,10.862499999999999,17.34,0.215,55.31,0.1275,,,,0.0875,0.035,37.6225,61.0925,0.7175,228.7325,0.0,0.0,,744.3575000000001,
2023-09-01 11:00:00,56.165,152.585,5.8575,8.98,14.8375,10.925,18.4875,0.18,50.36,0.11,,,,0.07250000000000001,0.03,38.2425,57.9675,0.875,240.34,0.0,0.0,,744.0625,
2023-09-01 12:00:00,59.192499999999995,158.03,5.655,8.6675,14.3175,10.8875,18.845,0.16499999999999998,51.38,0.1,,,,0.0675,0.025,37.8825,57.835,0.8200000000000001,255.04000000000002,0.0,0.0,,743.605,
2023-09-01 13:00:00,58.815,154.81,6.1125,9.365,15.4725,11.025,19.125,0.1575,39.957499999999996,0.095,,,,0.065,0.025,38.7575,55.575,0.6725,209.9025,0.0,0.0,,743.0825,
2023-09-01 14:00:00,62.5775,149.6625,6.23,9.55,15.780000000000001,11.0725,18.8475,0.1575,36.7325,0.0975,,,,0.065,0.0275,38.8275,55.7475,0.5725,228.4775,0.0,0.0,,742.4775,
2023-09-01 15:00:00,56.4025,144.9475,6.3225,9.69,16.0125,11.0975,18.697499999999998,0.16999999999999998,35.325,0.10500000000000001,,,,0.07,0.03,38.5025,55.96,0.6775,258.13,0.0,0.0,,742.015,
2023-09-01 16:00:00,58.525,133.8525,6.125,9.385,15.504999999999999,11.0775,18.4225,0.1625,38.2275,0.0975,,,,0.065,0.025,34.9025,66.4125,0.655,223.335,0.0,0.0,,741.675,
2023-09-01 17:00:00,58.4075,145.0275,5.92,9.067499999999999,14.985,10.9725,18.6525,0.16,39.56,0.1,,,,0.0625,0.025,32.94,75.325,0.3625,226.7425,0.0,0.0,,741.645,
2023-09-01 18:00:00,52.2975,132.1275,5.5425,8.495000000000001,14.032499999999999,10.8675,17.995,0.145,44.185,0.0875,,,,0.06,0.02,30.82,84.0075,0.22499999999999998,135.9275,0.0,0.0,,741.845,
2023-09-01 19:00:00,57.6225,122.88499999999999,6.02,9.2325,15.2525,10.7825,17.6575,0.18,48.269999999999996,0.11,,,,0.07250000000000001,0.03,29.5875,89.27,0.2425,170.4175,0.0,0.0,,741.96,
2023-09-01 20:00:00,65.26,130.4475,6.2175,9.5275,15.7375,10.925,17.605,0.2025,48.8875,0.1275,,,,0.0875,0.03,29.28,90.96000000000001,0.245,156.34,0.0,0.0,,742.2625,
2023-09-01 21:00:00,63.2725,140.1925,6.3775,9.7675,16.1425,10.895,17.325,0.23,50.69,0.14,,,,0.095,0.04,29.235,91.39750000000001,0.27,160.6825,0.0,0.0,,742.3375,
2023-09-01 22:00:00,64.6525,133.6225,6.6875,10.252500000000001,16.935000000000002,10.93,18.052500000000002,0.2475,51.22,0.1475,,,,0.1,0.04,29.262500000000003,91.0325,0.3725,173.755,0.0,0.0,,742.115,
2023-09-01 23:00:00,66.3475,138.825,6.2125,9.522499999999999,15.7375,10.9675,17.655,0.25,56.135000000000005,0.1525,,,,0.1,0.04,29.43,89.70750000000001,0.2975,179.7875,0.0,0.0,,742.09,
2023-09-02 00:00:00,71.1475,148.3,6.105,9.3525,15.45,10.955,16.865000000000002,0.25,53.6225,0.1525,,,,0.10500000000000001,0.04,28.73,92.555,0.255,181.86,0.0,0.0,,742.1,
2023-09-02 01:00:00,68.685,137.75,6.2675,9.61,15.875,10.925,17.580000000000002,0.255,55.39,0.1525,,,,0.10500000000000001,0.04,28.0075,95.48,0.2225,161.905,0.0,0.0,,742.0675,
2023-09-02 02:00:00,70.0525,128.585,6.2875,9.635,15.9175,10.9575,17.372500000000002,0.2525,54.3725,0.1525,,,,0.10250000000000001,0.04,27.564999999999998,96.715,0.2125,183.225,0.0,0.0,,741.8475,
2023-09-02 03:00:00,66.1275,126.8475,6.2825,9.625,15.907499999999999,10.985,17.23,0.2425,54.225,0.1475,,,,0.0975,0.04,27.42,97.13250000000001,0.225,164.35,0.0,0.0,,741.77,
2023-09-02 04:00:00,62.9,118.3725,6.365,9.76,16.12,10.997499999999999,17.6475,0.235,50.735,0.14250000000000002,,,,0.0975,0.0375,27.32,97.275,0.3025,199.9325,0.0,0.0,,741.86,
2023-09-02 05:00:00,60.765,121.2,6.1925,9.495000000000001,15.685,10.969999999999999,17.0125,0.225,51.93,0.135,,,,0.095,0.0375,27.39,94.59,0.19,167.01749999999998,0.0,0.0,,742.1975,
2023-09-02 06:00:00,57.405,119.8475,6.2225,9.5375,15.76,10.9475,17.2675,0.215,49.905,0.135,,,,0.0925,0.035,28.195,90.265,0.6025,269.9975,0.0,0.0,,742.525,
2023-09-02 07:00:00,58.4625,130.35999999999999,5.98,9.1675,15.1425,10.969999999999999,16.915,0.21,48.5125,0.13,,,,0.09,0.035,30.0175,83.0275,0.5425,263.405,0.0,0.0,,742.835,
2023-09-02 08:00:00,57.6275,133.8975,5.5075,8.44,13.947500000000002,10.845,17.1025,0.2075,53.370000000000005,0.1225,,,,0.0875,0.03,34.165,70.47,0.52,260.77750000000003,0.0,0.0,,743.175,
2023-09-02 09:00:00,57.6,132.0625,5.5525,8.502500000000001,14.055,10.8725,17.35,0.2,53.8775,0.12,,,,0.08,0.03,37.09,62.010000000000005,0.4375,204.4925,0.0,0.0,,743.4625,
2023-09-02 10:00:00,59.2475,133.84,5.2325,8.02,13.25,10.7925,18.3375,0.14750000000000002,48.595,0.0825,,,,0.0575,0.025,37.815,58.2775,0.745,228.3175,0.0,0.0,,743.2475,
2023-09-02 11:00:00,54.0925,150.775,5.265000000000001,8.067499999999999,13.335,10.8425,21.9125,0.10250000000000001,42.1125,0.06,,,,0.0425,0.02,38.7525,54.915,0.785,259.86,0.0,0.0,,742.9275,
2023-09-02 12:00:00,54.6725,154.6775,4.8375,7.415,12.252500000000001,10.78,22.88,0.07,38.2,0.0425,,,,0.03,0.01,39.192499999999995,50.525,0.8275,256.9,0.0,0.0,,742.5225,
2023-09-02 13:00:00,41.777499999999996,137.0575,5.2575,8.055,13.309999999999999,9.7,23.165,0.055,38.3875,0.035,,,,0.025,0.01,39.26,47.660000000000004,0.8125,263.345,0.0,0.0,,741.87,
2023-09-02 14:00:00,40.334999999999994,136.3025,5.4625,8.379999999999999,13.8375,9.264999999999999,24.7125,0.0625,41.21,0.0375,,,,0.0275,0.01,39.5675,48.402499999999996,0.7075,224.4425,0.02,0.02,,741.1324999999999,
2023-09-02 15:00:00,44.0775,133.2,5.075,7.779999999999999,12.86,9.365,23.8875,0.0575,39.54,0.035,,,,0.025,0.01,38.845,50.3125,0.7474999999999999,233.7,0.01,0.01,,740.4675,
2023-09-02 16:00:00,50.69,131.26,4.72,7.234999999999999,11.955,9.27,19.3775,0.05500000000000001,38.3375,0.0325,,,,0.0225,0.01,35.26,59.705,0.5,223.6525,0.0,0.0,,740.005,
2023-09-02 17:00:00,47.315,127.81,4.890000000000001,7.49,12.38,9.1375,17.26,0.057499999999999996,38.052499999999995,0.0375,,,,0.025,0.01,33.425,68.10249999999999,0.4075,193.9,0.0,0.0,,739.935,
2023-09-02 18:00:00,53.4975,125.86,5.2425,8.035,13.2775,9.2575,15.5825,0.0775,44.28,0.0475,,,,0.035,0.0125,31.0925,75.4975,0.225,136.285,0.0,0.0,,740.38,
2023-09-02 19:00:00,45.3675,119.9875,6.1825,9.48,15.6625,9.36,14.8675,0.1175,46.7675,0.0725,,,,0.0475,0.02,29.3325,83.6425,0.265,160.2975,0.0,0.0,,741.0625,
2023-09-02 20:00:00,51.105,128.52,6.5925,10.1025,16.695,9.3125,14.2575,0.16749999999999998,52.3425,0.0975,,,,0.065,0.025,28.85,85.7525,0.3025,160.76749999999998,0.0,0.0,,741.605,
2023-09-02 21:00:00,52.56,132.19,6.7125,10.29,17.0025,9.385,14.79,0.1825,54.875,0.11,,,,0.07500000000000001,0.03,29.005,84.855,0.265,172.0075,0.0,0.0,,741.9975,
2023-09-02 22:00:00,56.2825,129.395,6.3774999999999995,9.7725,16.1525,9.39,15.055,0.1925,59.0125,0.1125,,,,0.08,0.03,28.1825,88.285,0.1675,150.2375,0.0,0.0,,742.2275,
2023-09-02 23:00:00,53.2025,121.64750000000001,6.32,9.6825,16.0025,9.45,14.6675,0.2,59.3275,0.1225,,,,0.0825,0.03,27.4975,91.855,0.16999999999999998,143.805,0.0,0.0,,742.0725,
2023-09-03 00:00:00,54.3,111.7,6.3875,9.7925,16.177500000000002,9.39,15.0675,0.195,59.925,0.1175,,,,0.0775,0.03,27.509999999999998,89.4725,0.2475,172.145,0.0,0.0,,741.9625,
2023-09-03 01:00:00,50.91,114.89750000000001,5.9875,9.1775,15.165,9.395,14.8525,0.185,62.7475,0.11,,,,0.07500000000000001,0.03,27.4325,88.5925,0.245,165.41250000000002,0.0,0.0,,741.5799999999999,
2023-09-03 02:00:00,48.8625,111.9,5.805,8.8975,14.7025,9.4125,14.8025,0.1775,62.075,0.10500000000000001,,,,0.07500000000000001,0.0275,26.8175,91.23,0.27,192.92000000000002,0.0,0.0,,741.325,
2023-09-03 03:00:00,54.0325,109.5725,5.905,9.05,14.95,9.3875,14.765,0.1775,67.94,0.10500000000000001,,,,0.07250000000000001,0.0275,26.395,93.005,0.155,148.4325,0.0,0.0,,741.2674999999999,
2023-09-03 04:00:00,51.875,98.65,5.922499999999999,9.0725,14.9925,9.3575,14.6525,0.1725,69.29249999999999,0.10250000000000001,,,,0.07250000000000001,0.025,25.9375,95.44,0.1475,143.1975,0.0,0.0,,741.385,
2023-09-03 05:00:00,43.76,92.29249999999999,5.8774999999999995,9.005,14.8775,9.424999999999999,14.647499999999999,0.16999999999999998,71.63,0.10250000000000001,,,,0.0675,0.0275,25.302500000000002,97.4425,0.21000000000000002,200.365,0.0,0.0,,741.42,
2023-09-03 06:00:00,43.79,88.9025,6.172499999999999,9.4575,15.629999999999999,9.395,14.3325,0.1725,65.425,0.10250000000000001,,,,0.0675,0.0275,25.77,98.49000000000001,0.1975,178.305,0.0,0.0,,741.615,
2023-09-03 07:00:00,46.5125,89.9625,5.8075,8.905000000000001,14.71,9.309999999999999,14.254999999999999,0.1725,61.91,0.10500000000000001,,,,0.07,0.0275,28.259999999999998,91.6375,0.21000000000000002,157.365,0.0,0.0,,742.0475,
2023-09-03 08:00:00,49.41,121.0,5.5925,8.567499999999999,14.16,9.225000000000001,14.5425,0.1825,70.305,0.11,,,,0.07,0.03,34.5175,67.8275,0.33,238.6825,0.0,0.0,,742.3125,
2023-09-03 09:00:00,55.7975,131.97750000000002,5.415,8.3,13.715,9.2275,14.5225,0.185,71.45,0.11,,,,0.07500000000000001,0.03,37.885,58.4625,0.3975,219.3,0.0,0.0,,742.5175,
2023-09-03 10:00:00,53.675,130.6525,5.842499999999999,8.9575,14.795,9.325,14.675,0.1775,67.135,0.11,,,,0.07,0.03,39.5,51.004999999999995,0.46499999999999997,203.5275,0.0,0.0,,742.5,
2023-09-03 11:00:00,47.012499999999996,130.21249999999998,5.725,8.7725,14.4975,9.35,14.725,0.165,62.905,0.1,,,,0.0675,0.03,39.755,48.2075,0.5525,237.77249999999998,0.0,0.0,,742.0925,
2023-09-03 12:00:00,49.61,125.9375,5.6025,8.59,14.1925,9.3025,14.8625,0.14250000000000002,57.3475,0.0825,,,,0.06,0.02,39.9125,45.8575,0.5525,222.3925,0.0,0.0,,741.665,
2023-09-03 13:00:00,41.66,117.66250000000001,5.952500000000001,9.12,15.07,9.34,15.0225,0.1225,55.9375,0.08,,,,0.05,0.02,40.685,45.32,0.54,214.7725,0.0,0.0,,741.04,
2023-09-03 14:00:00,43.8225,120.4025,5.9275,9.085,15.0075,9.434999999999999,15.275,0.11,57.519999999999996,0.07,,,,0.05,0.02,40.3825,45.835,0.485,205.2675,0.0,0.0,,740.1949999999999,
2023-09-03 15:00:00,43.415,120.21000000000001,5.52,8.46,13.9775,9.3675,15.315000000000001,0.1075,58.2975,0.065,,,,0.045,0.02,39.15,49.3075,0.63,240.89249999999998,0.0,0.0,,739.4449999999999,
2023-09-03 16:00:00,45.435,125.625,5.0675,7.765000000000001,12.8325,9.2025,14.9825,0.10500000000000001,55.792500000000004,0.06,,,,0.04,0.02,34.8875,59.2275,0.4675,209.1475,0.0,0.0,,739.3325,
2023-09-03 17:00:00,43.95,119.02,5.1675,7.9225,13.09,9.285,14.95,0.10500000000000001,59.13,0.065,,,,0.045,0.02,33.0175,65.6725,0.365,201.515,0.0,0.0,,739.52,
2023-09-03 18:00:00,48.550000000000004,126.84,5.505,8.4325,13.9375,9.2025,14.4925,0.1125,58.96,0.0675,,,,0.0475,0.02,30.46,75.2475,0.16,154.765,0.0,0.0,,739.4925000000001,
2023-09-03 19:00:00,46.7625,125.4525,5.95,9.115,15.06,9.2475,14.3525,0.1275,56.635000000000005,0.08,,,,0.055,0.02,28.18,87.735,0.20750000000000002,155.525,0.0,0.0,,739.895,
2023-09-03 20:00:00,51.35,110.0925,6.15,9.42,15.569999999999999,9.217500000000001,14.5775,0.165,63.7775,0.1,,,,0.065,0.025,27.6425,90.1625,0.11499999999999999,110.1725,0.0,0.0,,740.68,
2023-09-03 21:00:00,56.2475,114.4425,6.17,9.4525,15.6225,9.235,14.615,0.19,64.84,0.1125,,,,0.07500000000000001,0.03,27.259999999999998,93.125,0.14750000000000002,152.3275,0.0,0.0,,741.0025,
2023-09-03 22:00:00,56.5925,116.635,6.3925,9.7975,16.195,9.280000000000001,15.035,0.20750000000000002,66.375,0.1325,,,,0.08499999999999999,0.035,27.145,93.4875,0.19,200.1725,0.0,0.0,,741.095,
2023-09-03 23:00:00,62.22,122.9975,6.3225,9.6925,16.015,9.2875,14.97,0.215,70.0575,0.1375,,,,0.09,0.035,26.9625,94.66,0.14250000000000002,160.625,0.0,0.0,,741.125,
2023-09-04 00:00:00,64.24,127.46249999999999,6.065,9.2925,15.355,9.3,15.0,0.22,72.3725,0.135,,,,0.0925,0.035,26.72,95.3375,0.16999999999999998,168.9325,0.0,0.0,,740.8225,
2023-09-04 01:00:00,60.715,111.7125,6.0525,9.275,15.325,9.3025,15.0225,0.2225,72.93,0.135,,,,0.095,0.035,26.4625,94.73,0.13,145.0,0.0,0.0,,740.4625,
2023-09-04 02:00:00,61.762499999999996,109.94,6.0175,9.225,15.2375,9.3275,15.125,0.22,70.44,0.135,,,,0.0925,0.035,26.1925,94.5325,0.1875,185.2825,0.0,0.0,,740.2049999999999,
2023-09-04 03:00:00,63.542500000000004,114.4525,6.0525,9.272499999999999,15.325,9.282499999999999,14.98,0.2275,80.43,0.135,,,,0.095,0.0375,25.755,95.6825,0.13333333333333333,156.20000000000002,0.0,0.0,,740.295,
2023-09-04 04:00:00,59.1425,101.5225,6.0425,9.2625,15.305,9.2775,14.7225,0.225,81.2325,0.135,,,,0.09,0.0375,25.2575,96.3725,0.13999999999999999,186.115,0.0,0.0,,740.365,
2023-09-04 05:00:00,55.415,99.84,6.165,9.45,15.61,9.4225,14.7025,0.2275,82.6925,0.135,,,,0.095,0.04,25.0675,97.62,0.08666666666666667,134.70666666666668,0.0,0.0,,740.8175,
2023-09-04 06:00:00,59.465,100.86500000000001,5.9399999999999995,9.102500000000001,15.04,9.395,14.51,0.2175,77.69,0.1325,,,,0.0925,0.035,25.665,98.795,0.11,166.735,0.0,0.0,,741.0875,
2023-09-04 07:00:00,53.400000000000006,90.7275,5.9175,9.0675,14.985,9.28,14.3525,0.2175,63.05,0.1325,,,,0.09,0.035,27.8475,95.1425,0.225,184.2725,0.0,0.0,,741.2975,
2023-09-04 08:00:00,54.555,110.55,5.5125,8.4475,13.96,9.2225,14.5775,0.2225,75.2175,0.14,,,,0.095,0.04,33.8125,69.285,0.225,164.7225,0.0,0.0,,741.3025,
2023-09-04 09:00:00,64.675,150.6275,5.925000000000001,9.0825,15.0075,9.35,15.03,0.2375,79.495,0.14500000000000002,,,,0.1,0.04,37.9375,56.4775,0.2525,155.655,0.0,0.0,,741.4725000000001,
2023-09-04 10:00:00,70.2325,156.26,6.04,9.254999999999999,15.2925,9.4125,15.125,0.245,73.23,0.14500000000000002,,,,0.1,0.04,38.927499999999995,54.445,0.3275,216.365,0.0,0.0,,741.4675,
2023-09-04 11:00:00,63.522499999999994,151.1675,6.4075,9.817499999999999,16.225,9.515,15.25,0.22999999999999998,59.9925,0.14,,,,0.0975,0.0375,36.4725,61.6575,0.485,181.32999999999998,0.0,0.0,,741.545,
2023-09-04 12:00:00,41.89,114.38,6.4575,9.8975,16.355,9.4925,15.0725,0.2075,54.4075,0.1275,,,,0.09,0.03,36.9725,59.15,0.51,151.4475,0.0,0.0,,741.4925,
2023-09-04 13:00:00,22.89,56.335,7.2,11.04,18.2425,9.5375,15.0575,0.2,50.832499999999996,0.12,,,,0.08,0.03,38.755,54.435,0.3225,177.9725,0.0,0.0,,740.9275,
2023-09-04 14:00:00,31.5025,74.16499999999999,7.3125,11.2125,18.5325,9.5925,15.185,0.1925,50.675,0.11,,,,0.08,0.03,39.7475,52.542500000000004,0.2475,150.8425,0.0075,0.0075,,740.175,
2023-09-04 15:00:00,40.325,98.72749999999999,7.175,10.9925,18.1675,9.485,15.3325,0.1625,46.57,0.0975,,,,0.065,0.025,36.9625,59.78,0.2025,167.845,0.01,0.01,,739.5625,
2023-09-04 16:00:00,29.557499999999997,65.7875,6.5975,10.1175,16.7125,9.502500000000001,15.5825,0.1625,46.015,0.095,,,,0.0675,0.025,34.17,69.745,0.14,127.1025,0.0,0.0,,739.28,
2023-09-04 17:00:00,31.1375,72.45,6.3875,9.79,16.174999999999997,9.4825,15.4275,0.1575,45.225,0.095,,,,0.065,0.025,31.4675,79.5975,0.1475,144.7775,0.0,0.0,,739.675,
2023-09-04 18:00:00,28.7775,54.7775,5.6899999999999995,8.725,14.412500000000001,9.3325,15.44,0.10250000000000001,42.230000000000004,0.0575,,,,0.042499999999999996,0.015,29.322499999999998,84.3225,0.19,176.675,0.0,0.0,,740.485,
2023-09-04 19:00:00,22.5,41.025,5.5825,8.5575,14.14,9.2875,15.3375,0.10500000000000001,56.19,0.0625,,,,0.045,0.0175,28.8275,84.295,0.1275,130.01999999999998,0.0,0.0,,740.8475,
2023-09-04 20:00:00,26.175,39.05,5.6625,8.68,14.34,9.307500000000001,15.355,0.11499999999999999,59.0925,0.07250000000000001,,,,0.0475,0.02,27.235,90.9475,0.1225,130.2625,0.0,0.0,,740.8725,
2023-09-04 21:00:00,26.59,43.65,5.9325,9.092500000000001,15.0275,9.3025,15.34,0.1325,63.2975,0.0825,,,,0.055,0.02,26.5375,93.85499999999999,0.16499999999999998,194.61,0.0,0.0,,741.345,
2023-09-04 22:00:00,27.7625,49.417500000000004,5.952500000000001,9.1225,15.0675,9.3925,15.245,0.1475,62.2075,0.09,,,,0.06,0.02,26.075,96.32000000000001,0.19,182.58,0.0,0.0,,741.54,
2023-09-04 23:00:00,22.2775,48.63,5.7825,8.86,14.6375,9.4075,15.27,0.1575,66.6825,0.0975,,,,0.065,0.025,25.5625,96.245,0.09999999999999999,114.35,0.0,0.0,,741.4975,
2023-09-05 00:00:00,28.2,42.0,5.9075,9.0525,14.9575,9.355,15.3925,0.1625,67.7425,0.10250000000000001,,,,0.0675,0.0275,25.1125,96.35249999999999,0.1275,131.42000000000002,0.0,0.0,,741.6275,
2023-09-05 01:00:00,23.745,34.54,5.7725,8.845,14.6125,9.342500000000001,15.057500000000001,0.1725,66.6075,0.10500000000000001,,,,0.07250000000000001,0.03,25.585,96.8825,0.1225,138.78,0.0,0.0,,741.4375,
2023-09-05 02:00:00,22.9225,41.9525,5.8,8.8925,14.69,9.265,14.9125,0.18,75.1825,0.1075,,,,0.07,0.0275,25.8275,95.755,0.095,153.8675,0.0,0.0,,741.25,
2023-09-05 03:00:00,27.6475,38.2275,5.675,8.6975,14.370000000000001,9.34,14.965,0.17500000000000002,72.46000000000001,0.10250000000000001,,,,0.07250000000000001,0.0275,25.4775,96.3525,0.15,191.1425,0.0,0.0,,741.02,
2023-09-05 04:00:00,28.38,31.705,5.5649999999999995,8.532499999999999,14.095,9.3425,14.67,0.18,67.9075,0.10500000000000001,,,,0.07,0.0275,25.295,96.905,0.16,158.23000000000002,0.0,0.0,,740.9175,
2023-09-05 05:00:00,21.0375,30.6275,5.66,8.68,14.3375,9.3,14.56,0.1775,71.61,0.10500000000000001,,,,0.07250000000000001,0.03,24.8525,98.01,0.12666666666666668,155.5533333333333,0.0,0.0,,741.2025,
2023-09-05 06:00:00,20.509999999999998,25.8525,5.6375,8.6375,14.275,9.325,14.285,0.1825,77.94,0.10500000000000001,,,,0.07500000000000001,0.03,25.365000000000002,99.1175,0.125,162.6825,0.0,0.0,,741.5475,
2023-09-05 07:00:00,20.5,30.06,5.2425,8.04,13.28,9.34,14.295,0.1825,69.3925,0.11,,,,0.07250000000000001,0.03,27.9725,94.4,0.1175,135.76999999999998,0.0,0.0,,741.87,
2023-09-05 08:00:00,23.5025,45.7975,5.4399999999999995,8.34,13.7775,9.21,14.379999999999999,0.1975,68.2125,0.1125,,,,0.08,0.03,30.662499999999998,84.0675,0.21,213.23000000000002,0.0,0.0,,742.32,
2023-09-05 09:00:00,38.9075,63.1575,5.635,8.6375,14.275,9.265,15.040000000000001,0.21,66.4,0.13,,,,0.09,0.03,32.0,80.0725,0.26,209.9425,0.0,0.0,,742.5475,
2023-09-05 10:00:00,42.985,66.89750000000001,5.54,8.4925,14.032499999999999,9.3125,15.120000000000001,0.2125,63.9625,0.1325,,,,0.09,0.035,33.0425,77.59,0.385,178.85500000000002,0.0,0.0,,742.5074999999999,
2023-09-05 11:00:00,43.197500000000005,68.64750000000001,5.285,8.1025,13.385,9.2875,15.805,0.1925,41.045,0.11,,,,0.0775,0.0275,35.3175,68.92750000000001,0.5375,167.9325,0.0,0.0,,742.275,
2023-09-05 12:00:00,33.8025,54.3625,5.1075,7.8325,12.94,9.29,15.8875,0.1575,38.11,0.095,,,,0.065,0.025,34.5725,70.7,0.3525,192.335,0.0,0.0,,742.0025,
2023-09-05 13:00:00,30.7875,53.125,5.625,8.6175,14.2425,9.4125,15.559999999999999,0.17500000000000002,31.970000000000002,0.10250000000000001,,,,0.07,0.0275,33.519999999999996,73.5425,0.4475,194.85,0.0,0.0,,741.4124999999999,
2023-09-05 14:00:00,31.5725,45.5425,5.3525,8.205,13.555,9.3575,15.98,0.1525,31.655,0.095,,,,0.0675,0.0275,36.4725,65.3875,0.4375,201.9475,0.0,0.0,,740.7950000000001,
2023-09-05 15:00:00,27.53,45.8825,5.7825,8.865,14.6475,9.285,15.732499999999998,0.1825,31.1475,0.11,,,,0.07500000000000001,0.03,34.5925,69.33500000000001,0.42,189.035,0.0,0.0,,740.3525,
2023-09-05 16:00:00,27.4,45.317499999999995,5.855,8.9725,14.825,9.3325,15.7275,0.195,29.3575,0.12,,,,0.0775,0.03,31.915,79.3025,0.2625,165.76999999999998,0.0,0.0,,739.9300000000001,
2023-09-05 17:00:00,25.365000000000002,47.335,5.6275,8.6225,14.2425,9.445,15.7075,0.195,32.345,0.12,,,,0.0825,0.03,30.759999999999998,83.7375,0.2,158.365,0.0,0.0,,740.175,
2023-09-05 18:00:00,29.0775,47.11,5.285,8.102500000000001,13.3875,9.2525,15.7175,0.1875,48.56,0.1125,,,,0.07500000000000001,0.03,29.307499999999997,89.6375,0.10500000000000001,128.7125,0.0,0.0,,740.7325,
2023-09-05 19:00:00,31.427500000000002,42.16,5.495,8.4225,13.9125,9.4275,15.765,0.1875,53.1025,0.11499999999999999,,,,0.0775,0.03,28.42,94.005,0.1725,176.87,0.0,0.0,,741.195,
2023-09-05 20:00:00,36.44,51.6875,5.52,8.4575,13.9775,9.28,15.1575,0.2,57.292500000000004,0.12,,,,0.08499999999999999,0.03,28.2475,94.7275,0.1925,188.06,0.0,0.0,,741.8475,
2023-09-05 21:00:00,37.762499999999996,50.5475,5.3675,8.23,13.6,9.254999999999999,15.0925,0.2075,56.6575,0.1275,,,,0.0875,0.03,28.235,95.39750000000001,0.18,180.9225,0.0,0.0,,742.225,
2023-09-05 22:00:00,39.64,56.3125,5.685,8.71,14.39,9.23,15.2125,0.215,55.792500000000004,0.1325,,,,0.09,0.0325,28.345,94.095,0.23750000000000002,195.9775,0.0,0.0,,742.3,
2023-09-05 23:00:00,37.2775,53.205,5.4825,8.4025,13.885,9.2625,15.205,0.2125,62.917500000000004,0.13,,,,0.0875,0.035,27.985,92.7875,0.1225,145.055,0.0,0.0,,742.2525,
2023-09-06 00:00:00,32.8,50.6,5.6325,8.629999999999999,14.2625,9.2725,15.342500000000001,0.215,60.2975,0.13,,,,0.09,0.0375,27.13,95.39,0.1375,158.225,0.0,0.0,,742.085,
2023-09-06 01:00:00,33.285,48.565,5.405,8.29,13.695,9.2475,15.14,0.20500000000000002,67.68,0.1275,,,,0.08499999999999999,0.035,26.77,91.2225,0.155,165.215,0.0,0.0,,741.8824999999999,
2023-09-06 02:00:00,25.4525,30.8675,5.4,8.2775,13.67,9.23,14.97,0.1975,71.4825,0.1225,,,,0.08499999999999999,0.03,26.3325,93.285,0.1275,174.71,0.0,0.0,,741.8025,
2023-09-06 03:00:00,20.84,28.555,5.3975,8.275,13.6725,9.2375,14.932500000000001,0.1925,68.5575,0.1175,,,,0.08,0.0275,25.95,96.42,0.0825,133.785,0.0,0.0,,741.6275,
2023-09-06 04:00:00,17.89,31.5025,5.545,8.5,14.0425,9.3375,14.575,0.1925,68.59,0.11499999999999999,,,,0.0775,0.03,25.802500000000002,97.7325,0.0825,122.1225,0.0,0.0,,741.38,
2023-09-06 05:00:00,26.810000000000002,35.8625,5.67,8.69,14.36,9.3325,14.715,0.195,67.35,0.11499999999999999,,,,0.07500000000000001,0.03,26.1225,98.5925,0.14,201.965,0.0,0.0,,741.54,
2023-09-06 06:00:00,28.2625,42.2,5.3475,8.1975,13.545,9.245000000000001,14.8025,0.19,63.46,0.11499999999999999,,,,0.0775,0.03,26.53,99.34,0.11,159.4375,0.0,0.0,,742.0425,
2023-09-06 07:00:00,33.3375,42.11,5.295,8.1125,13.405,9.1975,14.6325,0.1975,62.4725,0.1175,,,,0.0825,0.03,27.692500000000003,99.44749999999999,0.1225,176.0825,0.0,0.0,,742.6375,
2023-09-06 08:00:00,35.825,46.072500000000005,5.24,8.0275,13.27,9.225000000000001,14.7825,0.20500000000000002,66.975,0.1225,,,,0.0825,0.03,30.57,86.895,0.14250000000000002,165.585,0.0,0.0,,743.17,
2023-09-06 09:00:00,35.317499999999995,45.135000000000005,5.2825,8.095,13.3775,9.2725,15.125,0.20750000000000002,64.8575,0.1275,,,,0.0875,0.0325,31.544999999999998,81.24,0.14500000000000002,135.5275,0.02,0.02,,743.55,
2023-09-06 10:00:00,34.525,50.040000000000006,5.515000000000001,8.4525,13.967500000000001,9.317499999999999,15.357499999999998,0.215,61.0975,0.13,,,,0.0925,0.0325,37.54,59.254999999999995,0.2875,183.81,0.0,0.0,,743.3425,
2023-09-06 11:00:00,30.82,52.235,6.23,9.5475,15.7675,9.44,15.555000000000001,0.2025,51.895,0.1225,,,,0.08499999999999999,0.03,38.9975,53.795,0.235,168.04,0.03,0.03,,743.025,
2023-09-06 12:00:00,27.89,34.5725,6.4175,9.8325,16.247500000000002,9.57,15.7625,0.19,48.7425,0.11499999999999999,,,,0.0775,0.03,37.9925,57.572500000000005,0.2525,206.0,0.0,0.0,,742.6800000000001,
2023-09-06 13:00:00,31.2725,45.957499999999996,6.66,10.2125,16.875,9.475,16.115,0.1825,44.8925,0.10500000000000001,,,,0.07500000000000001,0.03,39.317499999999995,54.51,0.3175,163.77,0.0,0.0,,742.2025,
2023-09-06 14:00:00,24.134999999999998,42.235,6.7075,10.282499999999999,16.990000000000002,9.53,16.325,0.1725,41.427499999999995,0.10500000000000001,,,,0.07,0.03,39.707499999999996,53.1725,0.24,176.28,0.0,0.0,,741.62,
2023-09-06 15:00:00,18.475,40.745000000000005,6.245,9.5725,15.8125,9.5175,16.195,0.1675,40.86,0.1,,,,0.07,0.0275,38.095,58.6325,0.3325,183.4325,0.0,0.0,,740.905,
2023-09-06 16:00:00,21.012500000000003,39.15,6.02,9.225,15.2425,9.5,15.91,0.16999999999999998,39.225,0.10500000000000001,,,,0.0675,0.0275,34.4875,69.0475,0.2025,153.79,0.0,0.0,,740.5975,
2023-09-06 17:00:00,25.6525,38.035,5.6025,8.5825,14.18,9.465,16.175,0.1675,38.855000000000004,0.10250000000000001,,,,0.0675,0.0275,31.525,78.99000000000001,0.175,141.66,0.0,0.0,,740.4975,
2023-09-06 18:00:00,22.7975,47.4925,5.77,8.8375,14.605,9.42,16.11,0.16,38.7825,0.0975,,,,0.065,0.025,28.802500000000002,89.08,0.12,135.2825,0.0,0.0,,740.9975,
2023-09-06 19:00:00,23.765,37.435,5.7825,8.86,14.635,9.2325,15.9775,0.16999999999999998,48.635000000000005,0.10250000000000001,,,,0.0675,0.0275,27.9225,93.9625,0.08499999999999999,106.49000000000001,0.0,0.0,,741.83,
2023-09-06 20:00:00,28.3525,48.725,5.6850000000000005,8.71,14.3925,9.395,15.925,0.1975,60.515,0.1175,,,,0.0825,0.03,27.595,94.5425,0.0625,109.73750000000001,0.0,0.0,,742.2225,
2023-09-06 21:00:00,29.3725,47.355,5.71,8.7475,14.455,9.325,16.0825,0.2275,59.1225,0.14250000000000002,,,,0.095,0.0375,27.265,95.3875,0.1175,140.03,0.0,0.0,,742.4300000000001,
2023-09-06 22:00:00,41.412499999999994,61.25,5.4375,8.3325,13.7675,9.315,15.754999999999999,0.2325,47.699999999999996,0.14,,,,0.095,0.035,27.1425,92.785,0.605,180.3775,0.055,0.055,,743.49,
2023-09-06 23:00:00,29.9825,79.4275,5.015000000000001,7.6875,12.7025,9.2525,15.792499999999999,0.2,59.865,0.1175,,,,0.0825,0.03,25.0075,97.81,0.3575,217.6925,0.345,0.345,,743.6324999999999,
2023-09-07 00:00:00,20.8825,24.49,5.505,8.435,13.935,9.3325,15.65,0.19,59.067499999999995,0.11499999999999999,,,,0.07500000000000001,0.03,24.8375,99.5075,0.155,131.9775,0.02,0.02,,743.16,
2023-09-07 01:00:00,22.925,25.4125,5.7825,8.8625,14.645,9.285,15.2225,0.18,54.755,0.11,,,,0.07500000000000001,0.03,24.9175,99.9925,0.2275,207.77,0.017499999999999998,0.017499999999999998,,742.695,
2023-09-07 02:00:00,17.770000000000003,20.7525,6.0425,9.2525,15.2925,9.4175,15.18,0.18,62.075,0.10500000000000001,,,,0.07500000000000001,0.03,24.497500000000002,100.0,0.1925,178.965,0.0,0.0,,742.295,
2023-09-07 03:00:00,18.375,20.02,6.265000000000001,9.6025,15.865,9.3725,15.605,0.185,69.41499999999999,0.11,,,,0.07500000000000001,0.03,24.68,100.0,0.10500000000000001,133.425,0.0,0.0,,742.155,
2023-09-07 04:00:00,,,6.255,9.59,15.844999999999999,9.432500000000001,15.602500000000001,0.175,70.70750000000001,0.10500000000000001,,,,0.07500000000000001,0.0275,24.740000000000002,100.0,0.056666666666666664,80.34,0.0,0.0,,742.2625,
2023-09-07 05:00:00,,,6.365,9.7575,16.12,9.4075,15.15,0.1825,70.5075,0.1075,,,,0.07,0.03,24.785,100.0,0.043333333333333335,70.13333333333333,0.0,0.0,,742.49,
2023-09-07 06:00:00,19.06,31.0175,6.529999999999999,10.005,16.535,9.375,15.3575,0.1875,68.035,0.11,,,,0.07500000000000001,0.03,25.0525,100.0,0.16249999999999998,195.5525,0.0,0.0,,742.675,
2023-09-07 07:00:00,25.975,36.629999999999995,6.157500000000001,9.435,15.59,9.432500000000001,15.3475,0.1825,65.32,0.1075,,,,0.07,0.03,25.725,100.0,0.1275,158.8025,0.0,0.0,,742.7925,
2023-09-07 08:00:00,15.64,29.7275,5.4475,8.345,13.7875,9.27,15.1475,0.1775,64.82,0.1075,,,,0.07500000000000001,0.03,27.66,96.53,0.2125,188.465,0.0,0.0,,742.7925,
2023-09-07 09:00:00,22.372500000000002,26.207500000000003,5.390000000000001,8.2625,13.6525,9.215,15.0825,0.175,63.015,0.11,,,,0.07,0.03,31.0225,77.9725,0.3325,175.3,0.0,0.0,,742.9,
2023-09-07 10:00:00,18.725,21.16,5.595000000000001,8.58,14.1675,9.36,15.53,0.165,59.4875,0.1,,,,0.07,0.03,33.7675,68.5,0.3125,164.9525,0.0,0.0,,742.9425,
2023-09-07 11:00:00,24.29,26.2075,5.875,9.01,14.885,9.4575,16.3125,0.135,34.3275,0.0825,,,,0.057499999999999996,0.02,35.54,64.25,0.36000000000000004,196.80333333333337,0.0,0.0,149.82,742.6899999999999,
2023-09-07 12:00:00,21.3125,31.555,6.109999999999999,9.365,15.62,9.4375,16.485,0.1475,32.1425,0.0925,,,,0.06,0.02,34.09,73.5,0.22,165.66,0.0075,0.0075,110.35,741.73,
2023-09-07 13:00:00,34.760000000000005,43.427499999999995,5.925000000000001,9.0825,14.95,9.5025,16.55,0.15,29.244999999999997,0.09,,,,0.057499999999999996,0.02,33.8175,74.80250000000001,0.2475,188.8525,0.0025,0.0025,77.165,741.4649999999999,
2023-09-07 14:00:00,32.05,32.16,5.9975000000000005,9.190000000000001,15.25,9.3925,16.3675,0.1575,32.7975,0.095,,,,0.065,0.025,33.6475,77.1075,0.2025,201.12,0.0,0.0,81.76,740.7225000000001,
2023-09-07 15:00:00,24.1225,36.6025,6.0200000000000005,9.2275,15.24,9.5075,16.1625,0.1775,32.4975,0.11,,,,0.07,0.03,36.165,68.0725,0.4125,224.7975,0.0,0.0,151.015,740.05,
2023-09-07 16:00:00,25.935,36.4125,6.0175,9.219999999999999,15.2375,9.3425,16.545,0.175,32.0275,0.11,,,,0.07500000000000001,0.03,34.2775,74.0025,0.29,173.9525,0.0,0.0,63.205,739.81,
2023-09-07 17:00:00,27.84,34.56,5.765,8.84,14.6025,9.469999999999999,16.1,0.175,31.63,0.10500000000000001,,,,0.07250000000000001,0.0275,28.5325,82.78,0.6174999999999999,207.5575,0.0,0.0,15.940000000000001,740.8125,
2023-09-07 18:00:00,13.852500000000001,28.9775,5.705,8.7425,14.455,9.275,16.1025,0.1525,37.5025,0.0925,,,,0.065,0.025,26.7575,89.205,0.2425,208.3875,0.0,0.0,8.735,741.0525,
2023-09-07 19:00:00,12.65,22.145,5.68,8.7075,14.370000000000001,9.41,15.862499999999999,0.14500000000000002,47.155,0.0875,,,,0.06,0.02,25.884999999999998,91.6225,0.1625,159.685,0.0,0.0,,741.3075,
2023-09-07 20:00:00,16.28,25.09,5.9350000000000005,9.0975,15.025,9.36,15.8675,0.1525,57.375,0.095,,,,0.065,0.025,25.3,94.71000000000001,0.1275,138.475,0.14750000000000002,0.14750000000000002,,742.065,
2023-09-07 21:00:00,16.595,24.91,6.0649999999999995,9.295,15.3575,9.3425,15.395,0.1575,49.3375,0.0975,,,,0.065,0.0225,24.985,97.83500000000001,0.2375,168.945,0.1525,0.1525,,742.78,
2023-09-07 22:00:00,20.3775,25.8675,5.835,8.94,14.7375,9.41,15.1925,0.155,52.8475,0.0975,,,,0.065,0.025,24.96,98.925,0.2225,186.3725,0.3175,0.3175,,742.9,
2023-09-07 23:00:00,17.3,26.7725,5.615,8.605,14.2425,9.442499999999999,14.8275,0.1525,53.1475,0.095,,,,0.065,0.025,24.675,99.6525,0.21,207.325,1.2625,1.2625,,742.845,
2023-09-08 00:00:00,17.0,22.0,6.125,9.387500000000001,15.5125,9.4225,15.455,0.1575,57.35,0.095,,,,0.065,0.025,24.572499999999998,99.995,0.135,179.005,0.20750000000000002,0.20750000000000002,,742.3775,
2023-09-08 01:00:00,14.975,17.95,5.8175,8.9125,14.7225,9.2875,15.1475,0.1525,57.51,0.0925,,,,0.065,0.0275,24.78,100.0,0.2025,182.8725,0.1625,0.1625,,741.7775,
2023-09-08 02:00:00,,,5.484999999999999,8.4075,13.89,9.305,14.64,0.14250000000000002,52.457499999999996,0.09,,,,0.0625,0.0225,24.8125,100.0,0.2225,198.8375,0.0125,0.0125,,741.475,
2023-09-08 03:00:00,16.177500000000002,25.674999999999997,5.6475,8.657499999999999,14.305,9.355,15.51,0.1475,53.355,0.09,,,,0.06,0.0225,25.0475,100.0,0.1675,163.87,0.0,0.0,,741.37,
2023-09-08 04:00:00,14.842500000000001,24.3575,5.4775,8.39,13.8675,9.3375,14.995,0.14,51.769999999999996,0.0825,,,,0.06,0.02,25.115,100.0,0.275,180.79,0.0,0.0,,741.195,
2023-09-08 05:00:00,19.525,25.36,5.385,8.2525,13.6375,9.3275,14.5825,0.14750000000000002,60.4075,0.09,,,,0.0625,0.0225,25.064999999999998,100.0,0.1875,195.45999999999998,0.0,0.0,0.25,741.2375,
2023-09-08 06:00:00,16.2275,23.9525,5.595,8.575,14.17,9.342500000000001,15.09,0.15,58.87,0.09,,,,0.06,0.0225,25.4325,100.0,0.185,193.2525,0.0,0.0,16.5475,741.48,
2023-09-08 07:00:00,23.91,25.3475,5.26,8.065,13.3225,9.254999999999999,14.9725,0.1525,55.95,0.0925,,,,0.065,0.0225,26.0775,100.0,0.23249999999999998,199.425,0.0,0.0,38.705,741.8875,
2023-09-08 08:00:00,25.357499999999998,27.81,5.0375,7.7175,12.754999999999999,9.25,14.6975,0.16,52.13,0.1,,,,0.065,0.0275,27.990000000000002,97.8825,0.35250000000000004,165.9025,0.0,0.0,83.38,742.535,
2023-09-08 09:00:00,21.64,33.685,5.1725,7.9325,13.105,9.23,14.875,0.1825,54.2025,0.11,,,,0.07250000000000001,0.03,31.240000000000002,83.9825,0.4675,189.4225,0.0,0.0,135.5,742.9,
2023-09-08 10:00:00,27.3825,31.585,5.3375,8.1775,13.515,9.215,15.8,0.1575,47.995000000000005,0.095,,,,0.065,0.0275,33.129999999999995,77.9275,0.6,176.1775,0.0,0.0,155.7275,742.9325,
2023-09-08 11:00:00,29.0475,34.585,5.5825,8.555,14.1325,9.2725,21.225,0.10250000000000001,32.665,0.06,,,,0.0425,0.0175,34.042500000000004,74.2275,0.665,194.8675,0.0,0.0,174.13,742.48,
2023-09-08 12:00:00,19.5525,37.69,4.9399999999999995,7.5675,12.51,9.3,23.83,0.075,28.295,0.0425,,,,0.0325,0.01,31.135,80.4025,0.695,205.6875,0.755,0.755,110.18,742.0425,
2023-09-08 13:00:00,21.997500000000002,25.36,5.52,8.465,13.9875,9.2575,18.915,0.085,24.27,0.05,,,,0.04,0.0125,26.1475,99.1675,0.2175,187.0825,1.905,1.905,12.54,741.485,
2023-09-08 14:00:00,21.810000000000002,24.61,5.98,9.165,15.1375,9.235,18.1625,0.10250000000000001,31.4425,0.0625,,,,0.0425,0.02,26.9675,99.9675,0.2275,220.7125,0.0,0.0,29.5625,740.7175,
2023-09-08 15:00:00,10.5175,23.635,6.2425,9.5725,15.8175,9.3875,21.015,0.1125,22.997500000000002,0.07500000000000001,,,,0.05,0.02,28.3425,97.8775,0.31,159.8825,0.0,0.0,73.565,740.2475,
2023-09-08 16:00:00,17.235,28.5175,5.5375000000000005,8.49,14.0225,9.21,17.725,0.1125,21.8575,0.0675,,,,0.0475,0.02,29.482499999999998,86.52,0.4575,187.3325,0.0,0.0,78.1375,740.34,
2023-09-08 17:00:00,12.6775,20.0225,4.85,7.43,12.280000000000001,9.175,16.5,0.07,26.9425,0.04,,,,0.03,0.01,28.0075,91.4,0.27,161.94,0.0,0.0,15.135,740.4825,
2023-09-08 18:00:00,,,4.6625,7.145,11.807500000000001,9.205,15.5425,0.07250000000000001,35.8425,0.04,,,,0.03,0.01,26.545,96.2825,0.20750000000000002,164.7175,0.0,0.0,0.09,740.93,
2023-09-08 19:00:00,,,4.87,7.4675,12.34,9.1625,15.62,0.0875,44.7175,0.05,,,,0.04,0.01,25.96,98.805,0.2025,148.3625,0.0,0.0,,741.225,
2023-09-08 20:00:00,13.315,15.61,4.9025,7.51,12.415000000000001,9.1875,15.812499999999998,0.1,52.265,0.06,,,,0.04,0.02,25.77,99.7025,0.195,176.5925,0.0,0.0,,741.6975,
2023-09-08 21:00:00,18.985,22.1575,4.7825,7.33,12.110000000000001,9.1475,15.7525,0.0975,47.65,0.055,,,,0.0425,0.015,25.8575,98.6075,0.4575,169.91,0.0,0.0,,742.1325,
2023-09-08 22:00:00,14.282499999999999,15.36,4.7250000000000005,7.24,11.965,9.2125,15.455,0.095,52.065,0.055,,,,0.04,0.015,25.825,98.195,0.345,178.565,0.0,0.0,,742.1125,
2023-09-08 23:00:00,11.785,19.9225,4.72,7.234999999999999,11.95,9.12,15.407499999999999,0.095,55.2275,0.052500000000000005,,,,0.04,0.0175,25.955000000000002,98.285,0.35250000000000004,139.625,0.0,0.0,,741.865,
2023-09-09 00:00:00,,,4.63,7.0925,11.7225,9.1375,14.897499999999999,0.0975,53.7175,0.055,,,,0.04,0.0175,26.0475,98.38,0.3275,215.2725,0.0,0.0,,741.34,
2023-09-09 01:00:00,15.55,17.5525,4.765000000000001,7.2975,12.0625,9.14,15.1025,0.1,52.595,0.06,,,,0.04,0.02,26.2075,98.53,0.3225,202.65500000000003,0.0,0.0,,740.915,
2023-09-09 02:00:00,18.875,21.2675,4.7025,7.202500000000001,11.905,9.1975,14.715,0.1,52.7025,0.06,,,,0.04,0.02,26.3825,97.4425,0.42,234.05499999999998,0.0,0.0,,740.5675,
2023-09-09 03:00:00,12.540000000000001,24.0025,4.6025,7.055,11.6575,9.0225,15.0375,0.1,53.675,0.0625,,,,0.04,0.02,26.2075,97.38,0.4575,168.32750000000001,0.0475,0.0475,,740.1675,
2023-09-09 04:00:00,18.2775,28.15,4.9,7.51,12.415,9.215,15.5775,0.1,54.4875,0.06,,,,0.0425,0.0175,25.682499999999997,99.77,0.475,223.70250000000001,0.83,0.83,,740.075,
2023-09-09 05:00:00,23.0325,25.215,4.5024999999999995,6.9025,11.407499999999999,9.1625,15.504999999999999,0.10250000000000001,52.4125,0.0625,,,,0.0425,0.02,25.64,100.0,0.49749999999999994,211.06,0.23750000000000002,0.23750000000000002,,740.3775,
2023-09-09 06:00:00,19.9225,29.9225,4.655,7.1375,11.795,9.1975,15.045,0.11,52.94,0.0675,,,,0.05,0.02,25.692500000000003,100.0,0.49750000000000005,183.5775,0.02,0.02,1.9133333333333333,740.765,
2023-09-09 07:00:00,22.79,26.9175,4.7675,7.3100000000000005,12.0725,9.02,14.8475,0.11,52.075,0.07,,,,0.05,0.02,25.7575,100.0,0.4325,168.175,0.0,0.0,4.245,741.3125,
2023-09-09 08:00:00,20.875,27.5725,4.555,6.9825,11.5425,9.0425,14.6075,0.1175,50.4975,0.07250000000000001,,,,0.05,0.02,26.38,99.6825,0.6175,195.98000000000002,0.0,0.0,41.0175,741.8175,
2023-09-09 09:00:00,24.2725,29.335,4.605,7.055,11.6625,8.935,14.8225,0.125,52.25,0.08,,,,0.05,0.02,28.115000000000002,94.0625,0.485,195.1725,0.0,0.0,62.4125,742.025,
2023-09-09 10:00:00,24.8825,29.11,4.585,7.0275,11.6125,9.2075,14.86,0.135,53.615,0.08,,,,0.055,0.02,27.9825,92.9075,0.6225,188.665,0.0175,0.0175,25.1775,741.9625,
2023-09-09 11:00:00,23.6475,30.16,4.657500000000001,7.14,11.795,9.105,15.0225,0.15,58.2725,0.0925,,,,0.0625,0.0225,26.7175,99.705,0.39,176.3875,1.6475,1.6475,19.585,741.645,
2023-09-09 12:00:00,30.35,41.7725,4.6375,7.1075,11.745,9.09,14.78,0.1625,56.325,0.1,,,,0.0675,0.0275,26.9425,100.0,0.27249999999999996,215.1225,1.205,1.205,12.735000000000001,741.2049999999999,
2023-09-09 13:00:00,,,4.5775,7.01,11.5875,9.06,15.0075,0.155,57.0175,0.095,,,,0.065,0.025,25.955,99.99,0.65,177.71499999999997,1.8725,1.8725,18.79,740.6175,
2023-09-09 14:00:00,22.6175,28.674999999999997,4.5,6.8975,11.3925,9.1075,15.092500000000001,0.1675,58.525,0.10500000000000001,,,,0.07,0.0275,26.7075,99.99,0.435,197.3075,0.4975,0.4975,61.2,739.8475,
2023-09-09 15:00:00,26.724999999999998,27.1475,4.7525,7.285,12.0375,9.1,15.05,0.175,60.28,0.11,,,,0.07,0.03,27.417499999999997,99.33500000000001,0.295,175.085,0.0475,0.0475,44.6275,739.7325,
2023-09-09 16:00:00,29.73,34.21,4.96,7.6,12.56,9.13,14.84,0.17,61.29,0.11,,,,0.07,0.03,27.75,98.92,0.31,172.48,0.04,0.01,43.61,739.57,
2023-09-09 17:00:00,,,,,,,,,,,,,,,,,,,,,0.0,,,
2023-09-09 18:00:00,,,,,,,,,,,,,,,,,,,,,0.0,,,
2023-09-09 19:00:00,,,,,,,,,,,,,,,,,,,,,0.0,,,
2023-09-09 20:00:00,,,,,,,,,,,,,,,,,,,,,0.0,,,
2023-09-09 21:00:00,,,,,,,,,,,,,,,,,,,,,0.0,,,
2023-09-09 22:00:00,,,,,,,,,,,,,,,,,,,,,0.0,,,
2023-09-09 23:00:00,,,,,,,,,,,,,,,,,,,,,0.0,,,
2023-09-10 00:00:00,,,,,,,,,,,,,,,,,,,,,0.0,,,
2023-09-10 01:00:00,,,,,,,,,,,,,,,,,,,,,0.0,,,
2023-09-10 02:00:00,,,,,,,,,,,,,,,,,,,,,0.0,,,
2023-09-10 03:00:00,,,,,,,,,,,,,,,,,,,,,0.0,,,
2023-09-10 04:00:00,,,,,,,,,,,,,,,,,,,,,0.0,,,
2023-09-10 05:00:00,,,,,,,,,,,,,,,,,,,,,0.0,,,
2023-09-10 06:00:00,,,,,,,,,,,,,,,,,,,,,0.0,,,
2023-09-10 07:00:00,,,,,,,,,,,,,,,,,,,,,0.0,,,
2023-09-10 08:00:00,,,,,,,,,,,,,,,,,,,,,0.0,,,
2023-09-10 09:00:00,,,,,,,,,,,,,,,,,,,,,0.0,,,
2023-09-10 10:00:00,,,,,,,,,,,,,,,,,,,,,0.0,,,
2023-09-10 11:00:00,,,,,,,,,,,,,,,,,,,,,0.0,,,
2023-09-10 12:00:00,,,,,,,,,,,,,,,,,,,,,0.0,,,
2023-09-10 13:00:00,30.2,35.4,1.12,1.71,1.36,8.36,14.68,0.125,65.08,0.025,,,,0.04,0.01,34.26,76.15,0.36,120.28,0.0,0.0,230.07,739.37,
2023-09-10 14:00:00,30.2,35.4,5.355,8.2075,13.1025,9.485,12.620000000000001,0.095,71.3675,0.0575,,,,0.04,0.02,34.4975,73.4875,0.4675,197.15,0.0,0.0,157.7975,739.105,
2023-09-10 15:00:00,,,5.1225000000000005,7.85,13.0325,9.24,11.325,0.1375,83.79499999999999,0.0875,,,,0.0575,0.02,32.9,78.345,0.42750000000000005,200.5,0.0,0.0,82.9475,738.7075,
2023-09-10 16:00:00,,,5.5625,8.530000000000001,14.1125,9.342500000000001,13.9825,0.1275,97.7225,0.08,,,,0.052500000000000005,0.02,29.8075,83.09,0.295,132.3925,0.0,0.0,28.5825,738.6875,
2023-09-10 17:00:00,22.275,34.3525,5.015,7.6899999999999995,12.7025,9.2575,17.685,0.0775,94.4675,0.0475,,,,0.0375,0.01,27.810000000000002,91.5575,0.1325,161.6025,0.035,0.035,5.453333333333333,738.7675,
2023-09-10 18:00:00,19.0825,32.8425,5.84,8.95,14.8025,9.29,19.7075,0.0875,83.69749999999999,0.05,,,,0.0375,0.0125,26.552500000000002,97.355,0.1825,196.76999999999998,0.024999999999999998,0.024999999999999998,,739.1075000000001,
2023-09-10 19:00:00,13.7925,31.835,6.0925,9.335,15.32,9.3375,19.305,0.10500000000000001,83.02,0.0625,,,,0.0425,0.02,26.3225,99.0325,0.1175,183.0625,0.0,0.0,,739.69,
2023-09-10 20:00:00,21.7,27.6525,6.275,9.615,15.9025,9.3525,18.802500000000002,0.14,82.49,0.08499999999999999,,,,0.055,0.02,26.3475,99.8475,0.10250000000000001,140.5075,0.0,0.0,,740.155,
2023-09-10 21:00:00,22.0,41.1925,6.2375,9.557500000000001,15.805,9.4625,18.9175,0.1725,78.48,0.105,,,,0.07,0.03,26.66,100.0,0.195,201.7975,0.0,0.0,,740.4275,
2023-09-10 22:00:00,30.485,47.485,6.215,9.5275,15.795,9.45,19.1675,0.1925,79.35,0.11499999999999999,,,,0.0775,0.03,27.01,100.0,0.155,165.07999999999998,0.085,0.085,,740.0575,
2023-09-10 23:00:00,25.2075,48.8575,5.7925,8.8825,14.675,9.325,19.2925,0.2025,78.6425,0.1175,,,,0.0825,0.03,27.5325,100.0,0.215,176.735,0.0575,0.0575,,740.1,
2023-09-11 00:00:00,29.05,48.9975,5.2475000000000005,8.05,13.3,9.285,18.689999999999998,0.2,68.05,0.12,,,,0.0825,0.03,27.62,100.0,0.155,167.105,1.3175,1.3175,,739.845,
2023-09-11 01:00:00,26.115000000000002,47.7475,5.175,7.93,13.1025,9.14,18.1175,0.2025,68.76,0.1225,,,,0.08499999999999999,0.03,27.09,100.0,0.2575,209.615,3.2800000000000002,3.2800000000000002,,739.35,
2023-09-11 02:00:00,32.365,48.182500000000005,5.5375,8.485,14.025,9.254999999999999,18.3275,0.2,72.305,0.11499999999999999,,,,0.08,0.03,26.052500000000002,100.0,0.4175,213.3475,2.51,2.51,,739.0125,
2023-09-11 03:00:00,21.8975,31.615000000000002,6.165,9.4475,15.612499999999999,9.3475,18.9525,0.1825,74.6625,0.11,,,,0.07,0.03,25.005000000000003,100.0,0.9149999999999999,244.34,3.0475000000000003,3.0475000000000003,,739.105,
2023-09-11 04:00:00,5.38,12.8125,6.0275,9.24,15.265,9.3875,18.759999999999998,0.1625,77.1925,0.105,,,,0.0675,0.0275,,,,,0.0,0.0,,,
2023-09-11 05:00:00,,15.0825,5.915,9.067499999999999,14.985,9.3125,18.517500000000002,0.155,82.1075,0.0975,,,,0.0675,0.0275,,,,,0.0,0.0,,,
2023-09-11 06:00:00,2.0175,20.075,6.09,9.3325,15.425,9.4025,18.6825,0.14500000000000002,77.765,0.0875,,,,0.06,0.0225,24.740000000000002,100.0,0.42,175.765,2.8049999999999997,2.8049999999999997,,739.765,
2023-09-11 07:00:00,5.672499999999999,15.39,5.965,9.1425,15.100000000000001,9.475,18.7025,0.14250000000000002,78.91499999999999,0.09,,,,0.06,0.02,24.9875,100.0,0.3875,231.2375,8.192499999999999,8.192499999999999,,740.02,
2023-09-11 08:00:00,4.2575,12.3075,6.085,9.325,15.405000000000001,9.4275,18.52,0.14750000000000002,83.97749999999999,0.09,,,,0.0625,0.0225,25.12,100.0,0.3025,224.1125,3.375,3.375,,740.1925,
2023-09-11 09:00:00,5.26,10.3675,6.71,10.282499999999999,16.9925,9.3925,18.785,0.14250000000000002,74.325,0.08499999999999999,,,,0.057499999999999996,0.02,25.1475,100.0,0.34,168.255,0.2825,0.2825,1.9666666666666668,740.4075,
2023-09-11 10:00:00,4.5325,13.27,6.140000000000001,9.4125,15.557500000000001,9.39,18.6925,0.135,75.1075,0.08,,,,0.055,0.02,25.41,100.0,0.35250000000000004,205.02249999999998,0.37,0.37,10.455,740.6425,
2023-09-11 11:00:00,0.5700000000000001,14.455,5.5225,8.4625,13.9825,9.335,19.64,0.1075,76.55250000000001,0.0675,,,,0.045,0.02,25.745,100.0,0.1825,151.31,0.0275,0.0275,10.36,740.4075,
2023-09-11 12:00:00,0.06,18.0675,6.555,10.05,16.605,9.4425,19.9675,0.155,65.05,0.095,,,,0.065,0.025,25.9725,100.0,0.2475,187.6325,1.48,1.48,5.8125,740.17,
2023-09-11 13:00:00,5.592499999999999,18.0075,7.0875,10.8625,17.9525,9.6075,20.595,0.195,68.03999999999999,0.11499999999999999,,,,0.08,0.03,26.15,100.0,0.22,252.4675,0.835,0.835,9.9,739.88,
2023-09-11 14:00:00,5.8975,15.975,5.885,9.02,14.9075,9.3575,16.2625,0.1875,40.99,0.1175,,,,0.0775,0.03,26.3,100.0,0.2925,187.725,0.12,0.12,19.3175,739.415,
2023-09-11 15:00:00,5.995,18.87,4.8575,7.45,12.31,9.265,12.235,0.16999999999999998,58.80500000000001,0.10250000000000001,,,,0.0675,0.025,26.182499999999997,100.0,0.3,167.9875,0.20500000000000002,0.20500000000000002,18.947499999999998,738.96,
2023-09-11 16:00:00,8.217500000000001,22.4725,4.6775,7.1725,11.85,9.0425,13.559999999999999,0.1375,77.015,0.08499999999999999,,,,0.057499999999999996,0.02,26.365000000000002,100.0,0.22750000000000004,198.995,0.0,0.0,21.255,739.0775,
2023-09-11 17:00:00,7.1425,27.8075,4.7075,7.215,11.9225,8.965,13.6375,0.1325,67.0025,0.0825,,,,0.057499999999999996,0.02,26.34,100.0,0.2675,233.215,0.0,0.0,17.895,739.02,
2023-09-11 18:00:00,9.7825,16.8825,5.4425,8.34,13.78,9.265,17.87,0.155,87.485,0.0975,,,,0.065,0.025,25.9425,100.0,0.1875,219.77,0.0,0.0,5.069999999999999,739.08,
2023-09-11 19:00:00,13.255,25.8875,5.715,8.76,14.4725,9.3275,20.0825,0.1575,89.755,0.1,,,,0.0675,0.0275,25.455,100.0,0.14250000000000002,177.8075,0.0,0.0,,739.4725,
2023-09-11 20:00:00,7.842499999999999,24.8625,5.65,8.66,14.307500000000001,9.33,19.6975,0.1725,86.2075,0.1075,,,,0.07,0.03,25.305,100.0,0.1275,149.2025,0.0,0.0,,740.065,
2023-09-11 21:00:00,8.95,29.91,5.5775,8.55,14.1275,9.2925,19.384999999999998,0.18,87.045,0.10500000000000001,,,,0.07500000000000001,0.03,25.2675,100.0,0.175,180.0025,0.0,0.0,,740.4875,
2023-09-11 22:00:00,14.11,26.049999999999997,5.65,8.66,14.305,9.4125,18.89,0.1825,86.24000000000001,0.11,,,,0.07500000000000001,0.03,25.1675,100.0,0.20750000000000002,235.0675,0.0,0.0,,740.5825,
2023-09-11 23:00:00,11.215,22.525,5.6125,8.5975,14.21,9.2975,18.8025,0.1875,81.1575,0.11,,,,0.07500000000000001,0.03,25.2175,100.0,0.1225,121.0175,0.0,0.0,,740.4375,
2023-09-12 00:00:00,9.28,24.605,5.4675,8.38,13.8425,9.265,18.7175,0.185,80.6975,0.11,,,,0.07500000000000001,0.03,25.2375,100.0,0.16,181.47,0.0,0.0,,740.475,
2023-09-12 01:00:00,11.4175,23.252499999999998,5.65,8.66,14.307500000000001,9.3475,18.7875,0.1825,79.7925,0.11,,,,0.07500000000000001,0.03,25.2525,100.0,0.235,239.635,0.0,0.0,,739.8275,
2023-09-12 02:00:00,8.8975,27.057499999999997,5.5200000000000005,8.4575,13.975,9.24,18.6825,0.1825,76.735,0.11,,,,0.0775,0.03,25.1925,100.0,0.2325,195.5975,0.0,0.0,,739.6375,
2023-09-12 03:00:00,10.525,27.68,5.74,8.7975,14.5325,9.36,18.715,0.1875,79.9475,0.11,,,,0.0775,0.03,25.3275,100.0,0.18,179.2725,0.0,0.0,,739.5699999999999,
2023-09-12 04:00:00,10.4075,26.252499999999998,5.7475000000000005,8.8125,14.555,9.4025,18.6625,0.1825,81.0675,0.11,,,,0.0775,0.03,25.064999999999998,100.0,0.155,172.70999999999998,0.0,0.0,,739.96,
2023-09-12 05:00:00,7.8925,19.740000000000002,5.755,8.82,14.57,9.365,18.517500000000002,0.17,79.4975,0.10500000000000001,,,,0.07,0.03,24.905,100.0,0.1375,136.4075,0.0,0.0,,740.24,
2023-09-12 06:00:00,5.1,12.942499999999999,5.88,9.0125,14.8975,9.385,18.5075,0.1675,81.755,0.10250000000000001,,,,0.07,0.03,25.005000000000003,100.0,0.16,211.7675,0.0,0.0,1.81,740.6375,
2023-09-12 07:00:00,2.3975,20.8975,6.1025,9.355,15.455,9.469999999999999,18.259999999999998,0.1675,80.295,0.10250000000000001,,,,0.07,0.0275,25.635,100.0,0.2225,212.6575,0.0,0.0,23.785,740.65,
2023-09-12 08:00:00,3.6500000000000004,27.8525,6.07,9.3,15.370000000000001,9.3975,18.502499999999998,0.185,71.3725,0.11,,,,0.07500000000000001,0.03,27.395,100.0,0.165,139.735,0.0,0.0,54.1525,741.2075,
2023-09-12 09:00:00,13.3425,30.7025,5.6274999999999995,8.627500000000001,14.255,9.3,17.9475,0.185,80.4925,0.11,,,,0.0775,0.03,28.0425,99.62,0.24,192.71,0.0,0.0,44.0525,741.58,
2023-09-12 10:00:00,15.05,28.485,5.5425,8.4975,14.0375,9.290000000000001,18.7225,0.175,75.5825,0.10250000000000001,,,,0.07250000000000001,0.0275,29.255,90.98,0.2125,198.8625,0.0,0.0,58.7275,741.6625,
2023-09-12 11:00:00,16.3525,34.3775,5.5,8.43,13.9275,9.325,20.225,0.16,75.5475,0.0975,,,,0.0675,0.0275,30.6325,85.7375,0.25,173.835,0.0,0.0,115.77000000000001,741.325,
2023-09-12 12:00:00,20.9325,34.215,5.695,8.7325,14.425,9.225,21.197499999999998,0.1725,75.9325,0.1075,,,,0.07,0.03,33.6225,75.485,0.315,238.9725,0.0,0.0,160.035,740.9449999999999,
2023-09-12 13:00:00,24.6675,43.65,6.5575,10.05,16.605,9.41,20.215,0.1925,54.5375,0.11499999999999999,,,,0.0775,0.03,33.96,74.76,0.2275,167.0875,0.0,0.0,110.78,740.435,
2023-09-12 14:00:00,30.7775,45.64,5.3075,8.135,13.44,9.215,15.16,0.185,44.83,0.1075,,,,0.075,0.0275,33.42,78.0625,0.19,165.75,0.0,0.0,100.0325,739.9475,
2023-09-12 15:00:00,31.675,43.675,5.327500000000001,8.165,13.49,9.307500000000001,13.8125,0.1675,41.85,0.10250000000000001,,,,0.07,0.03,35.1775,72.37,0.2225,180.175,0.0,0.0,126.86749999999999,739.4725,
2023-09-12 16:00:00,36.97,48.775,4.93,7.5575,12.4875,9.25,14.532499999999999,0.1725,62.9325,0.1,,,,0.07,0.0275,33.300000000000004,78.63,0.305,167.2375,0.0,0.0,64.9375,739.035,
2023-09-12 17:00:00,36.042500000000004,47.265,5.2875,8.105,13.39,9.3,14.275,0.1575,3.11,0.095,,,,0.065,0.0225,30.97,87.435,0.1775,199.4625,0.0,0.0,21.58,739.255,
2023-09-12 18:00:00,35.519999999999996,56.6875,5.2075,7.9775,13.18,9.377500000000001,16.015,0.1525,17.9125,0.0975,,,,0.065,0.025,28.622500000000002,94.97,0.12,141.4425,0.0,0.0,2.64,739.6375,
2023-09-12 19:00:00,32.4325,50.9675,4.9275,7.55,12.4775,9.18,16.2,0.1775,41.655,0.11,,,,0.07500000000000001,0.03,27.5275,98.7475,0.075,124.01,0.0,0.0,,740.175,
2023-09-12 20:00:00,31.917499999999997,52.905,4.6225000000000005,7.085,11.7125,9.155,15.967500000000001,0.2075,49.83,0.13,,,,0.0875,0.0325,27.14,99.9325,0.125,155.0625,0.0,0.0,,740.7774999999999,
2023-09-12 21:00:00,41.64,57.147499999999994,4.82,7.39,12.21,9.115,15.9375,0.2225,52.0475,0.14,,,,0.0925,0.04,26.8975,100.0,0.095,148.85250000000002,0.0,0.0,,741.255,
2023-09-12 22:00:00,30.14,48.815,4.44,6.8075,11.2425,9.067499999999999,15.8675,0.24,52.5225,0.14250000000000002,,,,0.0975,0.04,26.67,100.0,0.135,211.85250000000002,0.0,0.0,,741.31,
2023-09-12 23:00:00,31.725,45.51,4.4875,6.88,11.365,9.1325,15.635,0.2475,53.84,0.15,,,,0.10500000000000001,0.04,26.585,100.0,0.1125,166.585,0.0,0.0,,741.3375,
2023-09-13 00:00:00,27.1725,45.4975,4.5575,6.9825,11.54,9.215,15.645,0.26,53.95,0.1575,,,,0.1075,0.04,26.695,100.0,0.155,196.33,0.0,0.0,,741.2425000000001,
2023-09-13 01:00:00,32.015,51.477500000000006,4.72,7.235,11.955,9.1075,15.352500000000001,0.28,53.6275,0.1675,,,,0.11499999999999999,0.0425,26.52,100.0,0.165,217.165,0.0,0.0,,741.105,
2023-09-13 02:00:00,28.44,46.3,4.78,7.33,12.11,9.13,15.36,0.29,55.2625,0.17250000000000001,,,,0.1175,0.0475,26.427500000000002,100.0,0.1575,210.6625,0.0,0.0,,740.72,
2023-09-13 03:00:00,25.1175,48.7025,4.7325,7.255,11.99,9.19,15.540000000000001,0.2975,54.614999999999995,0.18,,,,0.12,0.0475,26.314999999999998,100.0,0.1225,191.0925,0.0,0.0,,740.4075,
2023-09-13 04:00:00,31.6525,51.9825,4.8575,7.4475,12.3025,9.1225,15.455,0.31,54.47,0.1875,,,,0.125,0.05,26.3925,100.0,0.1575,221.34,0.0,0.0,,740.51,
2023-09-13 05:00:00,30.4525,47.1825,4.8325,7.41,12.2425,9.1975,15.365,0.2975,56.01,0.18,,,,0.1175,0.045,26.6,100.0,0.16,198.375,0.0,0.0,0.14,740.7025,
2023-09-13 06:00:00,27.025,52.4,4.6375,7.1075,11.7475,9.19,15.0075,0.29,56.445,0.175,,,,0.12,0.0475,26.8525,100.0,0.2025,233.975,0.0,0.0,13.5275,741.1225000000001,
2023-09-13 07:00:00,29.215,48.84,4.6475,7.1225000000000005,11.77,9.1775,14.93,0.285,58.1375,0.17,,,,0.1175,0.0475,27.765,100.0,0.095,123.7225,0.0,0.0,26.01,741.495,
2023-09-13 08:00:00,34.7,51.015,4.845,7.4225,12.27,9.105,15.114999999999998,0.3125,59.9675,0.1875,,,,0.1275,0.05,29.377499999999998,98.985,0.165,104.675,0.0,0.0,90.2925,741.59,
2023-09-13 09:00:00,44.1575,79.45,4.7575,7.295,12.0525,9.1875,15.68,0.315,58.965,0.19,,,,0.13,0.05,34.2325,78.79249999999999,0.35250000000000004,198.0525,0.0,0.0,223.6475,741.7025,
2023-09-13 10:00:00,52.5025,73.365,5.3925,8.265,13.655000000000001,9.3525,15.89,0.30000000000000004,38.795,0.1775,,,,0.1175,0.045,36.557500000000005,69.4375,0.3875,179.055,0.0,0.0,274.4475,741.735,
2023-09-13 11:00:00,46.57,63.5175,5.7525,8.81,14.557500000000001,9.434999999999999,14.5125,0.26,26.185000000000002,0.1575,,,,0.10500000000000001,0.04,37.7275,65.7575,0.3875,208.775,0.0,0.0,229.375,741.495,
2023-09-13 12:00:00,43.792500000000004,56.8325,5.8825,9.015,14.8975,9.4925,12.2975,0.25,26.505000000000003,0.155,,,,0.10500000000000001,0.04,37.685,65.135,0.365,156.005,0.0,0.0,215.635,741.1025,
2023-09-13 13:00:00,46.015,60.072500000000005,6.27,9.6075,15.879999999999999,9.5225,12.0125,0.2375,26.985,0.14500000000000002,,,,0.0975,0.0375,37.715,66.7975,0.27749999999999997,174.81,0.005,0.005,135.3825,740.6,
2023-09-13 14:00:00,37.4225,60.1025,6.2975,9.655,15.95,9.5425,12.1075,0.2175,29.6275,0.1325,,,,0.09,0.0325,38.214999999999996,65.2975,0.18,134.7175,0.005,0.005,161.25,739.9025,
2023-09-13 15:00:00,36.04,55.375,6.27,9.6075,15.879999999999999,9.69,11.4275,0.2375,35.575,0.14250000000000002,,,,0.0975,0.04,35.765,73.9,0.245,196.8725,0.0,0.0,65.6075,739.365,
2023-09-13 16:00:00,41.08,55.775,6.109999999999999,9.365,15.475,9.5425,11.45,0.275,32.8525,0.165,,,,0.11,0.04,32.629999999999995,86.8725,0.1625,200.285,0.0,0.0,32.05,739.3149999999999,
2023-09-13 17:00:00,42.5525,63.802499999999995,5.4475,8.3525,13.8,9.5375,13.280000000000001,0.2725,30.7825,0.1625,,,,0.1125,0.04,31.4075,91.325,0.1975,227.79250000000002,0.0,0.0,12.8975,739.29,
2023-09-13 18:00:00,50.7,62.6525,5.225,8.01,13.235,9.412500000000001,18.675,0.275,44.465,0.1675,,,,0.11,0.04,29.7125,96.305,0.1825,197.8975,0.0,0.0,0.46,739.52,
2023-09-13 19:00:00,41.0675,57.2975,5.7475000000000005,8.81,14.559999999999999,9.2975,18.725,0.2925,55.9925,0.175,,,,0.12,0.05,28.8125,98.8175,0.1525,194.985,0.0,0.0,,740.13,
2023-09-13 20:00:00,34.915000000000006,60.9575,5.0875,7.797499999999999,12.8875,9.29,18.765,0.3125,55.85,0.1925,,,,0.13,0.05,28.3975,99.91,0.0875,124.48249999999999,0.0,0.0,,741.17,
2023-09-13 21:00:00,40.775,58.785000000000004,5.19,7.9525,13.1425,9.315,19.435000000000002,0.3375,51.71,0.2,,,,0.135,0.05,28.205,100.0,0.15,199.48250000000002,0.0,0.0,,741.6175,
2023-09-13 22:00:00,35.985,62.75,5.295,8.115,13.4075,9.285,19.71,0.3575,47.894999999999996,0.215,,,,0.14500000000000002,0.06,28.0275,100.0,0.1,136.73499999999999,0.0,0.0,,741.7525,
2023-09-13 23:00:00,42.84,62.9,5.6775,8.7025,14.3725,9.315,19.905,0.3875,46.37,0.225,,,,0.155,0.06,27.98,100.0,0.1675,237.62,0.0,0.0,,741.9275,
2023-09-14 00:00:00,41.8475,60.682500000000005,5.225,8.0125,13.235,9.2125,18.43,0.4,45.24,0.24,,,,0.16,0.06,27.7675,100.0,0.1,163.98000000000002,0.0,0.0,,742.0125,
2023-09-14 01:00:00,41.0275,61.565,5.23,8.0175,13.25,9.355,18.935000000000002,0.415,42.9825,0.2475,,,,0.165,0.07,27.5275,100.0,0.056666666666666664,101.05333333333333,0.0,0.0,,741.8050000000001,
2023-09-14 02:00:00,40.5175,58.7075,5.6850000000000005,8.715,14.4,9.3925,19.0675,0.4125,43.455,0.2525,,,,0.165,0.0675,27.3275,100.0,0.1225,196.3125,0.0,0.0,,741.5325,
2023-09-14 03:00:00,41.56,60.239999999999995,5.5725,8.5375,14.11,9.34,18.2925,0.4125,42.6825,0.2475,,,,0.165,0.065,27.315,100.0,0.12250000000000001,193.2775,0.0,0.0,,741.5575,
2023-09-14 04:00:00,39.0925,54.8025,5.4425,8.34,13.782499999999999,9.3825,18.6825,0.4125,41.144999999999996,0.2475,,,,0.165,0.0675,27.325,100.0,0.14,199.5725,0.0,0.0,,741.4625,
2023-09-14 05:00:00,34.7575,56.7225,5.875,9.0025,14.870000000000001,9.407499999999999,19.03,0.4125,41.667500000000004,0.2475,,,,0.1675,0.0675,27.075,100.0,0.15333333333333332,226.01333333333332,0.0,0.0,,741.655,
2023-09-14 06:00:00,33.54,53.04,5.505,8.4375,13.940000000000001,9.352500000000001,18.66,0.405,41.542500000000004,0.245,,,,0.165,0.065,27.36,100.0,0.135,197.7825,0.0,0.0,12.0625,741.995,
2023-09-14 07:00:00,36.199999999999996,54.8275,5.38,8.245000000000001,13.622499999999999,9.305,19.025,0.385,41.51,0.225,,,,0.155,0.06,28.3575,100.0,0.23500000000000001,185.1325,0.0,0.0,43.5475,742.47,
2023-09-14 08:00:00,47.6775,68.3025,4.862500000000001,7.4525,12.3175,9.225000000000001,18.565,0.355,43.705,0.215,,,,0.1475,0.06,30.23,95.01249999999999,0.29000000000000004,190.98000000000002,0.0,0.0,79.96,742.965,
2023-09-14 09:00:00,60.442499999999995,81.5275,4.8775,7.475,12.3525,9.305,18.560000000000002,0.335,40.44,0.2,,,,0.135,0.052500000000000005,34.7375,77.205,0.245,127.945,0.0,0.0,202.1525,743.185,
2023-09-14 10:00:00,44.417500000000004,68.105,5.5425,8.495,14.0375,9.415,18.814999999999998,0.215,,0.13,,,,0.0875,0.035,37.7375,68.5425,0.3375,213.385,0.0,0.0,277.86,743.215,
2023-09-14 11:00:00,50.5475,81.1925,6.8225,10.4525,17.27,9.657499999999999,17.0075,0.2,1.7974999999999999,0.1225,,,,0.08,0.0325,35.1875,76.8725,0.42000000000000004,196.635,0.125,0.125,179.0625,742.915,
2023-09-14 12:00:00,49.6425,72.1525,5.5075,8.435,13.94,9.5,14.379999999999999,0.1925,8.2175,0.1175,,,,0.0775,0.03,32.5675,88.2525,0.255,200.185,0.125,0.125,102.5675,742.2175,
2023-09-14 13:00:00,50.1775,69.1,5.32,8.15,13.4675,9.265,11.9575,0.20750000000000002,10.4575,0.1275,,,,0.08499999999999999,0.0325,35.9825,76.39,0.28,216.995,0.0,0.0,105.22500000000001,741.48,
2023-09-14 14:00:00,48.56,62.25,4.9375,7.57,12.51,9.315,11.8175,0.1975,13.935,0.1175,,,,0.08,0.03,31.7025,89.16,0.22999999999999998,175.1125,0.2725,0.2725,51.19,740.665,
2023-09-14 15:00:00,38.277499999999996,57.852500000000006,5.640000000000001,8.64,14.282499999999999,9.4,12.425,0.22,18.7875,0.135,,,,0.09,0.0375,32.3775,87.07,0.4,221.54,0.395,0.395,76.1475,740.42,
2023-09-14 16:00:00,41.4675,61.2675,4.9350000000000005,7.5625,12.4975,9.3275,12.3075,0.1875,19.615000000000002,0.115,,,,0.0775,0.03,28.805,97.24,0.245,180.115,0.5025000000000001,0.5025000000000001,27.525,740.315,
2023-09-14 17:00:00,21.060000000000002,44.14,4.7875,7.335,12.12,9.24,13.6175,0.165,18.8575,0.0975,,,,0.0675,0.025,27.9575,98.4125,0.235,171.5075,0.0,0.0,9.99,740.325,
2023-09-14 18:00:00,23.0,41.5725,5.1075,7.8275,12.9375,9.2975,18.3475,0.1675,45.2,0.10250000000000001,,,,0.0675,0.03,27.9175,99.9375,0.1925,208.6825,0.0,0.0,,740.5425,
2023-09-14 19:00:00,21.8475,38.9925,5.0600000000000005,7.7525,12.8125,9.217500000000001,19.7625,0.1875,52.235,0.1125,,,,0.0775,0.03,27.9325,100.0,0.155,188.9625,0.0,0.0,,740.8325,
2023-09-14 20:00:00,23.825,43.625,4.86,7.4475,12.305,9.12,19.56,0.1975,51.6175,0.1175,,,,0.08,0.03,27.8275,100.0,0.24,252.28750000000002,0.0,0.0,,741.5925,
2023-09-14 21:00:00,24.575000000000003,42.3525,4.99,7.6525,12.645,9.2875,19.675,0.2075,48.9975,0.1275,,,,0.0875,0.03,27.67,100.0,0.1325,188.275,0.0,0.0,,742.29,
2023-09-14 22:00:00,24.7925,41.722500000000004,5.115,7.8425,12.96,9.205,19.6375,0.2125,45.72,0.13,,,,0.09,0.035,27.677500000000002,100.0,0.1825,239.56,0.0,0.0,,742.6475,
2023-09-14 23:00:00,21.425,42.4725,5.0925,7.805,12.897499999999999,9.185,19.4875,0.2225,44.235,0.135,,,,0.09,0.0375,27.46,100.0,0.1,148.035,0.0,0.0,,742.56,
2023-09-15 00:00:00,23.9025,44.332499999999996,5.0925,7.807499999999999,12.8975,9.219999999999999,18.125,0.225,43.6575,0.135,,,,0.0925,0.0375,27.415,100.0,0.1325,160.4875,0.0,0.0,,742.275,
2023-09-15 01:00:00,21.3975,43.725,5.1275,7.865,12.9975,9.3225,18.73,0.225,42.4825,0.135,,,,0.095,0.0375,27.45,100.0,0.135,130.365,0.0,0.0,,741.8175,
2023-09-15 02:00:00,24.5775,45.724999999999994,4.965,7.6075,12.5725,9.4025,18.622500000000002,0.2275,43.32,0.135,,,,0.095,0.0375,27.4125,100.0,0.16999999999999998,195.09,0.0,0.0,,741.3925,
2023-09-15 03:00:00,22.385,44.160000000000004,5.03,7.7125,12.74,9.325,17.905,0.225,42.8775,0.135,,,,0.0925,0.0375,27.34,100.0,0.1675,215.45499999999998,0.0,0.0,,741.0350000000001,
2023-09-15 04:00:00,22.4925,43.5225,5.0225,7.705,12.73,9.3025,18.5,0.22749999999999998,41.6975,0.135,,,,0.0925,0.0375,27.185000000000002,100.0,0.1925,184.1725,0.0,0.0,,741.165,
2023-09-15 05:00:00,22.4025,43.79,5.145,7.8875,13.0325,9.245000000000001,18.9425,0.2175,41.1,0.1325,,,,0.09,0.035,27.045,100.0,0.2225,209.1225,0.0,0.0,0.05,741.595,
2023-09-15 06:00:00,25.9675,47.3675,4.9225,7.54,12.465,9.185,17.9825,0.2125,42.245000000000005,0.135,,,,0.09,0.0325,27.115000000000002,100.0,0.3125,223.8375,0.0,0.0,7.432499999999999,742.13,
2023-09-15 07:00:00,22.555,40.2175,5.2425,8.0375,13.285,9.2375,18.33,0.20500000000000002,40.6725,0.125,,,,0.0875,0.03,27.47,100.0,0.36,157.6575,0.0,0.0,31.9825,742.9449999999999,
2023-09-15 08:00:00,24.425,40.19,5.035,7.715,12.754999999999999,9.295,18.965,0.1925,40.475,0.11499999999999999,,,,0.08,0.03,29.0875,93.8575,0.495,196.1475,0.0,0.0,40.545,743.47,
2023-09-15 09:00:00,20.064999999999998,41.6475,4.425000000000001,6.7875,11.2125,9.1625,18.345,0.175,41.144999999999996,0.10500000000000001,,,,0.07,0.03,32.8425,78.0375,0.605,185.3075,0.0,0.0,199.98999999999998,743.9375,
2023-09-15 10:00:00,17.585,38.5175,4.455,6.827500000000001,11.285,9.182500000000001,17.865000000000002,0.1625,40.175,0.1,,,,0.07,0.0275,34.037499999999994,74.16749999999999,0.61,207.245,0.0,0.0,225.24,743.79,
2023-09-15 11:00:00,13.2575,35.025,4.737500000000001,7.265000000000001,12.0025,9.23,18.0625,0.15,37.97,0.09,,,,0.0625,0.0225,35.185,70.09,0.48750000000000004,115.745,0.0,0.0,264.8675,743.3675000000001,
2023-09-15 12:00:00,10.4975,32.3925,4.7875,7.3375,12.120000000000001,9.235,18.05,0.1375,36.08,0.0825,,,,0.06,0.02,35.5875,66.9475,0.46249999999999997,197.79500000000002,0.0,0.0,201.6625,742.765,
2023-09-15 13:00:00,9.34,37.315,4.6675,7.1525,11.815,9.21,18.8925,0.0825,11.737499999999999,0.05,,,,0.0375,0.0125,35.825,65.74,0.6825,178.9775,0.02,0.02,191.45499999999998,742.0325,
2023-09-15 14:00:00,14.8925,29.785,4.1125,6.3025,10.4075,9.1425,24.4225,0.052500000000000005,0.335,0.03,,,,0.02,0.01,34.7125,69.8075,0.4225,168.195,0.0,0.0,115.4325,741.445,
2023-09-15 15:00:00,5.4575,25.2575,3.955,6.0600000000000005,10.01,9.1225,25.865000000000002,0.052500000000000005,1.21,0.0325,,,,0.0225,0.01,34.519999999999996,71.5575,0.40750000000000003,176.5975,0.0,0.0,110.6275,740.9200000000001,
2023-09-15 16:00:00,7.6075,32.235,4.140000000000001,6.345,10.48,9.085,23.75,0.055,2.255,0.0325,,,,0.02,0.01,33.015,74.3625,0.345,144.4525,0.0,0.0,36.515,740.0575,
2023-09-15 17:00:00,12.3275,30.765,4.405,6.7475000000000005,11.155,9.1275,25.8275,0.052500000000000005,0.06,0.035,,,,0.0225,0.01,30.61,84.17,0.275,185.81,0.0,0.0,5.4375,739.9300000000001,
2023-09-15 18:00:00,9.7025,33.69,4.73,7.2525,11.98,9.2625,21.822499999999998,0.0775,6.653333333333333,0.0475,,,,0.035,0.01,29.295,89.42,0.1825,150.5875,0.0,0.0,,740.8,
2023-09-15 19:00:00,9.9825,40.22,4.735,7.25,11.977500000000001,9.1775,18.92,0.10250000000000001,17.185000000000002,0.06,,,,0.0425,0.0175,28.8425,91.0575,0.2025,163.7575,0.0,0.0,,741.4725,
2023-09-15 20:00:00,9.52,41.2675,4.71,7.215,11.9225,9.1525,18.0575,0.1075,24.0375,0.0675,,,,0.0475,0.02,28.515,91.94749999999999,0.20750000000000002,197.6975,0.0,0.0,,742.0225,
2023-09-15 21:00:00,14.004999999999999,47.2425,5.0,7.6625,12.657499999999999,9.2025,18.2225,0.11499999999999999,23.119999999999997,0.07500000000000001,,,,0.05,0.02,28.44,92.48,0.3075,208.455,0.0,0.0,,742.5725,
2023-09-15 22:00:00,14.68,43.2825,4.9725,7.62,12.584999999999999,9.29,18.6575,0.1225,24.2175,0.0775,,,,0.05,0.02,28.54,91.89,0.3,189.4225,0.0,0.0,,742.62,
2023-09-15 23:00:00,17.8625,38.595,4.7625,7.3025,12.0675,9.19,17.92,0.125,25.035,0.08,,,,0.052500000000000005,0.02,28.3325,93.0025,0.3725,223.44,0.0,0.0,,741.9175,
2023-09-16 00:00:00,19.15,41.754999999999995,4.7425,7.265,12.0075,9.23,18.552500000000002,0.125,23.7875,0.08,,,,0.055,0.02,28.4425,92.22749999999999,0.465,171.9625,0.0,0.0,,741.8275,
2023-09-16 01:00:00,22.744999999999997,47.4575,4.692500000000001,7.19,11.879999999999999,9.1875,18.197499999999998,0.1325,27.07,0.08,,,,0.055,0.02,28.605,90.8625,0.485,179.55,0.0,0.0,,741.7325000000001,
2023-09-16 02:00:00,21.75,47.795,4.952500000000001,7.5925,12.5475,9.29,18.6025,0.1325,25.9025,0.08,,,,0.052500000000000005,0.02,28.29,92.3675,0.4975,146.4525,0.0,0.0,,741.4075,
2023-09-16 03:00:00,23.905,50.1,4.8925,7.495,12.39,9.147499999999999,17.7275,0.125,27.355,0.0775,,,,0.05,0.02,28.2775,92.715,0.4475,169.34,0.0,0.0,,741.52,
2023-09-16 04:00:00,25.15,49.9125,4.9375,7.565,12.5,9.28,18.9425,0.1375,26.939999999999998,0.0825,,,,0.057499999999999996,0.02,28.1775,93.425,0.32,178.3175,0.0,0.0,,741.5525,
2023-09-16 05:00:00,28.96,55.2025,4.785,7.335,12.12,9.25,17.7125,0.14250000000000002,27.057499999999997,0.08,,,,0.06,0.02,27.925,94.8325,0.4525,169.42499999999998,0.0,0.0,,741.9175,
2023-09-16 06:00:00,30.6425,64.0775,5.235,8.0275,13.2625,9.245,18.7325,0.14500000000000002,27.6,0.09,,,,0.06,0.02,28.3125,93.965,0.4075,178.26999999999998,0.0,0.0,16.0175,742.255,
2023-09-16 07:00:00,33.5925,60.35,5.135,7.8675,13.005,9.0875,17.83,0.1525,26.134999999999998,0.095,,,,0.0625,0.0225,29.0925,91.305,0.395,192.05,0.0,0.0,32.69,742.7925,
2023-09-16 08:00:00,38.9075,68.39750000000001,5.085,7.7925,12.875,9.36,18.745,0.16,28.085,0.1,,,,0.07,0.03,30.64,86.06,0.6575,177.775,0.0,0.0,93.64,743.105,
2023-09-16 09:00:00,35.822500000000005,66.29,5.095000000000001,7.805,12.897499999999999,9.21,18.3975,0.165,27.72,0.1,,,,0.07,0.03,31.7025,82.65,0.62,218.91,0.0,0.0,147.39999999999998,743.245,
2023-09-16 10:00:00,43.942499999999995,66.2,5.0425,7.7275,12.77,9.155000000000001,19.2825,0.1325,13.0375,0.0825,,,,0.0575,0.02,33.35,76.5175,0.565,190.6875,0.0,0.0,183.5525,743.1175,
2023-09-16 11:00:00,36.345,58.245,4.7875,7.335,12.120000000000001,9.2575,24.9325,0.1075,5.14,0.0675,,,,0.045,0.02,34.2825,74.3525,0.535,182.365,0.0,0.0,192.69,742.8375,
2023-09-16 12:00:00,30.215,56.165,4.5475,6.9675,11.515,9.2075,28.9025,0.10250000000000001,4.3925,0.0625,,,,0.0425,0.02,34.042500000000004,74.375,0.67,207.425,0.0025,0.0025,148.265,742.3325,
2023-09-16 13:00:00,23.3475,59.765,4.6675,7.1525,11.82,9.125,24.3725,0.1,3.5500000000000003,0.06,,,,0.0425,0.0175,29.8375,85.03999999999999,0.5325,181.07,0.10250000000000001,0.10250000000000001,41.4275,741.9200000000001,
2023-09-16 14:00:00,18.665,39.1675,4.8375,7.4175,12.254999999999999,9.0525,20.5475,0.125,0.8225,0.0775,,,,0.055,0.02,28.3075,96.27000000000001,0.36250000000000004,214.7625,0.2425,0.2425,50.317499999999995,741.21,
2023-09-16 15:00:00,22.84,46.0175,4.8325,7.407500000000001,12.245,9.145,19.255,0.12,7.9825,0.0775,,,,0.05,0.02,29.3,91.2525,0.34500000000000003,187.8275,0.0,0.0,40.265,740.9725,
2023-09-16 16:00:00,18.112499999999997,30.5825,4.845,7.4275,12.2725,9.2075,20.0825,0.11499999999999999,5.9075,0.07500000000000001,,,,0.05,0.02,29.7275,89.5975,0.38,192.5825,0.0,0.0,38.775,740.5125,
2023-09-16 17:00:00,19.8275,44.075,4.8175,7.38,12.1975,9.2025,19.665,0.125,14.4875,0.0775,,,,0.052500000000000005,0.02,28.965,91.25,0.29000000000000004,236.7425,0.0,0.0,7.9075,740.8075,
2023-09-16 18:00:00,28.9075,39.1375,5.135,7.8725,13.0075,9.155000000000001,19.2925,0.1525,19.3475,0.095,,,,0.065,0.025,27.5225,95.935,0.13,137.66750000000002,0.0,0.0,,741.2925,
2023-09-16 19:00:00,29.685,47.5775,5.8975,9.0375,14.934999999999999,9.325,19.5125,0.185,27.2225,0.11,,,,0.0775,0.03,27.285,97.905,0.1225,139.82,0.0,0.0,,742.1025,
2023-09-16 20:00:00,32.785,54.4575,5.9775,9.1625,15.14,9.375,18.89,0.205,29.2475,0.1225,,,,0.08499999999999999,0.03,26.92,99.345,0.14250000000000002,188.13,0.0,0.0,,742.3,
2023-09-16 21:00:00,33.0925,52.8675,5.98,9.1725,15.15,9.3275,18.7525,0.225,28.3325,0.14,,,,0.095,0.04,27.0625,100.0,0.10250000000000001,129.1275,0.0,0.0,,742.5625,
2023-09-16 22:00:00,33.6775,56.85,5.945,9.11,15.0525,9.25,19.04,0.2325,26.335,0.14,,,,0.095,0.04,27.3225,100.0,0.18,192.815,0.0,0.0,,742.4975,
2023-09-16 23:00:00,31.482499999999998,50.4425,5.640000000000001,8.647499999999999,14.290000000000001,9.27,18.6625,0.2325,31.5175,0.14,,,,0.095,0.04,27.455,99.805,0.115,134.33,0.0,0.0,,742.54,
2023-09-17 00:00:00,33.2325,46.7275,5.6725,8.692499999999999,14.3625,9.24,18.46,0.2225,26.9775,0.1375,,,,0.0925,0.0375,27.415,99.8325,0.16333333333333333,145.24333333333334,0.0,0.0,,742.0875,
2023-09-17 01:00:00,32.4325,49.59,6.075,9.307500000000001,15.3825,9.370000000000001,18.900000000000002,0.215,26.36,0.1325,,,,0.0875,0.035,27.5225,99.475,0.22,181.04250000000002,0.0,0.0,,741.6700000000001,
2023-09-17 02:00:00,26.517500000000002,48.2525,5.5875,8.56,14.1475,9.315000000000001,18.8225,0.20750000000000002,26.8875,0.1275,,,,0.08499999999999999,0.03,27.7625,98.61,0.24,163.04,0.0,0.0,,741.6324999999999,
2023-09-17 03:00:00,30.35,56.3,5.47,8.385,13.8575,9.24,18.435,0.2075,27.4225,0.1275,,,,0.0875,0.03,27.7325,98.58,0.2625,187.875,0.0,0.0,,741.495,
2023-09-17 04:00:00,31.2725,61.4225,5.395,8.265,13.6625,9.335,19.0475,0.21,27.275,0.13,,,,0.09,0.0325,27.555,99.0925,0.18,187.53750000000002,0.0,0.0,,741.605,
2023-09-17 05:00:00,30.7225,57.55,5.3775,8.2375,13.615,9.32,18.675,0.2075,27.75,0.1275,,,,0.09,0.03,27.42,99.045,0.225,164.9725,0.0,0.0,,741.73,
2023-09-17 06:00:00,31.665,56.339999999999996,5.1225000000000005,7.85,12.97,9.2825,17.990000000000002,0.2125,29.935000000000002,0.1325,,,,0.09,0.035,27.4775,98.7675,0.27249999999999996,216.095,0.0,0.0,5.3525,741.965,
2023-09-17 07:00:00,36.9075,48.0075,5.2725,8.0875,13.36,9.33,18.5375,0.2175,28.18,0.135,,,,0.09,0.0375,28.3875,96.02,0.1875,175.2425,0.0,0.0,33.629999999999995,742.33,
2023-09-17 08:00:00,36.715,51.557500000000005,5.205,7.975,13.1775,9.2775,18.48,0.215,27.195,0.135,,,,0.09,0.035,30.58,86.11250000000001,0.3525,204.075,0.0,0.0,76.0975,742.6575,
2023-09-17 09:00:00,31.107499999999998,57.0025,4.905,7.5175,12.425,9.2825,17.745,0.20750000000000002,29.43,0.1225,,,,0.0825,0.0325,32.345,77.7825,0.3125,193.3125,0.0,0.0,128.79000000000002,742.9449999999999,
2023-09-17 10:00:00,24.15,43.8925,5.02,7.6975,12.7175,9.2475,17.91,0.20500000000000002,30.62,0.125,,,,0.08499999999999999,0.03,34.625,69.905,0.2925,199.755,0.0,0.0,192.045,742.7025,
2023-09-17 11:00:00,23.417499999999997,47.45,5.3575,8.217500000000001,13.575,9.1975,17.9925,0.2025,31.885,0.1225,,,,0.08499999999999999,0.03,36.2025,65.32,0.2525,173.14,0.0,0.0,199.6625,742.53,
2023-09-17 12:00:00,22.34,47.985,5.4775,8.3975,13.879999999999999,9.4525,18.450000000000003,0.19,31.83,0.1125,,,,0.08,0.03,36.93,60.57,0.3,199.66,0.0,0.0,251.70250000000001,742.0675,
2023-09-17 13:00:00,13.717500000000001,37.3925,6.0525,9.282499999999999,15.3325,9.3275,18.085,0.18,28.12,0.1075,,,,0.07500000000000001,0.03,37.2025,61.027499999999996,0.3225,181.8625,0.0,0.0,170.5525,741.4775,
2023-09-17 14:00:00,11.2775,31.985,5.93,9.0925,15.0175,9.3525,18.23,0.1725,29.5375,0.1075,,,,0.07,0.03,36.1075,64.97,0.37,198.635,0.0,0.0,125.9675,740.7275,
2023-09-17 15:00:00,12.84,27.75,5.99,9.184999999999999,15.174999999999999,9.3975,18.72,0.1675,30.9275,0.1,,,,0.07,0.03,34.379999999999995,72.44,0.16999999999999998,151.3125,0.0,0.0,74.65,740.5925,
2023-09-17 16:00:00,17.5275,33.29,5.7575,8.8225,14.58,9.4875,18.747500000000002,0.16,28.7475,0.1,,,,0.0675,0.0275,32.1975,80.0925,0.22,194.155,0.0,0.0,38.9675,740.4975,
2023-09-17 17:00:00,12.782499999999999,43.335,5.4425,8.342500000000001,13.78,9.379999999999999,18.4775,0.155,28.0125,0.095,,,,0.0625,0.025,30.0975,87.4875,0.175,148.9975,0.0,0.0,12.525,740.5025,
2023-09-17 18:00:00,20.7,43.6025,5.485,8.407499999999999,13.8925,9.305,18.235,0.165,29.8475,0.0975,,,,0.0675,0.0275,28.5775,93.72,0.1925,160.59,0.0,0.0,0.09,740.8425,
2023-09-17 19:00:00,29.0025,47.072500000000005,5.355,8.21,13.567499999999999,9.2375,17.95,0.1775,29.5375,0.11,,,,0.07,0.03,28.285,96.3275,0.245,244.38,0.0,0.0,,741.5425,
2023-09-17 20:00:00,27.4675,48.7425,5.5475,8.5025,14.0475,9.3625,18.130000000000003,0.19,29.675,0.11,,,,0.08,0.03,27.945,96.5375,0.25,199.7875,0.0,0.0,,742.0699999999999,
2023-09-17 21:00:00,29.715,49.667500000000004,5.7575,8.825,14.58,9.245,18.4325,0.195,31.175,0.1175,,,,0.08,0.03,27.5775,96.2825,0.2675,247.7125,0.0,0.0,,742.375,
2023-09-17 22:00:00,32.597500000000004,55.099999999999994,5.3075,8.135,13.442499999999999,9.415,18.0875,0.1975,32.879999999999995,0.12,,,,0.08499999999999999,0.03,27.1875,97.155,0.1875,203.605,0.0,0.0,,742.435,
2023-09-17 23:00:00,31.447499999999998,52.31,5.725,8.775,14.497499999999999,9.3275,18.285,0.2075,37.6875,0.1275,,,,0.0875,0.03,26.825,98.4925,0.2175,230.9975,0.0,0.0,,742.4625,
2023-09-18 00:00:00,34.5825,51.042500000000004,5.8875,9.0225,14.9075,9.3625,18.005,0.2075,41.1975,0.13,,,,0.0875,0.0325,26.3425,99.07249999999999,0.11750000000000001,177.815,0.0,0.0,,742.235,
2023-09-18 01:00:00,28.1425,46.1775,6.2075000000000005,9.515,15.717500000000001,9.435,18.315,0.21,42.3475,0.1325,,,,0.09,0.0325,25.985,99.9025,0.1225,160.65,0.0,0.0,,742.12,
2023-09-18 02:00:00,26.55,44.65,6.654999999999999,10.195,16.85,9.6025,18.6425,0.21,44.6975,0.1275,,,,0.09,0.03,25.7425,100.0,0.1275,191.1225,0.0,0.0,,742.175,
2023-09-18 03:00:00,21.9675,44.31,6.7675,10.370000000000001,17.14,9.58,18.8475,0.2075,45.53,0.13,,,,0.0875,0.03,25.6,100.0,0.1625,237.0575,0.0,0.0,,742.04,
2023-09-18 04:00:00,20.5475,39.575,6.84,10.4825,17.3225,9.635,18.775,0.2075,44.445,0.1275,,,,0.09,0.03,25.442500000000003,100.0,0.12,168.6425,0.0,0.0,,741.9675,
2023-09-18 05:00:00,20.9825,37.760000000000005,6.8925,10.565,17.4575,9.685,18.795,0.2025,37.535,0.1225,,,,0.0825,0.03,25.567500000000003,100.0,0.17250000000000001,219.175,0.0,0.0,,742.0325,
2023-09-18 06:00:00,17.4325,40.9775,6.6575,10.205,16.86,9.412500000000001,18.24,0.2025,37.5425,0.12,,,,0.08,0.03,26.1175,100.0,0.195,196.505,0.0,0.0,10.3525,742.275,
2023-09-18 07:00:00,21.06,45.7275,6.675,10.23,16.91,9.545,18.7575,0.20500000000000002,30.92,0.125,,,,0.0875,0.03,27.585,99.895,0.1575,136.1175,0.0,0.0,49.41,742.7325,
2023-09-18 08:00:00,32.675,58.6275,6.5925,10.1,16.69,9.54,18.8125,0.235,31.5475,0.1375,,,,0.095,0.04,30.0525,88.02000000000001,0.5475,243.82,0.0,0.0,62.63,743.115,
2023-09-18 09:00:00,40.3325,65.9475,6.045,9.265,15.305,9.265,18.5025,0.2375,36.057500000000005,0.14250000000000002,,,,0.095,0.04,34.3275,71.03,0.4975,205.175,0.0,0.0,238.08749999999998,743.315,
2023-09-18 10:00:00,31.44,53.182500000000005,6.165,9.45,15.6125,9.33,18.2425,0.2425,38.185,0.14250000000000002,,,,0.1,0.04,37.825,58.88,0.3775,185.5825,0.0,0.0,237.21749999999997,743.31,
2023-09-18 11:00:00,14.802499999999998,43.25,6.385,9.785,16.169999999999998,9.3475,18.94,0.2475,39.1725,0.14750000000000002,,,,0.10250000000000001,0.04,36.765,64.0025,0.18,147.53,0.0,0.0,134.715,743.04,
2023-09-18 12:00:00,23.1675,48.7825,6.25,9.58,15.825,9.4075,18.89,0.235,38.42,0.14,,,,0.0975,0.04,34.855000000000004,72.71000000000001,0.10250000000000001,106.4975,0.0,0.0,89.8,742.62,
2023-09-18 13:00:00,18.517500000000002,47.849999999999994,6.1575,9.44,15.595,9.4375,18.87,0.21,27.77,0.13,,,,0.09,0.03,34.4775,74.97999999999999,0.3375,209.6225,0.01,0.01,111.17250000000001,741.9075,
2023-09-18 14:00:00,22.252499999999998,49.6325,5.9825,9.17,15.15,9.4025,18.9375,0.20500000000000002,33.135,0.1225,,,,0.08499999999999999,0.0325,30.2725,82.455,0.45,262.74,0.7975000000000001,0.7975000000000001,5.175,741.5025,
2023-09-18 15:00:00,24.134999999999998,46.902499999999996,5.6425,8.65,14.29,9.34,18.855,0.175,28.7625,0.1075,,,,0.07250000000000001,0.0275,25.68,98.9025,0.4625,197.0875,4.3025,4.3025,23.365000000000002,741.2425000000001,
2023-09-18 16:00:00,2.89,30.6,5.555,8.5175,14.075,9.41,17.945,0.1575,26.4675,0.095,,,,0.065,0.025,26.0425,99.93,0.24000000000000002,206.44,0.0925,0.0925,30.575,741.12,
2023-09-18 17:00:00,2.1975000000000002,39.74,5.745,8.8025,14.545,9.3575,18.44,0.14750000000000002,27.1725,0.0925,,,,0.065,0.025,26.5125,99.3775,0.26,196.48,0.0,0.0,19.0825,741.405,
2023-09-18 18:00:00,3.7424999999999997,35.2775,6.157500000000001,9.44,15.6,9.4225,17.92,0.2025,30.8375,0.1225,,,,0.0825,0.03,26.1625,99.8425,0.185,192.7175,0.0,0.0,1.21,742.0275,
2023-09-18 19:00:00,10.934999999999999,32.69,6.88,10.5475,17.4325,9.4925,18.25,0.2525,38.88,0.155,,,,0.1075,0.0425,25.8,100.0,0.16749999999999998,208.18,0.0,0.0,,742.7075,
2023-09-18 20:00:00,18.240000000000002,38.8675,7.265,11.1375,18.4025,9.59,18.884999999999998,0.33,41.215,0.2,,,,0.1325,0.052500000000000005,25.7875,100.0,0.1225,181.5525,0.0,0.0,,743.135,
2023-09-18 21:00:00,19.560000000000002,42.09,7.05,10.805,17.8525,9.6075,18.395,0.4125,40.6625,0.2475,,,,0.17,0.065,26.0825,100.0,0.1625,208.79,0.0,0.0,,743.5425,
2023-09-18 22:00:00,24.87,50.6325,6.9725,10.6825,17.655,9.5625,18.72,0.4675,36.4525,0.28500000000000003,,,,0.1925,0.07250000000000001,26.0975,100.0,0.155,203.66,0.0,0.0,,743.55,
2023-09-18 23:00:00,32.0425,52.4475,7.2125,11.057500000000001,18.2725,9.535,18.6475,0.5125,37.85,0.305,,,,0.20500000000000002,0.08,25.8575,100.0,0.175,204.565,0.0,0.0,,743.51,
2023-09-19 00:00:00,37.57,68.12,7.205,11.045,18.255,9.64,17.88,0.5475000000000001,36.09,0.3275,,,,0.2225,0.09,25.75,100.0,0.185,242.04,0.0,0.0,,743.4925000000001,
2023-09-19 01:00:00,37.8,61.8575,7.0725,10.84,17.91,9.615,18.4425,0.575,43.62,0.3475,,,,0.23,0.09,26.0175,100.0,0.13,213.01749999999998,0.0,0.0,,743.3175,
2023-09-19 02:00:00,30.900000000000002,58.245000000000005,6.935,10.6325,17.5675,9.6075,18.689999999999998,0.59,39.54,0.3575,,,,0.2375,0.0975,26.03,100.0,0.135,176.2625,0.0,0.0,,742.9975,
2023-09-19 03:00:00,34.144999999999996,56.375,7.2,11.04,18.2425,9.5875,17.735,0.6174999999999999,43.519999999999996,0.3775,,,,0.255,0.1,25.875,100.0,0.155,209.8625,0.0,0.0,,742.8625,
2023-09-19 04:00:00,31.8075,55.15,7.7524999999999995,11.8875,19.645,9.675,17.53,0.6475,42.6,0.39,,,,0.2675,0.10250000000000001,25.759999999999998,100.0,0.1325,196.0275,0.0,0.0,,742.7674999999999,
2023-09-19 05:00:00,30.2625,58.07,7.9,12.11,20.01,9.73,17.095,0.675,38.1575,0.4075,,,,0.2775,0.11,25.6175,100.0,0.1375,213.405,0.0,0.0,,742.9625,
2023-09-19 06:00:00,29.53,51.78,7.592499999999999,11.64,19.2375,9.725,18.6125,0.6775,34.475,0.40249999999999997,,,,0.2775,0.11,25.747500000000002,100.0,0.14,180.5025,0.0,0.0,6.3149999999999995,743.415,
2023-09-19 07:00:00,35.345,54.087500000000006,6.9725,10.6875,17.665,9.657499999999999,18.83,0.6425000000000001,35.535,0.3825,,,,0.2625,0.10500000000000001,27.235,100.0,0.07250000000000001,115.6,0.0,0.0,51.76,743.895,
2023-09-19 08:00:00,39.9125,62.5375,9.3475,14.3275,23.675,9.595,18.745,0.705,35.3075,0.4225,,,,0.29000000000000004,0.1125,29.455,99.895,0.2575,210.51749999999998,0.0,0.0,63.0125,744.395,
2023-09-19 09:00:00,49.4925,79.8625,7.555,11.58,19.135,9.545,18.5875,0.6525000000000001,36.6025,0.39,,,,0.2675,0.10250000000000001,34.07,78.905,0.23249999999999998,176.5675,0.0,0.0,232.92000000000002,744.5775,
2023-09-19 10:00:00,35.7175,60.0925,6.905,10.585,17.4925,9.565,19.995,0.4425,24.877499999999998,0.26,,,,0.175,0.07,38.5175,61.07,0.26,146.0275,0.0,0.0,248.45,744.4975,
2023-09-19 11:00:00,26.325,49.75,5.8475,8.9625,14.809999999999999,9.4025,21.1675,0.2275,6.58,0.14250000000000002,,,,0.095,0.035,36.2575,68.51,0.31,158.9625,0.0,0.0,116.5675,744.1675,
2023-09-19 12:00:00,28.314999999999998,46.8925,5.5325,8.48,14.0125,9.3925,18.9575,0.14500000000000002,6.715,0.08499999999999999,,,,0.0575,0.0225,29.0375,84.59,0.355,150.51749999999998,0.0,0.0,23.247500000000002,743.87,
2023-09-19 13:00:00,19.3925,31.945,7.645,11.719999999999999,19.365000000000002,9.775,18.535,0.225,7.355,0.13999999999999999,,,,0.095,0.0375,30.96,81.64500000000001,0.3275,202.2,0.0,0.0,97.5725,743.145,
2023-09-19 14:00:00,12.195,28.425,12.115,18.5725,30.6875,10.5125,20.1925,0.40249999999999997,15.1925,0.24,,,,0.16,0.0625,37.8275,60.925000000000004,0.29000000000000004,208.975,0.0,0.0,208.47750000000002,742.5074999999999,
2023-09-19 15:00:00,12.1875,31.845,7.7925,11.945,19.7375,9.7575,20.94,0.2675,13.4475,0.16,,,,0.11,0.045,39.6225,57.7,0.3025,209.0725,0.0,0.0,145.04749999999999,742.2625,
2023-09-19 16:00:00,24.9275,36.725,5.7225,8.7675,14.485000000000001,9.4175,16.3475,0.1925,14.7975,0.11750000000000001,,,,0.0775,0.0275,34.1,73.345,0.325,203.86,0.0,0.0,22.18,742.2375,
2023-09-19 17:00:00,24.435,39.0225,4.86,7.455,12.315,9.16,14.5475,0.10750000000000001,28.1875,0.0675,,,,0.0475,0.0175,29.4425,85.755,0.275,168.9075,0.0,0.0,16.8,742.525,
2023-09-19 18:00:00,21.5075,31.7725,5.1,7.82,12.9225,9.39,18.705,0.1075,19.67,0.0675,,,,0.0475,0.0175,27.7825,94.2575,0.2025,189.7675,0.0,0.0,,742.835,
2023-09-19 19:00:00,11.4675,31.79,6.6275,10.16,16.79,9.485,21.15,0.17250000000000001,24.4775,0.1,,,,0.0725,0.025,26.9625,97.5625,0.18,206.9425,0.0,0.0,,743.5325,
2023-09-19 20:00:00,16.21,37.875,8.0225,12.295,20.3125,9.4675,20.5325,0.27249999999999996,27.4975,0.16749999999999998,,,,0.1125,0.045,26.5575,98.9225,0.20500000000000002,202.5025,0.0,0.0,,744.1425,
2023-09-19 21:00:00,20.2575,36.46,7.9799999999999995,12.23,20.205,9.6575,20.52,0.35,36.685,0.20750000000000002,,,,0.14250000000000002,0.05500000000000001,26.49,99.9125,0.115,129.27249999999998,0.0,0.0,,744.6,
2023-09-19 22:00:00,24.74,43.535,8.025,12.305,20.325,9.682500000000001,20.7625,0.4175,35.0225,0.2525,,,,0.17250000000000001,0.065,26.677500000000002,100.0,0.2,154.4975,0.0,0.0,,744.81,
2023-09-19 23:00:00,30.4925,58.8425,6.9775,10.6975,17.6725,9.5725,20.6775,0.40499999999999997,36.485,0.2425,,,,0.1625,0.0675,26.665,100.0,0.19,157.64,0.0,0.0,,744.8575000000001,
2023-09-20 00:00:00,20.3825,43.0075,5.967499999999999,9.1475,15.1125,9.39,19.375,0.3675,34.042500000000004,0.2175,,,,0.15,0.057499999999999996,26.5875,100.0,0.215,224.1775,0.0,0.0,,744.64,
2023-09-20 01:00:00,19.325,40.2775,5.75,8.817499999999999,14.567499999999999,9.4225,19.4175,0.35250000000000004,42.6575,0.21000000000000002,,,,0.14250000000000002,0.055,26.7975,100.0,0.16,185.825,0.0,0.0,,744.2349999999999,
2023-09-20 02:00:00,12.7425,32.677499999999995,5.715,8.76,14.47,9.295,19.905,0.3275,45.9125,0.2,,,,0.1375,0.05,26.5775,100.0,0.1675,194.825,0.0,0.0,,744.065,
2023-09-20 03:00:00,20.7925,33.1725,5.385,8.2525,13.64,9.33,19.252499999999998,0.285,35.8675,0.16999999999999998,,,,0.11499999999999999,0.0475,26.305,100.0,0.215,157.11,0.0,0.0,,743.865,
2023-09-20 04:00:00,15.7975,35.0325,5.6425,8.6475,14.29,9.3875,19.627499999999998,0.2775,43.26,0.16,,,,0.1075,0.0425,26.17,100.0,0.2,218.94,0.0,0.0,,743.98,
2023-09-20 05:00:00,13.7675,27.5775,6.025,9.235,15.26,9.4275,19.755,0.26,50.2625,0.1575,,,,0.10500000000000001,0.04,25.9125,100.0,0.1575,244.3975,0.0,0.0,,744.2049999999999,
2023-09-20 06:00:00,13.7,37.715,5.7425,8.805,14.545,9.4775,19.002499999999998,0.23,35.582499999999996,0.1375,,,,0.095,0.04,26.1125,100.0,0.17250000000000001,162.45999999999998,0.0,0.0,,744.64,
2023-09-20 07:00:00,13.8925,34.9175,5.6575,8.675,14.34,9.37,19.3425,0.2225,36.805,0.14,,,,0.0925,0.04,27.3725,99.32,0.3775,180.5675,0.0,0.0,,744.925,
2023-09-20 08:00:00,18.335,41.6475,5.2625,8.0625,13.325,9.34,18.475,0.2175,36.6975,0.1375,,,,0.09,0.0375,29.4575,89.485,0.32,177.8,0.0,0.0,,745.0675,
2023-09-20 09:00:00,27.7575,42.3825,5.105,7.83,12.932500000000001,9.2225,19.052500000000002,0.2225,41.115,0.1375,,,,0.09,0.0375,32.3475,79.1075,0.3275,174.955,0.0,0.0,,745.2,
2023-09-20 10:00:00,32.2475,50.885000000000005,5.07,7.77,12.835,9.1625,19.322499999999998,0.2025,32.55,0.1225,,,,0.0825,0.0325,32.22,79.13,0.4175,226.16500000000002,0.0,0.0,,745.3025,
2023-09-20 11:00:00,26.2275,45.125,5.11,7.8374999999999995,12.9475,9.28,17.25,0.16,17.765,0.095,,,,0.065,0.025,36.03,66.9675,0.41500000000000004,171.505,0.0,0.0,,744.9325,
2023-09-20 12:00:00,15.49,36.510000000000005,5.4675,8.3825,13.84,9.2575,14.325,0.165,27.650000000000002,0.10250000000000001,,,,0.07,0.0275,37.315,62.2325,0.365,168.9075,0.0,0.0,,744.01,
2023-09-20 13:00:00,13.9425,28.9675,6.04,9.255,15.2925,9.395,12.57,0.1675,27.435000000000002,0.10250000000000001,,,,0.07,0.0275,38.215,59.845,0.45999999999999996,178.595,0.0,0.0,,743.27,
2023-09-20 14:00:00,17.6375,33.875,5.6225,8.620000000000001,14.245000000000001,9.3425,12.5225,0.14500000000000002,60.7975,0.08499999999999999,,,,0.0575,0.0225,,,,,0.0,0.0,,,
2023-09-20 15:00:00,20.884999999999998,36.8975,5.7,8.737499999999999,14.435,9.2525,17.655,0.0975,30.1875,0.055,,,,0.04,0.0175,,,,,0.0,0.0,,,
2023-09-20 16:00:00,10.584999999999999,34.685,4.9350000000000005,7.5625,12.497499999999999,9.1275,20.1575,0.10500000000000001,23.5575,0.0625,,,,0.0425,0.02,,,,,0.0,0.0,,,
2023-09-20 17:00:00,13.285,34.4075,4.5125,6.9175,11.4325,9.17,20.4525,0.1225,28.4875,0.075,,,,0.05,0.02,,,,,0.0,0.0,,,
2023-09-20 18:00:00,15.04,42.0175,4.64,7.105,11.7475,9.205,20.3275,0.1125,35.23,0.07250000000000001,,,,0.05,0.02,,,,,0.0,0.0,,,
2023-09-20 19:00:00,15.2925,30.6325,4.8925,7.4975,12.3875,9.1975,20.275,0.14250000000000002,39.7075,0.0875,,,,0.06,0.025,,,,,0.0,0.0,,,
2023-09-20 20:00:00,20.99,42.927499999999995,5.215,7.99,13.2025,9.184999999999999,20.4525,0.18,46.045,0.1075,,,,0.07500000000000001,0.03,,,,,0.0,0.0,,,
2023-09-20 21:00:00,23.9,46.8725,5.19,7.95,13.1425,9.254999999999999,19.4275,0.20500000000000002,49.2075,0.125,,,,0.08499999999999999,0.035,,,,,0.0,0.0,,,
2023-09-20 22:00:00,24.29,52.207499999999996,5.55,8.51,14.0625,9.3025,20.072499999999998,0.23249999999999998,48.1775,0.14500000000000002,,,,0.095,0.04,,,,,0.0,0.0,,,
2023-09-20 23:00:00,29.41,52.302499999999995,5.7325,8.7875,14.52,9.2075,20.1075,0.255,46.9625,0.155,,,,0.10500000000000001,0.04,,,,,0.0,0.0,,,
2023-09-21 00:00:00,24.0075,48.1525,5.64,8.645,14.28,9.3175,19.255,0.2875,49.565,0.17,,,,0.1125,0.045,,,,,0.0,0.0,,,
2023-09-21 01:00:00,26.4025,51.76,5.8525,8.97,14.825000000000001,9.3825,19.6625,0.295,49.542500000000004,0.175,,,,0.12,0.05,,,,,0.0,0.0,,,
2023-09-21 02:00:00,27.2725,52.7675,6.2524999999999995,9.5875,15.84,9.3925,20.015,0.3075,53.1775,0.185,,,,0.125,0.05,,,,,0.0,0.0,,,
2023-09-21 03:00:00,30.29,47.9775,6.3125,9.6725,15.9875,9.415000000000001,18.865000000000002,0.31,44.36,0.185,,,,0.1275,0.05,,,,,0.0,0.0,,,
2023-09-21 04:00:00,26.735,46.834999999999994,6.34,9.72,16.060000000000002,9.5025,19.302500000000002,0.31,46.3425,0.1875,,,,0.125,0.05,,,,,0.0,0.0,,,
2023-09-21 05:00:00,25.1525,58.3725,6.5775,10.08,16.655,9.5525,19.3375,0.3125,50.7725,0.1875,,,,0.1275,0.05,,,,,0.0,0.0,,,
2023-09-21 06:00:00,22.4975,48.5775,6.1625,9.4475,15.6125,9.5,19.305,0.3075,51.8525,0.1875,,,,0.1275,0.05,,,,,0.0,0.0,,,
2023-09-21 07:00:00,19.025,44.44,6.09,9.3375,15.43,9.4675,19.475,0.3075,49.3975,0.185,,,,0.125,0.05,,,,,0.0,0.0,,,
2023-09-21 08:00:00,21.6,45.8425,5.5725,8.5375,14.11,9.2375,18.427500000000002,0.3075,49.32,0.185,,,,0.125,0.05,,,,,0.0,0.0,,,
2023-09-21 09:00:00,25.2675,51.3975,5.4825,8.4025,13.879999999999999,9.23,19.4025,0.3,48.19,0.175,,,,0.12,0.05,,,,,0.0,0.0,,,
2023-09-21 10:00:00,21.735,58.735,5.880000000000001,9.01,14.9175,9.3,18.6775,0.2875,39.9975,0.17,,,,0.11499999999999999,0.0475,,,,,0.0,0.0,,,
2023-09-21 11:00:00,21.1275,47.277499999999996,6.65,10.1925,16.6525,9.48,19.7775,0.275,31.94,0.1625,,,,0.1075,0.04,35.0525,70.925,0.21250000000000002,151.8825,0.0,0.0,176.35750000000002,744.31,
2023-09-21 12:00:00,24.662499999999998,48.68,6.8075,10.35,17.2225,9.5025,16.935000000000002,0.2325,26.9675,0.14,,,,0.0975,0.04,39.5625,55.432500000000005,0.3725,223.3675,0.0,0.0,269.0475,743.6275,
2023-09-21 13:00:00,20.735,42.612500000000004,7.390000000000001,11.33,18.72,9.57,16.285,0.2275,27.175,0.1375,,,,0.0925,0.0375,37.9875,60.457499999999996,0.1975,178.27,0.0,0.0,131.4975,742.75,
2023-09-21 14:00:00,27.1875,47.7225,6.75,10.3475,17.0975,9.57,15.57,0.2,30.8575,0.1225,,,,0.08499999999999999,0.0325,33.8575,76.07,0.23,203.7625,0.0,0.0,69.30250000000001,742.0074999999999,
2023-09-21 15:00:00,27.689999999999998,49.645,7.33,11.24,18.415,9.5725,15.555,0.215,28.8375,0.135,,,,0.09,0.035,34.585,71.4375,0.36,206.7775,0.0,0.0,80.5025,741.6375,
2023-09-21 16:00:00,28.2625,43.5975,5.9775,9.157499999999999,15.26,9.5225,15.670000000000002,0.19,28.997500000000002,0.1125,,,,0.0775,0.03,30.2125,81.7525,0.3675,232.7575,0.0,0.0,21.405,741.7475,
2023-09-21 17:00:00,21.2275,37.87,5.8125,8.9075,14.74,9.315,15.747499999999999,0.17250000000000001,29.1125,0.10250000000000001,,,,0.07,0.03,28.98,88.42750000000001,0.1475,158.2275,0.0,0.0,9.5475,741.76,
2023-09-21 18:00:00,14.22,40.5025,5.3925,8.2625,13.65,9.325,16.0625,0.16,35.15,0.095,,,,0.065,0.025,27.305,95.29,0.14500000000000002,170.1325,0.0,0.0,0.06,742.1075000000001,
2023-09-21 19:00:00,18.845,38.6625,5.345000000000001,8.192499999999999,13.535,9.145,15.9275,0.1675,38.375,0.10500000000000001,,,,0.0675,0.03,26.6525,98.505,0.09,125.16,0.0,0.0,,742.8525,
2023-09-21 20:00:00,20.26,46.1575,5.3775,8.2425,13.635,9.1675,15.3125,0.1975,45.5125,0.1175,,,,0.08,0.03,26.7225,99.8775,0.10750000000000001,159.925,0.0,0.0,,743.46,
2023-09-21 21:00:00,26.77,50.275,5.2475000000000005,8.0425,13.2575,9.205,15.77,0.20500000000000002,49.65,0.125,,,,0.08499999999999999,0.03,26.5825,100.0,0.08499999999999999,132.3125,0.0,0.0,,743.7375,
2023-09-21 22:00:00,28.169999999999998,53.2125,5.6925,8.7225,14.245,9.225,15.8225,0.21,42.865,0.125,,,,0.0875,0.0325,26.4275,100.0,0.1225,126.115,0.0,0.0,,743.7625,
2023-09-21 23:00:00,22.0975,44.7775,5.595,8.5775,14.17,9.137500000000001,15.7675,0.225,43.63,0.14,,,,0.09,0.04,26.5,100.0,0.1875,163.7025,0.0,0.0,,743.8325,
2023-09-22 00:00:00,23.54,52.4075,5.0649999999999995,7.7625,12.8275,9.145,15.95,0.2025,42.875,0.1225,,,,0.08499999999999999,0.03,26.665,100.0,0.325,192.37,0.0,0.0,,743.67,
2023-09-22 01:00:00,12.8975,38.235,4.915,7.5325,12.45,9.1675,15.7375,0.19,47.185,0.1175,,,,0.0775,0.03,26.384999999999998,99.9925,0.20500000000000002,183.79,0.0,0.0,,743.5875,
2023-09-22 02:00:00,14.717500000000001,27.6725,4.835,7.4075,12.2425,9.0275,15.1725,0.18,44.87,0.1075,,,,0.07250000000000001,0.03,26.0575,99.41,0.315,219.97,0.0,0.0,,743.5274999999999,
2023-09-22 03:00:00,10.075,23.8275,4.86,7.455,12.317499999999999,9.149999999999999,15.71,0.165,51.292500000000004,0.1,,,,0.07,0.025,25.95,98.9975,0.21499999999999997,186.36,0.0,0.0,,743.4475,
2023-09-22 04:00:00,7.1025,23.122500000000002,4.779999999999999,7.3225,12.1,9.1125,15.614999999999998,0.1625,51.96,0.0975,,,,0.065,0.025,26.08,98.7575,0.16999999999999998,169.46,0.0,0.0,,743.385,
2023-09-22 05:00:00,10.8575,25.2225,4.955,7.595000000000001,12.5475,9.195,15.537500000000001,0.155,52.205,0.095,,,,0.065,0.025,25.5075,99.3875,0.2125,183.48000000000002,0.0,0.0,,743.4925000000001,
2023-09-22 06:00:00,7.625,27.2275,5.2025,7.975,13.1775,9.255,15.4175,0.15250000000000002,52.7,0.0925,,,,0.0625,0.025,25.425,99.83,0.2275,238.3175,0.0,0.0,9.440000000000001,743.8625,
2023-09-22 07:00:00,11.26,26.817500000000003,5.0725,7.7749999999999995,12.85,9.227500000000001,15.3025,0.155,57.4025,0.0925,,,,0.0625,0.0275,26.915,97.6175,0.17,175.87,0.0,0.0,31.5675,744.3775,
2023-09-22 08:00:00,11.5925,36.925,5.085,7.79,12.875,9.085,14.905000000000001,0.1525,54.555,0.0975,,,,0.0625,0.0225,29.1925,88.415,0.2725,156.72,0.0,0.0,74.15,744.675,
2023-09-22 09:00:00,19.41,44.05,4.702500000000001,7.21,11.92,9.08,15.63,0.1475,51.7,0.09,,,,0.06,0.02,31.125,80.0675,0.3,145.92000000000002,0.0,0.0,135.815,744.79,
2023-09-22 10:00:00,13.4325,38.225,4.8225,7.395,12.22,9.27,15.105,0.1475,48.9975,0.0875,,,,0.06,0.02,33.1375,72.1425,0.36250000000000004,208.745,0.0,0.0,168.225,744.865,
2023-09-22 11:00:00,11.850000000000001,36.5525,5.03,7.7075,12.7425,9.275,15.149999999999999,0.14250000000000002,44.9975,0.0825,,,,0.06,0.02,35.165,66.355,0.3375,161.425,0.0,0.0,246.905,744.3525,
2023-09-22 12:00:00,17.9725,34.957499999999996,5.3075,8.135,13.445,9.2925,15.96,0.125,41.1925,0.0775,,,,0.052500000000000005,0.02,36.57,62.4775,0.27749999999999997,241.4325,0.0,0.0,197.2,743.625,
2023-09-22 13:00:00,6.725,35.4775,5.0825,7.7925,12.875,9.1125,16.1525,0.0975,30.7775,0.06,,,,0.04,0.0175,35.3,67.1925,0.2825,185.1875,0.0,0.0,139.1775,742.9275,
2023-09-22 14:00:00,4.4675,29.2325,5.025,7.705,12.7275,8.9175,15.555,0.075,32.035,0.045,,,,0.035,0.01,33.7025,73.075,0.165,159.4375,0.0,0.0,65.05,742.2975,
2023-09-22 15:00:00,4.4,29.0,5.0925,7.805,12.897499999999999,9.25,15.9225,0.075,35.067499999999995,0.045,,,,0.035,0.01,33.4225,75.135,0.1775,177.0225,0.0,0.0,82.1875,741.8525,
2023-09-22 16:00:00,,,5.275,8.0875,13.36,9.2475,16.5425,0.07500000000000001,43.045,0.045,,,,0.035,0.01,32.0675,79.235,0.135,163.995,0.0,0.0,32.8475,741.7625,
2023-09-22 17:00:00,8.0,31.3,4.8,7.3566666666666665,12.156666666666666,9.106666666666667,16.243333333333332,0.07,35.28666666666667,0.04,,,,0.03,0.01,28.74333333333333,92.08333333333333,0.12333333333333334,133.98333333333332,0.0,0.0,3.4166666666666665,741.9166666666666,
2023-09-22 18:00:00,8.0,31.3,4.8825,7.4825,12.3225,9.3325,16.7,0.0825,50.519999999999996,0.045,,,,0.035,0.01,27.32,95.83,0.1125,151.1125,0.0,0.0,,742.3175,
2023-09-22 19:00:00,,,4.7975,7.35,12.1775,9.1,16.182499999999997,0.0925,56.912499999999994,0.0525,,,,0.0375,0.015,26.6725,98.3775,0.1,159.9725,0.0,0.0,,742.9775,
2023-09-22 20:00:00,12.3,32.3,4.8375,7.4125,12.2525,9.127500000000001,15.809999999999999,0.1075,55.572500000000005,0.07,,,,0.0475,0.02,26.447499999999998,99.7025,0.1075,166.08499999999998,0.0,0.0,,743.425,
2023-09-22 21:00:00,15.5925,41.4075,5.0625,7.762499999999999,12.8225,9.185,16.4775,0.1375,58.457499999999996,0.0825,,,,0.057499999999999996,0.02,26.32,100.0,0.1075,122.64,0.0,0.0,,743.99,
2023-09-22 22:00:00,19.962500000000002,49.5475,5.1274999999999995,7.8575,12.934999999999999,9.219999999999999,15.995000000000001,0.1525,53.822500000000005,0.0925,,,,0.065,0.0225,26.22,100.0,0.1875,214.3675,0.0,0.0,,743.9449999999999,
2023-09-22 23:00:00,20.582500000000003,43.6975,5.2275,8.0125,13.25,9.094999999999999,16.1925,0.1625,60.05,0.095,,,,0.065,0.025,25.98,100.0,0.1225,142.37,0.0,0.0,,743.7975,
2023-09-23 00:00:00,24.65,41.3775,5.33,8.175,13.502500000000001,9.1075,16.375,0.15,52.1875,0.0925,,,,0.0625,0.0225,26.05,100.0,0.27,189.9225,0.0,0.0,,743.655,
2023-09-23 01:00:00,18.5325,38.1175,5.2575,8.055,13.3125,9.1975,16.572499999999998,0.1625,65.8375,0.0975,,,,0.0675,0.0275,25.88,100.0,0.20500000000000002,198.955,0.0,0.0,,743.2925,
2023-09-23 02:00:00,16.275,31.4425,5.055,7.7475,12.8,9.3,16.6725,0.1625,61.1375,0.0975,,,,0.0675,0.03,26.009999999999998,100.0,0.2175,168.5725,0.0,0.0,,743.01,
2023-09-23 03:00:00,14.56,34.19,4.8875,7.49,12.375,9.1125,16.4525,0.155,62.667500000000004,0.095,,,,0.0675,0.025,25.935,99.7575,0.20500000000000002,171.35500000000002,0.0,0.0,,742.86,
2023-09-23 04:00:00,14.0175,37.192499999999995,5.015000000000001,7.6850000000000005,12.705,9.22,16.4575,0.16,67.495,0.1,,,,0.0675,0.0275,25.5875,99.07499999999999,0.16999999999999998,175.2175,0.0,0.0,,742.9449999999999,
2023-09-23 05:00:00,22.0025,31.4175,5.3025,8.1275,13.432500000000001,9.2425,16.37,0.155,64.9475,0.095,,,,0.065,0.025,25.052500000000002,99.785,0.23,234.20749999999998,0.0,0.0,,743.3675000000001,
2023-09-23 06:00:00,14.3925,32.55,5.4825,8.4,13.879999999999999,9.247499999999999,16.645,0.1525,70.8125,0.1,,,,0.065,0.0275,24.939999999999998,100.0,0.12,160.7975,0.0,0.0,2.3475,743.76,
2023-09-23 07:00:00,16.7025,30.6725,5.16,7.9075,13.067499999999999,9.1025,15.795,0.1525,63.67,0.09,,,,0.06,0.02,26.2675,99.765,0.155,155.725,0.0,0.0,28.0675,744.3,
2023-09-23 08:00:00,19.115,40.725,4.9375,7.5625,12.4975,9.275,16.365000000000002,0.15,58.695,0.0925,,,,0.06,0.02,28.3525,90.08,0.2575,173.0525,0.0,0.0,62.042500000000004,744.7825,
2023-09-23 09:00:00,18.3325,40.3275,4.7325,7.2525,11.9875,9.0725,15.8275,0.15,62.8375,0.0925,,,,0.06,0.025,30.7825,80.6825,0.2975,200.3825,0.0,0.0,106.64500000000001,745.1375,
2023-09-23 10:00:00,19.4575,33.935,4.6425,7.115,11.7575,9.1775,16.03,0.15000000000000002,63.4425,0.0925,,,,0.065,0.025,31.1725,78.765,0.1975,181.45499999999998,0.0,0.0,64.935,745.485,
2023-09-23 11:00:00,16.7025,36.69,4.7875,7.335,12.12,9.2,16.21,0.14750000000000002,62.7875,0.0875,,,,0.0625,0.0225,31.86,76.7525,0.2525,182.8825,0.0,0.0,114.6275,745.3275,
2023-09-23 12:00:00,16.4075,40.465,5.3925,8.2675,13.6625,9.17,16.35,0.1375,45.82,0.08499999999999999,,,,0.057499999999999996,0.02,35.64,64.72,0.36,158.91250000000002,0.0,0.0,271.77250000000004,744.605,
2023-09-23 13:00:00,16.4975,27.39,5.75,8.82,14.57,9.4,16.4725,0.11499999999999999,35.69,0.07500000000000001,,,,0.05,0.02,36.447500000000005,61.86,0.295,147.835,0.0,0.0,245.7,743.645,
2023-09-23 14:00:00,10.2325,31.5275,5.925,9.0825,15.004999999999999,9.4625,16.8175,0.1175,30.072499999999998,0.07,,,,0.05,0.02,34.230000000000004,68.035,0.46499999999999997,193.3625,0.0,0.0,115.07249999999999,743.02,
2023-09-23 15:00:00,11.9275,36.3275,5.890000000000001,9.0325,14.92,9.5025,16.2125,0.105,29.015,0.065,,,,0.045,0.02,31.1525,75.355,0.3325,184.9625,0.0,0.0,81.24,742.8025,
2023-09-23 16:00:00,7.8525,27.34,5.6125,8.605,14.2175,9.3975,16.8175,0.105,43.4275,0.065,,,,0.045,0.02,29.747500000000002,83.1725,0.27749999999999997,188.57,0.0,0.0,33.6175,742.6475,
2023-09-23 17:00:00,7.797499999999999,24.974999999999998,5.1975,7.9675,13.165,9.2475,16.2575,0.1,44.292500000000004,0.057499999999999996,,,,0.04,0.015000000000000001,28.335,87.6225,0.155,166.015,0.0,0.0,4.9425,742.77,
2023-09-23 18:00:00,8.86,24.9975,5.1425,7.887499999999999,13.0325,9.1525,16.3675,0.1075,51.025,0.065,,,,0.045,0.02,26.125,95.2225,0.1525,183.71249999999998,0.0,0.0,,742.905,
2023-09-23 19:00:00,5.91,29.5325,5.6425,8.647499999999999,14.29,9.175,15.8575,0.13,51.265,0.0775,,,,0.055,0.02,25.5375,98.585,0.1175,159.3,0.0,0.0,,743.1525,
2023-09-23 20:00:00,16.89,37.3175,6.015000000000001,9.2225,15.2375,9.3025,16.665,0.14500000000000002,59.445,0.0875,,,,0.0625,0.02,25.4425,99.7375,0.1875,219.5975,0.0,0.0,,743.865,
2023-09-23 21:00:00,23.567500000000003,43.8675,5.555,8.5175,14.075,9.3525,16.08,0.15,60.5725,0.0925,,,,0.0625,0.025,25.1725,100.0,0.17,239.2425,0.0,0.0,,744.37,
2023-09-23 22:00:00,12.614999999999998,38.5075,5.7425,8.8025,14.5425,9.255,16.6925,0.1575,67.495,0.10500000000000001,,,,0.0675,0.03,25.044999999999998,100.0,0.1825,227.74,0.0,0.0,,744.425,
2023-09-23 23:00:00,14.4175,36.3725,5.7075,8.7525,14.46,9.317499999999999,16.7375,0.175,67.155,0.1075,,,,0.07250000000000001,0.03,25.080000000000002,100.0,0.165,207.01,0.0,0.0,,744.3375,
2023-09-24 00:00:00,23.66,30.9,5.92,9.0725,14.9925,9.32,16.490000000000002,0.1975,69.2025,0.1175,,,,0.08,0.03,25.2225,100.0,0.16,225.17249999999999,0.0,0.0,,744.1175000000001,
2023-09-24 01:00:00,20.4325,47.96,5.785,8.870000000000001,14.6525,9.19,16.395,0.2,59.9125,0.12,,,,0.0825,0.03,25.4725,100.0,0.1175,155.97500000000002,0.0,0.0,,743.78,
2023-09-24 02:00:00,21.552500000000002,41.56,5.6625000000000005,8.68,14.3375,9.3225,16.5475,0.2075,68.7525,0.1275,,,,0.0875,0.0325,25.405,100.0,0.1825,245.2025,0.0,0.0,,743.4475,
2023-09-24 03:00:00,23.1425,52.485,5.48,8.4,13.879999999999999,9.2175,16.675,0.2,60.4375,0.1225,,,,0.0825,0.03,25.325,100.0,0.1975,217.685,0.0,0.0,,743.37,
2023-09-24 04:00:00,16.835,35.4475,5.335,8.175,13.504999999999999,9.15,16.7175,0.1925,55.792500000000004,0.11499999999999999,,,,0.08,0.03,25.3425,100.0,0.16999999999999998,195.615,0.0,0.0,,743.5725,
2023-09-24 05:00:00,13.225,30.1725,5.467499999999999,8.385,13.855,9.41,16.5475,0.1875,59.935,0.1125,,,,0.07500000000000001,0.03,24.8525,100.0,0.1625,181.67000000000002,0.0,0.0,,743.6175000000001,
2023-09-24 06:00:00,8.9525,25.66,5.49,8.4125,13.905,9.32,16.4525,0.185,63.5,0.11,,,,0.07500000000000001,0.03,24.685,100.0,0.1075,153.72,0.0,0.0,8.7025,743.9375,
2023-09-24 07:00:00,10.44,27.0425,5.205,7.975,13.18,9.1775,16.060000000000002,0.18,62.7125,0.11,,,,0.07250000000000001,0.03,25.9025,99.9275,0.235,229.43,0.0,0.0,44.34,744.4275,
2023-09-24 08:00:00,12.815000000000001,35.489999999999995,5.17,7.9225,13.0925,9.26,16.36,0.17,56.5625,0.10500000000000001,,,,0.07,0.03,27.715,89.41,0.335,242.76250000000002,0.0,0.0,53.7975,744.61,
2023-09-24 09:00:00,16.950000000000003,32.135,4.7025,7.2025,11.905,9.1675,16.2125,0.1625,58.0,0.1,,,,0.07,0.03,30.185,80.6275,0.2025,164.005,0.0,0.0,122.06750000000001,744.76,
2023-09-24 10:00:00,18.6425,32.5775,4.9575000000000005,7.6,12.5625,9.05,15.5,0.1625,54.1725,0.0975,,,,0.07,0.0275,32.8925,71.64,0.3275,165.025,0.0,0.0,202.515,744.73,
2023-09-24 11:00:00,15.2275,31.8275,5.1175,7.845,12.96,9.262500000000001,16.1775,0.165,56.07,0.10250000000000001,,,,0.07,0.03,33.667500000000004,68.955,0.36,209.065,0.0,0.0,160.245,744.6324999999999,
2023-09-24 12:00:00,14.04,31.9925,5.195,7.9575,13.155,9.17,16.6525,0.1575,54.5575,0.0975,,,,0.065,0.025,33.9625,67.8,0.26749999999999996,219.1625,0.0,0.0,169.7025,744.03,
2023-09-24 13:00:00,14.7725,35.375,5.3725000000000005,8.24,13.6125,9.25,16.245,0.15,51.1625,0.095,,,,0.0625,0.02,36.245000000000005,62.3225,0.33,172.26999999999998,0.0125,0.0125,219.91750000000002,743.425,
2023-09-24 14:00:00,10.46,26.822499999999998,5.635,8.6325,14.2675,9.317499999999999,16.1875,0.1525,50.5875,0.09,,,,0.0625,0.025,35.6175,64.265,0.3125,175.7475,0.0225,0.0225,166.6925,742.6475,
2023-09-24 15:00:00,13.0975,26.6925,5.535,8.48,14.0125,9.337499999999999,16.1725,0.1475,49.305,0.08499999999999999,,,,0.06,0.02,36.707499999999996,59.370000000000005,0.3525,187.35,0.015,0.015,149.01,742.0350000000001,
2023-09-24 16:00:00,10.3075,32.677499999999995,5.1,7.8225,12.9225,9.2025,15.962499999999999,0.14,44.235,0.0875,,,,0.0575,0.025,31.66,75.145,0.275,231.1975,0.0,0.0,20.025,741.7625,
2023-09-24 17:00:00,11.55,24.8975,4.9775,7.6325,12.61,9.2675,16.357499999999998,0.135,45.9975,0.0825,,,,0.055,0.02,28.8275,86.98,0.165,156.405,0.0,0.0,3.6799999999999997,741.8175,
2023-09-24 18:00:00,11.89,30.5775,5.115,7.835,12.9475,9.1475,16.4075,0.14500000000000002,51.76,0.0875,,,,0.0625,0.0225,26.497500000000002,96.0675,0.10250000000000001,151.5175,0.0,0.0,,742.2625,
2023-09-24 19:00:00,11.225,23.4725,5.16,7.9175,13.08,9.17,16.075,0.1575,58.0525,0.095,,,,0.0625,0.025,25.725,98.775,0.1325,182.33,0.0,0.0,,742.9575,
2023-09-24 20:00:00,17.4675,33.615,5.3325,8.175,13.502500000000001,9.1775,16.5575,0.17250000000000001,65.21000000000001,0.10500000000000001,,,,0.07,0.03,25.4425,99.8225,0.1225,195.39,0.0,0.0,,743.655,
2023-09-24 21:00:00,18.9525,36.699999999999996,5.5575,8.52,14.0725,9.285,15.9525,0.18,50.565,0.11,,,,0.07250000000000001,0.03,25.395,100.0,0.18,157.805,0.0,0.0,,744.05,
2023-09-24 22:00:00,17.552500000000002,48.082499999999996,5.605,8.5875,14.1925,9.33,16.4175,0.1825,56.92,0.1075,,,,0.07500000000000001,0.03,25.04,99.995,0.1375,162.395,0.0,0.0,,744.0325,
2023-09-24 23:00:00,12.872499999999999,37.1225,5.665,8.685,14.35,9.3475,16.8175,0.185,64.3125,0.1075,,,,0.07500000000000001,0.03,24.645,100.0,0.09666666666666668,122.49000000000001,0.0175,0.0175,,743.7975,
2023-09-25 00:00:00,12.122499999999999,31.107499999999998,5.7375,8.795,14.530000000000001,9.3375,16.015,0.1875,69.16499999999999,0.11,,,,0.0775,0.03,24.27,100.0,0.13,181.0625,0.0125,0.0125,,743.45,
2023-09-25 01:00:00,10.6525,31.865,6.0649999999999995,9.3,15.370000000000001,9.315,16.6875,0.1775,60.945,0.1075,,,,0.07250000000000001,0.03,24.1575,100.0,0.0825,129.0725,0.0,0.0,,743.3,
2023-09-25 02:00:00,15.902500000000002,35.0825,6.3075,9.6675,15.975000000000001,9.3475,16.8375,0.18,63.67,0.1075,,,,0.07250000000000001,0.03,24.075000000000003,100.0,0.1,144.32999999999998,0.0,0.0,,743.2725,
2023-09-25 03:00:00,7.035,33.6575,6.28,9.625,15.9,9.4875,16.625,0.16999999999999998,64.85249999999999,0.10500000000000001,,,,0.07250000000000001,0.03,24.005,100.0,0.135,203.825,0.0,0.0,,743.325,
2023-09-25 04:00:00,6.2175,26.6575,6.4225,9.842500000000001,16.2675,9.45,16.6675,0.1675,64.5125,0.10500000000000001,,,,0.0675,0.03,24.0525,100.0,0.175,247.4675,0.0,0.0,,743.6025,
2023-09-25 05:00:00,6.7775,27.6525,6.199999999999999,9.5075,15.7075,9.4225,16.8675,0.1625,58.4725,0.0975,,,,0.0675,0.0275,24.085,100.0,0.1,126.7975,0.0,0.0,,744.0375,
2023-09-25 06:00:00,12.585,27.5075,6.07,9.3,15.3675,9.5725,15.91,0.155,50.9275,0.095,,,,0.065,0.025,24.2525,100.0,0.1575,167.95749999999998,0.0,0.0,8.835,744.4375,
2023-09-25 07:00:00,11.352500000000001,28.849999999999998,5.7125,8.7575,14.4725,9.33,16.4775,0.1525,52.465,0.09,,,,0.0625,0.0225,25.205,99.99,0.24250000000000002,202.8825,0.0,0.0,38.61,744.7425000000001,
2023-09-25 08:00:00,13.227500000000001,27.84,5.485,8.4075,13.8925,9.25,16.7025,0.1525,53.7825,0.09,,,,0.0625,0.025,27.4225,90.8625,0.25,199.08749999999998,0.0,0.0,72.3175,744.99,
2023-09-25 09:00:00,14.842500000000001,34.4525,5.0575,7.7524999999999995,12.815,9.21,16.2975,0.1475,52.6175,0.09,,,,0.06,0.02,30.3475,79.1275,0.375,215.51,0.0,0.0,174.565,745.3199999999999,
2023-09-25 10:00:00,16.25,29.685,5.0024999999999995,7.67,12.6675,9.217500000000001,15.355,0.11499999999999999,32.6575,0.0675,,,,0.0475,0.0175,33.71,67.81,0.265,177.54500000000002,0.0,0.0,259.21999999999997,745.4024999999999,
2023-09-25 11:00:00,15.1425,37.215,4.6325,7.1025,11.735,9.16,14.6325,0.065,13.6775,0.04,,,,0.03,0.01,36.1725,61.29,0.4375,212.6625,0.0,0.0,338.98,745.225,
2023-09-25 12:00:00,10.2775,25.1575,5.11,7.8325,12.945,9.2,12.8825,0.08,23.1025,0.0475,,,,0.0325,0.0125,36.07,61.2275,0.4575,195.0425,0.0,0.0,267.515,744.7175,
2023-09-25 13:00:00,13.09,22.192500000000003,5.25,8.0475,13.295,9.305,11.7025,0.0925,28.002499999999998,0.052500000000000005,,,,0.04,0.015,36.595,58.815,0.48,221.4875,0.0,0.0,250.77,744.1225,
2023-09-25 14:00:00,7.8975,18.2425,5.2775,8.0825,13.36,9.385,11.565000000000001,0.0825,28.9675,0.05,,,,0.0375,0.0125,36.5025,59.8375,0.37,184.885,0.0,0.0,187.84,743.3050000000001,
2023-09-25 15:00:00,7.1225,23.6925,5.9875,9.175,15.1625,9.4075,12.1575,0.1,34.5225,0.0625,,,,0.04,0.02,36.4875,59.46,0.3125,167.215,0.0,0.0,146.98250000000002,742.985,
2023-09-25 16:00:00,3.8225000000000002,17.825000000000003,5.2375,8.025,13.26,9.290000000000001,14.8575,0.09,25.4,0.0575,,,,0.0375,0.015000000000000001,31.119999999999997,74.4125,0.3425,165.115,0.0,0.0,23.6375,742.7175,
2023-09-25 17:00:00,7.172499999999999,19.8175,4.7575,7.2924999999999995,12.05,9.25,18.455,0.0675,12.5425,0.0425,,,,0.0325,0.01,28.2,84.09,0.305,211.46,0.0,0.0,4.08,742.6425,
2023-09-25 18:00:00,5.8525,25.009999999999998,5.1875,7.952500000000001,13.1425,9.455,18.295,0.0925,28.41,0.052500000000000005,,,,0.04,0.0125,25.9325,93.3475,0.22,222.66750000000002,0.0,0.0,,742.885,
2023-09-25 19:00:00,8.0175,26.935,5.6975,8.7375,14.4375,9.3675,18.3625,0.1,45.9675,0.0625,,,,0.0425,0.02,24.9575,97.2125,0.1625,202.2475,0.0,0.0,,743.5375,
2023-09-25 20:00:00,4.34,23.1425,5.925,9.0825,15.005,9.3675,18.0875,0.1075,57.8825,0.0675,,,,0.0475,0.02,24.5225,99.08,0.1075,156.9275,0.0,0.0,,744.1275,
2023-09-25 21:00:00,6.4175,18.4675,5.95,9.125,15.0775,9.4025,17.595,0.11,59.9175,0.07,,,,0.0475,0.02,24.3125,99.8925,0.11499999999999999,162.6,0.0,0.0,,744.5525,
2023-09-25 22:00:00,10.3575,24.182499999999997,6.29,9.6375,15.9275,9.485,17.69,0.1175,63.5,0.0775,,,,0.05,0.02,24.17,100.0,0.1075,156.27,0.0,0.0,,744.7950000000001,
2023-09-25 23:00:00,13.1025,33.6575,6.5625,10.055,16.6175,9.4675,18.1025,0.1325,63.4,0.08,,,,0.057499999999999996,0.02,24.155,100.0,0.13,175.5875,0.0,0.0,,744.85,
2023-09-26 00:00:00,18.89,32.36,6.4,9.8075,16.205000000000002,9.4525,17.3925,0.14500000000000002,64.9625,0.0875,,,,0.06,0.02,24.1425,100.0,0.14250000000000002,185.5725,0.0,0.0,,744.565,
2023-09-26 01:00:00,11.385,32.59,6.2975,9.6525,15.95,9.465,17.54,0.15,80.07,0.09,,,,0.0625,0.02,23.95,100.0,0.1525,233.01500000000001,0.0,0.0,,744.3475,
2023-09-26 02:00:00,16.5975,33.275,6.385,9.785,16.1675,9.4225,17.7925,0.1525,111.4725,0.0975,,,,0.0675,0.025,23.7925,100.0,0.1275,190.505,0.0,0.0,,744.0775,
2023-09-26 03:00:00,14.002500000000001,30.215,6.015000000000001,9.22,15.2325,9.42,18.0775,0.155,159.5475,0.0975,,,,0.0675,0.025,23.615,100.0,0.165,225.31,0.0,0.0,,744.0975000000001,
2023-09-26 04:00:00,15.8275,27.9775,5.7225,8.775,14.4975,9.33,17.9375,0.1575,185.445,0.0975,,,,0.0675,0.0275,23.4725,100.0,0.14500000000000002,218.0,0.0,0.0,,744.3325,
2023-09-26 05:00:00,17.54,21.6325,5.7125,8.752500000000001,14.46,9.252500000000001,17.7525,0.1625,,0.1,,,,0.07,0.03,23.5,100.0,0.18,250.6675,0.0,0.0,,744.4375,
2023-09-26 06:00:00,16.0575,32.7775,5.8125,8.9125,14.725,9.2675,18.0,0.1675,165.425,0.10500000000000001,,,,0.07,0.03,23.8525,100.0,0.095,124.245,0.0,0.0,5.275,744.8225,
2023-09-26 07:00:00,20.724999999999998,34.6475,5.42,8.31,13.7325,9.25,17.8275,0.1675,172.7725,0.10500000000000001,,,,0.07,0.03,25.3925,100.0,0.1575,162.41,0.0,0.0,35.1125,745.42,
2023-09-26 08:00:00,10.5825,34.5075,4.7025,7.202500000000001,11.9025,9.155000000000001,17.59,0.1725,158.345,0.10250000000000001,,,,0.07,0.03,27.015,98.2225,0.3025,230.6275,0.0,0.0,58.7125,745.6925,
2023-09-26 09:00:00,18.59,36.7175,4.4525,6.82,11.27,9.059999999999999,16.872500000000002,0.18,148.26500000000001,0.11,,,,0.07250000000000001,0.03,32.07,76.255,0.28250000000000003,169.19,0.0,0.0,259.61,745.835,
2023-09-26 10:00:00,25.65,47.5025,4.2775,6.5600000000000005,10.837499999999999,9.2275,16.455,0.18,149.10500000000002,0.11,,,,0.07500000000000001,0.03,35.9475,63.0,0.27249999999999996,156.18,0.0,0.0,280.235,745.67,
2023-09-26 11:00:00,16.3525,34.015,4.46,6.8375,11.2975,9.2175,16.645,0.185,146.995,0.1125,,,,0.0775,0.03,35.894999999999996,62.347500000000004,0.3225,189.885,0.0,0.0,238.01250000000002,745.3625000000001,
2023-09-26 12:00:00,12.334999999999999,34.6575,4.71,7.2175,11.9275,9.1475,16.7575,0.1875,136.5075,0.11,,,,0.0775,0.03,37.4625,58.61,0.33999999999999997,172.76999999999998,0.0,0.0,286.77,744.8475,
2023-09-26 13:00:00,8.7275,22.165,4.8975,7.505,12.4,9.1375,16.93,0.1825,132.53,0.11,,,,0.07500000000000001,0.03,37.1725,59.385,0.34500000000000003,189.7625,0.0,0.0,182.35250000000002,744.2225000000001,
2023-09-26 14:00:00,6.3825,22.567500000000003,4.82,7.3875,12.2075,9.21,16.6,0.1825,134.155,0.11,,,,0.07500000000000001,0.03,38.3425,56.11,0.235,179.29250000000002,0.0,0.0,204.7725,743.5975,
2023-09-26 15:00:00,6.3975,25.4925,4.985,7.645,12.629999999999999,9.2725,16.747500000000002,0.1825,132.4475,0.11,,,,0.07500000000000001,0.03,37.94,56.5125,0.215,167.735,0.0,0.0,140.875,743.1675,
2023-09-26 16:00:00,12.475,31.385,4.62,7.08,11.6975,9.1775,16.61,0.1725,126.3325,0.10500000000000001,,,,0.0675,0.0275,32.3975,75.3775,0.175,167.925,0.0,0.0,20.2225,742.8075,
2023-09-26 17:00:00,16.075,28.8025,4.4075,6.755,11.165,9.0875,16.72,0.1725,112.80333333333333,0.105,,,,0.07,0.0275,29.0075,89.19749999999999,0.09,116.8925,0.0,0.0,3.9274999999999998,742.825,
2023-09-26 18:00:00,10.125,23.2025,4.5525,6.9775,11.5275,9.1075,16.8575,0.18,102.19,0.1075,,,,0.07250000000000001,0.03,27.0875,96.1575,0.1125,162.9925,0.0225,0.0225,,743.165,
2023-09-26 19:00:00,22.1475,30.6175,4.5475,6.9675,11.5175,9.1375,16.5125,0.19,110.215,0.115,,,,0.0775,0.03,26.0275,98.525,0.1325,190.505,0.0075,0.0075,,743.715,
2023-09-26 20:00:00,18.549999999999997,36.589999999999996,4.65,7.1325,11.782499999999999,9.085,16.322499999999998,0.1975,151.765,0.12,,,,0.0825,0.03,25.6475,99.55,0.1125,170.935,0.0,0.0,,744.3575,
2023-09-26 21:00:00,14.64,34.775000000000006,4.945,7.575,12.522499999999999,9.18,16.794999999999998,0.22999999999999998,178.1966666666667,0.14250000000000002,,,,0.095,0.035,25.515,99.99,0.135,228.7125,0.0,0.0,,744.7875,
2023-09-26 22:00:00,31.085,54.8525,5.165,7.915,13.08,9.185,16.53,0.27749999999999997,159.54500000000002,0.1675,,,,0.1125,0.0425,25.4175,100.0,0.135,221.38,0.0,0.0,,744.7574999999999,
2023-09-26 23:00:00,38.065,59.36,5.2975,8.1225,13.42,9.2275,16.9825,0.3175,173.87,0.19,,,,0.1325,0.05,25.3475,100.0,0.14250000000000002,215.78750000000002,0.0,0.0,,744.7425000000001,
2023-09-27 00:00:00,41.5775,62.585,5.5225,8.465,13.9875,9.31,17.0675,0.3575,158.31,0.2125,,,,0.14500000000000002,0.057499999999999996,25.3575,100.0,0.13,219.0075,0.0,0.0,,744.6075,
2023-09-27 01:00:00,38.807500000000005,58.7475,5.734999999999999,8.79,14.52,9.285,17.415,0.395,163.11,0.235,,,,0.16,0.0625,25.23,100.0,0.14750000000000002,233.54,0.0,0.0,,744.3625,
2023-09-27 02:00:00,35.5175,62.94,5.675,8.7025,14.375,9.342500000000001,17.3325,0.43,167.655,0.26,,,,0.175,0.07,25.1125,100.0,0.1525,230.42499999999998,0.0,0.0,,744.215,
2023-09-27 03:00:00,37.3275,63.485,5.715,8.76,14.4725,9.325,16.93,0.45,173.49,0.27,,,,0.1825,0.07,25.0125,100.0,0.14750000000000002,223.3,0.0,0.0,,743.9525,
2023-09-27 04:00:00,34.8925,48.7475,5.68,8.71,14.39,9.355,17.3725,0.46,170.185,0.28250000000000003,,,,0.19,0.07250000000000001,24.915,100.0,0.09333333333333334,167.94,0.0,0.0,,744.035,
2023-09-27 05:00:00,27.9525,55.335,5.8675,8.9925,14.8575,9.3375,17.6725,0.47,175.89666666666668,0.28500000000000003,,,,0.19,0.0775,24.86,100.0,0.1,143.20499999999998,0.0,0.0,,744.3,
2023-09-27 06:00:00,32.135,48.56,5.8825,9.015,14.9,9.3575,16.89,0.485,187.13666666666668,0.28500000000000003,,,,0.195,0.08,25.08,100.0,0.0875,122.3125,0.0,0.0,6.9275,744.8175,
2023-09-27 07:00:00,34.9025,54.1825,5.9075,9.057500000000001,14.9725,9.3125,16.935000000000002,0.48,170.13333333333333,0.2875,,,,0.195,0.0775,26.7225,100.0,0.115,173.43,0.0,0.0,42.085,745.325,
2023-09-27 08:00:00,38.76,56.04,5.8,8.8925,14.6875,9.2225,17.415,0.4675,153.3025,0.28,,,,0.1925,0.07500000000000001,28.427500000000002,97.91,0.135,140.43,0.0,0.0,47.9675,745.695,
2023-09-27 09:00:00,40.057500000000005,81.46000000000001,4.8725000000000005,7.47,12.34,9.15,17.085,0.4175,144.3025,0.255,,,,0.17,0.0675,32.832499999999996,77.61,0.22,179.3125,0.0,0.0,196.3075,745.76,
2023-09-27 10:00:00,24.0925,62.15,4.8975,7.51,12.415,9.0975,16.875,0.4325,162.5325,0.26,,,,0.1725,0.07,35.405,68.6825,0.11250000000000002,138.95499999999998,0.0,0.0,152.66,745.575,
2023-09-27 11:00:00,31.310000000000002,61.69,4.8125,7.3825,12.195,9.27,16.9325,0.3875,143.6725,0.23249999999999998,,,,0.155,0.06,39.0225,54.41,0.36,207.1325,0.0,0.0,307.1625,745.025,
2023-09-27 12:00:00,15.11,39.135,5.12,7.8475,12.97,9.105,17.3525,0.35,132.605,0.2125,,,,0.14500000000000002,0.055,37.2775,60.004999999999995,0.3,158.6625,0.0,0.0,251.95499999999998,744.315,
2023-09-27 13:00:00,17.1025,39.94,4.905,7.52,12.425,9.2275,16.8575,0.3275,133.065,0.19,,,,0.1325,0.05,38.3,57.905,0.255,164.2125,0.0,0.0,193.895,743.645,
2023-09-27 14:00:00,20.0925,45.69,4.845,7.4225,12.2675,9.255,16.87,0.295,126.6725,0.1775,,,,0.12,0.05,35.5825,67.6125,0.25,178.88,0.0,0.0,101.495,743.115,
2023-09-27 15:00:00,23.96,44.839999999999996,4.755,7.285,12.0375,9.2375,16.6025,0.275,131.4175,0.165,,,,0.11,0.04,34.917500000000004,70.5575,0.18,159.5175,0.0,0.0,79.965,742.665,
2023-09-27 16:00:00,23.810000000000002,45.185,4.5125,6.9175,11.4275,9.1175,16.83,0.2575,135.73,0.1575,,,,0.1075,0.0425,32.182500000000005,79.60499999999999,0.1925,170.3575,0.0,0.0,38.692499999999995,742.34,
2023-09-27 17:00:00,26.115,58.2175,4.635,7.1025,11.7375,9.1025,16.9975,0.2525,114.77999999999999,0.15250000000000002,,,,0.105,0.0425,29.837500000000002,86.8375,0.1475,162.67,0.0,0.0,6.58,742.3225,
2023-09-27 18:00:00,26.490000000000002,65.9325,4.8475,7.43,12.2775,9.165,17.015,0.2625,91.875,0.15500000000000003,,,,0.1075,0.045,27.435,93.715,0.1275,174.4225,0.0,0.0,,742.5125,
2023-09-27 19:00:00,37.2025,64.7525,4.53,6.94,11.4675,9.0975,16.705,0.28,140.77333333333334,0.17250000000000001,,,,0.1175,0.045,26.4925,97.2075,0.1325,175.9325,0.0,0.0,,742.9375,
2023-09-27 20:00:00,45.5075,81.3825,4.785,7.335,12.120000000000001,9.1575,16.84,0.2975,141.39,0.18,,,,0.125,0.05,26.0175,98.395,0.1275,183.3925,0.0,0.0,,743.41,
2023-09-27 21:00:00,51.875,78.91499999999999,5.005,7.6725,12.68,9.265,16.697499999999998,0.31,164.68,0.1875,,,,0.125,0.05,25.785,99.2325,0.135,188.7125,0.0,0.0,,743.61,
2023-09-27 22:00:00,50.75,79.9575,5.0525,7.7475,12.8,9.2,16.805,0.3425,154.72,0.21,,,,0.1375,0.057499999999999996,25.6025,99.84,0.1625,229.2125,0.0,0.0,,743.51,
2023-09-27 23:00:00,54.365,84.91749999999999,6.157500000000001,9.4425,15.5975,9.23,17.1175,0.415,165.82,0.25,,,,0.17,0.0675,25.64,100.0,0.14500000000000002,222.6725,0.0,0.0,,743.4175,
2023-09-28 00:00:00,51.7025,89.535,6.145,9.4225,15.565,9.25,17.0825,0.46749999999999997,178.865,0.285,,,,0.19,0.0775,25.5675,100.0,0.1675,222.79,0.0,0.0,,743.49,
2023-09-28 01:00:00,52.565,80.54,6.18,9.4725,15.647499999999999,9.3575,17.432499999999997,0.5125,154.91000000000003,0.31,,,,0.205,0.08,25.41,100.0,0.195,257.0625,0.0,0.0,,743.4825000000001,
2023-09-28 02:00:00,46.7175,76.15,5.5625,8.525,14.085,9.2925,17.0675,0.5075000000000001,179.29000000000002,0.305,,,,0.20500000000000002,0.08,25.1025,100.0,0.1475,210.7825,0.0,0.0,,743.34,
2023-09-28 03:00:00,54.215,83.03999999999999,5.355,8.209999999999999,13.565,9.247499999999999,17.13,0.495,165.64,0.3,,,,0.2,0.08,24.895,100.0,0.18,241.07250000000002,0.0,0.0,,743.3875,
2023-09-28 04:00:00,53.2475,76.26,5.2125,7.99,13.2,9.3875,17.2,0.4875,168.945,0.2925,,,,0.1975,0.0775,24.785,100.0,0.11,150.435,0.0,0.0,,743.775,
2023-09-28 05:00:00,55.417500000000004,76.0,5.3175,8.1525,13.4675,9.295,17.4675,0.4775,169.14,0.2875,,,,0.1925,0.0775,24.715,100.0,0.0375,66.9425,0.0,0.0,,744.1775,
2023-09-28 06:00:00,52.6075,83.425,5.2425,8.04,13.285,9.31,17.1625,0.4725,167.92,0.2875,,,,0.1925,0.0775,25.0125,100.0,0.135,210.0525,0.0,0.0,9.195,744.54,
2023-09-28 07:00:00,53.175000000000004,83.60249999999999,5.095,7.8125,12.91,9.1775,17.605,0.45999999999999996,152.95,0.28,,,,0.1875,0.07500000000000001,26.695,100.0,0.135,192.7475,0.0,0.0,45.2975,744.975,
2023-09-28 08:00:00,63.615,91.315,4.7975,7.3575,12.157499999999999,9.254999999999999,17.14,0.4575,167.9875,0.275,,,,0.185,0.07500000000000001,28.8175,96.485,0.1325,144.63500000000002,0.0,0.0,62.33,745.35,
2023-09-28 09:00:00,76.7275,129.4975,4.475,6.86,11.3325,9.18,16.7075,0.4275,150.7825,0.255,,,,0.1725,0.0675,33.985,71.555,0.15750000000000003,115.925,0.0,0.0,216.2675,745.565,
2023-09-28 10:00:00,78.935,133.4075,4.975,7.63,12.6075,9.4125,18.5475,0.2425,63.4275,0.14750000000000002,,,,0.0975,0.04,38.03,56.5275,0.16,121.4575,0.0,0.0,293.65250000000003,745.5225,
2023-09-28 11:00:00,75.625,127.425,5.24,8.035,13.2725,9.4625,17.23,0.25,79.05250000000001,0.14750000000000002,,,,0.10250000000000001,0.04,38.5575,56.25,0.2,164.825,0.0,0.0,285.225,745.0375,
2023-09-28 12:00:00,67.015,122.475,5.2775,8.09,13.370000000000001,9.4225,16.11,0.245,61.52,0.1475,,,,0.0975,0.04,38.3,57.0175,0.1925,169.3175,0.0,0.0,173.1675,744.4425,
2023-09-28 13:00:00,63.615,119.69749999999999,5.175,7.93,13.1025,9.4,14.0825,0.22999999999999998,69.9425,0.14,,,,0.0975,0.0375,36.427499999999995,62.8725,0.1925,156.8925,0.0,0.0,138.57,743.7,
2023-09-28 14:00:00,66.49,109.9575,5.7250000000000005,8.7725,14.4975,9.407499999999999,15.7775,0.2275,98.435,0.14,,,,0.095,0.04,35.4825,68.6,0.18,179.305,0.0,0.0,118.985,743.0525,
2023-09-28 15:00:00,62.7425,103.91,4.98,7.637499999999999,12.620000000000001,9.1825,16.39,0.225,122.785,0.14,,,,0.0925,0.04,36.8925,61.665,0.2475,193.77,0.0,0.0,128.9625,742.5225,
2023-09-28 16:00:00,61.54,111.6075,4.2475000000000005,6.515,10.7625,9.120000000000001,15.9475,0.22,113.53999999999999,0.135,,,,0.0925,0.035,32.5025,76.0,0.20500000000000002,164.255,0.0,0.0,32.465,742.0875,
2023-09-28 17:00:00,58.222500000000004,106.3075,4.3425,6.6525,10.995000000000001,9.19,16.5225,0.2275,114.7875,0.1375,,,,0.095,0.0375,28.86,86.365,0.15000000000000002,121.33000000000001,0.0,0.0,7.18,742.05,
2023-09-28 18:00:00,51.1575,107.74,4.5024999999999995,6.9025,11.405000000000001,9.195,16.5725,0.2375,123.69749999999999,0.14500000000000002,,,,0.0975,0.04,26.6725,91.825,0.1375,155.0625,0.0,0.0,,742.225,
2023-09-28 19:00:00,48.1025,100.2775,4.6,7.0475,11.6475,9.1175,16.26,0.2575,138.0925,0.1575,,,,0.10500000000000001,0.04,25.555,94.715,0.0975,138.7075,0.0,0.0,,742.655,
2023-09-28 20:00:00,49.9275,108.29249999999999,4.6525,7.1325,11.780000000000001,9.237499999999999,15.8225,0.2925,170.315,0.175,,,,0.12,0.0475,24.89,95.6275,0.0775,110.44749999999999,0.0,0.0,,743.2125,
2023-09-28 21:00:00,57.425000000000004,123.065,4.885,7.49,12.377500000000001,9.235,16.509999999999998,0.31,132.35000000000002,0.1925,,,,0.13,0.05,24.525,97.2675,0.053333333333333344,77.99666666666667,0.0,0.0,,743.38,
2023-09-28 22:00:00,49.599999999999994,111.2575,5.15,7.89,13.0425,9.2375,15.9875,0.34750000000000003,135.335,0.20750000000000002,,,,0.14250000000000002,0.055,24.255,98.405,0.115,184.9,0.0,0.0,,743.565,
2023-09-28 23:00:00,54.2175,121.7925,5.0725,7.7775,12.8525,9.3375,16.48,0.37,171.08999999999997,0.2225,,,,0.15,0.06,23.9875,98.7225,0.1625,208.0225,0.0,0.0,,743.635,
2023-09-29 00:00:00,61.535,124.0325,5.3500000000000005,8.2,13.5525,9.3925,17.0025,0.3875,183.37,0.23,,,,0.16,0.06,23.81,99.08500000000001,0.1775,232.5475,0.0,0.0,,743.635,
2023-09-29 01:00:00,59.9675,111.4675,5.32,8.1575,13.48,9.3575,15.8125,0.395,162.65333333333334,0.2375,,,,0.16,0.06,23.705,99.6,0.1575,223.7825,0.0,0.0,,743.4300000000001,
2023-09-29 02:00:00,64.0475,111.965,5.21,7.98,13.1875,9.295,16.22,0.39,159.77666666666667,0.2375,,,,0.16,0.0625,23.665,99.9875,0.11000000000000001,171.1875,0.0,0.0,,743.1825,
2023-09-29 03:00:00,59.667500000000004,108.0475,5.245,8.0425,13.2825,9.35,16.91,0.395,174.32666666666668,0.2375,,,,0.1625,0.06,23.57,100.0,0.18,234.5275,0.0,0.0,,743.1324999999999,
2023-09-29 04:00:00,63.3575,107.0325,5.305,8.135,13.44,9.305,17.5125,0.395,168.29000000000002,0.2375,,,,0.16,0.06,23.4675,100.0,0.1625,228.13,0.0,0.0,,743.345,
2023-09-29 05:00:00,72.1775,108.2525,5.25,8.0475,13.2975,9.345,17.255000000000003,0.395,165.075,0.235,,,,0.1575,0.06,23.372500000000002,100.0,0.155,225.79,0.0,0.0,,743.5450000000001,
2023-09-29 06:00:00,67.10000000000001,101.935,5.0875,7.8025,12.8975,9.23,16.0925,0.395,166.9,0.235,,,,0.16,0.06,23.64,100.0,0.135,190.46249999999998,0.0,0.0,7.9075,743.9325,
2023-09-29 07:00:00,75.4825,107.67750000000001,4.8425,7.422499999999999,12.2675,9.29,16.48,0.4125,157.12333333333333,0.25,,,,0.1675,0.0675,25.3925,100.0,0.13,162.885,0.0,0.0,48.8575,744.51,
2023-09-29 08:00:00,78.5975,126.9925,5.1825,7.9425,13.13,9.280000000000001,17.1675,0.4425,151.9075,0.265,,,,0.1775,0.07,28.2325,94.8075,0.10250000000000001,109.815,0.0,0.0,48.58,744.885,
2023-09-29 09:00:00,83.61749999999999,162.8,4.325,6.63,10.9575,9.18,16.5675,0.415,143.01999999999998,0.25,,,,0.1675,0.0675,34.2375,68.925,0.1825,153.96,0.0,0.0,219.4225,745.255,
2023-09-29 10:00:00,72.71,146.7425,4.5175,6.9275,11.4425,9.1425,16.925,0.3525,108.1875,0.2075,,,,0.1375,0.055,38.415,53.675,0.18000000000000002,140.025,0.0,0.0,301.355,745.2975,
2023-09-29 11:00:00,56.292500000000004,138.1925,4.68,7.1725,11.8575,9.2325,19.095,0.21,42.582499999999996,0.13,,,,0.08499999999999999,0.0325,39.05,49.9775,0.27999999999999997,174.8475,0.0,0.0,292.4275,744.9175,
2023-09-29 12:00:00,58.785,133.9475,4.8625,7.4525,12.317499999999999,9.2775,20.575000000000003,0.1875,37.595,0.11,,,,0.08,0.03,39.5675,47.405,0.33,189.4975,0.0,0.0,280.73,744.2625,
2023-09-29 13:00:00,49.065,131.485,4.5200000000000005,6.9325,11.4575,9.1125,21.395,0.16749999999999998,36.08,0.10250000000000001,,,,0.0675,0.0275,39.97,48.2775,0.26,151.7575,0.0,0.0,231.17000000000002,743.7025,
2023-09-29 14:00:00,53.2325,117.32249999999999,4.2225,6.4675,10.690000000000001,9.1725,21.14,0.1525,34.84,0.09,,,,0.065,0.02,38.565,52.29,0.2,165.58,0.0,0.0,152.29500000000002,742.865,
2023-09-29 15:00:00,47.4225,110.725,4.335,6.65,10.9825,9.094999999999999,20.07,0.1375,32.7875,0.08,,,,0.057499999999999996,0.02,37.7125,56.525,0.1625,169.0,0.0,0.0,118.495,742.1475,
2023-09-29 16:00:00,45.2725,102.9775,3.6625,5.6125,9.27,9.1125,19.3325,0.1275,31.28,0.08,,,,0.052500000000000005,0.02,32.18,74.6675,0.1575,155.3125,0.0,0.0,31.5325,742.0575,
2023-09-29 17:00:00,46.165000000000006,95.95,4.0725,6.245,10.315,9.185,15.3625,0.125,53.980000000000004,0.0775,,,,0.052500000000000005,0.02,28.869999999999997,87.7175,0.10666666666666667,131.66666666666666,0.0,0.0,6.0125,742.1525,
2023-09-29 18:00:00,52.7575,94.5425,4.4375,6.8,11.2375,8.985,10.969999999999999,0.1525,78.11749999999999,0.09,,,,0.0625,0.0225,26.89,94.455,0.07250000000000001,112.235,0.0,0.0,,742.315,
2023-09-29 19:00:00,55.1225,92.66749999999999,4.595,7.045,11.6375,8.985,8.352500000000001,0.2,82.1275,0.125,,,,0.0825,0.0325,26.0325,96.7175,0.12,163.07,0.0,0.0,,742.875,
2023-09-29 20:00:00,54.525,104.075,4.265,6.5375,10.8,9.025,6.8950000000000005,0.2475,74.515,0.15000000000000002,,,,0.10250000000000001,0.04,25.634999999999998,97.5275,0.125,170.52,0.0,0.0,,743.61,
2023-09-29 21:00:00,58.647499999999994,116.265,4.25,6.5125,10.765,8.9825,6.805,0.27749999999999997,72.875,0.1675,,,,0.11499999999999999,0.045,25.2875,97.4675,0.1175,175.8725,0.0,0.0,,743.8325,
2023-09-29 22:00:00,63.14,115.4475,3.9475,6.05,9.997499999999999,9.07,6.825,0.28500000000000003,76.65666666666667,0.17,,,,0.1125,0.045,24.9625,96.5125,0.1075,147.7425,0.0,0.0,,744.0275,
2023-09-29 23:00:00,59.7325,107.8775,3.4075,5.2225,8.63,8.9525,7.2425,0.29,,0.17,,,,0.12,0.05,24.557499999999997,96.25,0.1,146.6825,0.0,0.0,,744.2425,
2023-09-30 00:00:00,59.0225,112.1325,3.33,5.1075,8.4375,8.945,7.1674999999999995,0.29,,0.17,,,,0.12,0.05,24.42,97.355,0.0975,160.66500000000002,0.0,0.0,,744.1324999999999,
2023-09-30 01:00:00,55.722500000000004,103.525,3.3475,5.135,8.485,8.8575,7.215,0.29,,0.17,,,,0.12,0.05,24.39,98.8625,0.1,139.70749999999998,0.0,0.0,,743.6775,
2023-09-30 02:00:00,53.7675,102.525,3.285,5.04,8.3275,8.8575,7.165,0.29,,0.17,,,,0.12,0.05,24.1225,99.28999999999999,0.16,202.55,0.0,0.0,,743.19,
2023-09-30 03:00:00,54.76,102.3075,3.2350000000000003,4.9575,8.195,8.985,7.0875,0.2925,,0.17250000000000001,,,,0.12,0.05,23.8575,99.78999999999999,0.14,197.925,0.0,0.0,,742.8825,
2023-09-30 04:00:00,60.7775,104.035,3.2475,4.98,8.23,9.055,7.19,0.2925,,0.17250000000000001,,,,0.12,0.05,23.65,99.9975,0.1575,212.8725,0.0,0.0,,742.815,
2023-09-30 05:00:00,56.852500000000006,86.16499999999999,3.29,5.047499999999999,8.34,8.932500000000001,7.3125,0.29,,0.17250000000000001,,,,0.12,0.05,23.490000000000002,100.0,0.1475,214.5875,0.0,0.0,,742.98,
2023-09-30 06:00:00,59.207499999999996,84.535,3.1675,4.855,8.025,9.0025,7.202500000000001,0.29,,0.17,,,,0.12,0.05,23.565,100.0,0.1375,201.7175,0.0,0.0,10.213333333333333,743.4575,
2023-09-30 07:00:00,52.55,99.64,3.1125,4.775,7.8925,8.9225,7.34,0.2925,,0.17250000000000001,,,,0.12,0.05,25.64,99.4425,0.15,192.665,0.0,0.0,52.25,744.0125,
2023-09-30 08:00:00,50.7575,94.0275,3.5725,5.48,9.055,8.965,7.105,0.295,,0.175,,,,0.12,0.05,28.565,85.6625,0.175,181.74,0.0,0.0,48.85,744.39,
2023-09-30 09:00:00,51.5675,118.775,4.08,6.26,10.3375,9.135,7.495,0.2925,,0.17250000000000001,,,,0.12,0.05,34.035000000000004,66.585,0.1675,130.555,0.0,0.0,213.8675,744.6700000000001,
2023-09-30 10:00:00,63.9425,128.47500000000002,3.9675000000000002,6.08,10.0475,9.2375,8.94,0.27749999999999997,52.165,0.165,,,,0.1125,0.045,37.6075,54.010000000000005,0.3225,172.9625,0.0,0.0,298.385,744.7225000000001,
2023-09-30 11:00:00,75.58500000000001,145.0975,4.905,7.5175,12.425,9.41,18.41,0.2825,113.92249999999999,0.1675,,,,0.11499999999999999,0.045,38.432500000000005,49.2025,0.3075,194.87,0.0,0.0,299.015,744.4925,
2023-09-30 12:00:00,62.402499999999996,128.0525,5.5200000000000005,8.4575,13.975,9.5075,24.302500000000002,0.3075,115.515,0.19,,,,0.1275,0.05,39.1025,44.275,0.3875,173.2525,0.0,0.0,279.675,743.79,
2023-09-30 13:00:00,38.565,104.25750000000001,5.1375,7.8775,13.02,9.3975,23.1675,0.2575,101.64750000000001,0.1525,,,,0.10250000000000001,0.04,39.792500000000004,43.0725,0.405,233.39,0.0,0.0,238.22500000000002,742.98,
2023-09-30 14:00:00,35.5775,109.765,4.9375,7.5675,12.51,9.4575,21.3725,0.25,135.1025,0.15,,,,0.1,0.04,39.1275,45.2625,0.3725,202.09,0.0,0.0,184.2275,742.1825,
2023-09-30 15:00:00,38.102500000000006,109.615,4.82,7.3875,12.209999999999999,9.2875,20.4,0.2525,129.1925,0.15,,,,0.1,0.04,37.4075,52.885000000000005,0.265,172.285,0.0,0.0,125.6575,741.7049999999999,
2023-09-30 16:00:00,49.7725,113.7475,4.205,6.45,10.655000000000001,9.2575,19.975,0.2525,128.85750000000002,0.1525,,,,0.10250000000000001,0.04,31.7,71.115,0.195,152.805,0.0,0.0,31.275,741.7475000000001,
2023-09-30 17:00:00,50.0075,113.70750000000001,4.47,6.8525,11.3225,9.24,19.9675,0.255,134.1975,0.155,,,,0.10500000000000001,0.04,28.3325,80.66,0.125,155.1,0.0,0.0,8.93,742.0825,
2023-09-30 18:00:00,48.457499999999996,112.4475,4.54,6.96,11.5025,9.22,20.1675,0.2525,134.795,0.1525,,,,0.10500000000000001,0.04,25.872500000000002,87.18,0.06,95.71000000000001,0.0,0.0,,742.4275,
2023-09-30 19:00:00,54.089999999999996,112.3025,4.7125,7.225,11.94,9.325,20.1525,0.255,134.9325,0.155,,,,0.10500000000000001,0.04,24.795,91.60249999999999,0.06,102.805,0.0,0.0,,742.8525,
2023-09-30 20:00:00,55.5525,109.5025,4.5075,6.9125,11.4175,9.365,19.8275,0.2725,139.365,0.1675,,,,0.1125,0.0425,24.4425,92.8275,0.065,113.6075,0.0,0.0,,743.5124999999999,
2023-09-30 21:00:00,60.035000000000004,119.91,5.0175,7.6850000000000005,12.7025,9.370000000000001,19.9325,0.2975,141.8975,0.1775,,,,0.12,0.0475,24.9925,93.8175,0.29500000000000004,186.4975,0.0,0.0,,743.6825,
2023-09-30 22:00:00,58.7525,118.95,4.465,6.845,11.307500000000001,9.315,20.265,0.295,134.04,0.175,,,,0.12,0.05,25.8175,93.725,0.11,115.28,0.0,0.0,,743.8025,
2023-09-30 23:00:00,39.2225,74.1575,4.4225,6.78,11.1975,9.3325,20.122500000000002,0.265,121.0025,0.16,,,,0.11,0.0425,25.265,95.0725,0.195,121.97,0.0,0.0,,743.85,
2023-10-01 00:00:00,18.634999999999998,53.5025,4.49,6.88,11.370000000000001,9.39,19.75,0.2475,115.555,0.14500000000000002,,,,0.1,0.04,25.0925,94.905,0.14500000000000002,148.10999999999999,0.0,0.0,,743.765,
2023-10-01 01:00:00,10.86,36.5025,4.495,6.89,11.3825,9.342500000000001,19.36,0.23249999999999998,114.89,0.14,,,,0.0925,0.04,25.0525,96.775,0.165,202.265,0.0,0.0,,743.4375,
2023-10-01 02:00:00,16.5775,31.9475,4.38,6.7125,11.0925,9.3875,19.65,0.21,116.8625,0.125,,,,0.08499999999999999,0.035,24.9925,97.765,0.1625,134.5575,0.0,0.0,,743.1,
2023-10-01 03:00:00,15.932500000000001,30.45,4.5425,6.9624999999999995,11.502500000000001,9.405,20.567500000000003,0.1925,110.3175,0.1125,,,,0.0775,0.0325,24.7625,97.59,0.20500000000000002,132.0575,0.0,0.0,,742.875,
2023-10-01 04:00:00,7.2225,21.8175,4.6325,7.1,11.735,9.3525,20.51,0.1775,108.39,0.11,,,,0.07500000000000001,0.03,24.4625,97.08,0.135,189.66750000000002,0.0075,0.0075,,742.8925,
2023-10-01 05:00:00,5.0675,25.4525,4.715,7.225,11.942499999999999,9.3225,19.685000000000002,0.1775,108.72,0.11,,,,0.07250000000000001,0.03,23.7875,98.97749999999999,0.1625,218.08249999999998,0.0125,0.0125,,743.1324999999999,
2023-10-01 06:00:00,5.675,27.7225,4.595,7.0425,11.6375,9.317499999999999,20.7,0.16,104.3475,0.095,,,,0.0625,0.0275,23.88,99.92,0.16749999999999998,183.0,0.0,0.0,12.67,743.4825000000001,
2023-10-01 07:00:00,9.459999999999999,23.8475,4.4725,6.85,11.32,9.379999999999999,20.15,0.14500000000000002,105.58250000000001,0.0875,,,,0.065,0.0225,26.4375,92.325,0.1675,154.32,0.0,0.0,56.365,743.9300000000001,
2023-10-01 08:00:00,11.7225,33.9225,4.2575,6.5275,10.787500000000001,9.33,19.3175,0.15,107.37,0.0875,,,,0.0625,0.0225,28.1875,83.0575,0.28,192.51,0.0,0.0,41.182500000000005,744.17,
2023-10-01 09:00:00,9.2925,36.615,4.1775,6.4075,10.5825,9.2425,18.9525,0.15,106.035,0.09,,,,0.06,0.02,32.7675,69.29,0.38,217.58,0.0,0.0,218.765,744.3050000000001,
2023-10-01 10:00:00,8.0425,37.665000000000006,3.8,5.825,9.620000000000001,9.2575,19.2125,0.15,102.02000000000001,0.09,,,,0.0625,0.0225,37.4925,54.4475,0.335,201.6825,0.0,0.0,325.565,744.1,
2023-10-01 11:00:00,12.725,36.832499999999996,4.16,6.3774999999999995,10.535,9.29,19.9125,0.1575,96.4825,0.0925,,,,0.065,0.025,38.6625,50.6575,0.3875,191.69,0.0025,0.0025,319.58,743.7875,
2023-10-01 12:00:00,11.647499999999999,38.3425,4.03,6.175,10.205,9.3525,19.552500000000002,0.15,89.3425,0.09,,,,0.0625,0.0225,39.7,48.0075,0.33499999999999996,197.1225,0.0075,0.0075,293.8375,743.1525,
2023-10-01 13:00:00,8.61,29.24,4.07,6.2375,10.3025,9.307500000000001,19.015,0.14,79.98,0.08499999999999999,,,,0.06,0.02,40.3275,46.620000000000005,0.315,190.8225,0.0,0.0,250.0,742.405,
2023-10-01 14:00:00,7.825,33.5275,4.155,6.3675,10.52,9.34,18.915,0.14250000000000002,74.8825,0.0825,,,,0.0625,0.02,39.8425,49.8025,0.185,143.095,0.0,0.0,154.185,741.7950000000001,
2023-10-01 15:00:00,11.85,37.9425,3.9775,6.0975,10.07,9.21,18.38,0.1325,72.35,0.08499999999999999,,,,0.057499999999999996,0.02,38.1125,57.57,0.1775,174.495,0.0,0.0,111.9625,741.405,
2023-10-01 16:00:00,10.1675,32.1225,3.8475,5.8975,9.7425,9.2025,18.98,0.13,73.995,0.08,,,,0.055,0.02,33.045,73.4725,0.0925,107.4725,0.0,0.0,22.8,741.305,
2023-10-01 17:00:00,12.9925,41.735,3.585,5.495,9.0775,9.252500000000001,18.557499999999997,0.1225,78.1425,0.07500000000000001,,,,0.05,0.02,29.26,87.9,0.1075,102.5,0.0,0.0,3.4633333333333334,741.3125,
2023-10-01 18:00:00,11.557500000000001,33.2275,3.5525,5.45,9.004999999999999,9.1625,19.595,0.14250000000000002,80.8,0.0875,,,,0.06,0.025,27.36,93.4225,0.0875,148.5725,0.0,0.0,,741.6825,
2023-10-01 19:00:00,10.0525,28.56,3.72,5.7025,9.4175,9.2325,19.9,0.15,80.1625,0.0925,,,,0.065,0.025,26.4525,96.345,0.10250000000000001,165.1225,0.0,0.0,,742.1125,
2023-10-01 20:00:00,14.725,34.185,4.0425,6.2,10.24,9.23,20.232499999999998,0.165,77.1225,0.10250000000000001,,,,0.07,0.03,26.0575,97.86,0.10500000000000001,190.58249999999998,0.0,0.0,,742.5575,
2023-10-01 21:00:00,17.792499999999997,49.4425,3.8975,5.9725,9.864999999999998,9.3375,20.1075,0.1825,77.44,0.1075,,,,0.0775,0.03,25.8175,98.7375,0.10500000000000001,175.3225,0.0,0.0,,742.9875,
2023-10-01 22:00:00,24.7475,46.4325,3.7800000000000002,5.795,9.575,9.3675,19.6725,0.1975,77.0275,0.12,,,,0.0825,0.03,25.8925,99.4225,0.11,182.56,0.0,0.0,,743.04,
2023-10-01 23:00:00,22.2025,52.1825,2.7725,4.25,7.0175,9.4225,19.8275,0.23249999999999998,55.6475,0.14250000000000002,,,,0.095,0.04,26.3325,99.7425,0.07333333333333333,127.71666666666665,0.0,0.0,,743.015,
2023-10-02 00:00:00,27.21,57.6075,1.8325,2.81,4.640000000000001,9.47,19.805,0.26,6.83,0.1575,,,,0.1075,0.04,26.285,99.6425,0.1625,231.3275,0.0,0.0,,742.84,
2023-10-02 01:00:00,34.2475,56.065,1.71,2.62,4.3275,9.48,19.6325,0.2725,,0.1675,,,,0.11,0.04,26.0275,99.535,0.1625,231.1675,0.0,0.0,,742.505,
2023-10-02 02:00:00,30.3525,56.097500000000004,1.665,2.5524999999999998,4.22,9.6775,19.535,0.2775,,0.165,,,,0.1125,0.0425,25.8675,99.57000000000001,0.14250000000000002,210.45749999999998,0.0,0.0,,742.3075,
2023-10-02 03:00:00,18.05,48.0975,1.665,2.5549999999999997,4.22,9.459999999999999,19.4525,0.27,,0.1625,,,,0.1125,0.04,25.822499999999998,99.875,0.14250000000000002,202.76,0.0,0.0,,742.21,
2023-10-02 04:00:00,24.9275,39.7975,1.7974999999999999,2.755,4.557499999999999,9.3025,19.6025,0.2775,,0.165,,,,0.11,0.04,25.869999999999997,100.0,0.1625,258.025,0.0,0.0,,742.3075,
2023-10-02 05:00:00,22.307499999999997,33.9075,1.715,2.625,4.3374999999999995,9.1975,19.72,0.2725,,0.165,,,,0.11,0.04,26.0625,100.0,0.1375,221.3425,0.0,0.0,,742.6075,
2023-10-02 06:00:00,28.95,45.7525,1.7650000000000001,2.71,4.470000000000001,8.955,19.765,0.275,,0.1675,,,,0.11,0.04,26.365,100.0,0.1125,184.4275,0.0,0.0,4.096666666666667,742.9775,
2023-10-02 07:00:00,27.175,52.8525,1.7475,2.6775,4.422499999999999,8.9475,19.645,0.27,,0.1625,,,,0.1075,0.0425,27.13,100.0,0.0925,151.755,0.0,0.0,24.6675,743.725,
2023-10-02 08:00:00,25.5575,45.5775,1.6575,2.54,4.1925,8.969999999999999,19.3425,0.27,,0.165,,,,0.1075,0.04,30.4875,89.83500000000001,0.1625,155.685,0.0,0.0,71.12,744.405,
2023-10-02 09:00:00,37.94,66.225,1.7125,2.6225,4.3375,9.3375,19.4225,0.27,,0.165,,,,0.11,0.04,31.835,81.33,0.2875,155.9525,0.0,0.0,72.2575,744.995,
2023-10-02 10:00:00,42.5475,73.2675,1.78,2.73,4.5075,9.412500000000001,19.9375,0.2525,,0.15,,,,0.10250000000000001,0.04,33.92,72.9175,0.3025,173.655,0.0,0.0,144.4275,745.015,
2023-10-02 11:00:00,30.839999999999996,57.397499999999994,1.85,2.8375,4.6899999999999995,9.5025,18.955,0.235,,0.14250000000000002,,,,0.0925,0.04,32.7525,74.7325,0.275,204.165,0.0,0.0,87.62,744.6725,
2023-10-02 12:00:00,23.7475,47.64,1.65,2.5275,4.18,9.442499999999999,19.447499999999998,0.21500000000000002,,0.13,,,,0.08499999999999999,0.035,32.629999999999995,74.8775,0.25,196.8125,0.0,0.0,109.7,743.9525,
2023-10-02 13:00:00,12.41,31.002499999999998,1.795,2.7525,4.5425,9.31,18.4775,0.1975,,0.12,,,,0.0825,0.03,36.1075,62.8975,0.29000000000000004,183.4225,0.0,0.0,179.84750000000003,743.2,
2023-10-02 14:00:00,8.1425,37.44,1.69,2.59,4.28,9.22,18.405,0.1875,,0.11499999999999999,,,,0.08,0.03,34.9525,64.995,0.21250000000000002,195.78,0.0,0.0,106.4725,742.9975,
2023-10-02 15:00:00,7.615,24.875,1.72,2.6325,4.3525,9.33,18.4775,0.16749999999999998,,0.1,,,,0.07,0.025,32.655,72.0025,0.495,241.78750000000002,0.0,0.0,57.145,743.1075,
2023-10-02 16:00:00,8.3725,41.66,1.5025,2.3025,3.8049999999999997,9.2075,19.285,0.14500000000000002,,0.09,,,,0.06,0.0225,27.630000000000003,84.7225,0.47,236.1725,0.0,0.0,11.655,743.38,
2023-10-02 17:00:00,8.785,31.5,1.5725,2.4125,3.9875,9.24,19.9925,0.15,,0.09,,,,0.0625,0.0225,26.377499999999998,90.75,0.2575,197.155,0.025,0.025,3.145,743.275,
2023-10-02 18:00:00,10.149999999999999,32.5475,1.73,2.6550000000000002,4.3875,9.212499999999999,20.0125,0.14750000000000002,,0.09,,,,0.06,0.02,25.46,96.695,0.17250000000000001,162.1575,0.005,0.005,,743.46,
2023-10-02 19:00:00,14.7325,28.7425,1.715,2.635,4.35,9.219999999999999,20.1175,0.15,,0.0875,,,,0.06,0.02,24.9025,98.8025,0.19,157.75,0.0,0.0,,743.6925,
2023-10-02 20:00:00,10.0775,34.0975,1.6949999999999998,2.595,4.29,8.9875,19.65,0.1525,,0.0925,,,,0.0675,0.0275,25.0125,99.8125,0.1875,192.7575,0.0,0.0,,744.1425,
2023-10-02 21:00:00,18.4825,34.8775,1.65,2.53,4.1825,8.9575,19.42,0.1625,,0.0975,,,,0.0675,0.0275,25.1025,100.0,0.1725,189.9425,0.0,0.0,,744.26,
2023-10-02 22:00:00,13.399999999999999,35.3825,1.7974999999999999,2.7600000000000002,4.5575,9.015,19.3725,0.1725,,0.10500000000000001,,,,0.0675,0.03,25.0525,100.0,0.18,212.11,0.0,0.0,,744.295,
2023-10-02 23:00:00,16.7675,37.5225,1.7325,2.655,4.3825,9.022499999999999,19.18,0.18,,0.11,,,,0.07,0.03,25.2225,100.0,0.1275,162.265,0.0,0.0,,744.3725,
2023-10-03 00:00:00,14.3925,36.25,1.6975,2.605,4.2975,9.085,19.1075,0.19,,0.11,,,,0.08,0.03,25.24,100.0,0.1675,213.7775,0.0,0.0,,744.13,
2023-10-03 01:00:00,15.7475,34.6575,1.8225,2.795,4.615,8.92,20.2975,0.1875,,0.1125,,,,0.08,0.03,25.2775,100.0,0.1125,165.0675,0.0,0.0,,743.765,
2023-10-03 02:00:00,12.135,25.15,1.74,2.67,4.41,8.9,20.072499999999998,0.1925,,0.1125,,,,0.08,0.03,25.1825,100.0,0.165,231.59,0.0,0.0,,743.4549999999999,
2023-10-03 03:00:00,16.05,28.85,1.6175,2.4775,4.095000000000001,8.9325,19.695,0.185,,0.11,,,,0.0775,0.03,25.045,100.0,0.115,165.265,0.0,0.0,,743.2175,
2023-10-03 04:00:00,8.775,22.634999999999998,1.665,2.5525,4.22,8.86,19.634999999999998,0.18,,0.1075,,,,0.07250000000000001,0.03,25.07,100.0,0.20500000000000002,209.465,0.0,0.0,,743.2825,
2023-10-03 05:00:00,9.752500000000001,31.175,1.7025,2.61,4.31,8.8125,19.295,0.18,,0.1075,,,,0.07500000000000001,0.03,25.002499999999998,100.0,0.1125,146.0575,0.0,0.0,,743.6475,
2023-10-03 06:00:00,9.8,29.86,1.67,2.56,4.23,8.785,19.169999999999998,0.18,,0.11,,,,0.07,0.03,25.1725,100.0,0.1675,194.6025,0.0,0.0,7.590000000000001,744.025,
2023-10-03 07:00:00,15.489999999999998,27.39,1.785,2.735,4.5175,8.705,20.085,0.1775,,0.10500000000000001,,,,0.07500000000000001,0.03,26.3525,100.0,0.15,157.9025,0.0,0.0,24.79,744.5699999999999,
2023-10-03 08:00:00,21.002499999999998,35.400000000000006,1.775,2.7225,4.4975,8.7925,20.445,0.195,,0.11499999999999999,,,,0.08,0.03,28.175,94.5225,0.15,167.295,0.0,0.0,45.825,745.3075,
2023-10-03 09:00:00,21.875,45.6325,1.6524999999999999,2.5275,4.18,8.86,20.1025,0.1925,,0.1125,,,,0.08,0.03,30.365000000000002,83.66499999999999,0.2575,203.83,0.0,0.0,92.3375,745.74,
2023-10-03 10:00:00,22.285,38.96,1.8,2.76,4.5575,9.2025,20.192500000000003,0.175,,0.10250000000000001,,,,0.07250000000000001,0.0275,33.31,72.3025,0.43,236.59500000000003,0.0,0.0,200.8,745.6475,
2023-10-03 11:00:00,18.057499999999997,37.927499999999995,1.7025,2.6100000000000003,4.3149999999999995,9.2175,17.595,0.1125,,0.07,,,,0.05,0.02,35.0975,67.1175,0.2575,161.59,0.0,0.0,190.485,745.1775,
2023-10-03 12:00:00,20.335,51.55,1.8025,2.7625,4.57,9.2375,12.705,0.15000000000000002,,0.0875,,,,0.0625,0.0225,36.05,62.5975,0.335,204.8925,0.0,0.0,156.41750000000002,744.315,
2023-10-03 13:00:00,31.83,55.754999999999995,1.67,2.5625,4.2275,9.29,11.24,0.15000000000000002,,0.0875,,,,0.065,0.025,34.7975,65.125,0.1775,160.6825,0.0,0.0,112.26,743.28,
2023-10-03 14:00:00,14.805,49.1925,1.74,2.66,4.3975,9.2075,12.0775,0.1375,,0.08,,,,0.055,0.02,34.7775,66.515,0.1575,135.63,0.0,0.0,108.44,742.6075000000001,
2023-10-03 15:00:00,35.8575,46.105000000000004,1.79,2.745,4.53,9.1725,12.47,0.1175,,0.07,,,,0.05,0.02,32.21,76.9525,0.18333333333333335,153.25333333333333,0.0,0.0,42.735,742.585,
2023-10-03 16:00:00,26.275,66.8775,1.8,2.755,4.555,9.2625,12.465,0.125,,0.0775,,,,0.055,0.02,30.59,79.725,0.27249999999999996,168.84,0.0,0.0,51.7325,742.7524999999999,
2023-10-03 17:00:00,26.4775,56.144999999999996,1.9325,2.965,4.895,9.245,14.0775,0.13,,0.0775,,,,0.055,0.02,29.145,83.985,0.1675,183.6325,0.0,0.0,8.8675,742.9399999999999,
2023-10-03 18:00:00,27.8975,49.79,1.8725,2.87,4.7375,9.0125,18.98,0.11,,0.0675,,,,0.0475,0.02,26.6075,94.055,0.1175,164.1825,0.0,0.0,,743.3824999999999,
2023-10-03 19:00:00,19.6675,47.43,1.78,2.7275,4.5075,9.005,20.4725,0.11499999999999999,,0.07,,,,0.0475,0.02,26.03,97.8525,0.125,150.4275,0.0,0.0,,744.0225,
2023-10-03 20:00:00,12.59,30.3975,1.7475,2.6775,4.422499999999999,9.024999999999999,21.535,0.11499999999999999,,0.07500000000000001,,,,0.05,0.02,25.615,99.335,0.165,155.51999999999998,0.0,0.0,,744.5075,
2023-10-03 21:00:00,16.0725,31.3025,1.6675,2.5575,4.23,8.932500000000001,21.2725,0.1275,,0.08,,,,0.055,0.02,25.4675,99.995,0.14750000000000002,183.445,0.0,0.0,,744.61,
2023-10-03 22:00:00,18.427500000000002,38.245,2.0225,3.105,5.1274999999999995,8.9775,20.2025,0.14250000000000002,,0.0825,,,,0.06,0.02,25.285,100.0,0.1125,137.59,0.0,0.0,,744.4449999999999,
2023-10-03 23:00:00,20.8425,36.485,1.88,2.885,4.7625,8.975000000000001,21.83,0.1525,,0.0925,,,,0.0625,0.0225,25.3825,100.0,0.1225,159.55,0.0,0.0,,744.4625,
2023-10-04 00:00:00,20.93,38.8975,1.7875,2.7375,4.52,8.885,20.8375,0.15,,0.0925,,,,0.0625,0.0225,25.715,100.0,0.18250000000000002,200.54,0.0,0.0,,744.4225,
2023-10-04 01:00:00,10.9025,38.75,1.7475,2.6775,4.4225,8.9375,20.295,0.15,,0.09,,,,0.0625,0.025,25.795,100.0,0.165,188.815,0.0,0.0,,743.9825,
2023-10-04 02:00:00,14.4925,25.105,1.8525,2.835,4.6899999999999995,8.79,19.982499999999998,0.1475,,0.09,,,,0.06,0.0225,25.5475,100.0,0.10750000000000001,163.1775,0.0,0.0,,743.765,
2023-10-04 03:00:00,10.204999999999998,21.515,1.6400000000000001,2.515,4.154999999999999,8.95,20.3325,0.1475,,0.0875,,,,0.0625,0.02,25.085,100.0,0.165,230.98,0.0,0.0,,743.42,
2023-10-04 04:00:00,6.54,29.5875,1.6925,2.5975,4.29,8.825,20.1575,0.13,,0.08,,,,0.057499999999999996,0.02,25.245,100.0,0.16,198.6975,0.0,0.0,,743.4449999999999,
2023-10-04 05:00:00,3.8449999999999998,27.16,1.78,2.73,4.5075,8.96,21.375,0.135,,0.08,,,,0.057499999999999996,0.02,24.7725,100.0,0.0575,88.9,0.0,0.0,,743.56,
2023-10-04 06:00:00,9.004999999999999,28.3625,1.7475,2.675,4.422499999999999,8.7925,21.09,0.12,,0.07500000000000001,,,,0.05,0.02,25.1075,100.0,0.12,152.1175,0.0,0.0,2.8699999999999997,743.965,
2023-10-04 07:00:00,9.7775,31.255,1.7425000000000002,2.67,4.4075,8.86,20.2825,0.11499999999999999,,0.07250000000000001,,,,0.05,0.02,25.94,100.0,0.1825,209.64249999999998,0.0,0.0,13.7675,744.7,
2023-10-04 08:00:00,9.915,14.05,1.5899999999999999,2.435,4.0225,8.9525,19.765,0.10500000000000001,,0.0625,,,,0.0425,0.02,26.197499999999998,97.655,0.3675,190.70749999999998,0.0,0.0,29.11,745.245,
2023-10-04 09:00:00,7.3549999999999995,20.5275,1.6724999999999999,2.5675,4.2425,9.155,19.4125,0.095,,0.057499999999999996,,,,0.04,0.0125,27.85,88.44749999999999,0.4625,190.675,0.0,0.0,82.2,745.3924999999999,
2023-10-04 10:00:00,3.6449999999999996,23.1625,1.8475,2.835,4.68,9.1725,19.3325,0.09,,0.055,,,,0.04,0.0125,28.6375,84.39,0.265,206.7925,0.0,0.0,62.7175,745.29,
2023-10-04 11:00:00,2.9225,22.8925,1.85,2.8375000000000004,4.69,9.215,19.33,0.09,,0.05,,,,0.04,0.01,29.9025,79.6925,0.3275,170.78,0.0,0.0,97.59,745.005,
2023-10-04 12:00:00,4.654999999999999,17.895,1.695,2.5949999999999998,4.29,9.21,19.525,0.08499999999999999,,0.05,,,,0.0375,0.01,30.5025,77.545,0.325,186.815,0.0,0.0,101.33500000000001,744.395,
2023-10-04 13:00:00,4.1325,21.0375,1.7725,2.7175000000000002,4.4825,9.2525,20.085,0.08,,0.045,,,,0.035,0.01,31.9175,73.655,0.345,181.35,0.0,0.0,137.8375,743.695,
2023-10-04 14:00:00,3.415,18.075000000000003,1.8199999999999998,2.7875,4.605,9.08,19.655,0.08499999999999999,,0.05,,,,0.04,0.01,32.41,72.7225,0.34750000000000003,170.78,0.0,0.0,128.4275,743.24,
2023-10-04 15:00:00,1.75,23.65,1.77,2.7125,4.4875,9.1775,19.19,0.09,,0.05,,,,0.04,0.01,32.7175,70.7875,0.38,195.775,0.0,0.0,113.96000000000001,743.11,
2023-10-04 16:00:00,0.2925,17.3425,1.73,2.6574999999999998,4.385,9.1625,20.15,0.0975,,0.055,,,,0.04,0.015,29.1475,82.2175,0.2525,186.655,0.0,0.0,25.055,743.025,
2023-10-04 17:00:00,1.995,18.5175,1.8275000000000001,2.8025,4.6274999999999995,9.0475,20.3675,0.1,,0.055,,,,0.0425,0.0175,27.045,90.135,0.2,159.535,0.0,0.0,5.7299999999999995,743.245,
2023-10-04 18:00:00,7.074999999999999,17.625,1.7874999999999999,2.745,4.535,9.15,20.13,0.10250000000000001,,0.0625,,,,0.0425,0.02,25.23,96.3,0.135,141.885,0.0,0.0,,743.6800000000001,
2023-10-04 19:00:00,12.747499999999999,18.535,1.695,2.5975,4.29,9.1375,20.1,0.10250000000000001,,0.0625,,,,0.0425,0.02,24.6225,99.0025,0.11,143.73,0.0,0.0,,744.3225,
2023-10-04 20:00:00,8.8625,23.9125,1.9275,2.9575,4.885,9.0175,19.855,0.10500000000000001,,0.065,,,,0.0475,0.02,24.4175,99.9075,0.1475,190.075,0.0,0.0,,744.9775,
2023-10-04 21:00:00,9.057500000000001,32.412499999999994,1.6575,2.545,4.205,9.0,19.6175,0.11,,0.07,,,,0.05,0.02,24.7675,100.0,0.08,117.00333333333333,0.0,0.0,,745.2825,
2023-10-04 22:00:00,8.375,21.805,1.6275,2.495,4.12,8.91,19.575,0.1125,,0.07,,,,0.05,0.02,24.990000000000002,100.0,0.14500000000000002,225.895,0.0,0.0,,745.17,
2023-10-04 23:00:00,16.4025,23.6575,1.7075,2.6175,4.325,9.004999999999999,19.56,0.12,,0.08,,,,0.05,0.02,25.1225,100.0,0.16499999999999998,203.15,0.0,0.0,,745.0649999999999,
2023-10-05 00:00:00,15.5325,28.127499999999998,1.7774999999999999,2.7225,4.4975,8.9325,19.48,0.1225,,0.0775,,,,0.05,0.02,25.1225,100.0,0.1775,204.09500000000003,0.0,0.0,,744.8175,
2023-10-05 01:00:00,10.7075,26.39,1.8299999999999998,2.805,4.6274999999999995,8.940000000000001,19.197499999999998,0.125,,0.0775,,,,0.052500000000000005,0.02,25.1375,100.0,0.225,239.8475,0.0,0.0,,744.4225,
2023-10-05 02:00:00,10.1725,33.792500000000004,1.67,2.56,4.23,9.015,20.9575,0.12,,0.0775,,,,0.05,0.02,25.02,100.0,0.17250000000000001,198.5325,0.0,0.0,,744.015,
2023-10-05 03:00:00,7.2475,25.6525,1.895,2.9025,4.8,8.9425,20.4525,0.1175,,0.07500000000000001,,,,0.05,0.02,24.7975,100.0,0.10250000000000001,130.515,0.0,0.0,,743.825,
2023-10-05 04:00:00,9.82,26.642500000000002,1.695,2.5975,4.29,9.0675,19.6175,0.1125,,0.0675,,,,0.05,0.02,24.455,100.0,0.1625,170.2825,0.0,0.0,,743.85,
2023-10-05 05:00:00,10.855,19.814999999999998,1.7725,2.715,4.484999999999999,8.93,19.2975,0.1,,0.0625,,,,0.0425,0.02,24.6325,100.0,0.18,217.0075,0.0,0.0,,743.9225,
2023-10-05 06:00:00,7.2749999999999995,22.1625,1.6800000000000002,2.575,4.25,9.0275,19.52,0.1,,0.057499999999999996,,,,0.04,0.02,24.7025,99.675,0.1575,181.2025,0.0,0.0,2.3433333333333333,744.3499999999999,
2023-10-05 07:00:00,1.77,20.6025,1.7225000000000001,2.64,4.359999999999999,9.19,20.68,0.09,,0.055,,,,0.04,0.0125,25.9775,95.265,0.20500000000000002,190.82,0.0125,0.0125,39.24,744.8050000000001,
2023-10-05 08:00:00,5.1850000000000005,23.0275,1.6675,2.56,4.2275,9.165,20.3125,0.09,,0.05,,,,0.04,0.0125,28.57,84.9125,0.3075,205.585,0.0075,0.0075,79.5675,745.2375,
2023-10-05 09:00:00,4.625,24.905,1.715,2.6275,4.34,9.2725,20.315,0.095,,0.055,,,,0.04,0.015000000000000001,30.7525,77.465,0.305,200.26,0.0,0.0,107.4675,745.575,
2023-10-05 10:00:00,0.7424999999999999,19.627499999999998,1.755,2.6925,4.445,9.08,20.322499999999998,0.07,,0.04,,,,0.0325,0.0125,31.585,74.88,0.2975,179.415,0.0,0.0,150.2675,745.4375,
2023-10-05 11:00:00,8.0725,35.92,1.74,2.67,4.41,9.105,13.5175,0.0775,,0.045,,,,0.0375,0.01,34.1275,67.27,0.35750000000000004,168.14499999999998,0.0,0.0,239.405,744.975,
2023-10-05 12:00:00,6.48,25.740000000000002,1.8475000000000001,2.8325,4.6775,9.0225,11.8375,0.07250000000000001,0.86,0.0425,,,,0.0325,0.01,36.567499999999995,60.32,0.34750000000000003,157.975,0.0,0.0,286.54499999999996,744.3125,
2023-10-05 13:00:00,10.615,33.527499999999996,1.7225,2.6425,4.36,9.2275,10.657499999999999,0.08750000000000001,,0.0525,,,,0.0375,0.0125,38.1575,55.23,0.3525,166.0575,0.0,0.0,266.52,743.6,
2023-10-05 14:00:00,8.6675,25.6425,1.7774999999999999,2.73,4.5075,9.365,13.837499999999999,0.11,39.5775,0.08,,,,0.0575,0.015,39.0225,52.57,0.37,188.4875,0.0,0.0,209.7775,742.8625,
2023-10-05 15:00:00,12.205,26.285,1.765,2.7075,4.47,9.175,15.75,0.0925,5.8775,0.052500000000000005,,,,0.04,0.015,38.644999999999996,54.019999999999996,0.2825,224.94,0.0,0.0,126.60249999999999,742.4625,
2023-10-05 16:00:00,9.89,30.12,1.84,2.82,4.654999999999999,9.15,16.04,0.08,8.7925,0.045,,,,0.035,0.01,32.32,74.515,0.155,157.14,0.0,0.0,23.25,742.38,
2023-10-05 17:00:00,5.720000000000001,28.8325,1.7525,2.685,4.4350000000000005,9.085,16.3975,0.0625,8.7,0.035,,,,0.0275,0.01,28.439999999999998,89.485,0.10250000000000001,111.64000000000001,0.01,0.01,4.946666666666666,742.5,
2023-10-05 18:00:00,6.8525,29.4925,1.6600000000000001,2.545,4.205,9.045,16.1925,0.0625,5.989999999999999,0.04,,,,0.0275,0.01,26.555,95.47749999999999,0.1,144.88,0.01,0.01,,742.7225000000001,
2023-10-05 19:00:00,13.66,31.65,1.6524999999999999,2.5300000000000002,4.18,8.93,16.1525,0.08,1.49,0.045,,,,0.035,0.01,25.55,98.10249999999999,0.1375,201.82500000000002,0.0,0.0,,743.135,
2023-10-05 20:00:00,23.245,40.1575,1.7,2.605,4.305,9.03,15.7475,0.10250000000000001,3.49,0.0625,,,,0.045,0.0175,25.04,99.345,0.14250000000000002,219.85,0.0,0.0,,743.6175000000001,
2023-10-05 21:00:00,34.089999999999996,44.5,1.795,2.75,4.5425,9.085,15.7925,0.135,0.37,0.0825,,,,0.057499999999999996,0.02,24.7475,99.94,0.1125,169.8825,0.0,0.0,,743.755,
2023-10-05 22:00:00,36.8225,67.7725,1.6600000000000001,2.545,4.2025,9.02,16.0925,0.1875,0.7949999999999999,0.11,,,,0.075,0.0275,24.57,100.0,0.06666666666666667,104.48666666666668,0.0,0.0,,743.6275,
2023-10-05 23:00:00,36.205,63.53,1.6925,2.59,4.2775,8.9625,16.42,0.235,,0.14250000000000002,,,,0.0975,0.0375,24.33,100.0,0.115,192.225,0.0,0.0,,743.4125,
2023-10-06 00:00:00,40.375,66.07,1.7425,2.675,4.42,8.98,15.67,0.28,1.56,0.1675,,,,0.1125,0.045,24.1475,100.0,0.13,196.99,0.0,0.0,,743.2825,
2023-10-06 01:00:00,38.205,71.03999999999999,1.8,2.7625,4.555000000000001,8.92,16.91,0.315,1.13,0.19,,,,0.1275,0.05,23.849999999999998,100.0,0.12,203.8125,0.0,0.0,,743.025,
2023-10-06 02:00:00,34.495,57.2175,1.7125,2.625,4.3375,8.91,17.25,0.34,,0.2025,,,,0.1375,0.052500000000000005,23.5775,100.0,0.0875,133.965,0.0,0.0,,742.775,
2023-10-06 03:00:00,39.0275,70.46000000000001,1.65,2.5275,4.18,9.0775,15.7425,0.3525,0.09,0.2125,,,,0.14250000000000002,0.06,23.1575,100.0,0.19,223.315,0.0,0.0,,742.5875,
2023-10-06 04:00:00,59.035000000000004,76.5425,1.695,2.5949999999999998,4.29,8.94,16.5,0.36,,0.22,,,,0.15,0.06,22.9075,100.0,0.1725,223.9875,0.0,0.0,,742.745,
2023-10-06 05:00:00,55.8075,89.44,1.68,2.575,4.2524999999999995,8.955,16.6225,0.3725,,0.22,,,,0.15,0.06,22.425,100.0,0.1975,193.70000000000002,0.0,0.0,,743.165,
2023-10-06 06:00:00,89.15,114.58500000000001,1.7675,2.7075,4.4725,9.2,16.885,0.3775,0.06,0.22,,,,0.15,0.06,22.165,100.0,0.15,172.305,0.0,0.0,6.7325,743.5675,
2023-10-06 07:00:00,94.1225,132.4625,1.6524999999999999,2.5300000000000002,4.1825,9.1975,17.1,0.3925,2.31,0.2325,,,,0.16,0.06,23.7325,100.0,0.1725,161.95749999999998,0.0,0.0,55.61,744.1325,
2023-10-06 08:00:00,93.91250000000001,150.755,1.6975,2.6025,4.3025,9.25,17.127499999999998,0.41,3.3066666666666666,0.2475,,,,0.165,0.065,25.060000000000002,96.4175,0.16999999999999998,163.0625,0.0,0.0,60.57,744.5,
2023-10-06 09:00:00,112.3275,200.165,1.69,2.5875,4.2775,9.5975,16.0075,0.4225,2.465,0.26,,,,0.17,0.07,30.82,70.55,0.1875,169.5825,0.0,0.0,193.7725,744.72,
2023-10-06 10:00:00,111.8425,205.045,1.7425,2.6675,4.41,9.78,16.595,0.4325,12.9525,0.26,,,,0.17250000000000001,0.07,36.595,53.3925,0.2375,159.7775,0.0,0.0,310.59000000000003,744.7175,
2023-10-06 11:00:00,111.4525,203.385,1.805,2.7649999999999997,4.5675,9.48,16.575,0.4375,16.2325,0.26,,,,0.175,0.07,38.1425,46.8025,0.3175,201.4425,0.0,0.0,302.7825,744.24,
2023-10-06 12:00:00,103.62,192.2875,1.7675,2.7075,4.470000000000001,9.38,15.852500000000001,0.4225,12.125,0.255,,,,0.17,0.07,38.565,45.0,0.34750000000000003,209.64,0.0,0.0,271.0125,743.525,
2023-10-06 13:00:00,92.945,175.9875,1.725,2.64,4.3625,9.6525,15.9825,0.4075,12.375,0.2475,,,,0.1675,0.0675,38.965,44.1775,0.3125,199.43,0.0,0.0,215.1275,742.94,
2023-10-06 14:00:00,86.9675,156.4225,1.78,2.73,4.5075,9.5825,15.75,0.4,8.0075,0.24,,,,0.16,0.06,37.6625,50.2525,0.2375,188.86,0.0,0.0,179.9825,742.48,
2023-10-06 15:00:00,83.7225,157.02249999999998,1.7374999999999998,2.66,4.4,9.4675,15.497499999999999,0.385,9.175,0.2275,,,,0.1575,0.06,35.81,58.5675,0.1925,172.6275,0.0,0.0,118.2975,742.365,
2023-10-06 16:00:00,82.56,141.1775,1.755,2.6925,4.4475,9.3875,15.627500000000001,0.3625,6.635,0.215,,,,0.1475,0.06,30.767500000000002,73.8875,0.1525,129.93,0.0,0.0,25.575000000000003,742.4350000000001,
2023-10-06 17:00:00,68.865,135.1325,1.725,2.65,4.3725,9.3625,15.9025,0.3525,3.6125000000000003,0.2125,,,,0.14500000000000002,0.06,26.65,84.7425,0.0675,85.455,0.0,0.0,3.9766666666666666,742.5725,
2023-10-06 18:00:00,67.66499999999999,129.35750000000002,1.5699999999999998,2.4050000000000002,3.9775,9.3625,15.7375,0.355,1.275,0.2125,,,,0.14250000000000002,0.06,24.5,92.50999999999999,0.06666666666666667,112.57666666666667,0.0,0.0,,742.84,
2023-10-06 19:00:00,78.83500000000001,137.925,1.7225000000000001,2.64,4.3625,9.3975,16.18,0.36,0.77,0.22,,,,0.15,0.06,23.41,95.7825,0.095,147.625,0.0,0.0,,743.2850000000001,
2023-10-06 20:00:00,89.75,169.08749999999998,1.73,2.6525,4.387499999999999,9.4225,16.185000000000002,0.3975,,0.2375,,,,0.1625,0.0625,23.0675,97.79499999999999,0.0675,115.8475,0.0,0.0,,743.58,
2023-10-06 21:00:00,125.27,183.875,1.7149999999999999,2.6325,4.3475,9.435,16.2375,0.45,,0.27,,,,0.18,0.07,22.895,98.7275,0.14,190.8775,0.0,0.0,,743.72,
2023-10-06 22:00:00,131.9325,185.79749999999999,1.645,2.5225,4.1674999999999995,9.5525,16.8425,0.535,,0.3225,,,,0.2175,0.0875,23.0075,99.595,0.14750000000000002,226.7025,0.0,0.0,,743.6775,
2023-10-06 23:00:00,152.07999999999998,232.935,1.8425,2.8274999999999997,4.665,9.4725,16.43,0.7025,,0.42,,,,0.2875,0.1125,23.145,99.9975,0.135,195.68,0.0,0.0,,743.6324999999999,
2023-10-07 00:00:00,142.675,214.04500000000002,1.7575,2.6925,4.4475,9.567499999999999,16.385,0.8625,,0.52,,,,0.3575,0.1375,23.2,100.0,0.13,224.155,0.0,0.0,,743.515,
2023-10-07 01:00:00,145.685,202.375,1.7225000000000001,2.64,4.3625,9.3525,16.6675,0.9675,,0.5825,,,,0.3975,0.1575,23.08,100.0,0.115,186.4875,0.0,0.0,,743.3149999999999,
2023-10-07 02:00:00,148.60750000000002,191.41000000000003,1.7175,2.635,4.35,9.29,16.990000000000002,1.0625,0.15,0.64,,,,0.435,0.1675,22.947499999999998,100.0,0.11,181.04000000000002,0.0,0.0,,743.3225,
2023-10-07 03:00:00,138.325,186.6325,1.7525,2.69,4.4475,9.29,16.295,1.1025,,0.6625000000000001,,,,0.4475,0.1775,22.7725,100.0,0.1825,241.92749999999998,0.0,0.0,,743.3575000000001,
2023-10-07 04:00:00,134.0925,174.01250000000002,1.7725,2.7125,4.4825,9.26,16.0,1.1075000000000002,,0.67,,,,0.45,0.18,22.67,100.0,0.15000000000000002,211.535,0.0,0.0,,743.475,
2023-10-07 05:00:00,131.6175,175.565,1.8025,2.7625,4.57,9.1425,16.28,1.0875000000000001,,0.65,,,,0.4425,0.17250000000000001,22.3925,100.0,0.1825,225.8825,0.0,0.0,,743.78,
2023-10-07 06:00:00,126.8625,172.79500000000002,1.9024999999999999,2.9175,4.8225,9.192499999999999,16.475,1.0575,,0.635,,,,0.4325,0.17,22.4825,100.0,0.14500000000000002,225.1225,0.0,0.0,6.3725000000000005,744.3975,
2023-10-07 07:00:00,124.03333333333335,160.62333333333333,1.7375,2.665,4.3975,9.1175,16.755000000000003,1.0175,0.8099999999999999,0.6074999999999999,,,,0.4125,0.1625,24.28,100.0,0.1,160.2475,0.0,0.0,44.0525,745.04,
2023-10-07 08:00:00,66.43,,1.7075,2.615,4.32,9.0825,16.924999999999997,1.0,3.0424999999999995,0.5974999999999999,,,,0.4075,0.16,26.47,100.0,0.1825,213.6725,0.0025,0.0025,56.67,745.5,
2023-10-07 09:00:00,104.065,151.76,1.8225,2.7925,4.6125,9.5775,15.95,0.9675,6.5925,0.58,,,,0.395,0.155,30.924999999999997,80.6725,0.175,164.4275,0.0275,0.0275,191.9425,745.5550000000001,
2023-10-07 10:00:00,105.94333333333333,152.70666666666668,1.705,2.62,4.324999999999999,10.0825,15.86,0.7175,27.682499999999997,0.4225,,,,0.2825,0.1125,37.5075,50.53,0.15000000000000002,118.21499999999999,0.0,0.0,313.0425,745.4325,
2023-10-07 11:00:00,39.802499999999995,87.81,1.7025,2.6125,4.3149999999999995,9.7625,12.7175,0.5625,42.165,0.3375,,,,0.23,0.0925,38.41,43.63,0.25,169.9825,0.0,0.0,311.085,745.05,
2023-10-07 12:00:00,32.45,77.8225,2.0275,3.1075,5.140000000000001,9.645,11.899999999999999,0.5325,45.082499999999996,0.32,,,,0.2175,0.08499999999999999,38.89,41.94,0.3625,198.2325,0.0,0.0,277.3,744.485,
2023-10-07 13:00:00,33.7825,80.045,1.8399999999999999,2.8225,4.6675,9.595,11.7625,0.4925,48.47,0.3,,,,0.2,0.0775,38.745,42.955,0.3825,213.0475,0.0,0.0,234.0325,744.0475,
2023-10-07 14:00:00,32.5775,84.11250000000001,1.81,2.7725,4.58,9.3625,12.6225,0.3625,62.8775,0.215,,,,0.14750000000000002,0.0575,38.1775,44.53,0.2825,197.4475,0.0,0.0,172.515,743.715,
2023-10-07 15:00:00,35.53,81.455,1.8624999999999998,2.8625,4.7275,9.504999999999999,12.695,0.3425,51.940000000000005,0.2025,,,,0.14,0.052500000000000005,35.9025,56.59,0.1775,170.85500000000002,0.0,0.0,114.6725,743.6,
2023-10-07 16:00:00,34.3375,72.33500000000001,1.685,2.5825,4.265,9.5425,13.16,0.355,49.58,0.2125,,,,0.14500000000000002,0.055,30.57,73.15,0.14250000000000002,134.77,0.0,0.0,26.087500000000002,743.66,
2023-10-07 17:00:00,34.3775,76.56,1.755,2.6925,4.4475,9.45,13.21,0.3825,41.03,0.2275,,,,0.1575,0.06,27.01,85.6,0.095,126.945,0.0,0.0,3.703333333333333,743.8525,
2023-10-07 18:00:00,37.205,76.99,1.8,2.7575,4.555,9.405000000000001,18.53,0.3875,38.7825,0.2275,,,,0.1575,0.06,24.8575,92.09,0.075,121.02,0.0,0.0,,744.1575,
2023-10-07 19:00:00,41.599999999999994,77.0,1.8375,2.8175,4.65,9.435,20.445,0.3975,24.939999999999998,0.24,,,,0.16,0.06,23.955000000000002,94.49000000000001,0.095,157.315,0.0,0.0,,744.6775,
2023-10-07 20:00:00,43.37,,1.785,2.7375,4.52,9.475,21.3775,0.4325,25.95,0.2625,,,,0.1775,0.07,23.4525,95.52250000000001,0.14,232.715,0.0,0.0,,745.03,
2023-10-07 21:00:00,46.7175,90.81,1.8624999999999998,2.8525,4.715,9.715,20.2,0.5125,20.675,0.3125,,,,0.21000000000000002,0.0825,23.137500000000003,96.63499999999999,0.0925,155.60500000000002,0.0,0.0,,745.0699999999999,
2023-10-07 22:00:00,50.927499999999995,97.175,1.73,2.6550000000000002,4.3875,9.7775,21.25,0.645,23.85,0.3925,,,,0.265,0.10250000000000001,22.8625,98.17,0.105,165.3825,0.0,0.0,,745.0525,
2023-10-07 23:00:00,56.19,107.0625,1.7200000000000002,2.63,4.3475,9.65,20.192500000000003,0.7975,19.5175,0.4825,,,,0.3275,0.1275,22.7375,99.3575,0.15000000000000002,230.2375,0.0,0.0,,744.7975,
2023-10-08 00:00:00,59.9,108.2675,1.8575,2.8449999999999998,4.705,9.7125,20.0975,0.99,19.3425,0.5975,,,,0.405,0.1575,22.7,99.9375,0.16999999999999998,229.0475,0.0,0.0,,744.61,
2023-10-08 01:00:00,60.502500000000005,101.6175,1.865,2.8575,4.725,9.7575,20.945,1.2025,22.1025,0.7224999999999999,,,,0.49,0.1925,22.4975,100.0,0.1175,184.86749999999998,0.0,0.0,,744.3475000000001,
2023-10-08 02:00:00,60.135,98.7175,1.705,2.6125,4.3125,9.7775,20.5775,1.35,20.0825,0.81,,,,0.55,0.2175,22.445,100.0,0.135,181.2925,0.0,0.0,,744.1600000000001,
2023-10-08 03:00:00,57.5175,103.5,1.7225000000000001,2.6425,4.365,9.6425,20.0425,1.3225,18.384999999999998,0.7975,,,,0.54,0.2125,22.465,100.0,0.165,208.61,0.0,0.0,,744.075,
2023-10-08 04:00:00,52.945,93.6025,1.69,2.59,4.2775,9.58,20.5375,1.1775,21.43,0.7075,,,,0.4775,0.1875,22.299999999999997,100.0,0.21500000000000002,211.79,0.0,0.0,,744.2175,
2023-10-08 05:00:00,48.0175,96.2475,1.8025,2.765,4.57,9.825,20.244999999999997,1.0475,19.7975,0.6375,,,,0.43,0.1675,22.045,100.0,0.2375,206.83499999999998,0.0,0.0,,744.5174999999999,
2023-10-08 06:00:00,46.055,86.66,1.7475,2.6775,4.425,9.6725,20.055,0.955,22.21,0.5725,,,,0.3875,0.1525,22.0625,100.0,0.1925,231.34,0.0,0.0,7.422499999999999,744.915,
2023-10-08 07:00:00,44.775,80.4075,1.6775,2.5675,4.2425,9.4875,20.4825,0.8375,22.285,0.5,,,,0.34,0.135,23.8875,99.5525,0.14,159.0875,0.0,0.0,40.98,745.4,
2023-10-08 08:00:00,42.4725,82.5825,1.6875,2.59,4.279999999999999,9.5,19.6625,0.7625,23.887500000000003,0.455,,,,0.3125,0.1225,27.22,84.1675,0.15,156.4525,0.0,0.0,55.125,745.7025,
2023-10-08 09:00:00,41.647499999999994,92.535,1.8475,2.83,4.6775,9.745000000000001,19.08,0.71,30.697499999999998,0.4225,,,,0.29,0.1125,32.065,64.025,0.2375,181.9275,0.0,0.0,184.9975,745.89,
2023-10-08 10:00:00,36.6725,96.8725,1.685,2.5825,4.265000000000001,9.655000000000001,19.335,0.6375,41.5375,0.3875,,,,0.265,0.10250000000000001,36.7425,50.515,0.5,217.8775,0.0,0.0,301.32500000000005,745.9350000000001,
2023-10-08 11:00:00,30.2025,86.4125,1.7275,2.6500000000000004,4.3725,9.5875,20.075,0.5675,45.4175,0.3425,,,,0.2275,0.0925,37.81,49.135,0.435,195.95499999999998,0.01,0.01,304.65250000000003,745.49,
2023-10-08 12:00:00,30.75,83.1075,1.785,2.735,4.52,9.5625,20.552500000000002,0.49,44.3275,0.295,,,,0.195,0.07500000000000001,38.4075,45.8125,0.4925,219.4525,0.01,0.01,280.815,744.845,
2023-10-08 13:00:00,23.2775,73.3375,1.6925,2.5949999999999998,4.29,9.64,20.34,0.41500000000000004,39.095,0.2475,,,,0.17,0.065,39.1125,44.2875,0.6425,229.7475,0.0,0.0,238.0225,744.385,
2023-10-08 14:00:00,20.4725,65.7675,1.6775,2.575,4.255,9.555,19.7125,0.3625,39.3025,0.2175,,,,0.14750000000000002,0.06,38.3175,46.25,0.63,241.185,0.0,0.0,173.5875,744.0275,
2023-10-08 15:00:00,23.0325,72.405,1.8425,2.825,4.665,9.49,19.14,0.33,39.4925,0.2,,,,0.135,0.052500000000000005,36.6875,52.95,0.47000000000000003,200.16,0.0,0.0,113.695,743.685,
2023-10-08 16:00:00,25.04,74.5125,1.6,2.45,4.05,9.4475,19.802500000000002,0.31,36.04,0.19,,,,0.125,0.05,32.12,68.9875,0.17250000000000001,142.83,0.0,0.0,24.830000000000002,743.65,
2023-10-08 17:00:00,24.9375,69.065,1.6925,2.5975,4.2875,9.405,19.0975,0.305,29.39,0.185,,,,0.125,0.05,28.395,83.48750000000001,0.10666666666666667,125.28666666666668,0.0,0.0,3.436666666666667,743.8025,
2023-10-08 18:00:00,26.0975,65.4175,1.53,2.3449999999999998,3.875,9.39,19.5,0.3075,21.815,0.185,,,,0.1275,0.05,26.395,89.62,0.085,121.1925,0.0,0.0,,744.12,
2023-10-08 19:00:00,26.97,64.5475,1.7375,2.6625,4.3999999999999995,9.375,19.685,0.335,23.802500000000002,0.2025,,,,0.135,0.052500000000000005,25.72,93.66499999999999,0.14250000000000002,176.6525,0.0,0.0,,744.5625,
2023-10-08 20:00:00,28.91,66.96,1.7675,2.7075,4.47,9.36,19.6575,0.36,21.919999999999998,0.2175,,,,0.1475,0.06,25.3125,95.1075,0.125,180.79500000000002,0.0,0.0,,745.0175,
2023-10-08 21:00:00,29.3275,65.3525,1.7475,2.6775,4.425,9.434999999999999,19.622500000000002,0.3925,21.7975,0.2325,,,,0.16,0.0625,24.8075,96.19749999999999,0.165,204.9575,0.0,0.0,,745.2525,
2023-10-08 22:00:00,34.2875,71.23,1.5375,2.355,3.89,9.5075,19.5225,0.43,21.86,0.2575,,,,0.17250000000000001,0.07,24.4925,97.0925,0.1375,182.13,0.0,0.0,,745.2275,
2023-10-08 23:00:00,48.7025,87.68,1.7075,2.6175,4.3275,9.47,19.4525,0.4625,19.575,0.28250000000000003,,,,0.19,0.07250000000000001,23.9525,97.55,0.135,196.74,0.0,0.0,,744.99,
2023-10-09 00:00:00,51.36,87.9625,1.77,2.715,4.4825,9.395,19.46,0.4775,18.805,0.29,,,,0.1925,0.0775,23.375,97.43,0.14500000000000002,203.78,0.0,0.0,,744.7325000000001,
2023-10-09 01:00:00,38.287499999999994,74.045,1.8425,2.825,4.665,9.48,19.2275,0.46,19.645,0.2775,,,,0.1875,0.07,23.275,95.31,0.185,178.76250000000002,0.0,0.0,,744.4,
2023-10-09 02:00:00,35.542500000000004,70.30000000000001,1.72,2.635,4.3525,9.42,20.0125,0.4425,22.4175,0.2625,,,,0.18,0.07,23.2975,93.735,0.1475,193.0375,0.0,0.0,,744.3425,
2023-10-09 03:00:00,27.822499999999998,64.8175,1.7349999999999999,2.6525,4.3875,9.4825,19.68,0.415,20.130000000000003,0.2475,,,,0.1675,0.0675,23.01,96.185,0.125,174.23250000000002,0.0,0.0,,744.2825,
2023-10-09 04:00:00,25.89,53.0675,1.5925,2.44,4.035,9.43,19.49,0.3825,18.39,0.2225,,,,0.1525,0.06,22.86,96.58,0.14750000000000002,206.74,0.0,0.0,,744.4475,
2023-10-09 05:00:00,28.645,54.067499999999995,1.7275,2.6475,4.375,9.435,20.314999999999998,0.355,21.7125,0.21,,,,0.14500000000000002,0.057499999999999996,22.509999999999998,97.525,0.16,242.62,0.0,0.0,,744.7574999999999,
2023-10-09 06:00:00,28.6725,53.33,1.7525,2.685,4.4350000000000005,9.1675,20.0075,0.3275,20.130000000000003,0.1975,,,,0.1325,0.05,22.5925,99.155,0.1375,210.0275,0.0,0.0,7.45,745.3675000000001,
2023-10-09 07:00:00,28.14,49.635,1.6625,2.5525,4.215,9.1325,19.3775,0.3025,19.2175,0.18,,,,0.12,0.05,24.6525,96.4275,0.1675,167.2575,0.0,0.0,39.06,746.0825,
2023-10-09 08:00:00,28.0825,61.224999999999994,1.67,2.56,4.2299999999999995,9.2875,20.1325,0.31,26.8275,0.19,,,,0.13,0.05,28.3075,78.1875,0.26,199.7375,0.0,0.0,50.895,746.6125,
2023-10-09 09:00:00,26.865000000000002,69.8175,1.6875,2.59,4.2775,9.5,20.3475,0.3225,28.99,0.195,,,,0.13,0.05,32.685,63.8875,0.2975,196.7425,0.0,0.0,179.0075,746.8824999999999,
2023-10-09 10:00:00,24.6975,76.755,1.76,2.7,4.4575,9.69,17.9925,0.3325,29.705,0.2,,,,0.135,0.05,38.269999999999996,50.19,0.29,199.2575,0.0,0.0,293.28000000000003,746.9200000000001,
2023-10-09 11:00:00,21.66,75.1475,1.5875,2.435,4.0249999999999995,9.627500000000001,15.790000000000001,0.305,38.855,0.1825,,,,0.125,0.05,39.4225,47.3425,0.41,213.0225,0.0,0.0,296.815,746.5325,
2023-10-09 12:00:00,19.815,70.46000000000001,1.73,2.6525,4.3875,9.445,15.8825,0.2325,40.7625,0.14500000000000002,,,,0.0925,0.035,39.9875,45.8775,0.45,252.40749999999997,0.0025,0.0025,273.185,745.9025,
2023-10-09 13:00:00,19.885,69.075,1.5875,2.435,4.0225,9.55,15.925,0.20750000000000002,41.94,0.125,,,,0.08499999999999999,0.03,39.682500000000005,46.675,0.3775,208.135,0.0275,0.0275,234.2275,745.2375,
2023-10-09 14:00:00,20.15,67.22749999999999,1.785,2.735,4.52,9.4825,16.3,0.2025,39.7975,0.1225,,,,0.0825,0.03,38.34,50.67,0.4175,222.5875,0.0,0.0,124.0875,744.675,
2023-10-09 15:00:00,20.939999999999998,67.63250000000001,1.78,2.73,4.5075,9.4,16.0325,0.1875,38.75,0.1075,,,,0.07250000000000001,0.03,37.33,53.81,0.32,243.165,0.0,0.0,108.125,744.3675000000001,
2023-10-09 16:00:00,23.3625,66.3775,1.6775,2.575,4.255,9.3275,16.1375,0.17,39.14,0.1,,,,0.07,0.0275,32.6075,71.4875,0.195,142.9475,0.0,0.0,23.765,744.36,
2023-10-09 17:00:00,20.4125,58.5875,1.775,2.7225,4.495,9.35,15.825,0.175,40.15,0.1075,,,,0.07500000000000001,0.03,28.947499999999998,83.1,0.14500000000000002,141.10750000000002,0.0,0.0,3.326666666666666,744.4775,
2023-10-09 18:00:00,21.4275,62.0125,1.6925,2.5975,4.2875,9.19,15.932500000000001,0.2,36.8,0.12,,,,0.0825,0.0325,27.12,89.3725,0.1575,163.6075,0.0,0.0,,744.7275,
2023-10-09 19:00:00,22.4625,60.135000000000005,1.8225,2.7925,4.6175,9.305,16.0325,0.2425,39.9275,0.14750000000000002,,,,0.10250000000000001,0.04,27.3925,87.5475,0.2575,208.71,0.0,0.0,,745.1075,
2023-10-09 20:00:00,23.802500000000002,68.9225,1.6125,2.4699999999999998,4.0825,9.2125,16.0,0.2475,37.5025,0.14750000000000002,,,,0.10250000000000001,0.04,28.1225,80.5025,0.1525,125.1,0.0,0.0,,745.3875,
2023-10-09 21:00:00,24.669999999999998,67.9775,1.825,2.8024999999999998,4.63,9.2325,16.2075,0.2525,32.46,0.1525,,,,0.10250000000000001,0.04,26.88,85.4825,0.1575,179.77499999999998,0.0,0.0,,745.48,
2023-10-09 22:00:00,21.585,62.7325,1.7525,2.685,4.4350000000000005,9.032499999999999,16.1075,0.2675,30.82,0.1625,,,,0.11,0.04,25.3775,91.57,0.1475,166.98250000000002,0.0,0.0,,745.4575,
2023-10-09 23:00:00,23.205,60.68,1.755,2.6925,4.445,9.2725,15.709999999999999,0.2825,29.14,0.17,,,,0.11499999999999999,0.045,24.6125,94.24000000000001,0.1275,144.485,0.0,0.0,,745.1800000000001,
2023-10-10 00:00:00,27.9475,61.5175,1.8775,2.8775,4.75,9.2325,15.307500000000001,0.2875,29.7125,0.17,,,,0.1175,0.0475,24.384999999999998,95.055,0.1925,177.0725,0.0,0.0,,744.9475,
2023-10-10 01:00:00,25.3525,60.7025,1.695,2.5975,4.2924999999999995,9.2975,15.24,0.28500000000000003,26.3525,0.17,,,,0.11499999999999999,0.045,24.585,95.7875,0.075,80.77,0.0,0.0,,744.9024999999999,
2023-10-10 02:00:00,25.2875,56.4275,1.8475,2.8325,4.6775,9.27,15.79,0.2725,30.5925,0.165,,,,0.11,0.0425,24.607499999999998,95.1925,0.13,119.77250000000001,0.0,0.0,,744.9775,
2023-10-10 03:00:00,21.345,52.442499999999995,1.66,2.5475,4.2075,9.25,15.52,0.2625,26.745,0.1575,,,,0.10500000000000001,0.04,24.225,93.6075,0.1775,178.08749999999998,0.0,0.0,,744.9775,
2023-10-10 04:00:00,19.415,47.584999999999994,1.8425,2.825,4.665,9.25,14.934999999999999,0.245,24.81,0.15,,,,0.10250000000000001,0.04,23.9175,92.61500000000001,0.1675,169.555,0.0,0.0,,745.0825,
2023-10-10 05:00:00,17.740000000000002,41.845,1.8175,2.7875,4.605,9.295,15.6125,0.2425,23.7875,0.14250000000000002,,,,0.1,0.04,23.32,93.50999999999999,0.14500000000000002,138.755,0.0,0.0,,745.5925,
2023-10-10 06:00:00,18.115,42.5375,1.8,2.76,4.5575,9.3225,15.0375,0.24,22.0725,0.14500000000000002,,,,0.1,0.04,23.247500000000002,93.435,0.245,198.5,0.0,0.0,7.5600000000000005,746.1775,
2023-10-10 07:00:00,19.2575,52.9175,1.8675,2.86,4.7275,9.2475,15.934999999999999,0.245,28.195,0.1475,,,,0.1,0.04,25.5875,84.9525,0.165,143.415,0.0,0.0,32.355000000000004,746.975,
2023-10-10 08:00:00,24.865000000000002,56.165000000000006,1.8525,2.84,4.6899999999999995,9.442499999999999,15.365,0.24,27.255000000000003,0.14,,,,0.1,0.04,29.052500000000002,70.415,0.2525,159.1675,0.0,0.0,61.642500000000005,747.5475,
2023-10-10 09:00:00,19.0325,60.0875,1.755,2.6925,4.4475,9.43,15.21,0.2475,29.5525,0.1475,,,,0.1,0.04,31.88,63.9425,0.3125,202.58,0.0,0.0,185.2775,747.715,
2023-10-10 10:00:00,19.9875,66.2175,1.7225,2.64,4.3625,9.8575,15.305,0.28,39.645,0.1675,,,,0.11499999999999999,0.045,36.957499999999996,48.5075,0.275,160.53,0.0,0.0,308.4775,747.5525,
2023-10-10 11:00:00,20.29,72.5925,1.84,2.825,4.665,9.9775,14.8825,0.33499999999999996,41.4575,0.205,,,,0.14,0.055,38.902499999999996,45.4075,0.405,198.865,0.0,0.0,304.54999999999995,747.1225,
2023-10-10 12:00:00,22.595,79.2425,1.8575,2.845,4.7,9.86,14.067499999999999,0.3325,35.1925,0.1975,,,,0.1325,0.05,39.292500000000004,44.8825,0.51,246.425,0.0,0.0,281.2575,746.7325,
2023-10-10 13:00:00,17.3,65.42,1.8575,2.8475,4.7025,9.915,13.5225,0.2975,33.185,0.1825,,,,0.1225,0.05,40.34,45.69,0.305,216.87,0.0,0.0,237.605,746.0575,
2023-10-10 14:00:00,16.3675,59.915,1.8575,2.8449999999999998,4.7025,9.6725,13.6975,0.23,35.6725,0.14,,,,0.0925,0.0375,40.3175,45.0075,0.3625,201.1725,0.0,0.0,183.405,745.53,
2023-10-10 15:00:00,15.0775,56.5,1.845,2.8325,4.6775,9.485,13.4025,0.215,37.6625,0.1325,,,,0.0875,0.0375,37.845,50.305,0.3275,197.29250000000002,0.0,0.0,107.28,745.1600000000001,
2023-10-10 16:00:00,14.0375,52.88,1.8,2.7575000000000003,4.5575,9.535,13.245,0.21500000000000002,40.15,0.1275,,,,0.0875,0.035,31.6725,69.3,0.195,150.4825,0.0,0.0,21.8225,745.01,
2023-10-10 17:00:00,17.2975,55.614999999999995,1.665,2.55,4.215,9.45,14.7025,0.2275,47.254999999999995,0.14,,,,0.095,0.04,28.5825,81.0575,0.15000000000000002,148.1525,0.0,0.0,3.22,745.0325,
2023-10-10 18:00:00,21.5375,62.5075,1.75,2.6875,4.435,9.2625,16.4675,0.2425,40.4075,0.14500000000000002,,,,0.0975,0.04,27.049999999999997,88.92,0.19,185.99,0.0,0.0,,745.185,
2023-10-10 19:00:00,25.335,61.96,1.75,2.685,4.4350000000000005,9.3825,16.52,0.285,37.395,0.16999999999999998,,,,0.11499999999999999,0.0475,26.677500000000002,89.815,0.17250000000000001,173.51749999999998,0.0,0.0,,745.5675,
2023-10-10 20:00:00,28.6325,72.58500000000001,1.7225,2.6425,4.36,9.334999999999999,16.3075,0.29,34.94,0.17,,,,0.12,0.05,27.145,82.695,0.22999999999999998,169.42000000000002,0.0,0.0,,745.7975,
2023-10-10 21:00:00,25.759999999999998,74.1575,1.77,2.715,4.484999999999999,9.2925,16.7675,0.2925,31.0875,0.17250000000000001,,,,0.1175,0.05,26.455000000000002,84.8825,0.155,165.35500000000002,0.0,0.0,,745.8725,
2023-10-10 22:00:00,25.525,63.959999999999994,1.8849999999999998,2.89,4.775,9.3875,16.8425,0.305,25.0575,0.185,,,,0.125,0.05,25.0575,90.3175,0.15000000000000002,181.7925,0.0,0.0,,745.8924999999999,
2023-10-10 23:00:00,26.6875,62.894999999999996,1.625,2.4899999999999998,4.12,9.3125,17.145,0.325,22.135,0.1925,,,,0.1325,0.05,24.1575,93.2475,0.13,188.725,0.0,0.0,,745.7075,
2023-10-11 00:00:00,34.2425,68.53999999999999,1.795,2.75,4.5425,9.3975,16.0625,0.35,19.517500000000002,0.20750000000000002,,,,0.14250000000000002,0.057499999999999996,23.4,94.775,0.1825,235.2225,0.0,0.0,,745.4575,
2023-10-11 01:00:00,41.115,78.99000000000001,1.62,2.4875,4.109999999999999,9.3075,16.77,0.36,25.1025,0.22,,,,0.15,0.06,23.1325,95.415,0.23,219.8475,0.0,0.0,,745.2625,
2023-10-11 02:00:00,37.145,73.20750000000001,1.7349999999999999,2.66,4.3975,9.46,16.9225,0.355,23.3325,0.2125,,,,0.14250000000000002,0.057499999999999996,22.8375,94.3725,0.17,204.0825,0.0,0.0,,745.1025,
2023-10-11 03:00:00,27.0975,60.8975,1.705,2.6100000000000003,4.3125,9.425,17.025,0.3425,22.295,0.20500000000000002,,,,0.14,0.055,22.3675,95.96,0.1725,214.9675,0.0,0.0,,745.085,
2023-10-11 04:00:00,25.215,50.902499999999996,1.7650000000000001,2.7025,4.470000000000001,9.275,15.8325,0.315,17.365000000000002,0.1925,,,,0.13,0.05,21.7425,97.5275,0.095,141.165,0.0,0.0,,745.225,
2023-10-11 05:00:00,21.9875,49.6425,1.7175,2.63,4.3475,9.31,16.2975,0.295,16.48,0.175,,,,0.12,0.05,21.32,98.63,0.155,229.54500000000002,0.0,0.0,,745.6675,
2023-10-11 06:00:00,23.2575,45.31999999999999,1.8475,2.83,4.68,9.3025,16.425,0.28500000000000003,18.8975,0.17,,,,0.11499999999999999,0.045,21.46,99.6625,0.12250000000000001,204.22,0.0,0.0,5.9325,746.2975,
2023-10-11 07:00:00,20.6675,45.265,1.7375,2.66,4.4,9.115,16.345,0.2675,24.0775,0.1625,,,,0.11,0.04,23.314999999999998,100.0,0.14,186.7275,0.0,0.0,38.635000000000005,746.9175,
2023-10-11 08:00:00,23.0,50.987500000000004,1.675,2.565,4.2425,9.192499999999999,16.45,0.2875,30.195,0.17,,,,0.12,0.0475,26.35,89.4475,0.13,163.1375,0.0,0.0,39.394999999999996,747.375,
2023-10-11 09:00:00,29.985,78.2,1.78,2.73,4.51,9.445,17.0425,0.2925,35.3975,0.175,,,,0.12,0.05,31.9625,67.08,0.245,181.3725,0.0,0.0,190.8125,747.6125,
2023-10-11 10:00:00,29.5075,82.595,1.8675,2.8649999999999998,4.725,9.5875,16.92,0.27,42.3025,0.16,,,,0.11,0.045,37.97,47.56,0.325,165.8275,0.0,0.0,323.1375,747.635,
2023-10-11 11:00:00,22.3625,76.355,1.8425,2.825,4.665,9.39,14.835,0.2625,40.575,0.1575,,,,0.11,0.0425,38.7525,44.51,0.615,225.4625,0.0,0.0,322.65250000000003,747.13,
2023-10-11 12:00:00,23.18,79.14750000000001,1.725,2.645,2.185,9.432500000000001,13.5625,0.23500000000000001,37.817499999999995,0.14,,,,0.0975,0.0375,39.39,41.45,0.3725,231.6625,0.0,0.0,289.97,746.4475,
2023-10-11 13:00:00,22.8725,71.99,4.925,7.545,6.234999999999999,9.265,15.1875,0.1825,45.4325,0.11,,,,0.075,0.03,38.745000000000005,38.775,0.5325,212.015,0.0,0.0,255.14499999999998,745.8225,
2023-10-11 14:00:00,20.2575,68.375,4.805,7.3625,12.17,9.195,14.8125,0.16499999999999998,34.2725,0.0975,,,,0.0675,0.025,38.585,36.2475,0.515,235.9225,0.0,0.0,195.555,745.365,
2023-10-11 15:00:00,20.072499999999998,59.88,5.545,8.502500000000001,14.0475,9.415,13.43,0.165,38.6425,0.0975,,,,0.0675,0.0275,37.215,44.0,0.3,185.02,0.0,0.0,115.7025,745.29,
2023-10-11 16:00:00,23.107499999999998,61.48,5.245,8.04,13.2875,9.3875,13.4825,0.1475,47.605000000000004,0.0925,,,,0.06,0.0225,30.77,64.345,0.1925,151.73000000000002,0.0,0.0,19.54,745.3575000000001,
2023-10-11 17:00:00,19.1025,57.519999999999996,5.3225,8.1575,13.4775,9.3075,15.9575,0.15000000000000002,42.6175,0.0925,,,,0.0625,0.025,26.564999999999998,82.28,0.0675,108.1125,0.0,0.0,4.16,745.61,
2023-10-11 18:00:00,23.935000000000002,55.402499999999996,5.9975000000000005,9.192499999999999,15.1875,9.3025,16.47,0.165,41.599999999999994,0.1,,,,0.0675,0.025,24.245,88.8725,0.0575,95.50999999999999,0.0,0.0,,745.8425,
2023-10-11 19:00:00,24.775,62.4375,6.8525,10.5025,17.36,9.375,16.9525,0.1825,42.0725,0.11,,,,0.075,0.03,23.080000000000002,93.745,0.10250000000000001,163.845,0.0,0.0,,746.24,
2023-10-11 20:00:00,26.2275,64.28999999999999,7.785,11.935,19.7225,9.6375,16.9975,0.215,42.4775,0.135,,,,0.09,0.0375,22.36,95.535,0.1625,214.1825,0.0,0.0,,746.72,
2023-10-11 21:00:00,40.214999999999996,79.7875,8.719999999999999,13.365,22.0825,9.8625,16.955,0.3125,40.394999999999996,0.19,,,,0.13,0.052500000000000005,21.9625,96.47,0.1525,208.355,0.0,0.0,,746.9225,
2023-10-11 22:00:00,38.2125,85.2875,9.275,14.215,23.4925,9.825,16.6675,0.40249999999999997,43.05,0.2425,,,,0.1625,0.0625,21.455,97.4625,0.1425,171.8475,0.0,0.0,,746.9475,
2023-10-11 23:00:00,38.815000000000005,83.5125,9.6425,14.78,24.4275,9.955,16.52,0.45,43.595,0.27,,,,0.1825,0.07,21.07,98.3125,0.1175,167.76749999999998,0.0,0.0,,746.78,
2023-10-12 00:00:00,37.1825,74.2125,8.925,13.685,22.605,9.89,16.7375,0.44,43.67,0.2675,,,,0.18,0.07,20.895,97.34,0.105,146.3175,0.0,0.0,,746.5425,
2023-10-12 01:00:00,27.7575,60.93,8.365,12.82,21.185,9.76,16.835,0.425,45.5475,0.2525,,,,0.17,0.0675,20.1475,96.5425,0.1,158.60250000000002,0.0,0.0,,746.1850000000001,
2023-10-12 02:00:00,28.625,59.485,8.54,13.085,21.625,9.855,16.697499999999998,0.395,46.4775,0.2375,,,,0.1625,0.0625,19.57,98.475,0.0975,148.945,0.0,0.0,,746.0625,
2023-10-12 03:00:00,26.192500000000003,60.78,8.155,12.5,20.6525,9.78,16.59,0.3625,46.4725,0.2125,,,,0.1475,0.057499999999999996,19.380000000000003,99.4725,0.1325,187.84,0.0,0.0,,746.04,
2023-10-12 04:00:00,26.919999999999998,58.025000000000006,8.105,12.4275,20.5325,9.782499999999999,16.555,0.3375,45.445,0.20500000000000002,,,,0.1375,0.055,18.95,99.9075,0.28250000000000003,223.44,0.0,0.0,,746.3625,
2023-10-12 05:00:00,29.95,58.4975,8.43,12.925,21.3575,9.817499999999999,16.4625,0.3175,42.5475,0.19,,,,0.1275,0.05,19.662499999999998,99.65,0.21000000000000002,211.99,0.0,0.0,,747.0550000000001,
2023-10-12 06:00:00,29.752499999999998,69.2325,8.4425,12.9375,21.38,9.6375,16.125,0.32999999999999996,45.3025,0.1925,,,,0.1325,0.055,19.439999999999998,98.775,0.1725,191.6925,0.0,0.0,6.2375,747.6700000000001,
2023-10-12 07:00:00,33.26,67.1425,8.18,12.5375,20.7175,9.8825,15.89,0.325,49.6575,0.1925,,,,0.13,0.0525,21.32,98.2475,0.135,156.755,0.0,0.0,38.379999999999995,748.195,
2023-10-12 08:00:00,31.915,69.22,8.285,12.6975,20.9825,9.719999999999999,16.5475,0.3375,49.97,0.2025,,,,0.1375,0.05,24.29,84.0825,0.1325,167.525,0.0,0.0,42.4475,748.825,
2023-10-12 09:00:00,38.195,91.2075,7.595,11.6375,19.235,9.52,16.525,0.3475,54.1875,0.20500000000000002,,,,0.14250000000000002,0.055,29.895,60.230000000000004,0.1675,175.605,0.0225,0.0225,187.09499999999997,749.225,
2023-10-12 10:00:00,36.1725,85.3275,7.7075,11.8125,19.5125,9.59,16.445,0.345,48.2125,0.20750000000000002,,,,0.14250000000000002,0.055,37.04,40.43,0.2525,188.21,0.0075,0.0075,322.775,749.225,
2023-10-12 11:00:00,29.235,75.5925,6.885,10.5575,17.4425,9.595,13.26,0.2825,38.665,0.1725,,,,0.11499999999999999,0.0475,38.457499999999996,30.58,0.3075,172.395,0.0,0.0,327.36,748.77,
2023-10-12 12:00:00,13.927499999999998,54.2375,6.1925,9.4925,15.684999999999999,9.395,12.5225,0.24,39.335,0.14500000000000002,,,,0.1,0.04,38.785,30.1475,0.4525,264.9225,0.0,0.0,300.3625,748.2149999999999,
2023-10-12 13:00:00,13.795,51.2325,5.865,8.9925,14.86,9.2675,12.77,0.165,40.057500000000005,0.10250000000000001,,,,0.07,0.0275,38.7825,30.825,0.4175,218.81,0.0,0.0,252.23499999999999,747.6875,
2023-10-12 14:00:00,12.6425,50.677499999999995,6.1575,9.442499999999999,15.6,9.412500000000001,12.45,0.16,37.975,0.095,,,,0.065,0.025,39.0875,33.16,0.2875,225.32,0.0,0.0,191.275,747.3625,
2023-10-12 15:00:00,16.4175,49.175,5.6,8.585,14.182500000000001,9.2875,11.8325,0.16,38.995000000000005,0.095,,,,0.0675,0.025,37.239999999999995,41.050000000000004,0.20500000000000002,170.45,0.0,0.0,116.00750000000001,747.2075,
2023-10-12 16:00:00,14.0925,56.9125,5.7025,8.745000000000001,14.4475,9.44,11.5975,0.16749999999999998,37.7025,0.10250000000000001,,,,0.0675,0.0275,30.08,62.4875,0.0825,99.27,0.0,0.0,16.87,747.2325000000001,
2023-10-12 17:00:00,19.285,50.9425,5.8575,8.98,14.837499999999999,9.255,13.625,0.14500000000000002,40.64,0.09,,,,0.06,0.02,25.41,79.27,0.05,92.9375,0.0,0.0,3.27,747.2975,
2023-10-12 18:00:00,21.09,52.995,6.9350000000000005,10.6275,17.564999999999998,9.535,16.25,0.1525,50.989999999999995,0.095,,,,0.065,0.0225,22.79,83.98,0.1125,186.4475,0.0,0.0,,747.4175,
2023-10-12 19:00:00,18.064999999999998,56.6275,7.6,11.65,19.25,9.6575,16.6125,0.185,54.055,0.115,,,,0.0775,0.0325,21.7825,87.3825,0.0825,123.1225,0.0,0.0,,747.7950000000001,
2023-10-12 20:00:00,24.16,63.394999999999996,8.3,12.7225,21.0175,9.68,16.33,0.2525,53.575,0.1525,,,,0.10500000000000001,0.0425,21.055,93.0825,0.13,212.6275,0.0,0.0,,748.175,
2023-10-12 21:00:00,36.5775,80.13,9.600000000000001,14.715,24.3175,10.12,16.3975,0.3825,52.885,0.225,,,,0.1525,0.06,20.44,90.86,0.125,206.615,0.0,0.0,,748.265,
2023-10-12 22:00:00,40.114999999999995,86.7275,9.662500000000001,14.81,24.4725,10.0075,16.34,0.4575,52.2275,0.275,,,,0.1825,0.07250000000000001,19.705,93.2325,0.15,230.695,0.0,0.0,,748.125,
2023-10-12 23:00:00,32.7675,74.0675,9.6825,14.8425,24.5225,10.0975,16.165,0.5025,51.5475,0.305,,,,0.2025,0.08,19.060000000000002,94.84,0.15000000000000002,225.43249999999998,0.0,0.0,,748.0074999999999,
2023-10-13 00:00:00,30.4075,64.2075,9.405,14.415,23.822499999999998,9.965,15.9975,0.5025,51.01,0.3075,,,,0.20500000000000002,0.08,18.490000000000002,96.0475,0.06999999999999999,122.6075,0.0,0.0,,747.8775,
2023-10-13 01:00:00,26.945,54.785000000000004,9.005,13.807500000000001,22.8125,9.9025,15.719999999999999,0.4725,51.845,0.2875,,,,0.1925,0.0775,18.02,96.8525,0.11333333333333333,197.82666666666668,0.0,0.0,,747.6675,
2023-10-13 02:00:00,26.125,52.1175,9.015,13.8125,22.825,9.885,15.975,0.41500000000000004,52.0225,0.245,,,,0.165,0.065,17.7075,98.1775,0.11,184.14000000000001,0.0,0.0,,747.51,
2023-10-13 03:00:00,26.012500000000003,52.772499999999994,9.112499999999999,13.9675,23.0825,9.955,15.959999999999999,0.3825,52.0075,0.23,,,,0.155,0.06,17.485,99.25,0.125,195.3375,0.0,0.0,,747.355,
2023-10-13 04:00:00,26.310000000000002,52.644999999999996,9.505,14.567499999999999,24.075,9.945,15.612499999999999,0.3625,50.114999999999995,0.2125,,,,0.14500000000000002,0.057499999999999996,17.415,99.91499999999999,0.155,218.51999999999998,0.0,0.0,,747.535,
2023-10-13 05:00:00,29.2325,54.81,9.93,15.22,25.15,10.12,15.8425,0.35,48.3925,0.20750000000000002,,,,0.14,0.055,17.7875,100.0,0.1375,196.7425,0.0,0.0,,748.1175000000001,
2023-10-13 06:00:00,30.815,56.22,10.8925,16.6975,27.5875,10.282499999999999,15.9775,0.3725,50.735,0.2225,,,,0.15,0.06,18.055,100.0,0.1466666666666667,245.91,0.0,0.0,7.433333333333334,748.7625,
2023-10-13 07:00:00,31.0825,60.1375,11.075,16.975,28.0475,10.397499999999999,15.7225,0.3975,50.125,0.235,,,,0.16,0.0625,20.125,100.0,0.1175,192.54,0.0,0.0,33.875,749.375,
2023-10-13 08:00:00,33.6175,67.0675,10.215,15.6525,25.865,10.004999999999999,15.44,0.43,51.7375,0.2575,,,,0.175,0.0675,23.442500000000003,99.1875,0.13,179.8775,0.0,0.0,46.5125,749.9225,
2023-10-13 09:00:00,40.7775,84.08,9.4475,14.48,23.925,9.745000000000001,15.82,0.47250000000000003,56.6925,0.29000000000000004,,,,0.1925,0.07500000000000001,29.28,66.075,0.12,148.26,0.0,0.0,173.76,750.0,
2023-10-13 10:00:00,54.7525,121.93,7.93,12.155000000000001,20.085,9.635,16.1675,0.455,57.41,0.275,,,,0.185,0.07,36.345,43.792500000000004,0.1775,174.07999999999998,0.0,0.0,305.1725,750.0,
2023-10-13 11:00:00,31.605,83.485,7.47,11.4525,18.925,9.502500000000001,16.22,0.415,55.542500000000004,0.2475,,,,0.1675,0.065,37.865,38.144999999999996,0.21999999999999997,162.11,0.0,0.0,308.42,749.71,
2023-10-13 12:00:00,24.79,62.81,6.8,10.425,17.225,9.46,16.552500000000002,0.37,52.925,0.22,,,,0.1475,0.057499999999999996,37.95,36.585,0.3,178.225,0.0,0.0,284.385,749.0,
2023-10-13 13:00:00,22.92,66.7675,6.665,10.2175,16.884999999999998,9.5625,16.715,0.2725,48.6775,0.165,,,,0.1125,0.04,38.4825,37.0725,0.1975,184.435,0.0,0.0,240.60500000000002,748.2875,
2023-10-13 14:00:00,25.8975,68.4725,6.27,9.61,15.9075,9.51,17.2675,0.245,48.5725,0.1475,,,,0.0975,0.04,38.0325,40.427499999999995,0.24250000000000002,180.54250000000002,0.0,0.0,179.945,747.73,
2023-10-13 15:00:00,27.225,70.7675,5.7575,8.8275,14.625,9.3875,17.335,0.20750000000000002,47.2425,0.1275,,,,0.0875,0.0325,35.61,47.715,0.20500000000000002,183.4575,0.0,0.0,113.1825,747.3924999999999,
2023-10-13 16:00:00,23.9425,70.38,6.0649999999999995,9.2975,15.3225,9.4375,16.682499999999997,0.2225,48.5075,0.1375,,,,0.0925,0.0375,28.9925,69.03750000000001,0.07,101.0975,0.0,0.0,17.665,747.1675,
2023-10-13 17:00:00,26.5875,66.3275,6.390000000000001,9.7925,16.185,9.370000000000001,16.6875,0.22,52.865,0.135,,,,0.0925,0.035,25.0475,81.435,0.052500000000000005,88.2075,0.0,0.0,3.435,747.12,
2023-10-13 18:00:00,30.265,69.82,6.865,10.5225,17.38,9.54,16.060000000000002,0.245,57.165,0.15000000000000002,,,,0.10500000000000001,0.04,22.497500000000002,86.9925,0.105,164.8,0.0,0.0,,747.2774999999999,
2023-10-13 19:00:00,35.387499999999996,81.1525,7.85,12.035,20.0475,9.7325,16.395,0.2525,59.2875,0.15250000000000002,,,,0.10250000000000001,0.0425,21.3325,91.3325,0.1075,187.0125,0.0,0.0,,747.7149999999999,
2023-10-13 20:00:00,35.9475,78.41999999999999,8.4875,13.0125,21.445,9.7675,16.942500000000003,0.3025,60.085,0.185,,,,0.12,0.045,20.6925,93.64500000000001,0.1425,244.21,0.0,0.0,,748.0825,
2023-10-13 21:00:00,38.8675,85.745,8.9975,13.790000000000001,22.7925,9.9825,16.7425,0.3875,58.644999999999996,0.23,,,,0.1575,0.0625,20.4,96.3175,0.10500000000000001,183.4675,0.0,0.0,,748.2175,
2023-10-13 22:00:00,41.5025,88.4625,9.67,14.82,24.4925,10.135,16.6475,0.5275,57.62,0.3175,,,,0.215,0.085,20.205000000000002,97.9575,0.125,207.0925,0.0,0.0,,748.1375,
2023-10-13 23:00:00,51.52,97.995,11.045,16.93,27.975,10.2375,16.565,0.7525,54.155,0.45,,,,0.3075,0.12,20.2025,99.1825,0.1225,158.33499999999998,0.0,0.0,,747.96,
2023-10-14 00:00:00,58.0025,114.3175,12.3375,18.9125,31.2525,10.502500000000001,16.345,0.9525,55.8075,0.5725,,,,0.3925,0.155,20.1375,99.8375,0.15000000000000002,210.1925,0.015,0.015,,747.625,
2023-10-14 01:00:00,57.97,115.69,13.5075,20.700000000000003,34.207499999999996,10.7575,16.005,1.0875000000000001,53.18,0.6575,,,,0.4425,0.175,20.39,100.0,0.12000000000000001,145.705,0.005,0.005,,747.1750000000001,
2023-10-14 02:00:00,55.79,98.7475,12.129999999999999,18.59,30.715,10.4325,16.175,1.0150000000000001,51.8725,0.61,,,,0.415,0.1625,20.615,100.0,0.14750000000000002,160.125,0.0,0.0,,746.9575,
2023-10-14 03:00:00,42.22,82.26750000000001,10.485,16.072499999999998,26.555,10.1225,16.2575,0.96,60.394999999999996,0.5725,,,,0.3925,0.1525,20.3675,100.0,0.1125,184.0525,0.0,0.0,,747.0775,
2023-10-14 04:00:00,38.375,69.3175,9.6075,14.72,24.33,10.0175,16.3375,0.8574999999999999,59.8125,0.51,,,,0.35,0.135,20.005,100.0,0.14500000000000002,222.885,0.0,0.0,,747.1425,
2023-10-14 05:00:00,35.25,65.14750000000001,9.385,14.385,23.7725,9.942499999999999,16.325000000000003,0.7725,59.0225,0.46,,,,0.315,0.1225,19.8825,100.0,0.14750000000000002,230.71,0.0,0.0,,747.5425,
2023-10-14 06:00:00,37.8775,73.2825,9.690000000000001,14.8525,24.5425,10.094999999999999,16.5325,0.7424999999999999,59.6,0.445,,,,0.305,0.12,20.0925,100.0,0.1325,229.24,0.0,0.0,7.633333333333333,748.13,
2023-10-14 07:00:00,44.1025,76.405,9.67,14.825,24.495,10.084999999999999,16.502499999999998,0.735,58.755,0.4425,,,,0.3025,0.1175,21.6525,100.0,0.11,180.60333333333332,0.0,0.0,30.93,748.7525,
2023-10-14 08:00:00,45.237500000000004,77.465,9.945,15.2425,25.1875,9.995,16.615,0.7075,52.045,0.4225,,,,0.29,0.1125,24.355,98.485,0.1325,197.355,0.0,0.0,47.385,749.25,
2023-10-14 09:00:00,46.5725,99.61000000000001,11.5125,17.645,29.1475,10.52,17.2375,0.655,47.6525,0.39249999999999996,,,,0.2675,0.10500000000000001,29.745,71.6125,0.18,174.265,0.0,0.0,146.60750000000002,749.575,
2023-10-14 10:00:00,54.865,127.96,10.4475,16.0125,26.4625,10.185,17.814999999999998,0.6425000000000001,55.705,0.3875,,,,0.2675,0.10250000000000001,36.065,48.129999999999995,0.27,188.9,0.0,0.0,278.16999999999996,749.5875,
2023-10-14 11:00:00,50.57,128.3925,8.4025,12.88,21.285,9.7675,17.665,0.4925,50.69,0.295,,,,0.1975,0.0775,37.6525,41.905,0.3925,192.3175,0.0,0.0,292.06,748.9825,
2023-10-14 12:00:00,33.5625,90.3975,7.7725,11.91,19.6875,9.7525,17.384999999999998,0.40249999999999997,49.1825,0.2375,,,,0.1625,0.065,38.47,40.3075,0.435,243.555,0.005,0.005,271.76,748.15,
2023-10-14 13:00:00,27.26,83.1075,7.3875,11.3275,18.715,9.6325,17.3275,0.34750000000000003,46.8,0.20750000000000002,,,,0.14,0.055,38.2875,40.542500000000004,0.4925,241.27249999999998,0.015,0.015,230.98250000000002,747.365,
2023-10-14 14:00:00,25.265,79.39,6.78,10.395,17.175,9.5825,17.145,0.29500000000000004,45.895,0.17500000000000002,,,,0.11750000000000001,0.045,38.535000000000004,41.9025,0.325,189.9275,0.0,0.0,169.2475,746.8425,
2023-10-14 15:00:00,24.0725,76.02000000000001,6.0825,9.3225,15.405000000000001,9.43,16.995,0.265,48.7825,0.16,,,,0.11,0.0425,35.9475,49.605,0.22,194.605,0.0,0.0,97.275,746.53,
2023-10-14 16:00:00,27.4625,73.5675,5.9575,9.1325,15.09,9.3625,16.2925,0.2675,49.6925,0.1575,,,,0.1075,0.0425,30.265,68.795,0.1225,156.6575,0.0,0.0,17.97,746.375,
2023-10-14 17:00:00,30.32,79.1025,6.17,9.455,15.625,9.3625,16.9075,0.2625,55.2725,0.1575,,,,0.10500000000000001,0.04,26.685,80.945,0.10500000000000001,160.9575,0.0,0.0,2.83,746.4575,
2023-10-14 18:00:00,28.81,72.4725,6.1925,9.49,15.685,9.3725,16.23,0.27749999999999997,61.045,0.1675,,,,0.11499999999999999,0.045,24.490000000000002,87.28,0.0675,116.2625,0.0,0.0,,746.7125,
2023-10-14 19:00:00,30.93,72.75,7.2275,11.075,18.305,9.46,17.19,0.2875,62.66,0.1775,,,,0.12,0.045,23.5925,91.785,0.1,178.26,0.0,0.0,,747.1625,
2023-10-14 20:00:00,36.6025,84.9675,7.907500000000001,12.120000000000001,20.025,9.615,16.27,0.3625,63.0875,0.215,,,,0.14750000000000002,0.0575,22.955,93.88,0.14500000000000002,235.5775,0.0,0.0,,747.3625,
2023-10-14 21:00:00,43.0575,103.9825,8.545,13.1,21.6475,9.8025,16.22,0.445,64.22,0.2675,,,,0.18,0.07250000000000001,22.6025,96.7425,0.135,217.4175,0.0,0.0,,747.4024999999999,
2023-10-14 22:00:00,46.114999999999995,102.38499999999999,9.115,13.9775,23.0925,9.850000000000001,16.9825,0.5275,62.032500000000006,0.3225,,,,0.215,0.08499999999999999,22.27,98.55,0.15,240.215,0.0,0.0,,747.3075,
2023-10-14 23:00:00,51.205,104.74,8.78,13.459999999999999,22.2425,9.8325,17.21,0.585,62.105,0.3525,,,,0.235,0.095,22.04,99.5075,0.14750000000000002,211.85,0.0,0.0,,746.9625,
2023-10-15 00:00:00,47.62,86.85499999999999,8.25,12.645,20.8975,9.8775,17.24,0.6,62.6975,0.36,,,,0.2425,0.095,21.635,99.945,0.075,129.5325,0.0,0.0,,746.5225,
2023-10-15 01:00:00,45.917500000000004,82.4675,7.905,12.115,20.025,9.805,17.322499999999998,0.59,63.135,0.3525,,,,0.2375,0.0925,21.3125,100.0,0.125,217.8375,0.0,0.0,,745.9325,
2023-10-15 02:00:00,46.207499999999996,76.93,7.935,12.1625,20.0975,9.7125,17.1675,0.5775,61.472500000000004,0.35,,,,0.2325,0.09,21.2325,100.0,0.11,205.85750000000002,0.0,0.0,,745.62,
2023-10-15 03:00:00,42.6525,75.4575,7.8,11.955,19.759999999999998,9.7,17.1475,0.5625,59.245,0.3375,,,,0.2275,0.09,21.02,100.0,0.175,249.87,0.0,0.0,,745.485,
2023-10-15 04:00:00,42.915,78.7475,7.7275,11.8475,19.5775,9.68,17.1325,0.5525,57.5325,0.33,,,,0.22,0.09,21.2075,100.0,0.1575,229.8,0.0,0.0,,745.465,
2023-10-15 05:00:00,40.6725,70.4325,7.5649999999999995,11.5975,19.1625,9.629999999999999,17.119999999999997,0.5225,58.06,0.3225,,,,0.2125,0.0825,20.872500000000002,100.0,0.165,208.41250000000002,0.0,0.0,,745.885,
2023-10-15 06:00:00,35.99,70.12,7.6325,11.7,19.3325,9.7325,16.8,0.505,59.339999999999996,0.3025,,,,0.20500000000000002,0.08,21.057499999999997,100.0,0.185,222.99,0.0,0.0,7.423333333333333,746.385,
2023-10-15 07:00:00,39.6875,77.07249999999999,7.825,12.0,19.83,9.692499999999999,16.817500000000003,0.4975,60.525,0.2975,,,,0.2,0.08,22.275,100.0,0.15250000000000002,180.95250000000001,0.0,0.0,30.72,746.905,
2023-10-15 08:00:00,47.1575,92.45,7.77,11.9125,19.685000000000002,9.6275,17.0075,0.4875,58.03,0.295,,,,0.1975,0.08,25.005,90.7375,0.2025,213.60750000000002,0.0,0.0,44.8,747.35,
2023-10-15 09:00:00,43.660000000000004,104.09,7.3175,11.217500000000001,18.535,9.350000000000001,17.225,0.46499999999999997,59.2225,0.28250000000000003,,,,0.19,0.07250000000000001,30.5875,62.97,0.27,168.0275,0.0,0.0,123.995,747.73,
2023-10-15 10:00:00,40.655,108.8,6.3975,9.8,16.1925,9.379999999999999,17.1,0.4475,59.3925,0.27,,,,0.18,0.07,36.364999999999995,47.7475,0.31,194.545,0.005,0.005,282.58,747.73,
2023-10-15 11:00:00,28.565,84.39999999999999,6.09,9.34,15.43,9.375,16.8575,0.4125,59.5075,0.245,,,,0.1675,0.0625,37.285,44.1025,0.42,190.16500000000002,0.015,0.015,287.28,747.3275,
2023-10-15 12:00:00,23.7025,76.335,6.0675,9.3025,15.3675,9.39,16.6075,0.3775,57.5325,0.225,,,,0.15,0.06,38.45,41.48,0.3925,219.64999999999998,0.0,0.0,268.97249999999997,746.675,
2023-10-15 13:00:00,20.28,67.845,6.4275,9.8525,16.2775,9.5275,16.325,0.3425,57.4725,0.20500000000000002,,,,0.1375,0.055,39.7725,39.599999999999994,0.3425,200.725,0.0,0.0,226.53,746.01,
2023-10-15 14:00:00,23.11,64.0975,6.327500000000001,9.6975,16.0225,9.32,16.03,0.3125,56.0,0.1875,,,,0.13,0.05,38.9025,42.4225,0.2875,207.2275,0.0,0.0,172.1025,745.3025,
2023-10-15 15:00:00,19.4025,60.5175,5.9975000000000005,9.192499999999999,15.185,9.3575,15.8925,0.295,56.055,0.17250000000000001,,,,0.12,0.045,36.660000000000004,49.8175,0.1575,140.415,0.0,0.0,99.63499999999999,744.9325,
2023-10-15 16:00:00,17.61,59.7525,5.8725000000000005,9.0,14.872499999999999,9.385,16.23,0.265,54.055,0.16,,,,0.11,0.0425,30.5325,68.3325,0.1225,131.665,0.0,0.0,17.16,744.9200000000001,
2023-10-15 17:00:00,22.6325,63.075,5.88,9.015,14.895,9.275,16.395,0.265,60.6875,0.1575,,,,0.1075,0.04,27.119999999999997,78.6725,0.1275,193.1575,0.0,0.0,4.945,744.875,
2023-10-15 18:00:00,21.77,54.6075,6.1025,9.35,15.455,9.309999999999999,15.9975,0.28,66.27,0.1675,,,,0.1175,0.045,24.995,83.5125,0.09,149.435,0.0,0.0,,745.11,
2023-10-15 19:00:00,24.035,65.05250000000001,6.6475,10.19,16.8375,9.41,15.685,0.2875,70.0975,0.175,,,,0.12,0.0475,23.67,88.6875,0.0975,164.20499999999998,0.0,0.0,,745.6850000000001,
2023-10-15 20:00:00,23.9475,66.8875,7.0775,10.8525,17.927500000000002,9.585,16.2225,0.295,67.3825,0.175,,,,0.1225,0.05,23.14,93.3775,0.10250000000000001,170.2625,0.0,0.0,,746.36,
2023-10-15 21:00:00,31.4525,74.36500000000001,7.265000000000001,11.1375,18.4025,9.48,17.1175,0.33,68.6825,0.1975,,,,0.1325,0.052500000000000005,23.085,97.3975,0.1225,192.1225,0.0,0.0,,746.6175000000001,
2023-10-15 22:00:00,33.9,73.89750000000001,7.22,11.07,18.2925,9.585,16.3375,0.3775,69.02000000000001,0.2225,,,,0.1525,0.06,22.82,98.9575,0.15000000000000002,232.6425,0.0,0.0,,746.595,
2023-10-15 23:00:00,39.4375,78.1125,7.5925,11.6375,19.225,9.6325,16.8325,0.41000000000000003,64.9875,0.245,,,,0.1625,0.065,22.7075,99.8475,0.145,215.07,0.0,0.0,,746.3675,
2023-10-16 00:00:00,50.45,84.895,7.515,11.52,19.0325,9.717500000000001,17.2375,0.4375,67.5675,0.2625,,,,0.1775,0.07,22.3025,100.0,0.16,231.505,0.0,0.0,,746.1325,
2023-10-16 01:00:00,47.505,79.73,7.609999999999999,11.6675,19.275,9.635,17.38,0.4725,65.1575,0.29,,,,0.1925,0.0775,22.11,100.0,0.125,185.07,0.0,0.0,,745.95,
2023-10-16 02:00:00,53.155,85.74,7.555,11.58,19.142500000000002,9.785,17.395,0.495,63.6475,0.2975,,,,0.2,0.08,21.875,100.0,0.14500000000000002,222.2225,0.0,0.0,,745.77,
2023-10-16 03:00:00,49.205,76.36500000000001,7.425,11.3775,18.802500000000002,9.682500000000001,17.36,0.5025,66.125,0.3025,,,,0.20500000000000002,0.08,21.565,100.0,0.0625,110.395,0.0,0.0,,745.8375,
2023-10-16 04:00:00,44.237500000000004,70.8125,7.39,11.3275,18.7175,9.592500000000001,17.2375,0.4975,66.3725,0.3,,,,0.2025,0.08,21.375,100.0,0.055,98.7075,0.0,0.0,,745.9825,
2023-10-16 05:00:00,46.615,69.935,7.2925,11.18,18.475,9.6325,17.1875,0.495,66.2625,0.295,,,,0.2,0.08,21.259999999999998,100.0,0.1375,228.7775,0.0,0.0,,746.4825,
2023-10-16 06:00:00,45.89,67.9425,7.3125,11.2125,18.525,9.6225,16.98,0.4825,66.035,0.2925,,,,0.1975,0.08,21.39,100.0,0.15333333333333335,240.64,0.0,0.0,7.75,746.9425,
2023-10-16 07:00:00,40.739999999999995,64.85249999999999,7.1775,10.995,18.1725,9.52,17.0,0.4725,69.205,0.2875,,,,0.19,0.0775,23.195,100.0,0.1725,264.68,0.0,0.0,37.83,747.645,
2023-10-16 08:00:00,40.85,67.3925,7.4399999999999995,11.41,18.8475,9.4225,16.9675,0.4875,67.305,0.2925,,,,0.1975,0.0775,25.505,100.0,0.125,199.23499999999999,0.0,0.0,52.4225,748.3924999999999,
2023-10-16 09:00:00,50.4075,106.4175,7.3075,11.2,18.51,9.505,17.5375,0.51,64.5475,0.3075,,,,0.2075,0.08,28.895,86.30250000000001,0.155,174.36,0.0,0.0,121.58500000000001,748.67,
2023-10-16 10:00:00,47.4225,122.815,6.57,10.0725,16.64,9.455,17.197499999999998,0.4825,62.715,0.2925,,,,0.195,0.0775,34.83,58.3075,0.2075,128.2525,0.0,0.0,264.92,748.6575,
2023-10-16 11:00:00,38.004999999999995,95.84,7.2025,11.04,18.2425,9.469999999999999,13.335,0.4275,49.6025,0.255,,,,0.16999999999999998,0.065,36.24,55.05,0.2125,163.0125,0.0075,0.0075,214.5475,748.165,
2023-10-16 12:00:00,39.6175,90.5775,7.3625,11.29,18.6575,9.71,12.1075,0.40249999999999997,50.2625,0.245,,,,0.165,0.065,35.2475,58.69,0.17500000000000002,150.43,0.0125,0.0125,150.0275,747.47,
2023-10-16 13:00:00,34.917500000000004,88.9925,6.8525,10.5075,17.3575,9.5925,12.895,0.3325,60.305,0.1975,,,,0.135,0.0525,35.8825,59.5675,0.145,146.655,0.0,0.0,152.6275,746.785,
2023-10-16 14:00:00,34.2575,84.6875,6.12,9.3825,15.5025,9.4925,14.7925,0.2725,57.7825,0.165,,,,0.11,0.042499999999999996,36.4325,56.11,0.195,178.16500000000002,0.0,0.0,144.18,746.1125,
2023-10-16 15:00:00,31.4725,77.48,5.9425,9.11,15.0525,9.379999999999999,14.7425,0.265,49.05,0.16,,,,0.11,0.045,35.067499999999995,59.0625,0.165,156.8675,0.0,0.0,84.99000000000001,745.505,
2023-10-16 16:00:00,27.205000000000002,75.67750000000001,5.7975,8.885,14.6775,9.3325,13.9175,0.23500000000000001,50.2,0.14250000000000002,,,,0.0975,0.0375,30.3325,72.5525,0.225,192.9625,0.0325,0.0325,14.0125,745.9825,
2023-10-16 17:00:00,28.91,71.965,5.695,8.725,14.4125,9.377500000000001,14.5275,0.185,47.59,0.1125,,,,0.0775,0.03,23.005000000000003,90.94,0.4075,224.2275,1.7349999999999999,1.7349999999999999,3.3333333333333335,746.8399999999999,
2023-10-16 18:00:00,19.82,52.207499999999996,6.23,9.5525,15.7825,9.4,18.525,0.1325,55.82,0.08,,,,0.0575,0.0225,19.9225,97.3875,0.45,206.03,0.8275,0.8275,,748.3725,
2023-10-16 19:00:00,13.280000000000001,25.705,6.865,10.5275,17.395,9.5325,21.9675,0.1275,54.4225,0.0775,,,,0.052500000000000005,0.02,19.4325,98.30250000000001,0.2525,168.9425,0.155,0.155,,748.755,
2023-10-16 20:00:00,12.317499999999999,23.8525,7.1075,10.8925,18.0,9.5975,22.0975,0.115,50.957499999999996,0.07,,,,0.05,0.0175,19.12,98.065,0.3625,125.3575,0.0,0.0,,748.85,
2023-10-16 21:00:00,6.735,21.96,7.215,11.0525,18.267500000000002,9.765,21.2375,0.115,51.385,0.07250000000000001,,,,0.05,0.02,19.195,95.645,0.28,218.05,0.0,0.0,,748.8275,
2023-10-16 22:00:00,8.045,22.314999999999998,7.4125,11.3625,18.7775,9.6275,20.2125,0.09,47.2125,0.055,,,,0.0375,0.0125,19.225,96.305,0.2875,197.0075,0.0,0.0,,749.005,
2023-10-16 23:00:00,8.8425,23.92,7.465,11.442499999999999,18.91,9.6475,19.935,0.08499999999999999,49.1375,0.05,,,,0.0325,0.015000000000000001,20.045,93.0275,0.32999999999999996,213.50750000000002,0.015,0.015,,749.3175,
2023-10-17 00:00:00,6.565,25.89,7.3125,11.2075,18.525,9.6,20.23,0.075,45.5225,0.042499999999999996,,,,0.035,0.0125,19.925,93.3075,0.6224999999999999,220.07500000000002,1.25,1.25,,749.985,
2023-10-17 01:00:00,9.21,26.442500000000003,6.925,10.6125,17.54,9.540000000000001,19.825,0.08,47.895,0.0475,,,,0.035,0.0125,18.8275,99.77250000000001,0.1725,151.94,1.245,1.245,,749.0625,
2023-10-17 02:00:00,7.845,20.192500000000003,7.02,10.7625,17.7825,9.5725,19.03,0.085,46.36,0.0525,,,,0.035,0.015,19.03,100.0,0.2225,196.8275,0.0,0.0,,748.1175,
2023-10-17 03:00:00,7.047499999999999,19.6525,7.475,11.4575,18.935,9.622499999999999,19.0025,0.07,41.4575,0.035,,,,0.0325,0.01,19.27,100.0,0.3375,141.845,0.0,0.0,,747.7075,
2023-10-17 04:00:00,8.36,19.11,7.9925,12.25,20.2425,9.629999999999999,19.215,0.0675,47.9325,0.0375,,,,0.0275,0.0125,19.38,100.0,0.4425,213.68,0.0,0.0,,748.2425000000001,
2023-10-17 05:00:00,7.9,21.5775,7.305,11.2025,18.51,9.629999999999999,19.5475,0.065,44.8725,0.0375,,,,0.03,0.01,18.6875,98.255,0.47250000000000003,238.1575,0.0,0.0,,749.8199999999999,
2023-10-17 06:00:00,8.440000000000001,16.317500000000003,7.16,10.975,18.135,9.6625,18.235,0.0775,41.0625,0.045,,,,0.035,0.0125,18.9675,98.08,0.1675,148.395,0.025,0.025,0.05,750.0,
2023-10-17 07:00:00,10.1475,19.195,7.2524999999999995,11.1225,18.377499999999998,9.675,18.705,0.075,48.84,0.045,,,,0.035,0.01,18.9775,99.99,0.14,164.48000000000002,0.025,0.025,7.505,750.0,
2023-10-17 08:00:00,10.4325,22.705,7.3625,11.290000000000001,18.657500000000002,9.6125,19.07,0.0775,46.5575,0.042499999999999996,,,,0.03,0.0125,20.26,99.1525,0.195,210.1475,0.0,0.0,37.305,750.0,
2023-10-17 09:00:00,9.8325,20.497500000000002,7.9825,12.235,20.2175,9.745000000000001,19.447499999999998,0.11499999999999999,47.4325,0.07250000000000001,,,,0.05,0.02,21.515,93.21000000000001,0.195,180.8,0.0,0.0,37.4025,750.0,
2023-10-17 10:00:00,10.245,24.912499999999998,7.9725,12.22,20.1925,9.7975,18.017500000000002,0.17,37.93,0.10250000000000001,,,,0.07,0.03,24.2475,80.495,0.3,200.86249999999998,0.0,0.0,88.6375,750.0,
2023-10-17 11:00:00,10.83,25.717499999999998,8.1975,12.567499999999999,20.765,9.8725,12.1775,0.1575,29.05,0.095,,,,0.0625,0.025,25.795,73.635,0.26749999999999996,201.68,0.0,0.0,107.16,750.0,
2023-10-17 12:00:00,9.1925,22.7225,7.545,11.5625,19.105,9.705,10.504999999999999,0.1825,38.8825,0.1075,,,,0.075,0.0275,29.425,61.665,0.28500000000000003,190.035,0.0,0.0,204.1825,749.99,
2023-10-17 13:00:00,8.83,30.3525,6.8975,10.57,17.4675,9.57,11.192499999999999,0.1575,43.15,0.0975,,,,0.065,0.0275,26.1875,73.63,0.24,211.4375,0.0,0.0,49.0725,749.355,
2023-10-17 14:00:00,5.2625,25.81,6.5025,9.967500000000001,16.47,9.51,15.2,0.10500000000000001,47.5525,0.065,,,,0.0425,0.0175,27.195,70.89,0.225,205.0,0.0,0.0,88.085,749.0125,
2023-10-17 15:00:00,9.8175,22.0825,6.71,10.282499999999999,16.995,9.54,15.9675,0.1325,51.9675,0.0825,,,,0.06,0.0225,29.1675,66.39250000000001,0.1775,202.3725,0.0,0.0,93.09,748.9175,
2023-10-17 16:00:00,8.5525,24.2825,6.975,10.69,17.66,9.495000000000001,16.035,0.13,45.42,0.0825,,,,0.055,0.02,25.572499999999998,78.0625,0.1775,173.6275,0.0,0.0,15.0125,749.0525,
2023-10-17 17:00:00,10.0225,22.72,6.9625,10.6725,17.6375,9.54,16.822499999999998,0.0975,45.96,0.0575,,,,0.042499999999999996,0.015,22.130000000000003,90.46000000000001,0.12,154.1875,0.01,0.01,2.0233333333333334,748.89,
2023-10-17 18:00:00,10.86,21.9175,7.62,11.6775,19.3,9.605,17.5825,0.1325,57.3475,0.0775,,,,0.0575,0.0225,20.53,94.9675,0.1775,220.4375,0.02,0.02,,748.8675000000001,
2023-10-17 19:00:00,12.5875,31.754999999999995,8.010000000000002,12.280000000000001,20.2925,9.87,16.9225,0.1775,63.555,0.1125,,,,0.075,0.0275,19.767500000000002,97.9175,0.1625,231.03,0.0,0.0,,749.0725,
2023-10-17 20:00:00,17.7225,35.62,8.3025,12.73,21.03,9.79,17.7275,0.2,62.305,0.1275,,,,0.08499999999999999,0.035,19.3375,99.4,0.1925,252.3375,0.0,0.0,,749.1025,
2023-10-17 21:00:00,17.515,35.855000000000004,8.515,13.05,21.5625,9.8825,17.6325,0.2675,61.93,0.1625,,,,0.11,0.0425,18.939999999999998,99.97,0.18,203.5875,0.0,0.0,,749.13,
2023-10-17 22:00:00,20.8075,36.7675,8.5625,13.125,21.685000000000002,9.754999999999999,17.3475,0.3075,61.6875,0.185,,,,0.125,0.0475,19.0475,100.0,0.1975,233.05,0.0,0.0,,749.3924999999999,
2023-10-17 23:00:00,20.7075,37.589999999999996,8.3225,12.755,21.0775,9.782499999999999,17.4375,0.3075,59.795,0.185,,,,0.13,0.05,19.0825,100.0,0.14750000000000002,199.1475,0.0,0.0,,749.26,
2023-10-18 00:00:00,17.75,33.86,8.0125,12.280000000000001,20.2925,9.7125,17.2625,0.2975,61.3825,0.1775,,,,0.12,0.05,18.692500000000003,100.0,0.12,151.0175,0.0,0.0,,749.2475,
2023-10-18 01:00:00,16.125,30.1125,8.0775,12.3825,20.46,9.7875,17.47,0.265,62.54,0.155,,,,0.1075,0.0425,18.494999999999997,100.0,0.19,242.7575,0.0,0.0,,749.05,
2023-10-18 02:00:00,16.59,33.527499999999996,8.04,12.3225,20.3625,9.825,17.47,0.245,64.0425,0.15,,,,0.10250000000000001,0.04,18.3775,100.0,0.2025,234.7825,0.0,0.0,,749.03,
2023-10-18 03:00:00,19.685000000000002,29.4175,7.8625,12.0525,19.915,9.735,16.759999999999998,0.23249999999999998,66.44749999999999,0.1425,,,,0.095,0.0375,18.0875,100.0,0.1875,249.0775,0.0,0.0,,748.905,
2023-10-18 04:00:00,17.8525,31.439999999999998,7.795,11.95,19.745,9.7225,16.535,0.215,65.4925,0.1275,,,,0.09,0.0325,18.015,100.0,0.185,252.6275,0.0,0.0,,749.0450000000001,
2023-10-18 05:00:00,17.945,31.415,7.989999999999999,12.2425,20.23,9.775,17.6175,0.195,67.2225,0.1175,,,,0.0775,0.03,17.895,100.0,0.185,253.89499999999998,0.0,0.0,,749.3725000000001,
2023-10-18 06:00:00,19.425,34.91,7.995,12.2575,20.2525,9.7475,17.595,0.195,65.9225,0.1175,,,,0.08,0.03,17.9,100.0,0.185,250.69,0.0,0.0,6.336666666666666,749.825,
2023-10-18 07:00:00,20.705,34.8175,7.69,11.79,19.48,9.7,17.0925,0.195,63.8,0.1175,,,,0.08,0.03,19.5375,100.0,0.16999999999999998,211.945,0.0,0.0,25.5125,750.0,
2023-10-18 08:00:00,23.1325,41.5025,7.8625,12.055,19.915,9.6975,17.0175,0.2175,58.8425,0.1325,,,,0.09,0.035,20.8725,100.0,0.2375,227.465,0.0,0.0,36.519999999999996,750.0,
2023-10-18 09:00:00,21.31,47.584999999999994,7.1925,11.0225,18.22,9.530000000000001,17.3525,0.22,57.91,0.1325,,,,0.0875,0.0325,25.015,81.72,0.2475,190.60500000000002,0.0,0.0,111.14250000000001,750.0,
2023-10-18 10:00:00,14.9525,37.4525,5.890000000000001,9.0275,14.9175,9.475,16.56,0.1625,43.4625,0.0975,,,,0.0675,0.0225,32.667500000000004,51.644999999999996,0.275,200.91750000000002,0.0,0.0,319.935,750.0,
2023-10-18 11:00:00,11.9825,29.3275,6.05,9.2725,15.322500000000002,9.4725,13.255,0.14250000000000002,40.4475,0.0875,,,,0.06,0.0225,34.05,46.5325,0.3925,234.73250000000002,0.0,0.0,319.4975,750.0,
2023-10-18 12:00:00,11.7075,27.3425,6.465,9.9125,16.375,9.48,11.405,0.135,44.575,0.0825,,,,0.057499999999999996,0.02,34.835,45.072500000000005,0.3725,251.62,0.0,0.0,292.475,749.975,
2023-10-18 13:00:00,11.139999999999999,26.0075,5.8100000000000005,8.905,14.7125,9.2525,13.07,0.09,52.135000000000005,0.0525,,,,0.0375,0.015000000000000001,34.677499999999995,44.2725,0.4525,227.6725,0.0,0.0,247.2025,749.4075,
2023-10-18 14:00:00,9.51,29.6725,5.95,9.1175,15.065,9.379999999999999,16.1525,0.0975,61.7625,0.060000000000000005,,,,0.0425,0.015,34.7,43.8925,0.3825,211.135,0.0,0.0,179.815,748.8025,
2023-10-18 15:00:00,11.31,27.9,5.775,8.8525,14.629999999999999,9.3425,17.125,0.12,63.5625,0.07250000000000001,,,,0.05,0.0175,33.0325,49.015,0.3025,234.1325,0.0,0.0,94.8775,748.4325,
2023-10-18 16:00:00,12.084999999999999,33.557500000000005,5.565,8.532499999999999,14.1,9.33,17.2275,0.1175,65.78999999999999,0.07250000000000001,,,,0.0475,0.0175,27.237499999999997,68.675,0.2425,196.6725,0.0,0.0,15.0875,748.3175,
2023-10-18 17:00:00,9.8525,31.495,6.47,9.92,16.3875,9.365,17.4575,0.11750000000000001,70.84,0.07250000000000001,,,,0.05,0.0175,23.68,81.0425,0.1175,149.645,0.0,0.0,2.51,748.3675000000001,
2023-10-18 18:00:00,16.28,36.7625,7.4399999999999995,11.407499999999999,18.8475,9.5625,17.62,0.14,71.0275,0.085,,,,0.0575,0.0225,21.2775,89.53999999999999,0.1125,169.06,0.0,0.0,,748.5999999999999,
2023-10-18 19:00:00,19.1625,45.08,7.9775,12.2275,20.21,9.7625,17.7075,0.185,69.31,0.115,,,,0.0775,0.0325,20.5575,94.1625,0.125,171.4475,0.0,0.0,,749.045,
2023-10-18 20:00:00,24.68,53.4425,8.705,13.344999999999999,22.0475,9.8575,17.575,0.24000000000000002,69.8125,0.14500000000000002,,,,0.1,0.04,20.165,96.8325,0.14250000000000002,197.73000000000002,0.0,0.0,,749.3525,
2023-10-18 21:00:00,26.665,57.655,8.7425,13.4,22.145,9.925,17.22,0.3,69.5775,0.1825,,,,0.1225,0.0475,19.685000000000002,97.9125,0.14750000000000002,218.79500000000002,0.0,0.0,,749.4075,
2023-10-18 22:00:00,26.6825,55.795,9.235,14.16,23.3975,9.9725,17.3475,0.33499999999999996,67.845,0.2025,,,,0.1375,0.055,19.4075,97.50750000000001,0.135,195.505,0.0,0.0,,749.31,
2023-10-18 23:00:00,34.1525,56.8875,8.815000000000001,13.5125,22.3275,9.9225,17.1025,0.3525,67.93,0.2125,,,,0.14500000000000002,0.057499999999999996,19.13,98.0375,0.17,222.145,0.0,0.0,,748.99,
2023-10-19 00:00:00,34.6025,57.4025,8.559999999999999,13.125,21.6825,9.855,17.9475,0.3225,67.35749999999999,0.1975,,,,0.1325,0.052500000000000005,18.7725,99.0875,0.19,218.9425,0.0,0.0,,748.85,
2023-10-19 01:00:00,29.6625,55.935,8.4075,12.8875,21.2975,9.8375,17.557499999999997,0.325,65.6675,0.1975,,,,0.1325,0.05,18.5375,99.5125,0.12,170.0225,0.0,0.0,,748.58,
2023-10-19 02:00:00,28.2175,53.1225,7.9399999999999995,12.1725,20.1075,9.8325,16.7725,0.305,63.9775,0.1825,,,,0.125,0.05,18.3325,99.94,0.10500000000000001,155.32750000000001,0.0,0.0,,748.4375,
2023-10-19 03:00:00,27.2625,52.0175,8.09,12.405,20.495,9.74,16.9175,0.2775,65.32249999999999,0.1675,,,,0.1125,0.0425,18.0475,100.0,0.16749999999999998,216.4875,0.0,0.0,,748.515,
2023-10-19 04:00:00,29.052500000000002,51.875,8.035,12.315,20.3525,9.7475,17.122500000000002,0.275,67.9575,0.165,,,,0.11,0.0475,17.7875,100.0,0.14250000000000002,203.3925,0.0,0.0,,748.8075,
2023-10-19 05:00:00,25.5125,49.855000000000004,7.705,11.81,19.515,9.73,17.0075,0.2425,64.72,0.14750000000000002,,,,0.0975,0.0375,17.6575,100.0,0.19,220.6125,0.0,0.0,,749.28,
2023-10-19 06:00:00,26.2,46.7525,7.702500000000001,11.81,19.515,9.709999999999999,17.0125,0.24,63.4625,0.14250000000000002,,,,0.0975,0.04,17.6525,100.0,0.195,249.97,0.0,0.0,5.633333333333333,749.7875,
2023-10-19 07:00:00,25.3725,48.8675,7.807499999999999,11.9725,19.7875,9.682500000000001,17.105,0.235,58.9475,0.14500000000000002,,,,0.1,0.04,18.97,100.0,0.1875,224.655,0.0,0.0,24.369999999999997,750.0,
2023-10-19 08:00:00,30.2375,60.935,8.26,12.6625,20.92,9.75,17.322499999999998,0.27,60.3625,0.165,,,,0.1125,0.0425,21.73,89.595,0.23,223.20499999999998,0.0,0.0,37.25,750.0,
2023-10-19 09:00:00,30.767500000000002,69.22999999999999,7.7625,11.9,19.6625,9.7225,16.4775,0.2675,53.34,0.16,,,,0.1075,0.045,25.9225,69.6175,0.3175,239.6275,0.015,0.015,116.3425,750.0,
2023-10-19 10:00:00,27.705,64.96000000000001,8.15,12.4925,20.6425,9.905000000000001,14.1425,0.185,37.8375,0.11,,,,0.0775,0.0275,32.435,48.1725,0.355,198.12,0.045,0.045,330.94,750.0,
2023-10-19 11:00:00,17.735,52.5925,5.7625,8.835,14.592500000000001,9.38,8.97,0.12,47.207499999999996,0.0775,,,,0.05,0.02,34.3525,41.58,0.3925,213.0025,0.0,0.0,331.4875,750.0,
2023-10-19 12:00:00,19.317500000000003,57.125,5.515000000000001,8.45,13.965,9.245000000000001,9.5625,0.10500000000000001,50.0325,0.065,,,,0.045,0.02,34.74,39.28,0.48750000000000004,210.98999999999998,0.0,0.0,303.43,749.9825,
2023-10-19 13:00:00,16.535,54.9775,5.79,8.875,14.6675,9.245000000000001,9.405,0.1075,48.86,0.0675,,,,0.045,0.02,35.1575,36.46,0.47500000000000003,231.5325,0.0,0.0,255.795,749.4775,
2023-10-19 14:00:00,14.3,54.36,5.1375,7.8774999999999995,13.0175,9.24,12.25,0.065,50.43,0.0375,,,,0.03,0.01,35.605,35.385,0.2275,209.4425,0.03,0.03,190.1625,748.9325,
2023-10-19 15:00:00,9.3975,42.355,5.7275,8.7825,14.5075,9.34,15.295,0.06,60.14,0.04,,,,0.03,0.01,33.4475,42.2175,0.25,203.195,0.0,0.0,92.32,748.645,
2023-10-19 16:00:00,11.9575,45.565,5.43,8.3275,13.76,9.2975,16.355,0.075,63.9825,0.045,,,,0.0325,0.01,26.1425,62.2375,0.19,152.8075,0.0,0.0,13.395,748.43,
2023-10-19 17:00:00,14.105,41.09,5.92,9.075,14.9925,9.3,16.185000000000002,0.0875,69.45,0.055,,,,0.035,0.015,22.4875,76.985,0.125,159.01749999999998,0.0,0.0,1.85,748.465,
2023-10-19 18:00:00,15.0475,49.3,6.3075,9.665,15.9775,9.415,16.122500000000002,0.11,78.21,0.07,,,,0.0475,0.02,20.3025,85.175,0.135,218.7225,0.0,0.0,,748.735,
2023-10-19 19:00:00,21.0675,52.685,7.34,11.2525,18.5975,9.594999999999999,16.1625,0.1725,74.2125,0.1025,,,,0.07250000000000001,0.0275,19.3925,89.145,0.14,209.215,0.0,0.0,,749.245,
2023-10-19 20:00:00,28.01,73.0125,7.8,11.955,19.76,9.675,15.7925,0.2425,74.1325,0.15000000000000002,,,,0.10250000000000001,0.04,18.76,91.425,0.11499999999999999,151.5575,0.0,0.0,,749.6175,
2023-10-19 21:00:00,27.6525,75.4575,8.065,12.3575,20.425,9.7325,15.525,0.3075,74.41499999999999,0.1875,,,,0.1275,0.05,18.1425,92.8725,0.14,216.44,0.0,0.0,,749.7475000000001,
2023-10-19 22:00:00,31.97,71.00750000000001,7.775,11.92,19.6975,9.747499999999999,15.1,0.35,72.25,0.21,,,,0.14250000000000002,0.057499999999999996,17.884999999999998,93.725,0.1575,227.0025,0.0,0.0,,749.8125,
2023-10-19 23:00:00,30.182499999999997,70.685,7.735,11.8575,19.59,9.6325,14.915,0.375,75.57,0.2225,,,,0.15,0.06,17.37,95.4575,0.1125,173.7175,0.0,0.0,,749.7674999999999,
2023-10-20 00:00:00,30.544999999999998,63.7275,7.5775,11.6125,19.19,9.6425,14.6025,0.3675,75.35,0.2175,,,,0.15000000000000002,0.057499999999999996,16.83,97.2075,0.16999999999999998,234.925,0.0,0.0,,749.6475,
2023-10-20 01:00:00,29.21,62.4675,7.4575,11.432500000000001,18.89,9.7125,15.7675,0.355,76.83,0.21,,,,0.14250000000000002,0.057499999999999996,16.3475,97.9275,0.16999999999999998,248.915,0.0,0.0,,749.4300000000001,
2023-10-20 02:00:00,27.03,57.55,7.6225000000000005,11.684999999999999,19.307499999999997,9.7325,15.395,0.33499999999999996,79.11,0.2025,,,,0.135,0.055,16.02,98.94,0.165,225.0075,0.0,0.0,,749.295,
2023-10-20 03:00:00,25.957500000000003,50.8425,7.62,11.68,19.2975,9.72,15.7275,0.32,78.0975,0.19,,,,0.1275,0.05,15.774999999999999,99.605,0.12,184.555,0.0,0.0,,749.31,
2023-10-20 04:00:00,25.4,52.6725,7.609999999999999,11.665,19.275,9.7375,14.975,0.3,78.475,0.1825,,,,0.125,0.0475,15.585,99.99,0.06,107.0725,0.0,0.0,,749.545,
2023-10-20 05:00:00,27.25,56.56,7.5575,11.585,19.14,9.65,15.674999999999999,0.295,76.68,0.175,,,,0.12,0.0475,15.53,100.0,0.08,146.52,0.0,0.0,,749.8875,
2023-10-20 06:00:00,28.835,52.41,7.225,11.0775,18.305,9.649999999999999,14.7325,0.2925,78.265,0.175,,,,0.1175,0.0475,15.762500000000001,100.0,0.11499999999999999,172.17000000000002,0.0,0.0,5.15,750.0,
2023-10-20 07:00:00,32.4475,58.295,7.3475,11.26,18.6075,9.675,15.43,0.28500000000000003,76.69749999999999,0.16999999999999998,,,,0.11499999999999999,0.045,17.3125,100.0,0.14,215.1225,0.0,0.0,21.79,750.0,
2023-10-20 08:00:00,37.2175,65.3675,7.4625,11.4375,18.9,9.522499999999999,14.8275,0.3025,73.35249999999999,0.18,,,,0.1225,0.05,19.8525,98.5325,0.1325,201.15,0.0,0.0,33.9825,750.0,
2023-10-20 09:00:00,33.9675,75.42750000000001,7.16,10.9725,18.134999999999998,9.5725,14.7025,0.3175,73.00750000000001,0.1925,,,,0.13,0.05,24.79,69.8675,0.0625,82.755,0.0,0.0,109.6225,750.0,
2023-10-20 10:00:00,32.105,75.3175,6.8625,10.5225,17.38,9.43,14.48,0.3225,73.5275,0.1925,,,,0.1275,0.05,33.145,41.735,0.16,110.91,0.0,0.0,319.2975,750.0,
2023-10-20 11:00:00,28.915,72.16499999999999,6.8175,10.4525,17.2725,9.515,14.5825,0.2975,70.11500000000001,0.175,,,,0.1225,0.0475,34.6225,37.46,0.32,201.0225,0.0,0.0,322.4675,750.0,
2023-10-20 12:00:00,20.17,60.1225,6.327500000000001,9.6975,16.025,9.36,14.8225,0.2625,67.8275,0.16,,,,0.11,0.04,34.62,36.739999999999995,0.4975,279.25,0.0,0.0,291.15,750.0,
2023-10-20 13:00:00,16.59,51.985,6.26,9.595,15.855,9.335,15.3525,0.23,65.255,0.1375,,,,0.095,0.0375,35.165,35.83,0.3375,236.435,0.0,0.0,246.7025,749.655,
2023-10-20 14:00:00,14.2625,53.349999999999994,6.1825,9.4775,15.66,9.56,14.9225,0.175,58.167500000000004,0.10500000000000001,,,,0.07250000000000001,0.03,34.775,36.825,0.3075,214.7425,0.0,0.0,180.345,749.1125,
2023-10-20 15:00:00,16.6475,48.3675,6.0675,9.3025,15.370000000000001,9.355,15.185,0.1575,60.34,0.0975,,,,0.065,0.025,32.44,45.465,0.2225,181.97,0.0,0.0,84.36500000000001,748.7525,
2023-10-20 16:00:00,14.1375,43.2525,5.7524999999999995,8.8175,14.567499999999999,9.469999999999999,14.7125,0.1525,62.114999999999995,0.09,,,,0.0625,0.0225,25.635,67.0025,0.1075,122.065,0.0,0.0,13.3225,748.5649999999999,
2023-10-20 17:00:00,13.7325,38.402499999999996,13.065,20.0275,33.09,10.8275,15.2525,0.1775,56.36,0.11,,,,0.07,0.03,21.95,81.7825,0.0775,131.01999999999998,0.0,0.0,1.675,748.72,
2023-10-20 18:00:00,17.065,41.19,11.5,17.63,29.127499999999998,10.4525,14.6075,0.1775,67.0825,0.1075,,,,0.07250000000000001,0.03,19.345,89.9025,0.115,180.95,0.0,0.0,,749.1625,
2023-10-20 19:00:00,17.625,42.3125,8.7125,13.355,22.075,9.9825,14.58,0.175,76.0375,0.10500000000000001,,,,0.07,0.03,18.04,93.14,0.115,196.565,0.0,0.0,,749.6725,
2023-10-20 20:00:00,24.67,49.987500000000004,7.6875,11.78,19.4675,9.76,14.4,0.195,79.59,0.11499999999999999,,,,0.0775,0.03,17.195,94.095,0.1225,198.39,0.0,0.0,,749.9725,
2023-10-20 21:00:00,23.02,48.63,7.145,10.9525,18.0975,9.635,14.305,0.21,76.245,0.13,,,,0.0875,0.0325,16.7275,94.8625,0.14,212.0025,0.0,0.0,,750.0,
2023-10-20 22:00:00,26.335,48.995,8.0425,12.325,20.3675,9.605,14.83,0.27,79.9625,0.165,,,,0.1125,0.0425,16.35,97.0025,0.12,184.515,0.0,0.0,,750.0,
2023-10-20 23:00:00,35.535,74.0425,9.575,14.68,24.255,10.01,15.1175,0.4375,72.71000000000001,0.27,,,,0.18,0.0675,16.2525,98.6825,0.11,150.8475,0.0,0.0,,749.9475,
2023-10-21 00:00:00,39.207499999999996,73.42750000000001,9.405000000000001,14.412500000000001,23.817500000000003,10.0375,14.715,0.54,78.35,0.3275,,,,0.2175,0.08499999999999999,16.375,99.37,0.13,210.2125,0.0,0.0,,749.9125,
2023-10-21 01:00:00,38.635,77.4575,9.5225,14.6,24.1225,10.15,14.6075,0.5825,78.74000000000001,0.3525,,,,0.235,0.095,16.0425,99.7625,0.1125,189.095,0.0,0.0,,749.6800000000001,
2023-10-21 02:00:00,34.53,65.4025,8.92,13.675,22.5925,9.844999999999999,14.92,0.575,81.495,0.345,,,,0.23,0.09,15.5425,99.995,0.155,253.405,0.0,0.0,,749.4525,
2023-10-21 03:00:00,31.565,56.155,8.0375,12.317499999999999,20.3525,9.8025,14.425,0.515,75.9625,0.31,,,,0.20750000000000002,0.08499999999999999,15.3675,100.0,0.14750000000000002,208.41,0.0,0.0,,749.415,
2023-10-21 04:00:00,30.755,50.95,7.575,11.6125,19.1875,9.6975,14.7125,0.4675,64.8325,0.28250000000000003,,,,0.19,0.07250000000000001,15.685,100.0,0.195,199.74,0.0,0.0,,749.715,
2023-10-21 05:00:00,30.345,50.5575,7.275,11.15,18.425,9.72,14.3275,0.4425,66.415,0.265,,,,0.1775,0.07,15.375,100.0,0.1925,227.615,0.0,0.0,,749.985,
2023-10-21 06:00:00,33.405,53.567499999999995,7.45,11.425,18.875,9.655,14.635,0.4425,80.2175,0.265,,,,0.1775,0.07,15.030000000000001,100.0,0.14750000000000002,225.9325,0.0,0.0,3.58,750.0,
2023-10-21 07:00:00,31.572499999999998,53.4675,7.03,10.7775,17.810000000000002,9.629999999999999,14.145,0.40249999999999997,72.4425,0.2375,,,,0.165,0.065,16.35,100.0,0.10250000000000001,158.26,0.0,0.0,19.802500000000002,750.0,
2023-10-21 08:00:00,26.552500000000002,45.349999999999994,6.93,10.6225,17.552500000000002,9.620000000000001,14.83,0.37,78.82499999999999,0.2175,,,,0.1475,0.06,19.6925,100.0,0.0925,152.155,0.0,0.0,28.807499999999997,750.0,
2023-10-21 09:00:00,24.0275,55.34,7.805,11.965,19.767500000000002,9.475,14.385,0.4175,79.8825,0.2525,,,,0.17,0.0675,23.53,85.3925,0.0925,112.07499999999999,0.0,0.0,112.88999999999999,750.0,
2023-10-21 10:00:00,43.504999999999995,100.5875,6.8275,10.4675,17.295,9.3575,14.3775,0.3825,79.055,0.2225,,,,0.1525,0.057499999999999996,33.207499999999996,45.25,0.1125,129.745,0.0,0.0,332.0875,750.0,
2023-10-21 11:00:00,24.28,62.7325,5.9475,9.1175,15.065,9.425,14.295,0.28250000000000003,65.05,0.165,,,,0.1125,0.045,35.2825,34.6175,0.19,150.395,0.0075,0.0075,330.9525,750.0,
2023-10-21 12:00:00,12.3825,40.5375,6.07,9.3,15.3675,9.3975,14.692499999999999,0.2175,62.8075,0.1325,,,,0.09,0.0375,35.78,34.915000000000006,0.2425,167.595,0.0125,0.0125,301.69,750.0,
2023-10-21 13:00:00,16.27,43.212500000000006,5.965,9.15,15.1125,9.375,14.405,0.21,58.635,0.1275,,,,0.0875,0.035,36.3825,33.667500000000004,0.245,175.695,0.0,0.0,255.3475,749.995,
2023-10-21 14:00:00,13.73,36.552499999999995,5.7475000000000005,8.8125,14.557500000000001,9.3875,14.3925,0.1775,55.2675,0.1075,,,,0.07250000000000001,0.03,36.2875,33.175,0.23500000000000001,192.6875,0.0,0.0,191.56,749.6475,
2023-10-21 15:00:00,9.2525,34.447500000000005,5.91,9.06,14.9675,9.305,14.7075,0.16,56.6425,0.0975,,,,0.065,0.025,33.245000000000005,42.8875,0.2025,183.6325,0.0,0.0,82.69749999999999,749.38,
2023-10-21 16:00:00,12.822500000000002,40.32,5.82,8.92,14.74,9.2975,14.51,0.14750000000000002,55.195,0.08499999999999999,,,,0.0625,0.02,25.8925,69.67,0.135,151.9875,0.0,0.0,12.715,749.3725,
2023-10-21 17:00:00,16.305,37.145,6.1925,9.495000000000001,15.682500000000001,9.39,14.4275,0.14500000000000002,57.667500000000004,0.0875,,,,0.06,0.02,22.2,82.3575,0.07250000000000001,124.3675,0.0,0.0,1.49,749.5175,
2023-10-21 18:00:00,16.865,43.22,6.1125,9.375,15.49,9.3775,13.93,0.15,63.86,0.0925,,,,0.0625,0.025,19.9225,87.89,0.0925,163.62,0.0,0.0,,749.79,
2023-10-21 19:00:00,18.915,50.98,6.8675,10.525,17.395,9.465,14.1225,0.1675,69.72500000000001,0.10250000000000001,,,,0.07,0.0275,18.91,91.285,0.095,145.66750000000002,0.0,0.0,,750.0,
2023-10-21 20:00:00,30.445,68.5025,7.755,11.8825,19.6375,9.6575,14.46,0.2175,72.165,0.135,,,,0.0925,0.0325,18.2575,94.70750000000001,0.0775,135.4,0.0,0.0,,750.0,
2023-10-21 21:00:00,41.025,81.125,8.42,12.91,21.3325,9.842500000000001,14.095,0.3275,72.015,0.2,,,,0.1325,0.05,17.6675,96.5125,0.1075,181.44,0.0,0.0,,750.0,
2023-10-21 22:00:00,45.739999999999995,83.47999999999999,9.165,14.05,23.2125,9.7925,14.870000000000001,0.4,71.24,0.24,,,,0.1625,0.0625,17.1625,97.94,0.1275,191.70749999999998,0.0,0.0,,750.0,
2023-10-21 23:00:00,50.7975,90.705,9.217500000000001,14.127500000000001,23.345,9.97,14.7375,0.5125,70.175,0.3075,,,,0.21000000000000002,0.0825,16.88,98.84,0.1375,228.925,0.0,0.0,,750.0,
2023-10-22 00:00:00,48.165,89.16749999999999,9.0475,13.875,22.9225,10.01,14.3575,0.6025,68.475,0.365,,,,0.2475,0.095,16.55,99.5175,0.1575,246.41250000000002,0.0,0.0,,750.0,
2023-10-22 01:00:00,44.54,77.9625,8.91,13.6575,22.5675,9.934999999999999,14.7325,0.6025,68.815,0.36,,,,0.2425,0.0975,16.4925,99.9925,0.1575,254.495,0.0,0.0,,750.0,
2023-10-22 02:00:00,41.5075,70.125,8.545,13.094999999999999,21.635,9.77,14.765,0.59,68.5525,0.3525,,,,0.2375,0.0925,16.215,100.0,0.1875,261.5075,0.0,0.0,,749.9925000000001,
2023-10-22 03:00:00,37.582499999999996,63.91,8.535,13.08,21.6125,9.885,14.9175,0.5575,71.3625,0.3325,,,,0.225,0.09,16.065,100.0,0.1575,244.375,0.0,0.0,,749.9725,
2023-10-22 04:00:00,35.79,63.2175,8.9125,13.657499999999999,22.57,9.855,14.75,0.56,72.84,0.34,,,,0.2275,0.09,16.03,100.0,0.0575,103.6325,0.0,0.0,,750.0,
2023-10-22 05:00:00,41.072500000000005,68.61,10.39,15.925,26.315,10.325,14.6975,0.58,72.34,0.3475,,,,0.235,0.09,15.9,100.0,0.06333333333333334,123.75,0.0,0.0,,750.0,
2023-10-22 06:00:00,36.41,65.14500000000001,10.5275,16.1375,26.665,10.305,14.6975,0.595,72.57249999999999,0.355,,,,0.24,0.0925,15.91,100.0,0.0925,167.72,0.0,0.0,4.353333333333333,750.0,
2023-10-22 07:00:00,37.1375,65.0575,10.370000000000001,15.895,26.265,10.17,14.5625,0.5874999999999999,72.335,0.355,,,,0.235,0.0925,17.555,100.0,0.11750000000000001,201.3325,0.0,0.0,19.185,750.0,
2023-10-22 08:00:00,42.86,73.18,10.5375,16.155,26.6925,10.035,14.9225,0.59,70.42,0.3525,,,,0.2375,0.0925,20.18,100.0,0.0975,162.32,0.0,0.0,32.17,750.0,
2023-10-22 09:00:00,43.89,94.2125,9.18,14.067499999999999,23.25,9.7675,15.1875,0.565,69.495,0.33499999999999996,,,,0.225,0.09,23.4925,83.7825,0.11499999999999999,134.405,0.0,0.0,110.5625,750.0,
2023-10-22 10:00:00,38.364999999999995,93.1875,7.4075,11.355,18.7625,9.6175,14.8625,0.5,71.495,0.3075,,,,0.2025,0.08,32.62,46.485,0.1875,141.635,0.0,0.0,315.02750000000003,750.0,
2023-10-22 11:00:00,21.6325,61.61750000000001,6.6625,10.215,16.875,9.545,14.18,0.44,66.9075,0.27,,,,0.18,0.07,35.2075,40.167500000000004,0.16999999999999998,134.1075,0.0,0.0,315.09000000000003,750.0,
2023-10-22 12:00:00,19.97,54.2975,6.3975,9.807500000000001,16.205000000000002,9.4825,14.675,0.3825,64.75,0.22999999999999998,,,,0.1575,0.06,35.05,41.4,0.3325,187.115,0.0,0.0,290.1225,750.0,
2023-10-22 13:00:00,22.060000000000002,49.932500000000005,6.145,9.42,15.565,9.3975,14.6725,0.345,60.7375,0.20500000000000002,,,,0.14,0.057499999999999996,35.375,40.505,0.305,189.585,0.0,0.0,243.9375,749.9625,
2023-10-22 14:00:00,20.8875,47.92,6.2425,9.5725,15.817499999999999,9.505,15.3775,0.2875,58.16,0.175,,,,0.12,0.045,35.269999999999996,40.1825,0.27249999999999996,192.3925,0.0,0.0,174.1175,749.51,
2023-10-22 15:00:00,16.799999999999997,51.7275,6.1175,9.375,15.4875,9.4275,16.1325,0.21250000000000002,54.4025,0.125,,,,0.085,0.0325,32.815,45.7,0.195,177.05,0.005,0.005,79.475,749.1625,
2023-10-22 16:00:00,18.3475,53.1425,6.7225,10.307500000000001,17.0325,9.45,19.42,0.18,62.7125,0.11,,,,0.07,0.03,26.2875,68.6375,0.14,172.61,0.005,0.005,12.4825,749.0825,
2023-10-22 17:00:00,19.6625,45.5525,5.984999999999999,9.18,15.1625,9.3225,19.45,0.175,45.125,0.10500000000000001,,,,0.07250000000000001,0.03,22.4475,82.695,0.0775,130.9925,0.0,0.0,1.41,749.14,
2023-10-22 18:00:00,21.1475,51.365,6.1825,9.4775,15.66,9.45,15.48,0.1625,47.09,0.1,,,,0.07,0.03,20.19,88.075,0.1325,202.15,0.0,0.0,,749.4100000000001,
2023-10-22 19:00:00,26.2325,59.39,7.165,10.9825,18.145,9.57,14.0725,0.195,56.7675,0.1175,,,,0.08499999999999999,0.03,19.2875,91.75,0.14250000000000002,230.31,0.0,0.0,,749.8875,
2023-10-22 20:00:00,35.917500000000004,72.8325,7.6075,11.6675,19.275,9.6975,14.3375,0.23,68.13,0.14250000000000002,,,,0.095,0.035,18.8325,94.6025,0.11,174.4475,0.0,0.0,,750.0,
2023-10-22 21:00:00,44.5625,82.75999999999999,7.67,11.7575,19.4325,9.645,14.695,0.3,71.425,0.17750000000000002,,,,0.12,0.045,18.34,96.6875,0.09333333333333334,182.18999999999997,0.0,0.0,,750.0,
2023-10-22 22:00:00,44.427499999999995,78.7025,7.575,11.6125,19.189999999999998,9.63,14.365,0.3375,71.46,0.2025,,,,0.135,0.052500000000000005,17.77,97.9775,0.155,236.705,0.0,0.0,,750.0,
2023-10-22 23:00:00,42.3375,72.2825,7.3425,11.25,18.5975,9.635,14.2,0.3675,72.12,0.2225,,,,0.15,0.06,17.4125,99.1225,0.16,238.6375,0.0,0.0,,749.87,
2023-10-23 00:00:00,43.91,79.2625,8.865,13.59,22.462500000000002,9.8475,14.995,0.4425,70.0175,0.265,,,,0.18,0.07,17.34,99.81,0.1475,231.7275,0.0,0.0,,749.62,
2023-10-23 01:00:00,52.215,95.9225,9.1675,14.055,23.225,9.96,14.46,0.5525,67.42,0.3325,,,,0.2225,0.0875,17.4375,100.0,0.1375,235.7725,0.0,0.0,,749.5699999999999,
2023-10-23 02:00:00,53.474999999999994,96.685,8.8475,13.565,22.4125,9.932500000000001,14.2425,0.595,69.225,0.3575,,,,0.2375,0.0975,17.32,100.0,0.1325,221.29000000000002,0.0,0.0,,749.5025,
2023-10-23 03:00:00,46.345,79.93,8.575,13.145,21.72,9.775,14.73,0.5675,67.9575,0.3425,,,,0.2325,0.09,17.134999999999998,100.0,0.14500000000000002,226.76,0.0,0.0,,749.3499999999999,
2023-10-23 04:00:00,46.427499999999995,78.83749999999999,7.8075,11.9725,19.785,9.8125,14.8475,0.56,69.31,0.3375,,,,0.225,0.09,16.82,100.0,0.1525,247.55,0.0,0.0,,749.4125,
2023-10-23 05:00:00,45.272499999999994,70.91250000000001,7.5975,11.6475,19.25,9.765,14.845,0.52,69.3475,0.315,,,,0.21,0.0825,16.5125,100.0,0.1575,250.2525,0.0,0.0,,749.7525,
2023-10-23 06:00:00,46.4825,70.775,7.3275,11.23,18.56,9.53,14.61,0.505,68.745,0.3025,,,,0.2025,0.08,16.6475,100.0,0.1275,221.1475,0.0,0.0,4.42,750.0,
2023-10-23 07:00:00,46.5775,69.8825,7.574999999999999,11.6125,19.19,9.6075,14.615,0.4625,66.13499999999999,0.2775,,,,0.19,0.07250000000000001,18.145,100.0,0.1125,189.3625,0.0,0.0,17.995,750.0,
2023-10-23 08:00:00,47.92,79.3475,7.35,11.2675,18.6175,9.567499999999999,15.0,0.46499999999999997,65.5125,0.2825,,,,0.19,0.07500000000000001,20.42,100.0,0.07250000000000001,129.1775,0.0,0.0,35.7775,750.0,
2023-10-23 09:00:00,50.1875,84.04,6.65,10.2,16.8475,9.465,15.0825,0.435,65.07,0.26,,,,0.175,0.07,23.43,88.935,0.0875,115.21000000000001,0.0,0.0,111.8175,750.0,
2023-10-23 10:00:00,41.5425,79.9675,6.42,9.8475,16.265,9.35,14.685,0.4225,66.3125,0.2525,,,,0.1675,0.0675,31.997500000000002,52.9225,0.1875,151.54,0.0,0.0,301.98,750.0,
2023-10-23 11:00:00,32.8875,76.14500000000001,6.08,9.3175,15.3925,9.370000000000001,14.715,0.3825,63.9475,0.2275,,,,0.15250000000000002,0.06,34.5625,44.8075,0.2575,206.4475,0.0,0.0,305.40999999999997,749.99,
2023-10-23 12:00:00,28.935000000000002,66.2525,6.092499999999999,9.3375,15.43,9.42,15.120000000000001,0.35,64.5025,0.21250000000000002,,,,0.14250000000000002,0.055,35.145,43.2475,0.2,155.515,0.0,0.0,278.25,749.4549999999999,
2023-10-23 13:00:00,31.0075,63.8275,5.9,9.045,14.945,9.2925,15.41,0.33,63.31,0.2,,,,0.135,0.05,35.0525,42.675,0.2425,188.8475,0.0,0.0,230.53,748.6,
2023-10-23 14:00:00,26.7125,58.177499999999995,5.7675,8.84,14.605,9.2375,15.2125,0.315,62.5225,0.1875,,,,0.1275,0.0475,35.15,43.17,0.165,169.795,0.0,0.0,159.945,748.1025,
2023-10-23 15:00:00,25.854999999999997,53.785000000000004,5.5275,8.475,14.0,9.265,14.975,0.2875,59.8,0.1725,,,,0.1175,0.0475,31.72,54.2225,0.1925,180.95749999999998,0.0,0.0,72.285,747.795,
2023-10-23 16:00:00,24.0075,52.405,5.32,8.16,13.48,9.13,14.43,0.27749999999999997,57.5625,0.165,,,,0.1125,0.045,26.23,74.23,0.1325,180.0725,0.0,0.0,14.620000000000001,747.725,
2023-10-23 17:00:00,25.155,51.887499999999996,5.5225,8.4675,13.9875,9.3925,14.9875,0.24,52.67,0.14500000000000002,,,,0.0975,0.04,22.89,84.745,0.05333333333333334,92.55666666666667,0.0,0.0,1.75,747.615,
2023-10-23 18:00:00,26.3275,50.915000000000006,5.7475000000000005,8.81,14.5575,9.2725,14.35,0.2525,68.3325,0.15,,,,0.1,0.04,20.7125,90.21000000000001,0.1075,185.44,0.0,0.0,,747.9975,
2023-10-23 19:00:00,29.060000000000002,54.8525,6.5175,9.99,16.51,9.4075,14.7225,0.27,74.7525,0.16,,,,0.11,0.0425,19.66,92.4175,0.14250000000000002,235.09,0.0,0.0,,748.505,
2023-10-23 20:00:00,44.3475,84.97,7.324999999999999,11.2325,18.56,9.58,14.9225,0.335,73.65,0.20500000000000002,,,,0.135,0.0525,19.0075,94.695,0.1625,227.57999999999998,0.0,0.0,,748.9025,
2023-10-23 21:00:00,52.807500000000005,94.2475,7.6325,11.7025,19.335,9.7375,14.8,0.41000000000000003,75.19,0.25,,,,0.16749999999999998,0.065,18.48,96.37,0.0975,161.98000000000002,0.0,0.0,,749.0975,
2023-10-23 22:00:00,54.5375,91.6275,8.3825,12.845,21.225,9.8125,14.9175,0.48,73.4575,0.2925,,,,0.1975,0.0775,18.105,97.8175,0.125,206.8075,0.0,0.0,,748.99,
2023-10-23 23:00:00,47.6375,85.7925,8.87,13.5975,22.475,9.91,14.68,0.56,72.0,0.3375,,,,0.2275,0.09,17.9125,98.8825,0.0875,148.88,0.0,0.0,,748.715,
2023-10-24 00:00:00,44.690000000000005,80.22749999999999,9.69,14.855,24.545,9.9575,15.974999999999998,0.615,67.26,0.3775,,,,0.2525,0.0975,17.81,99.83,0.165,240.5525,0.0,0.0,,748.71,
2023-10-24 01:00:00,45.5925,88.6225,9.809999999999999,15.0375,24.8475,10.17,15.225,0.7075,70.295,0.4225,,,,0.2875,0.1125,17.445,100.0,0.1175,209.67000000000002,0.0,0.0,,748.495,
2023-10-24 02:00:00,47.1525,77.80250000000001,9.6925,14.855,24.5475,10.1975,14.845,0.775,68.575,0.46,,,,0.315,0.1225,17.13,100.0,0.135,237.05,0.0,0.0,,748.1925,
2023-10-24 03:00:00,43.865,79.30000000000001,9.5125,14.5825,24.1,9.98,15.5,0.7925,69.11,0.47250000000000003,,,,0.325,0.1275,16.9175,100.0,0.14500000000000002,228.485,0.0,0.0,,747.9925000000001,
2023-10-24 04:00:00,44.519999999999996,73.005,9.155,14.035,23.189999999999998,9.977500000000001,14.8525,0.8,69.035,0.485,,,,0.33,0.13,16.7625,100.0,0.1375,235.635,0.0,0.0,,747.9200000000001,
2023-10-24 05:00:00,41.985,68.575,9.219999999999999,14.135,23.36,9.95,15.48,0.79,68.8725,0.47250000000000003,,,,0.325,0.125,16.65,100.0,0.1175,206.5675,0.0,0.0,,748.24,
2023-10-24 06:00:00,42.325,71.17750000000001,8.45,12.955,21.405,9.8325,15.0375,0.79,69.9025,0.47,,,,0.32,0.13,16.645,100.0,0.14250000000000002,232.2225,0.0,0.0,4.066666666666666,748.7775,
2023-10-24 07:00:00,44.334999999999994,70.325,8.379999999999999,12.845,21.2225,9.7375,15.33,0.75,68.875,0.445,,,,0.3075,0.12,18.259999999999998,100.0,0.13,223.695,0.0,0.0,16.36,749.4250000000001,
2023-10-24 08:00:00,42.587500000000006,68.65,8.6625,13.2775,21.939999999999998,9.7475,15.342500000000001,0.7275,58.6025,0.4375,,,,0.2975,0.11499999999999999,20.7225,100.0,0.07250000000000001,105.75,0.0,0.0,33.19,749.975,
2023-10-24 09:00:00,49.56,81.6375,8.3425,12.785,21.1275,9.5775,15.317499999999999,0.7224999999999999,69.6175,0.435,,,,0.295,0.1125,23.9125,88.2625,0.11,148.2125,0.0,0.0,115.925,750.0,
2023-10-24 10:00:00,48.035,100.73,7.15,10.96,18.11,9.55,15.2075,0.6025,66.355,0.3575,,,,0.2425,0.0975,32.665,50.32,0.1975,195.9475,0.0,0.0,303.9975,749.9925000000001,
2023-10-24 11:00:00,25.752499999999998,64.565,6.5175,9.99,16.5075,9.585,15.0875,0.4075,49.2375,0.245,,,,0.165,0.0625,34.8575,41.8125,0.225,197.91,0.0,0.0,305.0575,749.5925,
2023-10-24 12:00:00,22.065,50.260000000000005,6.4399999999999995,9.875,16.3175,9.379999999999999,14.89,0.3525,47.2475,0.21,,,,0.14250000000000002,0.055,35.769999999999996,40.275,0.225,185.0825,0.0,0.0,286.075,748.97,
2023-10-24 13:00:00,20.62,43.195,6.145,9.42,15.56,9.34,15.36,0.2975,48.1725,0.18,,,,0.1175,0.045,35.875,40.4975,0.21,183.5275,0.0,0.0,226.89000000000001,748.3675000000001,
2023-10-24 14:00:00,18.439999999999998,43.065,6.7325,10.3225,17.055,9.56,17.107499999999998,0.28500000000000003,44.79,0.1675,,,,0.11499999999999999,0.045,34.692499999999995,42.394999999999996,0.21000000000000002,204.9375,0.0,0.0,148.655,748.0225,
2023-10-24 15:00:00,16.845,44.3425,7.265,11.1375,18.4025,9.727500000000001,20.880000000000003,0.295,43.81,0.1775,,,,0.12,0.05,31.6275,52.8625,0.1625,175.01749999999998,0.0,0.0,71.0925,747.8,
2023-10-24 16:00:00,14.532499999999999,38.3925,5.425,8.32,13.745000000000001,9.27,19.2825,0.1625,32.695,0.0975,,,,0.065,0.025,26.2875,72.0175,0.1275,189.2075,0.0,0.0,12.227500000000001,747.6925,
2023-10-24 17:00:00,16.445,40.715,5.9575,9.135000000000002,15.09,9.435,15.6425,0.1475,37.495000000000005,0.0875,,,,0.06,0.02,22.5775,83.39,0.12000000000000001,204.22,0.0025,0.0025,1.15,747.8225,
2023-10-24 18:00:00,19.9425,39.22,6.115,9.375,15.49,9.275,14.265,0.155,51.915,0.0975,,,,0.0675,0.0275,20.525,90.4825,0.11750000000000001,195.39,0.0075,0.0075,,748.14,
2023-10-24 19:00:00,24.0625,55.39,6.715,10.2925,17.0075,9.4725,14.45,0.1875,58.4775,0.1125,,,,0.0775,0.03,19.5925,94.6125,0.1575,237.6225,0.0,0.0,,748.4875,
2023-10-24 20:00:00,39.349999999999994,80.4925,7.535,11.5525,19.0925,9.645,14.795,0.255,64.09,0.1575,,,,0.105,0.04,18.95,96.3675,0.15,208.465,0.0,0.0,,748.72,
2023-10-24 21:00:00,52.3675,96.7325,8.192499999999999,12.555,20.747500000000002,9.8325,14.915,0.33999999999999997,65.085,0.2025,,,,0.14,0.055,18.3825,97.64999999999999,0.10250000000000001,169.525,0.0,0.0,,748.825,
2023-10-24 22:00:00,61.989999999999995,102.3325,9.1675,14.0475,23.2125,10.03,14.7625,0.45,65.27250000000001,0.2725,,,,0.1825,0.07,17.92,98.4275,0.15,241.8975,0.0,0.0,,748.79,
2023-10-24 23:00:00,58.165,102.1525,9.842500000000001,15.09,24.9325,10.035,14.57,0.54,64.8875,0.3275,,,,0.22,0.08499999999999999,17.675,99.00999999999999,0.16749999999999998,242.09,0.0,0.0,,748.6025,
2023-10-25 00:00:00,45.07,83.625,9.6375,14.772499999999999,24.415,9.9875,14.415,0.5825,63.28,0.35,,,,0.2375,0.09,17.6675,99.2225,0.165,244.5375,0.0,0.0,,748.4575,
2023-10-25 01:00:00,41.3875,76.74000000000001,9.73,14.915,24.64,10.0,15.355,0.61,60.885,0.3675,,,,0.2475,0.0975,17.365,99.685,0.14500000000000002,204.6,0.0,0.0,,748.2525,
2023-10-25 02:00:00,43.3925,77.57,8.9575,13.73,22.695,10.1225,15.24,0.6325000000000001,65.5125,0.38,,,,0.2575,0.10250000000000001,17.0075,99.99,0.125,203.6775,0.0,0.0,,748.015,
2023-10-25 03:00:00,43.17,68.2175,8.3025,12.73,21.03,9.8225,14.6875,0.645,63.762499999999996,0.39,,,,0.2675,0.1,16.7775,100.0,0.16,247.4975,0.0,0.0,,748.0174999999999,
2023-10-25 04:00:00,39.5525,65.9125,8.6125,13.2025,21.8175,9.765,15.58,0.6125,63.2925,0.37,,,,0.25,0.1,16.5925,100.0,0.15000000000000002,243.37,0.0,0.0,,748.2025,
2023-10-25 05:00:00,37.82,65.14500000000001,7.91,12.125,20.0375,9.752500000000001,15.0275,0.5874999999999999,66.38499999999999,0.3475,,,,0.235,0.09,16.45,100.0,0.15000000000000002,234.4625,0.0,0.0,,748.685,
2023-10-25 06:00:00,37.19,60.935,8.01,12.2775,20.29,9.8125,15.85,0.5425,67.125,0.3225,,,,0.22,0.09,16.4375,100.0,0.1675,258.9625,0.0,0.0,3.4133333333333336,749.39,
2023-10-25 07:00:00,38.905,62.16,7.2225,11.07,18.295,9.5125,15.0375,0.5075000000000001,64.505,0.3025,,,,0.20500000000000002,0.08,17.927500000000002,100.0,0.125,206.515,0.0,0.0,14.6875,749.9425,
2023-10-25 08:00:00,33.9375,56.8975,7.285,11.165,18.45,9.535,14.46,0.485,58.455,0.2925,,,,0.1975,0.0775,20.7,99.955,0.1,144.465,0.0,0.0,34.7625,750.0,
2023-10-25 09:00:00,42.775,84.86749999999999,7.202500000000001,11.04,18.244999999999997,9.485,14.58,0.46499999999999997,62.92,0.2825,,,,0.1875,0.07500000000000001,25.01,72.97,0.155,186.9,0.0,0.0,113.84,750.0,
2023-10-25 10:00:00,35.125,78.745,6.5,9.962499999999999,16.46,9.405,14.91,0.4375,63.402499999999996,0.26,,,,0.175,0.07,33.34,47.07,0.2,185.715,0.0,0.0,303.46,750.0,
2023-10-25 11:00:00,32.96,75.5675,5.91,9.059999999999999,14.97,9.375,14.7075,0.3375,55.535000000000004,0.20750000000000002,,,,0.135,0.0525,35.3225,43.599999999999994,0.1375,83.2375,0.0,0.0,307.38,750.0,
2023-10-25 12:00:00,17.3175,46.6075,5.59,8.5675,14.1575,9.3875,14.85,0.2525,50.435,0.15,,,,0.10250000000000001,0.04,36.525,40.1025,0.28500000000000003,205.66,0.0,0.0,281.02,749.575,
2023-10-25 13:00:00,15.265,34.615,5.7125,8.7575,14.4725,9.317499999999999,14.879999999999999,0.2475,52.3075,0.14500000000000002,,,,0.1,0.04,36.760000000000005,39.505,0.3125,225.7825,0.0,0.0,235.985,748.8775,
2023-10-25 14:00:00,15.6925,39.725,5.615,8.605,14.22,9.485,15.0925,0.23249999999999998,54.115,0.14250000000000002,,,,0.095,0.04,36.1325,40.885000000000005,0.21000000000000002,191.0825,0.0,0.0,156.035,748.37,
2023-10-25 15:00:00,19.1725,37.22,5.3225,8.157499999999999,13.48,9.2975,14.98,0.225,52.6175,0.135,,,,0.095,0.0375,32.7675,52.1075,0.1925,188.8675,0.0,0.0,64.7875,748.03,
2023-10-25 16:00:00,20.265,41.845,5.2175,7.9975,13.2125,9.285,14.9975,0.22,50.895,0.135,,,,0.09,0.035,26.9675,73.175,0.1325,170.2925,0.0,0.0,11.477500000000001,747.9375,
2023-10-25 17:00:00,23.2025,42.29,5.26,8.065,13.32,9.197500000000002,15.0625,0.2025,52.085,0.1225,,,,0.0825,0.0325,23.7575,83.785,0.08,129.4025,0.0,0.0,1.7,748.0325,
2023-10-25 18:00:00,23.87,46.485,5.5525,8.51,14.0625,9.32,14.8025,0.2175,65.1075,0.14,,,,0.09,0.0375,21.54,88.22,0.12333333333333334,212.32000000000002,0.0,0.0,,748.2975,
2023-10-25 19:00:00,30.4475,61.655,6.1925,9.4925,15.6875,9.335,14.4775,0.2375,69.05,0.14500000000000002,,,,0.095,0.04,20.545,92.01,0.14250000000000002,221.1225,0.0,0.0,,748.7925,
2023-10-25 20:00:00,34.3825,72.9225,6.5075,9.98,16.485,9.3625,15.055,0.2775,72.3025,0.17,,,,0.1125,0.0425,19.8625,94.07,0.155,237.4075,0.0,0.0,,749.0775,
2023-10-25 21:00:00,45.06,83.3975,7.4325,11.3925,18.825,9.545,15.059999999999999,0.375,73.74249999999999,0.225,,,,0.1525,0.0625,19.6125,96.395,0.1675,244.01749999999998,0.0,0.0,,749.2325000000001,
2023-10-25 22:00:00,46.9475,87.35,8.5475,13.105,21.6525,9.675,15.1025,0.495,71.0625,0.3,,,,0.2,0.08,19.384999999999998,97.8575,0.1875,258.935,0.0,0.0,,749.1575,
2023-10-25 23:00:00,74.57249999999999,127.72,8.0775,12.3825,20.4625,9.7375,15.030000000000001,0.5475,73.675,0.33,,,,0.22,0.0875,19.03,98.395,0.18,251.63,0.0,0.0,,748.9225,
2023-10-26 00:00:00,76.58000000000001,117.465,7.8149999999999995,11.98,19.794999999999998,9.685,15.0475,0.56,75.60249999999999,0.3375,,,,0.225,0.09,18.275,98.9,0.1525,228.9325,0.0,0.0,,748.7049999999999,
2023-10-26 01:00:00,64.2975,101.0925,7.3575,11.2775,18.6325,9.5675,15.092500000000001,0.5475000000000001,75.8675,0.3325,,,,0.2225,0.0875,17.7425,99.445,0.165,254.015,0.0,0.0,,748.42,
2023-10-26 02:00:00,66.945,98.765,7.5125,11.5175,19.0325,9.715,14.9325,0.52,74.155,0.31,,,,0.21,0.08499999999999999,17.255,99.8475,0.1725,254.2725,0.0,0.0,,748.1324999999999,
2023-10-26 03:00:00,68.2075,99.2775,7.709999999999999,11.817499999999999,19.5275,9.6025,15.9525,0.485,68.935,0.2925,,,,0.195,0.0775,16.91,100.0,0.1625,246.91,0.0,0.0,,747.98,
2023-10-26 04:00:00,66.495,101.61500000000001,7.265,11.1375,18.4,9.605,15.2575,0.46,65.41499999999999,0.28,,,,0.19,0.07250000000000001,16.8125,100.0,0.1875,250.105,0.0,0.0,,748.06,
2023-10-26 05:00:00,67.7125,95.41250000000001,7.1575,10.975,18.134999999999998,9.61,14.1475,0.45,66.275,0.2725,,,,0.1825,0.07,16.3825,100.0,0.17,228.38,0.0,0.0,,748.4075,
2023-10-26 06:00:00,67.76,100.6,7.2375,11.092500000000001,18.330000000000002,9.64,15.2175,0.4275,67.22999999999999,0.2575,,,,0.17250000000000001,0.07,16.195,100.0,0.19,230.98000000000002,0.0,0.0,2.9633333333333334,748.9975,
2023-10-26 07:00:00,,109.97999999999999,7.1975,11.032499999999999,18.23,9.4925,14.120000000000001,0.4425,63.09,0.2625,,,,0.1775,0.07,17.5875,100.0,0.15,196.69,0.0,0.0,12.885,749.6,
2023-10-26 08:00:00,,122.8375,7.2725,11.15,18.425,9.504999999999999,15.035,0.4375,63.540000000000006,0.265,,,,0.18,0.07250000000000001,20.34,99.115,0.135,190.73,0.0,0.0,30.12,750.0,
2023-10-26 09:00:00,,145.9325,6.625,10.155,16.775,9.475,14.55,0.44,63.1725,0.265,,,,0.18,0.0675,24.7925,75.4825,0.155,165.4625,0.0,0.0,122.15,750.0,
2023-10-26 10:00:00,,120.6675,5.967499999999999,9.1475,15.115,9.355,14.825,0.4075,65.6125,0.24,,,,0.165,0.0675,33.082499999999996,48.38,0.19,153.5075,0.0,0.0,315.635,750.0,
2023-10-26 11:00:00,,105.67,6.345,9.73,16.072499999999998,9.4875,15.822500000000002,0.3225,58.65,0.1925,,,,0.13,0.052500000000000005,35.144999999999996,40.965,0.2825,213.0275,0.0,0.0,313.18,749.99,
2023-10-26 12:00:00,,124.2425,6.4325,9.8575,16.2925,9.49,15.927499999999998,0.305,59.46,0.185,,,,0.125,0.05,35.5325,40.24,0.29000000000000004,221.0075,0.0,0.0,279.555,749.48,
2023-10-26 13:00:00,,113.01249999999999,6.76,10.3625,17.13,9.6175,17.115000000000002,0.27,59.0775,0.1625,,,,0.1125,0.0425,36.0625,37.81,0.265,210.9275,0.0,0.0,228.825,748.75,
2023-10-26 14:00:00,,98.26,6.9,10.58,17.48,9.75,17.4875,0.2525,59.3775,0.1525,,,,0.10250000000000001,0.04,35.1625,40.81,0.235,164.83249999999998,0.0,0.0,142.7675,748.2275,
2023-10-26 15:00:00,40.11,93.8925,6.355,9.7375,16.0975,9.602500000000001,16.86,0.225,57.9625,0.1375,,,,0.0925,0.035,31.875,47.3875,0.16,182.1725,0.0,0.0,59.485,747.9000000000001,
2023-10-26 16:00:00,37.545,79.94250000000001,6.0425,9.265,15.307500000000001,9.55,16.002499999999998,0.22749999999999998,58.902499999999996,0.1375,,,,0.0925,0.035,26.130000000000003,64.9125,0.1375,153.715,0.0,0.0,11.3625,747.77,
2023-10-26 17:00:00,37.855,74.0775,6.575,10.08,16.6575,9.495000000000001,15.3725,0.2425,60.4325,0.14500000000000002,,,,0.1,0.04,22.43,74.945,0.09,140.96,0.0,0.0,0.9400000000000001,747.9125,
2023-10-26 18:00:00,40.84,77.9975,6.665,10.22,16.885,9.4725,14.8325,0.2625,67.7875,0.16,,,,0.11,0.0425,20.0,82.3125,0.1375,216.9725,0.0,0.0,,748.19,
2023-10-26 19:00:00,44.2575,93.98249999999999,7.54,11.56,19.105,9.48,14.77,0.3,69.8175,0.17750000000000002,,,,0.12,0.0475,18.9125,89.0775,0.08,134.45,0.0,0.0,,748.6800000000001,
2023-10-26 20:00:00,57.8125,117.79,8.8125,13.5125,22.3275,9.7975,14.7875,0.395,66.82249999999999,0.23500000000000001,,,,0.1625,0.06,18.494999999999997,86.3575,0.14250000000000002,202.62,0.0,0.0,,748.975,
2023-10-26 21:00:00,66.2075,125.4475,8.915,13.6675,22.5825,9.835,14.645,0.46,67.06,0.2775,,,,0.1875,0.07,18.2175,88.77250000000001,0.11499999999999999,200.54500000000002,0.0,0.0,,749.2725,
2023-10-26 22:00:00,60.695,107.6875,8.59,13.1675,21.759999999999998,9.815,14.7225,0.49,71.555,0.2975,,,,0.2,0.0775,17.5,91.5675,0.175,246.1225,0.0,0.0,,749.28,
2023-10-26 23:00:00,67.7025,111.72500000000001,8.7925,13.475,22.2675,9.8025,15.205,0.5025,69.2975,0.3025,,,,0.2025,0.08,17.195,92.39,0.1675,240.0725,0.0,0.0,,748.9425,
2023-10-27 00:00:00,68.4425,110.53,8.3975,12.872499999999999,21.27,9.6875,15.4125,0.51,66.72,0.3075,,,,0.20500000000000002,0.08,16.84,93.9175,0.1675,253.045,0.0,0.0,,748.505,
2023-10-27 01:00:00,65.49,103.5275,8.1325,12.465,20.5925,9.7525,15.0725,0.5,66.10249999999999,0.3025,,,,0.2025,0.08,16.215,96.4325,0.125,174.23,0.0,0.0,,748.0225,
2023-10-27 02:00:00,67.2025,104.79249999999999,7.93,12.155,20.0825,9.79,14.8875,0.47250000000000003,68.4775,0.2825,,,,0.19,0.07500000000000001,15.602500000000001,97.4425,0.07500000000000001,129.7375,0.0,0.0,,747.7075,
2023-10-27 03:00:00,67.81,96.9725,7.9775,12.23,20.2075,9.595,15.13,0.4525,65.03999999999999,0.2725,,,,0.185,0.07,15.2275,98.8275,0.13,207.9775,0.0,0.0,,747.73,
2023-10-27 04:00:00,68.775,101.5875,7.8675,12.0625,19.93,9.7125,14.89,0.4175,65.5075,0.2525,,,,0.17,0.065,14.925,99.485,0.17,249.6475,0.0,0.0,,747.8625,
2023-10-27 05:00:00,71.24,95.05,7.85,12.0375,19.895,9.8675,15.2625,0.40249999999999997,67.6175,0.2475,,,,0.165,0.065,14.692499999999999,99.965,0.1675,258.5625,0.0,0.0,,748.2175,
2023-10-27 06:00:00,66.875,95.1675,7.2925,11.18,18.4725,9.62,14.74,0.3825,64.51,0.2275,,,,0.155,0.0625,14.78,100.0,0.16,244.21749999999997,0.0,0.0,3.776666666666667,748.8325,
2023-10-27 07:00:00,68.465,95.2475,7.59,11.635,19.225,9.73,14.75,0.38,60.537499999999994,0.2275,,,,0.155,0.06,16.262500000000003,100.0,0.14500000000000002,213.51999999999998,0.0,0.0,14.120000000000001,749.3299999999999,
2023-10-27 08:00:00,74.94250000000001,119.84,7.82,11.9875,19.807499999999997,9.58,14.372499999999999,0.4075,62.63,0.245,,,,0.165,0.065,19.330000000000002,96.69749999999999,0.11,162.1125,0.0,0.0,31.695,749.8525,
2023-10-27 09:00:00,79.7025,145.995,7.8875,12.09,19.975,9.625,15.16,0.435,66.3025,0.26,,,,0.1775,0.07,24.3,72.49,0.08,124.305,0.0,0.0,129.125,750.0,
2023-10-27 10:00:00,80.67999999999999,151.405,7.39,11.325,18.7175,9.515,15.145,0.4325,66.3175,0.26,,,,0.1775,0.07,33.97,42.935,0.095,135.48,0.0,0.0,330.4375,750.0,
2023-10-27 11:00:00,64.7125,123.1525,6.365,9.7575,16.12,9.3825,14.6925,0.3875,61.2525,0.23,,,,0.155,0.0625,36.465,31.215,0.1175,126.3725,0.0,0.0,328.5275,749.85,
2023-10-27 12:00:00,24.295,65.7675,5.8425,8.9575,14.8025,9.342500000000001,15.7475,0.22999999999999998,46.065,0.1375,,,,0.095,0.0375,37.1625,26.395000000000003,0.21750000000000003,176.0125,0.0,0.0,303.025,749.155,
2023-10-27 13:00:00,18.972499999999997,52.464999999999996,5.6025,8.5875,14.195,9.217500000000001,16.122500000000002,0.15,47.43,0.0875,,,,0.0625,0.0225,37.67,26.7875,0.20500000000000002,169.405,0.0,0.0,245.81,748.475,
2023-10-27 14:00:00,22.0025,44.1725,5.33,8.1725,13.5025,9.3225,15.635,0.14750000000000002,50.2225,0.0875,,,,0.06,0.0225,35.8075,32.447500000000005,0.1625,166.95,0.0,0.0,130.945,747.9825000000001,
2023-10-27 15:00:00,21.310000000000002,56.019999999999996,5.51,8.445,13.9525,9.2925,15.5625,0.13,50.56,0.0825,,,,0.055,0.02,31.78,43.535,0.14500000000000002,165.05,0.0,0.0,51.3025,747.65,
2023-10-27 16:00:00,20.9425,45.775000000000006,5.5375,8.485,14.025,9.2975,15.412500000000001,0.1275,47.4,0.08,,,,0.055,0.02,25.365,63.629999999999995,0.11750000000000001,183.88,0.0,0.0,10.655,747.55,
2023-10-27 17:00:00,21.6725,41.6875,5.1825,7.9475,13.127500000000001,9.192499999999999,15.08,0.11499999999999999,48.56,0.0675,,,,0.0475,0.02,21.7175,71.6725,0.095,162.2075,0.0,0.0,1.45,747.6175000000001,
2023-10-27 18:00:00,23.927500000000002,49.2825,5.89,9.0225,14.91,9.335,14.875,0.11000000000000001,63.31,0.0625,,,,0.045,0.0175,19.4025,77.2375,0.0875,135.95,0.0,0.0,,747.9775,
2023-10-27 19:00:00,31.165,67.07249999999999,8.0275,12.299999999999999,20.3275,9.8325,14.955,0.185,68.8275,0.1125,,,,0.075,0.03,18.29,79.2675,0.14,239.04250000000002,0.0,0.0,,748.4025,
2023-10-27 20:00:00,49.115,98.53750000000001,12.3525,18.935000000000002,31.285,10.3325,14.692499999999999,0.37,65.10000000000001,0.2225,,,,0.15,0.06,17.9675,83.3375,0.125,194.60250000000002,0.0,0.0,,748.725,
2023-10-27 21:00:00,57.06,104.3075,13.04,19.9825,33.0175,10.6125,14.877500000000001,0.495,67.42,0.3,,,,0.2025,0.0825,17.7225,85.885,0.1225,161.5275,0.0,0.0,,748.9675,
2023-10-27 22:00:00,57.5325,97.0925,13.2125,20.252499999999998,33.4675,10.395,15.285,0.5825,64.39750000000001,0.35,,,,0.2375,0.095,17.27,87.63,0.12,182.815,0.0,0.0,,749.005,
2023-10-27 23:00:00,59.3625,100.3675,12.8,19.622500000000002,32.425,10.555,15.26,0.67,63.3875,0.4,,,,0.2725,0.1075,16.9225,90.3075,0.15000000000000002,208.375,0.0,0.0,,748.83,
2023-10-28 00:00:00,59.16,92.7575,12.325,18.89,31.2125,10.407499999999999,14.8125,0.7224999999999999,65.4125,0.43,,,,0.295,0.11499999999999999,16.495,93.14,0.13,189.0875,0.0,0.0,,748.645,
2023-10-28 01:00:00,50.0375,81.8425,11.215,17.185000000000002,28.4,10.36,15.4475,0.7175,66.0825,0.435,,,,0.295,0.11499999999999999,15.9625,95.88,0.08333333333333333,135.86333333333334,0.0,0.0,,748.3025,
2023-10-28 02:00:00,55.235,87.45750000000001,11.51,17.6425,29.155,10.3575,14.6525,0.7725,65.46000000000001,0.4625,,,,0.3175,0.1225,15.47,97.5,0.10750000000000001,192.1925,0.0,0.0,,748.04,
2023-10-28 03:00:00,58.815,92.52000000000001,12.9175,19.8,32.715,10.73,15.135,0.8175,64.9175,0.49,,,,0.3375,0.1325,15.2475,98.685,0.14,245.53750000000002,0.0,0.0,,747.8875,
2023-10-28 04:00:00,66.635,109.845,13.575,20.810000000000002,34.39,10.85,14.9575,0.8875,62.605000000000004,0.53,,,,0.36,0.14,15.2275,99.4475,0.1375,215.35999999999999,0.0,0.0,,748.06,
2023-10-28 05:00:00,69.8225,109.9025,13.16,20.17,33.335,10.8125,14.8575,0.8875,62.3375,0.5275000000000001,,,,0.3625,0.14,14.9475,99.935,0.1375,223.25750000000002,0.0,0.0,,748.5025,
2023-10-28 06:00:00,70.5375,102.215,11.235,17.225,28.4625,10.4125,14.8825,0.85,64.7025,0.5075000000000001,,,,0.34750000000000003,0.135,14.6775,100.0,0.14750000000000002,235.3225,0.0,0.0,3.4200000000000004,748.9725,
2023-10-28 07:00:00,68.0625,98.6025,10.05,15.405,25.455000000000002,10.1675,14.6875,0.7625,64.7775,0.455,,,,0.31,0.1225,15.954999999999998,100.0,0.1175,194.66,0.0,0.0,16.7825,749.705,
2023-10-28 08:00:00,71.21,102.02000000000001,9.025,13.835,22.8625,9.8675,14.567499999999999,0.71,65.42,0.425,,,,0.29,0.11499999999999999,19.1475,99.9825,0.14,220.6475,0.0,0.0,31.1975,750.0,
2023-10-28 09:00:00,88.745,137.5875,8.775,13.455,22.23,9.7275,14.6325,0.6799999999999999,60.325,0.405,,,,0.28,0.1075,23.7275,77.53,0.06666666666666667,92.95666666666666,0.0,0.0,121.1575,750.0,
2023-10-28 10:00:00,94.3175,164.135,7.94,12.17,20.11,9.6575,14.6375,0.64,65.03999999999999,0.3825,,,,0.2625,0.10500000000000001,33.0,44.68,0.0775,86.955,0.0,0.0,303.795,750.0,
2023-10-28 11:00:00,76.0725,134.695,7.41,11.3625,18.7775,9.61,15.6075,0.5675,63.675000000000004,0.3375,,,,0.22749999999999998,0.09,35.485,38.0775,0.14500000000000002,137.36,0.0,0.0,276.935,750.0,
2023-10-28 12:00:00,54.464999999999996,118.46000000000001,6.5375,10.02,16.557499999999997,9.515,16.1525,0.5075000000000001,64.4725,0.3075,,,,0.20500000000000002,0.08,35.405,35.245,0.14,132.52,0.0,0.0,250.335,749.755,
2023-10-28 13:00:00,46.0625,85.8675,6.0825,9.3275,15.4025,9.41,16.42,0.4575,61.39,0.27749999999999997,,,,0.1875,0.07500000000000001,35.5775,35.7825,0.2225,182.9025,0.0,0.0,218.0725,748.9775,
2023-10-28 14:00:00,38.692499999999995,71.295,5.775,8.855,14.629999999999999,9.3675,15.915000000000001,0.425,60.8475,0.2525,,,,0.1725,0.0675,34.425,38.230000000000004,0.10750000000000001,132.8725,0.0,0.0,103.865,748.425,
2023-10-28 15:00:00,36.0,57.347500000000004,5.69,8.725,14.4125,9.2725,15.715,0.3875,60.6175,0.2275,,,,0.155,0.057499999999999996,31.23,49.115,0.165,188.315,0.0,0.0,59.9875,748.2025,
2023-10-28 16:00:00,39.0825,64.515,5.5075,8.445,13.9525,9.1625,15.5225,0.355,59.835,0.21000000000000002,,,,0.14500000000000002,0.055,26.335,64.17,0.08,123.0625,0.0,0.0,23.1875,748.2125,
2023-10-28 17:00:00,34.4075,66.2475,5.865,8.995000000000001,14.8625,9.195,15.55,0.365,72.57,0.215,,,,0.1475,0.057499999999999996,22.315,74.4975,0.1325,220.0,0.0,0.0,1.535,748.4175,
2023-10-28 18:00:00,37.2675,71.00500000000001,6.71,10.282499999999999,16.995,9.36,15.4,0.355,75.24249999999999,0.21,,,,0.14250000000000002,0.055,19.985,82.2825,0.14750000000000002,236.0325,0.0,0.0,,748.8325,
2023-10-28 19:00:00,42.7125,82.6075,7.335,11.2475,18.585,9.525,15.385,0.355,75.195,0.21500000000000002,,,,0.14750000000000002,0.055,19.002499999999998,90.07249999999999,0.13,203.77,0.0,0.0,,749.2475,
2023-10-28 20:00:00,60.865,123.02,8.3425,12.7875,21.125,9.7475,15.355,0.41000000000000003,75.685,0.2475,,,,0.16999999999999998,0.065,18.38,91.8425,0.11750000000000001,190.57,0.0,0.0,,749.4825,
2023-10-28 21:00:00,89.07000000000001,163.6975,9.2125,14.1225,23.335,9.9975,15.0125,0.5275,76.59,0.3175,,,,0.2125,0.08499999999999999,17.93,94.125,0.1175,211.4675,0.0,0.0,,749.6275,
2023-10-28 22:00:00,92.115,153.2125,10.015,15.3525,25.37,9.9925,14.565,0.6725,73.8775,0.40249999999999997,,,,0.275,0.11,17.3675,95.745,0.10250000000000001,183.765,0.0,0.0,,749.5975,
2023-10-28 23:00:00,105.55499999999999,156.1075,9.965,15.272499999999999,25.235,10.135,15.4525,0.745,69.7875,0.445,,,,0.305,0.12,16.89,97.485,0.14750000000000002,238.29999999999998,0.0,0.0,,749.4225,
2023-10-29 00:00:00,96.5325,142.04500000000002,8.82,13.52,22.3375,9.9275,15.0475,0.7775000000000001,67.8725,0.4625,,,,0.315,0.1225,16.69,98.9125,0.1775,258.0825,0.0,0.0,,749.255,
2023-10-29 01:00:00,89.9025,125.61,8.567499999999999,13.1325,21.695,9.9475,15.405000000000001,0.745,69.96000000000001,0.4425,,,,0.3025,0.12,16.235,99.5075,0.145,224.71249999999998,0.0,0.0,,748.9825000000001,
2023-10-29 02:00:00,86.43,121.1925,9.485,14.54,24.025,10.06,15.06,0.7575000000000001,68.52000000000001,0.4525,,,,0.31,0.1225,16.2875,99.9525,0.1675,255.165,0.0,0.0,,748.705,
2023-10-29 03:00:00,93.465,144.695,12.1975,18.7,30.8975,10.5825,15.5625,0.8475,68.7675,0.51,,,,0.34750000000000003,0.135,16.43,100.0,0.16999999999999998,265.52250000000004,0.0,0.0,,748.71,
2023-10-29 04:00:00,90.89500000000001,138.0475,12.48,19.1325,31.612499999999997,10.657499999999999,15.040000000000001,0.9225,67.9625,0.5525,,,,0.375,0.1475,16.302500000000002,100.0,0.1575,242.415,0.0,0.0,,748.6724999999999,
2023-10-29 05:00:00,92.275,133.285,12.74,19.5275,32.265,10.7475,15.3775,0.9624999999999999,67.635,0.575,,,,0.3925,0.1525,16.205,100.0,0.175,255.4075,0.0,0.0,,748.855,
2023-10-29 06:00:00,88.0775,127.55499999999999,12.36,18.95,31.3075,10.6325,15.149999999999999,1.0,66.715,0.5974999999999999,,,,0.4075,0.16,16.4525,100.0,0.18,264.78249999999997,0.0,0.0,5.433333333333334,749.425,
2023-10-29 07:00:00,95.75,149.04749999999999,13.9,21.31,35.2125,10.9075,15.217500000000001,1.0475,67.52,0.6275,,,,0.4275,0.1675,17.145,100.0,0.1325,229.9675,0.0,0.0,15.64,749.965,
2023-10-29 08:00:00,98.875,145.7225,13.52,20.7325,34.254999999999995,10.7975,15.1525,1.0975000000000001,68.735,0.6575,,,,0.4475,0.1775,19.7,100.0,0.1125,186.575,0.0,0.0,34.042500000000004,750.0,
2023-10-29 09:00:00,116.39500000000001,169.435,14.24,21.8325,36.072500000000005,10.3575,15.1725,1.1424999999999998,61.847500000000004,0.685,,,,0.46499999999999997,0.1825,23.2325,93.41499999999999,0.0925,138.04,0.0,0.0,117.5475,750.0,
2023-10-29 10:00:00,139.45,227.0975,12.44,19.0625,31.505000000000003,10.309999999999999,15.235,1.1075,70.575,0.6675,,,,0.455,0.1775,31.7875,50.1875,0.1625,152.6525,0.0,0.0,268.99,750.0,
2023-10-29 11:00:00,112.6725,188.7,10.004999999999999,15.3375,25.3475,9.92,15.85,0.9975,72.1825,0.595,,,,0.40249999999999997,0.1575,34.95,38.015,0.17,174.8125,0.0,0.0,277.9225,750.0,
2023-10-29 12:00:00,73.91749999999999,130.355,8.1525,12.4925,20.6425,9.6975,15.645,0.885,69.485,0.525,,,,0.3575,0.14,35.5025,36.1225,0.1375,153.42499999999998,0.0,0.0,253.4525,749.8125,
2023-10-29 13:00:00,55.8475,105.54,7.324999999999999,11.2325,18.5575,9.657499999999999,16.0625,0.7749999999999999,66.19,0.45999999999999996,,,,0.3175,0.1225,35.4125,35.615,0.2025,173.505,0.0,0.0,211.0,749.1700000000001,
2023-10-29 14:00:00,46.32,93.05250000000001,6.625,10.1625,16.7875,9.4825,15.6225,0.6900000000000001,64.97999999999999,0.4175,,,,0.28500000000000003,0.1125,33.21,43.629999999999995,0.125,130.06,0.0,0.0,100.1675,748.6525,
2023-10-29 15:00:00,41.8725,79.535,6.2175,9.53,15.745000000000001,9.3925,15.504999999999999,0.6275,63.1625,0.37,,,,0.2525,0.0975,30.505,51.19,0.13,178.035,0.0,0.0,53.925,748.295,
2023-10-29 16:00:00,41.652499999999996,87.95,6.055,9.280000000000001,15.33,9.46,15.695,0.5725,64.435,0.34750000000000003,,,,0.23249999999999998,0.09,25.635,67.5275,0.1,144.195,0.0,0.0,11.157499999999999,748.2375,
2023-10-29 17:00:00,44.2825,79.88,6.24,9.567499999999999,15.805,9.442499999999999,15.34,0.575,74.7,0.345,,,,0.235,0.0925,21.4925,78.78999999999999,0.1125,192.2975,0.0,0.0,1.21,748.38,
2023-10-29 18:00:00,48.16,92.52,7.025,10.77,17.795,9.567499999999999,15.787500000000001,0.5425,77.29249999999999,0.33,,,,0.22,0.0875,19.3175,85.6125,0.0925,153.3775,0.0,0.0,,748.7175,
2023-10-29 19:00:00,63.2175,112.595,7.6475,11.719999999999999,19.3725,9.690000000000001,15.5825,0.5375000000000001,75.9075,0.3225,,,,0.215,0.08499999999999999,18.25,90.14500000000001,0.0925,164.70499999999998,0.0,0.0,,749.2075,
2023-10-29 20:00:00,81.3875,133.79250000000002,7.965,12.2075,20.1725,9.605,15.625,0.54,73.8675,0.3225,,,,0.215,0.08499999999999999,17.572499999999998,93.5475,0.13,227.7025,0.0,0.0,,749.5225,
2023-10-29 21:00:00,72.725,108.0025,7.485,11.475,18.9625,9.59,15.505,0.505,74.7775,0.305,,,,0.205,0.08,17.244999999999997,95.8925,0.125,234.54,0.0,0.0,,749.6075000000001,
2023-10-29 22:00:00,65.1575,97.84,7.305,11.2025,18.515,9.5425,15.035,0.4825,73.9025,0.29,,,,0.195,0.0775,16.805,97.72999999999999,0.11750000000000001,214.25,0.0,0.0,,749.6225,
2023-10-29 23:00:00,66.0375,95.8425,7.76,11.8975,19.66,9.72,16.002499999999998,0.47250000000000003,70.045,0.28500000000000003,,,,0.1925,0.07500000000000001,16.4525,98.6725,0.155,259.2075,0.0,0.0,,749.5625,
2023-10-30 00:00:00,82.41499999999999,128.10250000000002,7.5600000000000005,11.59,19.155,9.7075,15.182500000000001,0.52,68.8375,0.31,,,,0.2075,0.08,16.4425,99.3675,0.15500000000000003,249.3175,0.0,0.0,,749.3575000000001,
2023-10-30 01:00:00,87.6775,126.77250000000001,8.265,12.6675,20.9325,9.84,16.015,0.5775,68.4375,0.35,,,,0.2375,0.0925,16.005,99.8075,0.11,175.7875,0.0,0.0,,749.0625,
2023-10-30 02:00:00,115.12,155.82,7.9350000000000005,12.165,20.095,9.795,15.335,0.645,69.09,0.3875,,,,0.265,0.10500000000000001,15.6975,100.0,0.05666666666666667,96.27,0.0,0.0,,748.7425000000001,
2023-10-30 03:00:00,117.00750000000001,157.04500000000002,8.0725,12.3775,20.4475,9.8225,16.09,0.69,70.465,0.415,,,,0.2825,0.11,15.525,100.0,0.105,196.255,0.0,0.0,,748.6925,
2023-10-30 04:00:00,129.6625,167.2425,7.6375,11.71,19.349999999999998,9.782499999999999,15.26,0.725,68.3375,0.4375,,,,0.2975,0.1175,15.4975,100.0,0.12,223.6375,0.0,0.0,,748.835,
2023-10-30 05:00:00,131.07500000000002,168.20749999999998,9.1075,13.96,23.064999999999998,10.1475,15.44,0.7675,68.1925,0.4625,,,,0.315,0.1225,15.51,100.0,0.155,261.5475,0.0,0.0,,749.1899999999999,
2023-10-30 06:00:00,123.8875,171.4025,10.6475,16.32,26.97,10.395,15.305,0.8525,64.495,0.5125,,,,0.345,0.1375,15.8125,100.0,0.1075,164.72500000000002,0.0,0.0,3.6366666666666667,749.735,
2023-10-30 07:00:00,116.8025,156.12,10.5925,16.2425,26.8375,10.215,15.42,0.885,65.69,0.5275000000000001,,,,0.36,0.14250000000000002,17.0675,100.0,0.1375,222.9525,0.0,0.0,17.125,750.0,
2023-10-30 08:00:00,113.31,142.745,10.5575,16.182499999999997,26.7375,10.115,15.0525,0.925,67.735,0.5575,,,,0.38,0.14750000000000002,19.9525,100.0,0.0875,148.165,0.0,0.0,34.7725,750.0,
2023-10-30 09:00:00,134.3175,195.5075,14.6375,22.44,37.0775,10.1125,15.0175,1.0550000000000002,60.485,0.63,,,,0.43,0.1675,23.3125,93.83,0.0725,89.4925,0.0,0.0,98.7775,750.0,
2023-10-30 10:00:00,145.02249999999998,239.7825,12.5425,19.2275,31.77,10.17,15.005,1.045,70.735,0.6275,,,,0.4275,0.17,31.115000000000002,57.9775,0.0975,113.97749999999999,0.0,0.0,251.10750000000002,750.0,
2023-10-30 11:00:00,131.35000000000002,210.975,13.265,20.335,33.6,10.71,15.5525,0.975,64.0825,0.58,,,,0.395,0.155,33.417500000000004,49.87,0.0925,120.995,0.0,0.0,244.0025,750.0,
2023-10-30 12:00:00,73.2525,173.6125,12.76,19.5575,32.315,10.8525,16.39,0.7975000000000001,60.269999999999996,0.4775,,,,0.325,0.1275,34.845,43.9525,0.08249999999999999,101.645,0.0,0.0,232.405,749.9525,
2023-10-30 13:00:00,48.7775,147.535,10.27,15.7425,26.0125,10.14,16.6575,0.7625,64.215,0.4525,,,,0.315,0.1225,35.1525,41.4775,0.11,141.89999999999998,0.0,0.0,196.115,749.34,
2023-10-30 14:00:00,40.052499999999995,135.0475,8.6225,13.22,21.84,9.9475,16.8925,0.675,60.6475,0.4075,,,,0.2775,0.1075,33.99,45.135,0.095,136.78,0.0,0.0,105.31,748.8075,
2023-10-30 15:00:00,34.0225,117.195,7.835,12.0075,19.845,9.715,16.985,0.605,55.665,0.3675,,,,0.2525,0.095,29.865,59.975,0.1275,175.65,0.0,0.0,40.68,748.5225,
2023-10-30 16:00:00,33.4725,106.63749999999999,7.145,10.9525,18.1,9.6575,16.46,0.5675,55.792500000000004,0.3425,,,,0.23,0.09,25.3875,75.0275,0.14,218.2875,0.0,0.0,11.965,748.4625,
2023-10-30 17:00:00,32.92,103.965,7.3175,11.217500000000001,18.535,9.5775,16.515,0.54,63.425,0.3225,,,,0.22,0.09,22.052500000000002,84.93,0.1,175.11,0.0,0.0,1.07,748.7025,
2023-10-30 18:00:00,35.6,108.075,7.4225,11.3775,18.802500000000002,9.5425,16.822499999999998,0.53,70.6725,0.3175,,,,0.2125,0.08499999999999999,19.765,90.705,0.11750000000000001,193.835,0.0,0.0,,749.1375,
2023-10-30 19:00:00,44.4075,119.29,7.734999999999999,11.855,19.5875,9.6725,16.612499999999997,0.515,70.175,0.3075,,,,0.2075,0.08,18.7375,92.8875,0.08499999999999999,154.58249999999998,0.0,0.0,,749.7149999999999,
2023-10-30 20:00:00,51.2775,119.265,7.75,11.885,19.634999999999998,9.7125,16.47,0.5025,67.02250000000001,0.3025,,,,0.20500000000000002,0.08,18.2725,96.17750000000001,0.115,203.82999999999998,0.0,0.0,,749.99,
2023-10-30 21:00:00,61.1725,136.25,7.99,12.2475,20.2425,9.754999999999999,16.2875,0.545,67.0125,0.3275,,,,0.2225,0.0875,18.03,97.775,0.1325,235.83,0.0,0.0,,750.0,
2023-10-30 22:00:00,93.92999999999999,175.1325,8.9775,13.7625,22.740000000000002,9.8975,16.4275,0.6625,67.35249999999999,0.4,,,,0.27,0.1075,17.895,98.8925,0.13,225.2775,0.0,0.0,,750.0,
2023-10-30 23:00:00,112.20750000000001,198.6025,8.9925,13.7825,22.7775,10.052499999999998,16.4425,0.77,67.5275,0.4625,,,,0.3125,0.1225,17.634999999999998,99.505,0.1375,240.6625,0.0,0.0,,750.0,
2023-10-31 00:00:00,102.7825,176.7875,8.65,13.265,21.9125,9.98,15.9375,0.84,68.88,0.5,,,,0.3425,0.1325,17.2725,99.935,0.1525,249.8,0.0,0.0,,750.0,
2023-10-31 01:00:00,112.1975,193.16250000000002,8.905000000000001,13.6525,22.56,9.9175,16.5925,0.875,65.3225,0.525,,,,0.36,0.14,17.14,100.0,0.13,244.45749999999998,0.0,0.0,,749.9825000000001,
2023-10-31 02:00:00,101.96249999999999,172.315,8.395,12.87,21.26,10.0475,16.2975,0.885,66.8925,0.5275000000000001,,,,0.36,0.14,16.8325,100.0,0.14250000000000002,243.4025,0.0,0.0,,749.8175,
2023-10-31 03:00:00,101.30000000000001,172.32,8.74,13.3925,22.1325,10.0225,17.2125,0.88,66.725,0.5275000000000001,,,,0.36,0.14,16.5225,100.0,0.165,244.8525,0.0,0.0,,749.8375,
2023-10-31 04:00:00,97.4425,157.9625,8.317499999999999,12.75,21.0675,9.935,16.2925,0.8474999999999999,67.2,0.5125,,,,0.345,0.1375,16.35,100.0,0.1675,255.8025,0.0,0.0,,749.8775,
2023-10-31 05:00:00,91.4275,154.8275,8.4875,13.015,21.5025,9.945,17.0125,0.8275,66.855,0.495,,,,0.335,0.1325,16.21,100.0,0.060000000000000005,111.865,0.0,0.0,,750.0,
2023-10-31 06:00:00,88.0375,147.2075,8.145,12.4825,20.63,9.8825,16.1675,0.81,66.92750000000001,0.485,,,,0.33,0.13,16.1475,100.0,0.0575,93.325,0.0,0.0,3.3833333333333333,750.0,
2023-10-31 07:00:00,88.6625,152.6375,8.7725,13.45,22.22,10.0325,16.445,0.7825,66.09,0.46499999999999997,,,,0.32,0.1225,17.377499999999998,100.0,0.155,246.9325,0.0,0.0,18.2175,750.0,
2023-10-31 08:00:00,84.505,140.47750000000002,8.665000000000001,13.285,21.9525,9.9375,15.8675,0.78,63.9075,0.4625,,,,0.32,0.1225,20.2775,100.0,0.1275,208.4425,0.0,0.0,35.6325,750.0,
2023-10-31 09:00:00,97.985,164.175,9.365,14.3575,23.72,9.8275,15.9925,0.7925,62.945,0.4775,,,,0.3275,0.1275,22.85,94.2375,0.14750000000000002,190.1325,0.0,0.0,102.16499999999999,750.0,
2023-10-31 10:00:00,86.745,191.685,7.8,11.9575,19.759999999999998,9.615,16.21,0.7324999999999999,66.93249999999999,0.4375,,,,0.3025,0.12,30.975,54.7625,0.1,133.6275,0.0,0.0,273.8,750.0,
2023-10-31 11:00:00,54.652499999999996,149.71,6.84,10.48,17.322499999999998,9.56,15.9925,0.6825,65.325,0.41,,,,0.28250000000000003,0.11,34.045,44.722500000000004,0.1625,163.04500000000002,0.0275,0.0275,276.5275,750.0,
2023-10-31 12:00:00,44.0975,131.1975,6.8325,10.475,17.310000000000002,9.5475,16.2625,0.6275,61.885,0.3825,,,,0.2575,0.1,35.12,42.7775,0.1275,148.41,0.0025,0.0025,253.58999999999997,750.0,
2023-10-31 13:00:00,39.025,126.22999999999999,6.6325,10.17,16.802500000000002,9.56,16.67,0.49,53.575,0.2925,,,,0.1975,0.07500000000000001,35.7375,40.3725,0.185,205.225,0.0,0.0,182.5275,750.0,
2023-10-31 14:00:00,41.955,117.545,6.635,10.175,16.8125,9.629999999999999,16.7025,0.4475,52.5575,0.27,,,,0.1825,0.07,33.957499999999996,45.894999999999996,0.155,203.4175,0.0,0.0,93.2925,749.9225,
2023-10-31 15:00:00,40.9225,115.34,6.5075,9.975,16.485,9.4725,16.555,0.4425,56.57,0.2625,,,,0.175,0.07,30.3925,58.29,0.115,167.72,0.0,0.0,36.0,749.625,
2023-10-31 16:00:00,40.88,112.6,6.1850000000000005,9.475,15.66,9.395,16.067500000000003,0.4175,54.185,0.2525,,,,0.17250000000000001,0.07,25.7275,77.0125,0.12,193.445,0.0,0.0,16.805,749.62,
2023-10-31 17:00:00,38.045,104.9775,6.1875,9.4825,15.67,9.38,15.91,0.405,59.5525,0.24,,,,0.1625,0.0675,22.6975,85.2125,0.0975,142.51999999999998,0.0,0.0,1.72,749.7775,
2023-10-31 18:00:00,37.7375,102.82,6.3625,9.754999999999999,16.119999999999997,9.3225,15.9275,0.42,64.005,0.2525,,,,0.17,0.0675,21.1025,92.6775,0.125,213.12,0.0,0.0,,749.9925000000001,
2023-10-31 19:00:00,84.845,168.93,7.095,10.8725,17.965,9.55,16.28,0.7675,65.6825,0.46749999999999997,,,,0.3175,0.1225,20.0775,95.6525,0.14250000000000002,236.85,0.0,0.0,,750.0,
2023-10-31 20:00:00,153.7525,224.3875,6.9975000000000005,10.7325,17.7375,9.5775,16.29,0.88,66.74000000000001,0.5275000000000001,,,,0.36,0.14250000000000002,19.355,97.775,0.1475,231.625,0.0,0.0,,750.0,
2023-10-31 21:00:00,152.73,229.6775,7.0,10.7325,17.735,9.5775,16.2975,1.0875000000000001,66.2175,0.6525000000000001,,,,0.44,0.175,18.744999999999997,98.92,0.065,106.89750000000001,0.0,0.0,,750.0,
2023-10-31 22:00:00,133.3625,198.77,7.2175,11.06,18.28,9.66,15.92,1.165,66.6925,0.705,,,,0.475,0.1875,18.122500000000002,99.54249999999999,0.1275,220.025,0.0,0.0,,750.0,
2023-10-31 23:00:00,132.5825,203.3375,7.475,11.46,18.9325,9.6625,16.6475,1.2,66.935,0.7175,,,,0.4875,0.1925,17.715,99.9375,0.135,240.4125,0.0,0.0,,750.0,
2023-11-01 00:00:00,109.69749999999999,177.9475,7.5525,11.5775,19.1275,9.77,16.6775,1.22,62.427499999999995,0.7324999999999999,,,,0.495,0.195,18.04,100.0,0.1375,238.7,0.0,0.0,,750.0,
2023-11-01 01:00:00,116.545,182.8525,7.41,11.3575,18.765,9.86,16.7675,1.2125,62.485,0.7275,,,,0.4925,0.1925,18.0425,100.0,0.13,221.175,0.0,0.0,,750.0,
2023-11-01 02:00:00,109.81,170.9975,7.555,11.575,19.1275,9.84,16.98,1.2275,63.654999999999994,0.7375,,,,0.5,0.1975,17.6025,100.0,0.1525,257.015,0.0,0.0,,750.0,
2023-11-01 03:00:00,137.35999999999999,201.36,7.7075,11.809999999999999,19.515,9.925,17.0125,1.2525,62.7825,0.75,,,,0.51,0.2,17.619999999999997,100.0,0.1325,225.79250000000002,0.0,0.0,,750.0,
2023-11-01 04:00:00,118.7475,183.26250000000002,7.535,11.55,19.08,9.7925,16.715,1.2175,62.43,0.7275,,,,0.4925,0.195,17.555,100.0,0.115,193.18,0.0,0.0,,750.0,
2023-11-01 05:00:00,109.85249999999999,168.1525,7.395,11.335,18.725,9.7425,16.2325,1.1675,60.725,0.6975,,,,0.4725,0.1875,17.475,100.0,0.11499999999999999,181.67000000000002,0.0,0.0,,750.0,
2023-11-01 06:00:00,100.37,161.98000000000002,7.5075,11.51,19.0225,9.754999999999999,16.855,1.0925,58.905,0.6575,,,,0.4425,0.175,17.73,100.0,0.1225,193.7325,0.0,0.0,6.87,750.0,
2023-11-01 07:00:00,94.0225,156.93,7.3525,11.265,18.62,9.8,16.134999999999998,1.0225,56.8825,0.615,,,,0.4175,0.165,19.2525,100.0,0.14,192.1975,0.0,0.0,28.94,750.0,
2023-11-01 08:00:00,83.675,147.63750000000002,7.7,11.8025,19.5025,9.682500000000001,15.932500000000001,1.005,59.345,0.6,,,,0.41,0.16,21.740000000000002,100.0,0.115,157.63,0.0,0.0,42.9775,750.0,
2023-11-01 09:00:00,114.08,199.4475,7.525,11.54,19.067500000000003,9.535,16.01,0.9349999999999999,58.535000000000004,0.5625,,,,0.385,0.1475,25.86,83.85,0.11,123.855,0.0,0.0,94.155,750.0,
2023-11-01 10:00:00,83.4275,176.425,6.625,10.155,16.7775,9.535,16.77,0.765,53.9475,0.455,,,,0.31,0.1225,32.5425,56.0725,0.125,104.75999999999999,0.0,0.0,280.3175,750.0,
2023-11-01 11:00:00,57.005,128.5575,6.125,9.39,15.515,9.5925,17.43,0.40750000000000003,40.695,0.23750000000000002,,,,0.1625,0.0625,34.667500000000004,46.165,0.185,135.1175,0.0,0.0,278.35249999999996,750.0,
2023-11-01 12:00:00,36.9,107.72749999999999,5.995,9.19,15.185,9.4225,17.0075,0.3975,44.1775,0.2375,,,,0.16,0.0625,35.9275,43.3775,0.1525,177.65,0.0,0.0,255.3425,750.0,
2023-11-01 13:00:00,31.195,103.625,6.13,9.397499999999999,15.5275,9.545,16.85,0.3625,39.807500000000005,0.2175,,,,0.14500000000000002,0.06,35.65,42.355000000000004,0.1775,184.75,0.0,0.0,198.75,749.98,
2023-11-01 14:00:00,27.2975,89.325,5.7675,8.84,14.605,9.42,17.035,0.305,40.45,0.185,,,,0.1225,0.0475,33.832499999999996,48.195,0.14,174.71,0.0,0.0,77.0275,749.675,
2023-11-01 15:00:00,21.895,86.4075,5.635,8.635,14.2675,9.3175,16.5325,0.305,47.8475,0.185,,,,0.125,0.05,30.8575,59.145,0.175,235.8825,0.0,0.0,39.0025,749.3575,
2023-11-01 16:00:00,26.965,81.47999999999999,5.3500000000000005,8.2,13.55,9.3275,16.155,0.2975,51.54,0.18,,,,0.1225,0.05,26.5,75.1925,0.13,195.8075,0.0,0.0,11.9825,749.2725,
2023-11-01 17:00:00,26.485,80.5,5.465,8.377500000000001,13.8425,9.3375,16.057499999999997,0.315,59.599999999999994,0.1925,,,,0.13,0.05,23.02,83.2425,0.14,208.9475,0.0,0.0,0.87,749.3125,
2023-11-01 18:00:00,37.26,92.61999999999999,6.14,9.415,15.55,9.395,16.045,0.3325,62.935,0.20500000000000002,,,,0.135,0.052500000000000005,21.0925,91.6575,0.14,239.89,0.0,0.0,,749.6675,
2023-11-01 19:00:00,42.3175,109.78,6.63,10.17,16.8,9.555,16.285,0.3825,63.8625,0.22999999999999998,,,,0.155,0.0625,20.205,94.5325,0.1475,234.415,0.0,0.0,,749.985,
2023-11-01 20:00:00,48.835,130.21499999999997,6.8149999999999995,10.445,17.2625,9.56,16.5575,0.425,65.785,0.255,,,,0.175,0.0675,19.72,97.07000000000001,0.1375,220.78,0.0,0.0,,750.0,
2023-11-01 21:00:00,46.64,115.04,6.79,10.4125,17.2025,9.515,16.435,0.4575,66.4325,0.275,,,,0.185,0.07,19.16,98.1075,0.16999999999999998,257.9025,0.0,0.0,,750.0,
2023-11-01 22:00:00,49.0475,113.515,6.815,10.4475,17.2625,9.5525,16.2,0.4825,66.0375,0.29,,,,0.1975,0.08,18.675,98.87,0.05500000000000001,89.2075,0.0,0.0,,750.0,
2023-11-01 23:00:00,51.165,105.0125,6.699999999999999,10.27,16.97,9.615,16.0275,0.4925,67.38,0.3,,,,0.205,0.0775,18.36,99.4675,0.1075,188.4975,0.0,0.0,,750.0,
2023-11-02 00:00:00,53.67,112.0775,7.1375,10.945,18.085,9.682500000000001,16.5125,0.4875,65.43,0.2975,,,,0.2,0.08,18.03,99.92,0.135,231.2375,0.0,0.0,,750.0,
2023-11-02 01:00:00,61.5225,116.1775,7.18,11.004999999999999,18.1825,9.76,16.634999999999998,0.5225,63.1025,0.315,,,,0.21,0.0825,17.785,100.0,0.155,257.115,0.0,0.0,,749.9075,
2023-11-02 02:00:00,61.269999999999996,114.6625,7.015,10.752500000000001,17.77,9.64,16.535,0.5525,63.0125,0.3325,,,,0.2225,0.09,17.712500000000002,100.0,0.14500000000000002,237.79500000000002,0.0,0.0,,749.8050000000001,
2023-11-02 03:00:00,60.98,112.35249999999999,6.922499999999999,10.61,17.5275,9.685,16.46,0.5549999999999999,63.762499999999996,0.33,,,,0.2225,0.0875,17.4125,100.0,0.165,252.1125,0.0,0.0,,749.5825,
2023-11-02 04:00:00,63.400000000000006,113.5725,6.975,10.69,17.6625,9.64,16.8525,0.565,61.38,0.3425,,,,0.23,0.09,17.4075,100.0,0.1525,263.975,0.0,0.0,,749.6075000000001,
2023-11-02 05:00:00,59.035,112.395,7.6575,11.7375,19.4,9.7525,16.85,0.5575,62.6525,0.335,,,,0.225,0.09,17.177500000000002,100.0,0.15,255.195,0.0,0.0,,749.7725,
2023-11-02 06:00:00,56.44,105.6975,8.1675,12.5225,20.689999999999998,9.8825,16.945,0.5650000000000001,61.4525,0.3425,,,,0.2275,0.09,17.07,100.0,0.1575,257.425,0.0,0.0,3.7433333333333336,749.995,
2023-11-02 07:00:00,57.2275,106.3175,7.9575,12.2,20.1575,9.785,16.372500000000002,0.5625,61.4725,0.33999999999999997,,,,0.225,0.09,18.29,100.0,0.1375,227.54250000000002,0.0,0.0,19.1725,750.0,
2023-11-02 08:00:00,77.915,156.3975,7.972499999999999,12.219999999999999,20.1925,9.8,17.169999999999998,0.6025,60.449999999999996,0.365,,,,0.245,0.095,20.939999999999998,100.0,0.10750000000000001,169.23000000000002,0.0,0.0,36.7725,750.0,
2023-11-02 09:00:00,74.495,132.1475,7.46,11.4375,18.8975,9.51,16.7325,0.6225,58.58,0.375,,,,0.255,0.1,23.8625,94.0125,0.1025,130.975,0.0,0.0,96.005,750.0,
2023-11-02 10:00:00,71.91,162.635,8.585,13.1625,21.745,9.5525,16.49,0.6575,61.335,0.3975,,,,0.27,0.1075,31.47,57.385000000000005,0.1375,138.7525,0.0,0.0,261.21500000000003,750.0,
2023-11-02 11:00:00,62.235,161.4075,7.66,11.745,19.4075,9.53,15.8475,0.6125,58.7725,0.37,,,,0.2525,0.0975,34.8025,46.0775,0.20500000000000002,205.3875,0.0,0.0,273.4275,750.0,
2023-11-02 12:00:00,31.9775,103.7525,7.025,10.7675,17.795,9.532499999999999,16.4275,0.5375,53.2,0.3175,,,,0.2125,0.08499999999999999,35.347500000000004,41.815,0.195,156.295,0.0,0.0,245.64999999999998,749.7375,
2023-11-02 13:00:00,22.1625,94.5425,6.59,10.1,16.6925,9.385,16.5225,0.5175000000000001,55.855000000000004,0.3125,,,,0.20750000000000002,0.0825,33.555,47.905,0.155,195.51,0.0,0.0,121.1925,749.0675,
2023-11-02 14:00:00,27.5775,95.65,6.1475,9.425,15.5725,9.3475,16.445,0.49,55.987500000000004,0.2975,,,,0.2,0.08,32.99,52.620000000000005,0.1,143.335,0.0,0.0,91.2225,748.715,
2023-11-02 15:00:00,22.457500000000003,96.4225,5.9399999999999995,9.1025,15.04,9.379999999999999,16.36,0.4375,53.5,0.2625,,,,0.175,0.07,30.265,59.2125,0.09,123.935,0.0,0.0,40.21,748.4975,
2023-11-02 16:00:00,21.450000000000003,85.1675,6.165,9.4475,15.61,9.4275,16.6525,0.385,44.5925,0.23,,,,0.155,0.0625,25.87,73.555,0.0875,137.4075,0.0,0.0,12.345,748.275,
2023-11-02 17:00:00,24.322499999999998,83.66,6.27,9.61,15.88,9.425,16.51,0.35,46.715,0.2075,,,,0.14250000000000002,0.055,22.494999999999997,83.51,0.09,150.4475,0.0,0.0,1.2,748.25,
2023-11-02 18:00:00,19.9075,88.0375,6.5325,10.015,16.5425,9.442499999999999,17.085,0.345,57.2625,0.20500000000000002,,,,0.1375,0.055,20.384999999999998,87.7475,0.1275,193.70499999999998,0.0,0.0,,748.4175,
2023-11-02 19:00:00,22.439999999999998,84.94,7.3925,11.335,18.729999999999997,9.5925,16.8025,0.3875,60.1575,0.235,,,,0.1575,0.0625,19.485,92.835,0.14250000000000002,209.865,0.0,0.0,,748.5899999999999,
2023-11-02 20:00:00,46.435,125.32,8.5125,13.0425,21.552500000000002,9.9025,16.8875,0.4775,62.7825,0.29000000000000004,,,,0.195,0.0775,18.877499999999998,94.85249999999999,0.1075,173.4,0.0,0.0,,748.6424999999999,
2023-11-02 21:00:00,57.3775,143.88750000000002,9.9775,15.295,25.275,10.155,16.627499999999998,0.6525,64.0925,0.395,,,,0.2675,0.10500000000000001,18.7225,97.345,0.055,98.995,0.0,0.0,,748.74,
2023-11-02 22:00:00,58.425000000000004,144.7425,11.807500000000001,18.1025,29.9125,10.42,16.4875,0.925,61.82,0.5625,,,,0.3825,0.15,18.572499999999998,98.925,0.085,151.1025,0.0,0.0,,748.81,
2023-11-02 23:00:00,80.52250000000001,173.535,13.967500000000001,21.415,35.3825,10.709999999999999,16.0875,1.2475,60.7,0.7575000000000001,,,,0.515,0.2025,18.475,99.745,0.10500000000000001,193.92499999999998,0.0,0.0,,748.49,
2023-11-03 00:00:00,86.1325,170.3375,15.094999999999999,23.137500000000003,38.230000000000004,10.8925,17.065,1.525,57.685,0.925,,,,0.63,0.2475,18.3075,100.0,0.14500000000000002,231.34499999999997,0.0,0.0,,748.085,
2023-11-03 01:00:00,89.61749999999999,178.57,15.935,24.4275,40.365,11.145,17.045,1.7875,54.7375,1.0825,,,,0.735,0.29,18.2225,100.0,0.12250000000000001,179.0075,0.0,0.0,,747.8725,
2023-11-03 02:00:00,90.00999999999999,171.7825,14.657499999999999,22.47,37.1275,10.8925,16.3,1.9,58.6425,1.1375,,,,0.775,0.3025,17.8375,100.0,0.14750000000000002,233.9075,0.0,0.0,,747.6075000000001,
2023-11-03 03:00:00,93.395,162.995,14.05,21.54,35.59,10.8325,17.035,1.89,55.045,1.1324999999999998,,,,0.775,0.3025,17.525,100.0,0.165,232.10000000000002,0.0,0.0,,747.52,
2023-11-03 04:00:00,91.8325,158.5525,12.3825,18.9775,31.3575,10.629999999999999,16.9,1.8825,59.965,1.1275,,,,0.77,0.3,17.325,100.0,0.15,242.2375,0.0,0.0,,747.585,
2023-11-03 05:00:00,107.025,172.43,14.52,22.259999999999998,36.775,10.7975,17.2975,1.8925,58.5975,1.1324999999999998,,,,0.7725,0.3025,17.3075,100.0,0.155,248.5525,0.0,0.0,,747.9825,
2023-11-03 06:00:00,95.9125,157.83,13.215,20.255,33.4675,10.815,17.0825,1.85,62.1475,1.11,,,,0.755,0.295,17.060000000000002,100.0,0.15000000000000002,242.0525,0.0,0.0,3.1366666666666667,748.4449999999999,
2023-11-03 07:00:00,77.9975,138.11,11.9925,18.3825,30.375,10.4875,16.6075,1.72,60.6,1.03,,,,0.7,0.275,18.0475,100.0,0.1325,195.17000000000002,0.0,0.0,18.905,748.9449999999999,
2023-11-03 08:00:00,67.9,135.81,11.6175,17.8125,29.432499999999997,10.25,16.2875,1.5875,58.504999999999995,0.9475,,,,0.6425000000000001,0.2525,20.322499999999998,100.0,0.1725,231.23250000000002,0.0,0.0,36.555,749.4625,
2023-11-03 09:00:00,91.715,174.3025,10.525,16.14,26.6675,10.11,16.2725,1.395,57.792500000000004,0.835,,,,0.5675,0.225,23.3125,85.705,0.1725,178.26500000000001,0.0,0.0,86.14250000000001,749.76,
2023-11-03 10:00:00,73.6425,173.9175,9.135,14.0075,23.1425,9.8,16.3975,1.2725,60.542500000000004,0.765,,,,0.52,0.20500000000000002,31.145,52.97,0.2025,201.1875,0.0,0.0,260.03499999999997,749.4275,
2023-11-03 11:00:00,74.08749999999999,162.8575,10.1325,15.530000000000001,25.66,10.555,17.11,0.74,44.75,0.4325,,,,0.29500000000000004,0.115,33.3975,45.9025,0.22,193.8625,0.0,0.0,264.7825,748.865,
2023-11-03 12:00:00,59.6175,144.4375,7.734999999999999,11.865,19.6,10.1075,17.5425,0.425,41.902499999999996,0.255,,,,0.16999999999999998,0.0675,34.33,42.06,0.345,209.4025,0.0,0.0,242.5775,748.1025,
2023-11-03 13:00:00,38.290000000000006,114.775,7.5,11.4925,18.9975,9.7,17.525,0.395,41.995,0.2325,,,,0.16,0.0625,34.620000000000005,41.1775,0.2925,220.1175,0.0,0.0,194.37,747.3675000000001,
2023-11-03 14:00:00,30.8375,96.855,5.82,8.92,14.7375,9.51,17.6025,0.2925,40.05,0.1775,,,,0.12,0.0475,32.985,42.0175,0.26,206.695,0.0,0.0,72.12,746.935,
2023-11-03 15:00:00,17.09,81.8325,6.16,9.442499999999999,15.5975,9.4825,16.697499999999998,0.27,36.815,0.165,,,,0.1125,0.04,29.4625,56.942499999999995,0.1625,185.3625,0.0,0.0,35.5725,746.63,
2023-11-03 16:00:00,15.78,81.52250000000001,6.885,10.5475,17.43,9.625,16.79,0.295,35.614999999999995,0.1775,,,,0.1175,0.0475,25.54,71.0325,0.1125,178.7275,0.0,0.0,11.04,746.61,
2023-11-03 17:00:00,27.0225,88.4625,7.2225,11.07,18.2925,9.6775,16.67,0.3225,39.195,0.195,,,,0.1325,0.052500000000000005,22.1825,80.13,0.09,150.6925,0.0,0.0,0.74,746.6925,
2023-11-03 18:00:00,27.6425,102.605,7.3725,11.3075,18.68,9.695,15.6725,0.37,51.355,0.2225,,,,0.1525,0.06,20.335,87.2775,0.1575,246.17000000000002,0.0,0.0,,746.89,
2023-11-03 19:00:00,38.989999999999995,124.025,7.765,11.9025,19.675,9.815000000000001,15.922500000000001,0.4075,58.525,0.245,,,,0.16749999999999998,0.065,19.455,92.025,0.165,258.5575,0.0,0.0,,747.2675,
2023-11-03 20:00:00,56.96,135.86,8.0875,12.395,20.485,9.7875,16.07,0.47750000000000004,61.9875,0.29000000000000004,,,,0.195,0.07500000000000001,18.9625,95.515,0.115,180.6875,0.0,0.0,,747.5575,
2023-11-03 21:00:00,69.5575,146.83749999999998,8.692499999999999,13.32,22.012500000000003,9.91,15.8025,0.605,64.535,0.3625,,,,0.2425,0.095,18.735,97.4475,0.0425,72.4875,0.0,0.0,,747.6625,
2023-11-03 22:00:00,69.46,161.9075,9.44,14.475,23.915,10.0625,15.647499999999999,0.7525,63.495000000000005,0.4525,,,,0.3125,0.12,18.5475,98.5275,0.0875,144.6725,0.0,0.0,,747.745,
2023-11-03 23:00:00,79.7,159.1225,10.719999999999999,16.4325,27.1525,10.285,16.8575,0.9175,61.535000000000004,0.5525,,,,0.3775,0.14750000000000002,18.42,99.2875,0.13,225.51749999999998,0.0,0.0,,747.6225,
2023-11-04 00:00:00,88.2475,176.79,11.4625,17.57,29.03,10.6275,16.1875,1.1975,59.5375,0.7225,,,,0.49,0.19,18.3425,99.825,0.14500000000000002,248.645,0.0,0.0,,747.425,
2023-11-04 01:00:00,96.1775,176.2925,11.4525,17.5525,29.005,10.4625,15.8125,1.3900000000000001,59.66,0.8375,,,,0.5700000000000001,0.2225,18.0975,100.0,0.1375,250.31,0.0,0.0,,747.39,
2023-11-04 02:00:00,88.69749999999999,156.655,11.3925,17.465,28.86,10.4475,16.064999999999998,1.46,60.325,0.8775,,,,0.5925,0.235,17.825,100.0,0.155,253.06,0.0,0.0,,747.3525,
2023-11-04 03:00:00,77.8125,137.2625,10.1175,15.5075,25.6225,10.309999999999999,17.1875,1.365,60.7175,0.8225,,,,0.5575,0.22,17.5075,100.0,0.1525,246.64749999999998,0.0,0.0,,747.185,
2023-11-04 04:00:00,57.17,120.525,8.8925,13.6275,22.52,10.0975,16.4075,1.2149999999999999,61.2675,0.73,,,,0.495,0.195,17.105,100.0,0.155,250.08499999999998,0.0,0.0,,747.1725,
2023-11-04 05:00:00,55.879999999999995,119.9975,8.49,13.0125,21.5025,9.9225,16.175,1.065,61.5875,0.6375,,,,0.435,0.17,16.990000000000002,100.0,0.16,261.435,0.0,0.0,,747.5175,
2023-11-04 06:00:00,49.11,112.19,8.22,12.6,20.8275,9.88,17.05,0.9175,61.129999999999995,0.5475,,,,0.3725,0.14500000000000002,17.01,100.0,0.1475,264.3,0.0,0.0,3.046666666666667,748.0825,
2023-11-04 07:00:00,51.6275,112.9125,7.7725,11.9125,19.685,9.7525,16.4175,0.84,61.5675,0.5,,,,0.34,0.135,17.9175,100.0,0.1375,245.2,0.0,0.0,25.0075,748.7825,
2023-11-04 08:00:00,54.835,110.7025,7.47,11.4525,18.925,9.745000000000001,16.04,0.775,62.125,0.4625,,,,0.32,0.1225,20.2975,100.0,0.135,212.6825,0.0,0.0,55.9625,749.2975,
2023-11-04 09:00:00,67.0325,138.18,7.99,12.25,20.2425,9.745,15.8325,0.765,60.08,0.455,,,,0.315,0.12,23.169999999999998,99.3825,0.155,218.955,0.0,0.0,102.4525,749.7075,
2023-11-04 10:00:00,71.1925,171.8125,7.9575,12.195,20.1575,9.635,16.0475,0.75,57.185,0.445,,,,0.305,0.1225,28.4125,69.025,0.11249999999999999,177.635,0.0,0.0,195.265,749.43,
2023-11-04 11:00:00,74.0975,173.53,6.922499999999999,10.6175,17.54,9.4725,16.45,0.6875,55.144999999999996,0.4175,,,,0.28250000000000003,0.1125,31.384999999999998,56.31,0.12,146.0925,0.0,0.0,204.54500000000002,748.7524999999999,
2023-11-04 12:00:00,66.70750000000001,154.7475,6.3075,9.6675,15.975000000000001,9.4775,16.705,0.67,57.885,0.4,,,,0.2725,0.1075,32.1425,52.07,0.155,185.44,0.0,0.0,190.145,748.155,
2023-11-04 13:00:00,81.145,166.71,6.37,9.765,16.1325,9.4375,17.215,0.635,58.075,0.3825,,,,0.26,0.10250000000000001,32.222500000000004,53.0075,0.1675,198.5325,0.0,0.0,151.55,747.475,
2023-11-04 14:00:00,75.61500000000001,149.10000000000002,6.16,9.44,15.6,9.3675,17.035,0.6225,60.195,0.3775,,,,0.2575,0.1,30.8625,58.0325,0.16,216.555,0.0,0.0,67.93,747.1075,
2023-11-04 15:00:00,83.22,158.91250000000002,6.025,9.2375,15.2575,9.379999999999999,16.6675,0.6074999999999999,57.4625,0.3675,,,,0.2475,0.095,28.0475,67.925,0.11750000000000001,166.995,0.0,0.0,37.4275,747.0074999999999,
2023-11-04 16:00:00,86.075,157.565,5.995,9.192499999999999,15.185,9.2625,16.15,0.6025,59.63,0.365,,,,0.2475,0.0975,24.9125,80.5125,0.115,177.65,0.0,0.0,14.5025,747.0525,
2023-11-04 17:00:00,85.9675,163.2175,6.2725,9.62,15.89,9.3775,16.1225,0.61,66.73,0.3725,,,,0.2525,0.0975,22.065,88.7175,0.135,210.73250000000002,0.0,0.0,0.7,747.17,
2023-11-04 18:00:00,95.41,173.12,6.6125,10.135,16.75,9.5225,16.3675,0.6275,69.435,0.38,,,,0.26,0.1,20.3025,93.775,0.155,249.535,0.0,0.0,,747.48,
2023-11-04 19:00:00,104.805,192.2075,7.1825,11.0125,18.195,9.6425,16.845,0.665,67.22749999999999,0.40249999999999997,,,,0.2775,0.1075,19.7625,97.1775,0.14750000000000002,258.74,0.0,0.0,,747.845,
2023-11-04 20:00:00,117.425,208.7425,7.945,12.1725,20.12,9.725,16.4025,0.7575000000000001,67.58,0.4575,,,,0.3125,0.1225,19.3375,98.6425,0.1525,229.175,0.0,0.0,,748.13,
2023-11-04 21:00:00,142.45000000000002,224.6625,8.504999999999999,13.035,21.5375,9.955,15.91,0.865,67.54,0.515,,,,0.3525,0.1375,18.98,99.5275,0.08666666666666667,157.04999999999998,0.0,0.0,,748.265,
2023-11-04 22:00:00,140.8625,242.1425,8.182500000000001,12.545,20.725,9.925,16.19,0.9299999999999999,66.7475,0.5575,,,,0.3825,0.1475,18.675,99.9875,0.10250000000000001,180.5475,0.0,0.0,,748.4425,
2023-11-04 23:00:00,137.4625,223.03,7.984999999999999,12.2425,20.2275,9.88,15.807500000000001,1.005,69.02250000000001,0.605,,,,0.41,0.16,18.2975,100.0,0.14500000000000002,236.55,0.0,0.0,,748.41,
2023-11-05 00:00:00,129.51,216.14749999999998,8.305,12.7275,21.03,9.8375,16.8825,1.04,64.2875,0.625,,,,0.425,0.165,17.86,100.0,0.135,218.895,0.0,0.0,,748.44,
2023-11-05 01:00:00,115.72,187.35750000000002,7.385,11.317499999999999,18.705,9.69,16.4375,1.0350000000000001,64.6325,0.6225,,,,0.42,0.1675,17.3825,100.0,0.15000000000000002,254.285,0.0,0.0,,748.48,
2023-11-05 02:00:00,105.29750000000001,174.8725,7.5225,11.532499999999999,19.055,9.75,15.6475,1.025,63.665,0.6125,,,,0.4175,0.165,17.185,100.0,0.14,230.4325,0.0,0.0,,748.3475000000001,
2023-11-05 03:00:00,97.16749999999999,172.86,9.045,13.8675,22.9075,10.0225,16.5025,1.0475,63.54,0.6275,,,,0.4275,0.1675,17.0775,100.0,0.155,249.0775,0.0,0.0,,748.355,
2023-11-05 04:00:00,107.41,186.975,12.435,19.0575,31.4925,10.71,15.71,1.245,60.707499999999996,0.7475,,,,0.5075000000000001,0.2,17.115,100.0,0.155,256.6625,0.0,0.0,,748.41,
2023-11-05 05:00:00,122.245,197.48,13.7725,21.1125,34.885,10.955,16.85,1.4100000000000001,60.8325,0.845,,,,0.5775,0.225,17.045,100.0,0.1375,227.15999999999997,0.0,0.0,,748.875,
2023-11-05 06:00:00,122.105,193.8,13.004999999999999,19.9325,32.9325,10.9,16.105,1.51,60.875,0.9125000000000001,,,,0.62,0.2425,16.7175,100.0,0.1775,251.70499999999998,0.0,0.0,3.483333333333333,749.45,
2023-11-05 07:00:00,112.02250000000001,190.83499999999998,12.879999999999999,19.7425,32.6175,10.877500000000001,16.8325,1.52,61.3725,0.9175,,,,0.6225,0.2425,17.7775,100.0,0.165,256.4275,0.0,0.0,23.252499999999998,749.92,
2023-11-05 08:00:00,107.3975,177.4225,12.425,19.0425,31.4675,10.5975,16.48,1.5275,61.2675,0.9175,,,,0.625,0.245,20.715,100.0,0.14500000000000002,216.5375,0.0,0.0,47.0525,750.0,
2023-11-05 09:00:00,107.8475,194.9325,10.79,16.5425,27.335,10.2875,16.155,1.4224999999999999,61.635,0.855,,,,0.5825,0.2275,22.525,99.94,0.155,208.23000000000002,0.0,0.0,108.88250000000001,750.0,
2023-11-05 10:00:00,108.41,214.8375,8.8525,13.5675,22.4275,9.875,16.48,1.2875,62.865,0.775,,,,0.5275000000000001,0.20500000000000002,29.19,66.8675,0.195,228.415,0.0,0.0,241.06,750.0,
2023-11-05 11:00:00,109.3075,210.12,7.3175,11.215,18.535,9.49,16.4275,1.13,61.045,0.675,,,,0.46,0.18,32.905,50.2625,0.1075,114.5625,0.0,0.0,251.8625,749.99,
2023-11-05 12:00:00,85.58,185.185,6.7425,10.3375,17.08,9.48,16.6925,1.0150000000000001,60.150000000000006,0.6025,,,,0.4125,0.16,34.24,44.8375,0.1575,162.5925,0.0,0.0,227.6975,749.52,
2023-11-05 13:00:00,76.87,166.4125,6.45,9.887500000000001,16.34,9.4525,16.8325,0.9025000000000001,58.35,0.54,,,,0.3725,0.14500000000000002,33.445,46.37,0.19,181.79500000000002,0.0,0.0,166.5975,748.835,
2023-11-05 14:00:00,61.055,151.72,6.005,9.2075,15.21,9.455,16.7075,0.8275,57.8125,0.49,,,,0.3325,0.13,31.115000000000002,54.2125,0.165,193.58249999999998,0.0,0.0,70.295,748.52,
2023-11-05 15:00:00,59.94,147.94,5.8325,8.942499999999999,14.775,9.485,16.7525,0.7725,58.265,0.46499999999999997,,,,0.3175,0.1225,27.86,63.05,0.14250000000000002,187.5575,0.0,0.0,37.815,748.3975,
2023-11-05 16:00:00,66.7375,153.76,5.795,8.885,14.6775,9.370000000000001,16.205,0.745,58.755,0.44999999999999996,,,,0.3075,0.125,24.535,79.335,0.1375,206.745,0.0,0.0,11.3375,748.4475,
2023-11-05 17:00:00,70.5,148.695,6.3149999999999995,9.6825,15.962499999999999,9.407499999999999,16.0775,0.725,65.4975,0.435,,,,0.2975,0.11499999999999999,21.8175,89.35,0.1,166.3325,0.0,0.0,0.24,748.7175,
2023-11-05 18:00:00,70.63,148.5,6.9225,10.61,17.5225,9.475,16.405,0.71,68.58,0.425,,,,0.2925,0.1125,20.34,93.6225,0.15,246.375,0.0,0.0,,749.0275,
2023-11-05 19:00:00,,,7.125,10.927499999999998,18.052500000000002,9.6125,16.4375,0.695,67.9325,0.4175,,,,0.2875,0.11,19.6875,96.555,0.14250000000000002,244.0475,0.0,0.0,,749.5775,
2023-11-05 20:00:00,97.79,188.7,7.4125,11.3625,18.775000000000002,9.795,16.4275,0.7175,68.885,0.4275,,,,0.295,0.11499999999999999,19.3125,98.175,0.1525,223.89,0.0,0.0,,749.9425,
2023-11-05 21:00:00,116.5075,204.0925,7.38,11.31,18.9025,9.75,16.0575,0.74,69.4725,0.44,,,,0.305,0.12,19.04,99.0,0.14250000000000002,220.4275,0.0,0.0,,750.0,
2023-11-05 22:00:00,121.17750000000001,205.4875,7.1975,11.035,18.2125,9.66,16.302500000000002,0.7525,67.19749999999999,0.4525,,,,0.3075,0.12,18.945,99.5425,0.0775,136.265,0.0,0.0,,750.0,
2023-11-05 23:00:00,114.09,184.5475,7.1575,10.9725,17.8075,9.6625,16.072499999999998,0.7675000000000001,63.3625,0.455,,,,0.315,0.12,18.61,99.9825,0.1075,173.4975,0.0,0.0,,750.0,
2023-11-06 00:00:00,120.225,197.10250000000002,7.5675,11.5975,19.165,9.805,17.122500000000002,0.8,62.525000000000006,0.48,,,,0.3275,0.1275,18.25,100.0,0.15000000000000002,237.87,0.0,0.0,,750.0,
2023-11-06 01:00:00,125.60000000000001,198.565,7.7275,11.845,19.575,9.86,16.575,0.845,62.515,0.505,,,,0.3425,0.135,18.0425,100.0,0.14750000000000002,248.225,0.0,0.0,,749.945,
2023-11-06 02:00:00,119.715,205.6875,7.975,12.219999999999999,20.195,9.7625,16.240000000000002,0.8825000000000001,64.17750000000001,0.5225,,,,0.36,0.14,17.6425,100.0,0.14750000000000002,235.0575,0.0,0.0,,749.8199999999999,
2023-11-06 03:00:00,123.6075,200.4525,8.095,12.4125,20.509999999999998,9.9575,16.475,0.91,63.06,0.54,,,,0.3725,0.14500000000000002,17.0875,100.0,0.14,238.575,0.0,0.0,,749.7975,
2023-11-06 04:00:00,120.3175,190.6275,7.5874999999999995,11.635,19.225,9.9125,16.285,0.91,63.292500000000004,0.545,,,,0.37,0.1475,16.9175,100.0,0.145,247.15249999999997,0.0,0.0,,749.9475,
2023-11-06 05:00:00,119.0425,190.125,8.3525,12.7975,21.15,10.085,17.1,0.9075,62.575,0.5425,,,,0.3725,0.14500000000000002,16.7775,100.0,0.145,255.755,0.0,0.0,,750.0,
2023-11-06 06:00:00,108.1525,174.6325,8.379999999999999,12.842500000000001,21.2225,10.1575,16.12,0.905,62.08,0.5425,,,,0.3675,0.14500000000000002,16.5175,100.0,0.16,250.57250000000002,0.0,0.0,4.51,750.0,
2023-11-06 07:00:00,90.27,152.3,8.2875,12.7025,20.994999999999997,9.8525,16.8375,0.8674999999999999,61.2825,0.52,,,,0.355,0.14,17.335,100.0,0.1525,251.17499999999998,0.0,0.0,23.0975,750.0,
2023-11-06 08:00:00,83.75,137.93,7.867500000000001,12.0625,19.93,9.7575,16.165,0.865,63.0025,0.5175000000000001,,,,0.35,0.14,19.7875,100.0,0.1125,183.665,0.0,0.0,47.92,750.0,
2023-11-06 09:00:00,94.8025,173.08,8.8275,13.5225,22.3525,9.885,16.247500000000002,0.8825000000000001,60.69,0.525,,,,0.3575,0.14,22.197499999999998,99.5925,0.11750000000000001,170.20749999999998,0.0,0.0,100.1125,750.0,
2023-11-06 10:00:00,91.9225,196.0775,10.04,15.39,25.432499999999997,10.4825,16.3975,0.8049999999999999,47.7175,0.48,,,,0.3275,0.13,28.5925,63.9825,0.0875,107.555,0.0,0.0,220.9625,750.0,
2023-11-06 11:00:00,91.8,196.88,10.775,16.5225,27.2975,10.775,16.2425,0.6799999999999999,41.3975,0.4125,,,,0.28,0.11,31.87,49.805,0.15,186.735,0.0,0.0,232.015,750.0,
2023-11-06 12:00:00,,,9.45,14.485,23.9325,10.49,16.7925,0.5675,42.6025,0.34,,,,0.2275,0.0925,33.0625,47.46,0.1175,121.6475,0.0,0.0,220.66750000000002,750.0,
2023-11-06 13:00:00,,,7.9175,12.1375,20.055,10.057500000000001,18.997500000000002,0.485,44.025,0.29000000000000004,,,,0.195,0.07500000000000001,33.275,45.94,0.10250000000000001,128.9,0.0,0.0,176.95,749.9575,
2023-11-06 14:00:00,,,7.5125,11.515,19.0325,9.97,19.66,0.4525,40.215,0.2725,,,,0.1825,0.07,31.15,53.235,0.0925,145.1925,0.0,0.0,64.53,749.5225,
2023-11-06 15:00:00,57.48,135.2,7.0,10.73,17.71,9.7625,19.81,0.4225,36.94,0.255,,,,0.1725,0.0675,27.7175,66.5775,0.1,145.97,0.0,0.0,36.11,749.1775,
2023-11-06 16:00:00,60.5175,134.695,7.3100000000000005,11.2075,18.4575,9.8825,20.33,0.4175,32.165,0.2475,,,,0.1675,0.0675,24.4625,80.395,0.1325,218.1575,0.0,0.0,12.6675,749.19,
2023-11-06 17:00:00,63.3075,124.8075,7.865,12.055,19.9325,9.9575,19.625,0.4825,28.3275,0.2925,,,,0.1975,0.0775,20.8625,87.215,0.1275,210.10250000000002,0.0,0.0,0.8,749.34,
2023-11-06 18:00:00,74.5825,149.0125,9.432500000000001,14.46,23.895,10.1375,20.1825,0.5725,26.2575,0.3475,,,,0.23249999999999998,0.09,18.585,92.74000000000001,0.1375,227.975,0.0,0.0,,749.68,
2023-11-06 19:00:00,87.9025,163.4,9.5125,14.585,24.1,10.1875,18.3925,0.6,24.5575,0.3575,,,,0.24,0.1,17.6475,96.3375,0.14,236.4275,0.0,0.0,,749.975,
2023-11-06 20:00:00,88.145,149.2625,9.6925,14.8575,24.545,10.23,19.0125,0.625,25.28,0.375,,,,0.2575,0.0975,17.015,98.2525,0.1575,228.9075,0.0,0.0,,750.0,
2023-11-06 21:00:00,90.05250000000001,151.4925,8.72,13.365,22.2075,10.235,18.9125,0.6625000000000001,24.0175,0.3975,,,,0.2725,0.1075,16.7,99.0775,0.135,238.5575,0.0,0.0,,750.0,
2023-11-06 22:00:00,91.08,152.865,8.2725,12.68,20.945,10.2075,18.4425,0.6799999999999999,21.6325,0.405,,,,0.28,0.1075,16.54,99.7175,0.175,258.7075,0.0,0.0,,750.0,
2023-11-06 23:00:00,96.60249999999999,159.5875,8.71,13.35,22.06,10.29,18.545,0.7375,20.615000000000002,0.445,,,,0.3025,0.11499999999999999,16.2175,99.995,0.1825,252.13750000000002,0.0,0.0,,750.0,
2023-11-07 00:00:00,100.31,170.685,10.809999999999999,16.57,27.3825,10.57,18.4725,0.9375,17.41,0.5725,,,,0.3875,0.15250000000000002,16.3625,100.0,0.1775,252.875,0.0,0.0,,749.9925000000001,
2023-11-07 01:00:00,114.8475,194.3125,13.9025,21.31,35.215,10.8675,18.715,1.2075,16.549999999999997,0.7275,,,,0.495,0.195,16.322499999999998,100.0,0.16999999999999998,221.54500000000002,0.0,0.0,,749.805,
2023-11-07 02:00:00,134.82,212.405,14.325,21.955,36.28,11.27,18.735,1.3325,16.2775,0.8025,,,,0.5475000000000001,0.2125,16.2125,100.0,0.1175,175.9475,0.0,0.0,,749.6025,
2023-11-07 03:00:00,133.225,208.2825,12.5725,19.2725,31.84,10.9775,18.115000000000002,1.2775,16.4,0.7625,,,,0.52,0.20500000000000002,15.81,100.0,0.0875,146.435,0.0,0.0,,749.5725,
2023-11-07 04:00:00,124.6925,194.415,11.5275,17.6725,29.2,10.940000000000001,17.7725,1.145,16.225,0.6875,,,,0.46499999999999997,0.185,15.395,100.0,0.135,222.42000000000002,0.0,0.0,,749.5525,
2023-11-07 05:00:00,111.07249999999999,174.3625,10.337499999999999,15.8475,26.1825,10.6425,17.93,1.03,16.1875,0.6174999999999999,,,,0.4225,0.165,15.0,100.0,0.1625,255.45749999999998,0.0,0.0,,749.8,
2023-11-07 06:00:00,108.265,168.91750000000002,9.625,14.7575,24.39,10.5375,17.75,0.9275,16.08,0.555,,,,0.3775,0.15,15.1225,100.0,0.1325,220.635,0.0,0.0,4.295,750.0,
2023-11-07 07:00:00,102.2775,162.9375,9.285,14.23,23.5175,10.385,17.6725,0.8625,16.447499999999998,0.515,,,,0.35,0.1375,16.1275,100.0,0.1275,191.13,0.0,0.0,19.2375,750.0,
2023-11-07 08:00:00,92.51249999999999,158.5825,10.09,15.47,25.565,10.4225,17.8075,0.8674999999999999,18.4075,0.52,,,,0.355,0.14,18.9825,100.0,0.14,219.26,0.0,0.0,37.855000000000004,750.0,
2023-11-07 09:00:00,97.31,186.6475,18.085,27.7225,45.8075,11.365,18.0775,1.04,33.59,0.6275,,,,0.425,0.1675,21.25,98.7475,0.1625,216.88,0.0,0.0,84.2075,750.0,
2023-11-07 10:00:00,100.045,220.6325,16.3425,25.052500000000002,41.395,11.815,19.265,0.9199999999999999,46.1575,0.55,,,,0.3725,0.1475,29.4125,56.2275,0.2225,196.3825,0.0,0.0,285.22,750.0,
2023-11-07 11:00:00,95.68333333333332,196.26333333333332,10.2775,15.7575,26.0375,10.9125,20.6125,0.5675,46.260000000000005,0.335,,,,0.225,0.09,32.76,40.905,0.27249999999999996,194.7025,0.0,0.0,275.2575,750.0,
2023-11-07 12:00:00,,,8.6425,13.2475,21.89,10.2775,21.37,0.405,43.87,0.24,,,,0.16,0.0625,34.18,35.9675,0.2425,181.6875,0.0,0.0,258.605,749.965,
2023-11-07 13:00:00,,,6.7299999999999995,10.3125,17.045,9.7475,20.21,0.33,43.045,0.20500000000000002,,,,0.1375,0.052500000000000005,33.545,36.1475,0.2025,157.36,0.0,0.0,195.44,749.48,
2023-11-07 14:00:00,37.02,104.98,7.404999999999999,11.355,18.740000000000002,9.809999999999999,20.5025,0.36,44.1275,0.2175,,,,0.14500000000000002,0.06,30.5925,43.9825,0.2775,213.055,0.0,0.0,61.4625,748.9575,
2023-11-07 15:00:00,43.6725,114.21000000000001,7.865,11.83,19.55,9.73,19.905,0.355,38.9525,0.20750000000000002,,,,0.14250000000000002,0.055,27.6275,56.7275,0.095,137.8225,0.0,0.0,34.9225,748.5725,
2023-11-07 16:00:00,40.0,108.8725,8.035,12.317499999999999,20.3525,9.8675,19.55,0.3425,35.355000000000004,0.2075,,,,0.1375,0.055,23.805,69.9275,0.12,196.105,0.0,0.0,11.355,748.4124999999999,
2023-11-07 17:00:00,38.037499999999994,98.0025,8.915,13.6675,22.5825,9.995,19.2375,0.4125,33.2,0.2475,,,,0.1675,0.065,20.165,81.57,0.1175,194.8075,0.0,0.0,0.55,748.31,
2023-11-07 18:00:00,40.519999999999996,106.1475,11.1775,17.135,28.3125,10.157499999999999,18.7075,0.505,32.3675,0.3075,,,,0.2075,0.08,17.9075,88.065,0.14250000000000002,231.2725,0.0,0.0,,748.57,
2023-11-07 19:00:00,54.6025,135.32500000000002,20.245,31.027500000000003,51.2725,11.2375,18.63,0.91,22.740000000000002,0.5525,,,,0.375,0.1475,16.9925,92.9725,0.1575,255.83749999999998,0.0,0.0,,748.9075,
2023-11-07 20:00:00,75.08,169.6125,27.235,41.75,68.98249999999999,12.504999999999999,18.275,1.3875000000000002,17.9,0.84,,,,0.5700000000000001,0.2225,16.615000000000002,96.0375,0.1625,256.76,0.0,0.0,,749.1525,
2023-11-07 21:00:00,97.38250000000001,192.305,25.195,38.62,63.8175,12.665,18.4325,1.5875000000000001,17.6425,0.9575,,,,0.6475,0.255,16.3975,97.955,0.17,262.2925,0.0,0.0,,749.2525,
2023-11-07 22:00:00,90.205,177.9825,24.44,37.4675,61.905,12.317499999999999,18.71,1.8625,16.25,1.12,,,,0.7625,0.2975,16.3875,98.97,0.1725,262.3375,0.0,0.0,,749.225,
2023-11-07 23:00:00,104.9525,194.8125,22.747500000000002,34.875,57.6275,12.3425,18.6125,1.885,16.77,1.1275,,,,0.7675000000000001,0.3,16.067500000000003,99.565,0.1275,202.1375,0.0,0.0,,748.935,
2023-11-08 00:00:00,101.1425,181.6025,17.8375,27.3425,45.175,11.6425,18.5575,1.6,18.155,0.9550000000000001,,,,0.65,0.2525,15.735,99.95,0.0825,144.2875,0.0,0.0,,748.805,
2023-11-08 01:00:00,91.7025,165.4375,13.6025,20.85,34.45,11.04,20.52,1.295,19.845,0.7725,,,,0.5275,0.20750000000000002,15.6275,100.0,0.08499999999999999,157.97,0.0,0.0,,748.705,
2023-11-08 02:00:00,82.69,146.285,15.9225,24.4075,40.3275,11.0475,21.3575,1.2149999999999999,19.740000000000002,0.74,,,,0.5025,0.1975,15.5275,100.0,0.1325,229.485,0.0,0.0,,748.575,
2023-11-08 03:00:00,80.25750000000001,152.755,28.545,43.7575,72.305,13.0225,21.5425,1.615,15.2225,0.9650000000000001,,,,0.6599999999999999,0.26,15.752500000000001,100.0,0.052500000000000005,98.46000000000001,0.0,0.0,,748.4125,
2023-11-08 04:00:00,91.2125,161.16,39.5,60.540000000000006,100.04,15.5125,21.322499999999998,2.0275,13.755,1.22,,,,0.8325,0.3275,15.8575,100.0,0.0975,156.355,0.0,0.0,,748.4475,
2023-11-08 05:00:00,102.6525,173.6825,44.5225,68.24249999999999,112.7675,17.115000000000002,21.29,2.195,12.780000000000001,1.315,,,,0.895,0.35,15.782499999999999,100.0,0.0975,171.53,0.0,0.0,,748.7875,
2023-11-08 06:00:00,104.3725,175.26749999999998,38.205,58.56,96.765,16.372500000000002,18.04,1.97,13.0825,1.18,,,,0.805,0.3125,15.5775,100.0,0.14250000000000002,251.725,0.0,0.0,2.46,749.2675,
2023-11-08 07:00:00,94.6425,161.72500000000002,35.475,54.37,89.845,15.77,14.87,1.7825,14.0825,1.065,,,,0.725,0.28500000000000003,16.415,100.0,0.1,167.77,0.0,0.0,22.34,749.8825,
2023-11-08 08:00:00,87.35749999999999,155.555,32.565,49.917500000000004,82.485,15.065,15.629999999999999,1.52,16.0975,0.91,,,,0.6174999999999999,0.245,18.884999999999998,100.0,0.10250000000000001,171.52249999999998,0.0,0.0,48.415,750.0,
2023-11-08 09:00:00,90.61,161.45499999999998,28.335,43.4325,71.77,13.567499999999999,17.235,1.2575,28.5625,0.755,,,,0.515,0.1975,21.4175,96.4975,0.17,208.7625,0.0,0.0,86.94,750.0,
2023-11-08 10:00:00,86.3825,198.6,20.1825,30.935,51.115,12.7425,18.6,0.99,41.45,0.5925,,,,0.405,0.1575,27.54,58.487500000000004,0.11750000000000001,157.675,0.0,0.0,209.4425,750.0,
2023-11-08 11:00:00,94.7925,210.78,17.052500000000002,26.1375,43.19,12.24,19.0475,0.8125,46.7175,0.48,,,,0.3275,0.13,30.695,45.129999999999995,0.18,149.155,0.0,0.0,217.0025,749.935,
2023-11-08 12:00:00,77.7625,182.195,13.1125,20.1,33.2125,11.01,19.837500000000002,0.6325000000000001,47.475,0.3825,,,,0.26,0.1,31.9375,41.6925,0.1825,169.435,0.0,0.0,192.56,749.2850000000001,
2023-11-08 13:00:00,59.917500000000004,151.9725,12.1725,18.655,30.825,10.932500000000001,20.3275,0.5874999999999999,46.71,0.35,,,,0.24,0.09,32.3425,43.6625,0.15250000000000002,181.715,0.0,0.0,161.8775,748.465,
2023-11-08 14:00:00,62.4425,152.4375,10.58,16.22,26.8,10.6125,20.4175,0.5700000000000001,44.73,0.345,,,,0.2275,0.0925,30.0275,49.6125,0.16999999999999998,179.51749999999998,0.0,0.0,67.7225,747.95,
2023-11-08 15:00:00,61.355000000000004,146.1225,9.3625,14.35,23.71,10.465,19.8825,0.52,38.3975,0.315,,,,0.2125,0.0825,27.435,61.6175,0.09,144.62,0.0,0.0,36.5325,747.6575,
2023-11-08 16:00:00,59.305,136.9275,9.4925,14.55,24.0375,10.3,19.7625,0.5125,31.68,0.3075,,,,0.20750000000000002,0.0825,24.2125,76.35,0.10500000000000001,166.35,0.0,0.0,11.53,747.72,
2023-11-08 17:00:00,63.0875,139.76999999999998,10.1025,15.485,25.5875,10.375,19.1375,0.565,30.775,0.3375,,,,0.2275,0.09,21.025,87.42,0.14,231.6875,0.0,0.0,0.4,747.895,
2023-11-08 18:00:00,67.8975,140.9875,11.485,17.6075,29.09,10.530000000000001,18.7875,0.63,31.02,0.38,,,,0.255,0.10250000000000001,19.0925,93.1425,0.085,126.71000000000001,0.0,0.0,,748.2575,
2023-11-08 19:00:00,68.1675,151.92499999999998,11.1775,17.134999999999998,28.314999999999998,10.73,18.545,0.6225,30.33,0.3775,,,,0.255,0.10250000000000001,18.295,95.7775,0.1375,237.8175,0.0,0.0,,748.6725,
2023-11-08 20:00:00,70.7825,148.35750000000002,9.17,14.0525,23.225,10.407499999999999,18.4225,0.6625,24.115,0.40249999999999997,,,,0.2725,0.10500000000000001,17.92,97.47,0.135,252.61249999999998,0.0,0.0,,749.01,
2023-11-08 21:00:00,70.775,144.12,9.4375,14.465,23.9025,10.5375,18.405,0.725,24.3925,0.435,,,,0.295,0.11499999999999999,17.3725,98.7075,0.155,241.145,0.0,0.0,,749.0975000000001,
2023-11-08 22:00:00,83.75999999999999,154.295,10.8025,16.5575,27.3575,10.807500000000001,18.47,0.8525,23.52,0.505,,,,0.35,0.1375,16.927500000000002,99.5975,0.16,256.005,0.0,0.0,,749.095,
2023-11-08 23:00:00,98.3275,175.9375,11.645,17.8475,29.4925,10.9,18.415,0.9924999999999999,21.42,0.595,,,,0.4075,0.1625,16.7275,99.9725,0.1725,259.935,0.0,0.0,,748.7275,
2023-11-09 00:00:00,100.305,179.3225,17.1525,26.29,43.4425,11.415000000000001,18.64,1.3275000000000001,18.36,0.81,,,,0.5475,0.215,16.475,100.0,0.1675,237.4,0.0,0.0,,748.3725000000001,
2023-11-09 01:00:00,104.92,188.375,21.585,33.085,54.667500000000004,12.25,18.6,1.6575,16.3575,0.9975,,,,0.6775,0.2675,16.58,100.0,0.1575,242.2825,0.0,0.0,,748.1375,
2023-11-09 02:00:00,104.03999999999999,183.655,28.080000000000002,43.0375,71.1175,13.485,19.107499999999998,2.035,15.4825,1.225,,,,0.835,0.3275,16.4025,100.0,0.18,256.16,0.0,0.0,,748.0525,
2023-11-09 03:00:00,113.97999999999999,195.775,27.802500000000002,42.6125,70.4125,13.86,18.9875,1.935,15.605,1.16,,,,0.7875,0.31,16.565,100.0,0.185,254.985,0.0,0.0,,748.0275,
2023-11-09 04:00:00,105.2175,185.9325,23.03,35.3,58.3275,12.945,18.625,1.8375000000000001,15.875,1.1025,,,,0.75,0.2925,16.555,100.0,0.1875,256.64250000000004,0.0,0.0,,748.16,
2023-11-09 05:00:00,98.565,165.0975,33.432500000000005,51.245000000000005,84.68,14.76,19.13,2.1825,14.235,1.315,,,,0.895,0.3525,16.535,100.0,0.16,235.46750000000003,0.0,0.0,,748.4625,
2023-11-09 06:00:00,108.4075,174.3125,42.8225,65.64,108.4625,17.560000000000002,19.2375,2.365,12.815000000000001,1.4175,,,,0.965,0.38,16.55,100.0,0.185,257.97,0.0,0.0,3.695,748.845,
2023-11-09 07:00:00,103.37,176.58749999999998,45.457499999999996,69.68,115.1375,18.3525,19.28,2.3525,13.0025,1.4125,,,,0.9575,0.3775,17.4875,100.0,0.17,232.2225,0.0,0.0,19.759999999999998,749.5125,
2023-11-09 08:00:00,111.4425,188.23250000000002,38.6475,59.245000000000005,97.89,16.810000000000002,18.4525,2.085,18.7125,1.24,,,,0.845,0.3325,19.575,100.0,0.1625,199.915,0.0,0.0,42.1125,749.9875,
2023-11-09 09:00:00,110.39,217.3675,27.3625,41.9375,69.2975,13.559999999999999,19.1175,1.51,39.339999999999996,0.9025,,,,0.6125,0.24,21.745,92.775,0.17,198.7225,0.0,0.0,79.075,750.0,
2023-11-09 10:00:00,97.75500000000001,219.095,18.4375,28.2575,46.6925,12.19,19.8275,1.135,50.275,0.675,,,,0.4575,0.18,29.330000000000002,56.925,0.13,154.8125,0.0,0.0,226.85250000000002,750.0,
2023-11-09 11:00:00,98.9475,214.54749999999999,13.682500000000001,20.975,34.6525,11.41,21.315,0.8375,50.805,0.495,,,,0.335,0.13,32.535,48.644999999999996,0.20750000000000002,189.8425,0.0,0.0,235.2975,749.9475,
2023-11-09 12:00:00,83.4175,179.9925,9.8225,15.0525,24.87,10.7375,21.515,0.5875,47.6375,0.3525,,,,0.2375,0.095,33.945,45.375,0.2525,181.535,0.0,0.0,220.35,749.4200000000001,
2023-11-09 13:00:00,62.7825,151.1175,8.3225,12.754999999999999,21.08,10.280000000000001,21.0225,0.485,43.635000000000005,0.295,,,,0.2,0.08,34.01,45.11,0.17500000000000002,193.6775,0.0,0.0,173.7575,748.8925,
2023-11-09 14:00:00,52.9075,130.5475,7.8975,12.105,19.997500000000002,10.0175,20.92,0.4575,40.6575,0.2775,,,,0.1875,0.07,31.115000000000002,54.695,0.13,151.35750000000002,0.0,0.0,63.8025,748.2825,
2023-11-09 15:00:00,49.8125,126.835,8.01,12.2775,20.29,9.98,20.765,0.475,39.72,0.29,,,,0.1925,0.07500000000000001,28.177500000000002,64.58250000000001,0.1275,167.065,0.0,0.0,35.1625,748.07,
2023-11-09 16:00:00,54.7725,131.1175,8.4625,12.9775,21.442500000000003,10.0725,20.9175,0.4575,37.165,0.2775,,,,0.1875,0.07250000000000001,25.0825,76.755,0.1125,190.68,0.0,0.0,10.8825,748.1425,
2023-11-09 17:00:00,56.57,130.79250000000002,9.535,14.615,24.145,10.1775,20.3875,0.5375,36.4025,0.3275,,,,0.22,0.0875,21.990000000000002,85.51,0.1275,210.5325,0.0,0.0,0.22,748.45,
2023-11-09 18:00:00,67.41,147.6775,12.897499999999999,19.77,32.6675,10.9625,19.8325,0.74,29.965,0.4425,,,,0.3,0.1175,20.4,91.0425,0.1525,248.95749999999998,0.0,0.0,,748.8175,
2023-11-09 19:00:00,79.44,165.02499999999998,13.5225,20.7325,34.254999999999995,11.11,19.88,0.8049999999999999,23.175,0.48,,,,0.33,0.13,19.715,95.5975,0.17,257.2975,0.0,0.0,,749.345,
2023-11-09 20:00:00,91.85499999999999,174.005,14.885,22.814999999999998,37.6975,11.567499999999999,19.595,0.9625,22.84,0.5775,,,,0.395,0.155,19.155,97.445,0.1625,238.5075,0.0,0.0,,749.75,
2023-11-09 21:00:00,97.72,174.8775,11.635,17.8325,29.4675,11.08,19.44,0.9425,18.7975,0.56,,,,0.3825,0.1525,18.8675,98.5525,0.0775,136.1325,0.0,0.0,,749.8625,
2023-11-09 22:00:00,88.1425,161.25,9.545,14.6275,24.1725,10.765,19.3325,0.8825000000000001,18.3925,0.5275000000000001,,,,0.3575,0.14,18.4,99.3575,0.155,249.0575,0.0,0.0,,749.8275,
2023-11-09 23:00:00,86.1225,155.51999999999998,8.45,12.9525,21.405,10.5275,19.1325,0.86,20.87,0.515,,,,0.3525,0.14,17.8825,99.89750000000001,0.1625,252.6425,0.0,0.0,,749.775,
2023-11-10 00:00:00,84.50750000000001,151.7625,8.209999999999999,12.5875,20.8,10.49,18.8375,0.8475,20.07,0.5075000000000001,,,,0.34500000000000003,0.135,17.6525,100.0,0.1625,249.7375,0.0,0.0,,749.6175000000001,
2023-11-10 01:00:00,83.5425,154.67499999999998,9.219999999999999,14.135,23.3575,10.7775,18.91,0.9275,18.4925,0.5525,,,,0.375,0.14750000000000002,17.5175,100.0,0.14250000000000002,261.5775,0.0,0.0,,749.4625,
2023-11-10 02:00:00,83.51,149.1825,7.9825,12.2375,20.22,10.53,18.5925,0.8574999999999999,15.377500000000001,0.5125,,,,0.35,0.14,17.325,100.0,0.15,241.6175,0.0,0.0,,749.35,
2023-11-10 03:00:00,79.355,146.01,9.81,15.04,24.85,10.7525,18.5575,0.9450000000000001,13.2175,0.5650000000000001,,,,0.385,0.1525,17.1625,100.0,0.1425,241.7375,0.0,0.0,,749.2525,
2023-11-10 04:00:00,80.5975,148.02749999999997,10.455,16.03,26.485,10.8725,18.9125,0.9299999999999999,13.1875,0.5575,,,,0.38,0.15,16.9725,100.0,0.13,234.2925,0.0,0.0,,749.3775,
2023-11-10 05:00:00,84.6625,151.9875,17.1525,26.2925,43.445,12.43,18.72,0.955,11.9575,0.575,,,,0.39,0.15,16.7725,100.0,0.14750000000000002,243.39499999999998,0.0,0.0,,749.7225,
2023-11-10 06:00:00,80.905,143.9225,18.5275,28.395,46.9225,12.8425,18.775,0.925,11.545,0.5575,,,,0.3775,0.1475,16.6625,100.0,0.15,250.77749999999997,0.0,0.0,3.49,750.0,
2023-11-10 07:00:00,79.0525,137.2075,16.555,25.375,41.9275,12.6175,18.8275,0.9225,11.9175,0.5525,,,,0.375,0.14750000000000002,17.5775,100.0,0.165,254.8175,0.0,0.0,21.205,750.0,
2023-11-10 08:00:00,75.5775,142.7575,17.27,26.475,43.7475,12.4025,19.314999999999998,0.9675,13.7825,0.5875,,,,0.4,0.155,20.0625,100.0,0.1375,218.69,0.0,0.0,46.769999999999996,750.0,
2023-11-10 09:00:00,93.955,180.9375,29.5475,45.29,74.8375,14.0025,20.0225,1.4675,18.39,0.8925,,,,0.6025,0.2375,22.905,100.0,0.1375,196.4975,0.0,0.0,80.1,750.0,
2023-11-10 10:00:00,134.95749999999998,248.525,33.8575,51.9,85.7575,15.212499999999999,20.5925,1.53,27.575,0.9125000000000001,,,,0.62,0.245,25.7725,86.39,0.12,187.4275,0.0,0.0,107.05250000000001,750.0,
2023-11-10 11:00:00,127.375,259.35,30.192500000000003,46.2825,76.475,15.0625,21.5225,1.5225,40.980000000000004,0.9125,,,,0.62,0.2425,29.735,66.4525,0.1475,164.4975,0.0,0.0,178.16,750.0,
2023-11-10 12:00:00,145.8925,278.185,14.620000000000001,22.41,37.0325,12.497499999999999,22.865000000000002,0.9675,47.7875,0.5725,,,,0.3925,0.155,30.7925,58.1925,0.1,144.0125,0.0,0.0,124.47749999999999,750.0,
2023-11-10 13:00:00,119.965,215.97500000000002,10.635,16.302500000000002,26.932499999999997,11.1425,22.31,0.8425,44.665,0.5025,,,,0.345,0.135,30.6125,61.0675,0.1225,180.3675,0.0,0.0,116.77000000000001,749.9925000000001,
2023-11-10 14:00:00,126.1925,215.5375,9.8875,15.157499999999999,25.0425,11.135,22.395,0.825,43.4875,0.4925,,,,0.335,0.13,29.7375,64.495,0.1525,222.7525,0.0,0.0,64.97749999999999,749.7175,
2023-11-10 15:00:00,119.19,206.4075,8.9875,13.775,22.765,10.6075,22.490000000000002,0.6875,39.7675,0.4075,,,,0.2825,0.1075,27.62,71.77,0.1325,200.6775,0.0,0.0,35.34,749.44,
2023-11-10 16:00:00,88.1875,169.5225,8.91,13.6575,22.57,10.475,21.88,0.5874999999999999,34.28,0.3525,,,,0.2375,0.095,24.5225,82.5825,0.14500000000000002,224.6425,0.0,0.0,11.4425,749.465,
2023-11-10 17:00:00,74.215,151.58499999999998,9.897499999999999,15.17,25.0675,10.4825,21.122500000000002,0.6625,32.9525,0.4,,,,0.27,0.105,21.552500000000002,90.91250000000001,0.1175,193.91750000000002,0.0,0.0,0.51,749.7075,
2023-11-10 18:00:00,79.9025,158.72250000000003,11.2,17.1625,28.362499999999997,10.82,21.0225,0.79,27.3525,0.475,,,,0.3275,0.1275,19.9325,95.44999999999999,0.14500000000000002,239.91750000000002,0.0,0.0,,749.9775,
2023-11-10 19:00:00,88.7025,166.9375,11.58,17.75,29.3325,11.11,20.505,0.87,22.27,0.525,,,,0.3525,0.14250000000000002,19.3425,97.995,0.1875,257.3225,0.0,0.0,,750.0,
2023-11-10 20:00:00,91.42999999999999,167.855,11.125,17.057499999999997,28.182499999999997,10.8825,20.119999999999997,0.825,20.335,0.49,,,,0.335,0.13,19.0725,99.3725,0.185,241.1625,0.0,0.0,,750.0,
2023-11-10 21:00:00,87.5075,157.5725,11.5925,17.7675,29.36,10.875,19.77,0.825,18.9675,0.49,,,,0.3375,0.13,18.97,99.985,0.1325,195.14249999999998,0.0,0.0,,750.0,
2023-11-10 22:00:00,83.3475,153.4925,11.0925,17.0025,28.0975,10.835,19.43,0.8075,17.9775,0.4825,,,,0.33,0.13,18.175,100.0,0.12,202.31,0.0,0.0,,750.0,
2023-11-10 23:00:00,81.5425,142.04250000000002,8.6425,13.2475,21.89,10.5,19.295,0.7025,17.15,0.42,,,,0.29,0.1125,17.4425,100.0,0.1125,178.3775,0.0,0.0,,749.9925000000001,
2023-11-11 00:00:00,69.1475,122.6825,7.24,11.1,18.34,10.085,18.615,0.625,16.5625,0.3775,,,,0.255,0.10250000000000001,17.035,100.0,0.14250000000000002,227.2875,0.0,0.0,,749.9675,
2023-11-11 01:00:00,65.73,113.23750000000001,8.99,13.785,22.7775,10.344999999999999,18.447499999999998,0.695,16.18,0.4175,,,,0.28500000000000003,0.11,17.14,100.0,0.2275,255.8675,0.0,0.0,,749.9375,
2023-11-11 02:00:00,65.5225,118.47,9.9975,15.325,25.322499999999998,10.530000000000001,18.3675,0.5425,23.495,0.325,,,,0.2175,0.0875,18.189999999999998,99.3725,0.3275,219.625,0.0,0.0,,749.9975,
2023-11-11 03:00:00,43.052499999999995,104.3775,8.780000000000001,13.4625,22.2425,10.34,18.33,0.4225,30.0925,0.2525,,,,0.17,0.065,19.9725,88.8625,0.3175,239.79,0.0,0.0,,750.0,
2023-11-11 04:00:00,40.3675,95.9625,7.76,11.89,19.6475,10.185,18.595,0.33,33.64,0.1975,,,,0.1325,0.052500000000000005,19.955,88.1525,0.1975,178.5025,0.005,0.005,,749.9975,
2023-11-11 05:00:00,28.42,74.8425,6.905,10.585,17.4925,9.8825,18.575,0.2575,31.439999999999998,0.15000000000000002,,,,0.10250000000000001,0.04,19.0525,93.0875,0.1275,168.14,0.015,0.015,,750.0,
2023-11-11 06:00:00,20.305,64.235,6.5975,10.11,16.705000000000002,9.7025,18.5175,0.21000000000000002,32.025,0.125,,,,0.0875,0.0325,18.5825,96.39750000000001,0.17250000000000001,164.7475,0.675,0.675,,750.0,
2023-11-11 07:00:00,12.9525,60.754999999999995,6.51,9.9825,16.495,9.805,18.8175,0.195,27.5825,0.11499999999999999,,,,0.08,0.03,18.3975,99.6725,0.17,234.8525,1.05,1.05,12.99,750.0,
2023-11-11 08:00:00,9.682500000000001,49.230000000000004,8.0925,12.405,20.4975,10.04,18.8275,0.24,23.6025,0.14750000000000002,,,,0.1,0.0375,19.515,100.0,0.17750000000000002,204.2725,0.0,0.0,22.197499999999998,750.0,
2023-11-11 09:00:00,14.584999999999999,51.7575,10.25,15.712499999999999,25.9625,10.2625,19.1175,0.3375,23.13,0.20500000000000002,,,,0.1375,0.052500000000000005,21.55,98.9575,0.12,185.29000000000002,0.0,0.0,88.91499999999999,750.0,
2023-11-11 10:00:00,20.2375,59.43,12.7775,19.5875,32.365,10.932500000000001,19.7425,0.415,31.0125,0.25,,,,0.1675,0.0675,25.5875,80.9125,0.145,192.885,0.0,0.0,156.675,750.0,
2023-11-11 11:00:00,25.705,64.01249999999999,16.215,24.855,41.0675,11.4775,20.27,0.5525,34.9925,0.3375,,,,0.2275,0.09,27.9775,71.9575,0.1325,167.9675,0.0,0.0,166.9675,750.0,
2023-11-11 12:00:00,30.355,83.04,16.815,25.7725,42.5825,11.9475,20.655,0.5725,43.0475,0.3425,,,,0.23500000000000001,0.09,29.565,65.7575,0.1675,209.04500000000002,0.0,0.0,145.505,750.0,
2023-11-11 13:00:00,32.980000000000004,80.0775,11.48,17.5975,29.08,10.8475,20.685,0.32,44.0475,0.195,,,,0.1325,0.0525,29.8275,62.6825,0.14250000000000002,162.1525,0.0,0.0,157.1875,750.0,
2023-11-11 14:00:00,20.080000000000002,61.5775,10.415,15.962499999999999,26.3775,10.594999999999999,20.525,0.2625,43.269999999999996,0.1575,,,,0.105,0.0375,28.3525,67.37,0.1775,172.565,0.0,0.0,68.11,750.0,
2023-11-11 15:00:00,19.299999999999997,61.795,8.4425,12.94,21.3825,10.33,20.29,0.21,32.1375,0.125,,,,0.08499999999999999,0.03,26.83,73.48,0.155,236.39499999999998,0.0,0.0,36.54,750.0,
2023-11-11 16:00:00,28.6725,55.847500000000004,8.585,13.157499999999999,21.745,10.2825,20.2075,0.1875,26.8325,0.115,,,,0.0775,0.03,24.1175,86.35249999999999,0.12,179.0425,0.0,0.0,12.15,750.0,
2023-11-11 17:00:00,25.655,51.6475,9.46,14.5025,23.965,10.3825,20.0825,0.2125,25.71,0.13,,,,0.08499999999999999,0.035,21.2075,93.9525,0.14,221.10250000000002,0.0,0.0,0.45,750.0,
2023-11-11 18:00:00,24.48,51.75,9.9025,15.1775,25.08,10.3675,20.345,0.2225,19.8,0.135,,,,0.095,0.035,19.79,97.6,0.155,226.9975,0.0,0.0,,750.0,
2023-11-11 19:00:00,28.7025,52.7275,11.66,17.87,29.53,10.595,20.1,0.325,19.7325,0.1975,,,,0.1325,0.055,18.8,99.1625,0.12,205.295,0.0,0.0,,750.0,
2023-11-11 20:00:00,36.2275,61.2675,12.504999999999999,19.17,31.6725,10.787500000000001,19.52,0.47750000000000004,18.785,0.29000000000000004,,,,0.1925,0.0775,18.3825,99.9475,0.1625,251.0625,0.0,0.0,,750.0,
2023-11-11 21:00:00,59.2175,91.8375,15.945,24.4425,40.3875,11.407499999999999,19.3625,0.8574999999999999,17.9125,0.52,,,,0.355,0.14250000000000002,18.2975,100.0,0.14500000000000002,215.535,0.0,0.0,,750.0,
2023-11-11 22:00:00,83.7825,116.815,16.58,25.42,42.0,11.63,19.294999999999998,0.975,16.955,0.5825,,,,0.395,0.155,18.1925,100.0,0.14500000000000002,233.76,0.0,0.0,,750.0,
2023-11-11 23:00:00,75.63499999999999,112.71000000000001,16.055,24.61,40.67,11.535,19.215,0.8775,16.3575,0.5225,,,,0.3575,0.1375,18.0325,100.0,0.16,238.6325,0.0,0.0,,750.0,
2023-11-12 00:00:00,68.975,101.50750000000001,12.925,19.814999999999998,32.739999999999995,11.102500000000001,18.7175,0.73,16.5075,0.435,,,,0.295,0.11499999999999999,17.700000000000003,100.0,0.1475,240.76999999999998,0.0,0.0,,750.0,
2023-11-12 01:00:00,56.3575,88.7025,10.86,16.645,27.505,10.7275,18.8125,0.545,18.3825,0.325,,,,0.22,0.08499999999999999,17.525,100.0,0.165,243.68,0.0,0.0,,750.0,
2023-11-12 02:00:00,45.2725,77.195,9.3275,14.295,23.625,10.525,18.66,0.4575,20.564999999999998,0.2825,,,,0.1875,0.07500000000000001,17.325,100.0,0.1325,219.82999999999998,0.0,0.0,,750.0,
2023-11-12 03:00:00,43.02,74.93249999999999,9.11,13.97,23.0825,10.48,18.2375,0.43,21.6125,0.26,,,,0.17250000000000001,0.07,17.25,100.0,0.1625,252.4075,0.0,0.0,,750.0,
2023-11-12 04:00:00,42.95,72.2575,8.7025,13.335,22.035,10.355,18.244999999999997,0.4025,20.2125,0.2425,,,,0.1625,0.0625,16.9675,100.0,0.18,251.9,0.0,0.0,,750.0,
2023-11-12 05:00:00,41.05,74.00999999999999,9.030000000000001,13.8425,22.875,10.3775,17.9325,0.4175,21.552500000000002,0.255,,,,0.17,0.065,16.9825,100.0,0.18,233.715,0.0,0.0,,750.0,
2023-11-12 06:00:00,43.285,77.1675,9.4125,14.43,23.8425,10.6625,18.0475,0.46,22.265,0.2825,,,,0.19,0.07500000000000001,16.975,100.0,0.17,243.56,0.0,0.0,3.22,750.0,
2023-11-12 07:00:00,46.725,81.63499999999999,8.9775,13.7625,22.740000000000002,10.477500000000001,17.9725,0.4875,22.509999999999998,0.295,,,,0.1975,0.08,17.4375,100.0,0.1925,235.5525,0.0,0.0,18.6625,750.0,
2023-11-12 08:00:00,44.497499999999995,86.305,10.370000000000001,15.895,26.2675,10.8125,18.005,0.565,26.5575,0.33999999999999997,,,,0.225,0.0875,18.747500000000002,100.0,0.1925,238.035,0.0,0.0,39.5475,750.0,
2023-11-12 09:00:00,53.9375,98.785,12.8275,19.6625,32.485,11.18,18.2975,0.62,31.8925,0.3775,,,,0.2575,0.1,20.0075,99.7675,0.21500000000000002,207.285,0.0,0.0,75.27,750.0,
2023-11-12 10:00:00,63.21,108.8575,13.4925,20.68,34.1725,11.235,18.560000000000002,0.59,39.807500000000005,0.3525,,,,0.23500000000000001,0.0925,25.93,73.6075,0.2575,231.04,0.0,0.0,238.4225,750.0,
2023-11-12 11:00:00,61.3425,108.78,10.9575,16.8,27.755,10.934999999999999,19.65,0.47750000000000004,47.485,0.28750000000000003,,,,0.195,0.07250000000000001,30.4425,55.5475,0.18750000000000003,176.7975,0.0,0.0,249.905,750.0,
2023-11-12 12:00:00,52.4275,90.055,9.515,14.585,24.1,10.477500000000001,19.7,0.3875,51.905,0.2275,,,,0.155,0.0625,31.400000000000002,51.1475,0.2675,236.635,0.0,0.0,227.8675,750.0,
2023-11-12 13:00:00,40.065,77.645,8.1875,12.5525,20.7375,10.145,19.435,0.29500000000000004,53.385000000000005,0.1775,,,,0.12,0.045,31.3425,49.9675,0.295,258.89750000000004,0.0,0.0,185.57,750.0,
2023-11-12 14:00:00,28.6475,62.2025,7.91,12.125,20.035,10.035,19.595,0.25,51.9525,0.155,,,,0.10250000000000001,0.04,28.98,57.635000000000005,0.1875,214.73499999999999,0.0,0.0,65.60249999999999,750.0,
2023-11-12 15:00:00,29.435000000000002,58.5175,7.81,11.969999999999999,19.7825,9.915,19.73,0.2275,49.265,0.1375,,,,0.0925,0.035,26.625,67.205,0.1525,187.0075,0.0,0.0,32.3775,750.0,
2023-11-12 16:00:00,31.1875,60.324999999999996,7.9825,12.2375,20.2175,9.895,20.130000000000003,0.23500000000000001,46.315,0.14250000000000002,,,,0.0975,0.04,23.6,78.93,0.09000000000000001,146.1175,0.0,0.0,10.58,750.0,
2023-11-12 17:00:00,31.5,59.644999999999996,10.3825,15.9125,26.2925,10.629999999999999,19.3675,0.3225,39.9275,0.1925,,,,0.1325,0.05,20.435,88.91499999999999,0.1325,203.375,0.0,0.0,0.44,750.0,
2023-11-12 18:00:00,39.58,68.495,17.575,26.9375,44.510000000000005,12.045,18.7975,0.52,36.707499999999996,0.3175,,,,0.21500000000000002,0.08499999999999999,18.585,94.8075,0.125,194.635,0.0,0.0,,750.0,
2023-11-12 19:00:00,55.6275,94.7525,19.575000000000003,30.005,49.5775,12.059999999999999,19.247500000000002,0.9475,25.572499999999998,0.5725,,,,0.3875,0.15,18.175,98.0325,0.155,234.875,0.0,0.0,,750.0,
2023-11-12 20:00:00,84.2425,129.425,20.0925,30.795,50.8825,12.280000000000001,18.96,0.995,21.795,0.595,,,,0.405,0.16,17.735,99.3475,0.17,252.45749999999998,0.0,0.0,,750.0,
2023-11-12 21:00:00,140.1375,200.4675,27.7975,42.605000000000004,70.4,13.7375,19.36,1.08,16.515,0.6525000000000001,,,,0.44,0.175,17.255,99.94749999999999,0.1725,251.7525,0.045,0.045,,750.0,
2023-11-12 22:00:00,344.5925,475.0625,32.8575,50.3575,83.215,14.445,22.3475,1.0525,15.775,0.635,,,,0.43,0.1675,16.8475,100.0,0.17250000000000001,255.4425,0.015,0.015,,750.0,
2023-11-12 23:00:00,531.205,636.1800000000001,32.2975,49.51,81.81,14.18,23.45,0.9475,15.115,0.5675,,,,0.3875,0.15,16.380000000000003,100.0,0.175,230.2125,0.0075,0.0075,,750.0,
2023-11-13 00:00:00,602.4175,690.1575,23.6875,36.3025,59.9875,12.775,21.7375,0.8375,17.235,0.4975,,,,0.3425,0.1325,16.02,100.0,0.11,171.1525,0.0125,0.0125,,750.0,
2023-11-13 01:00:00,393.7075,478.53499999999997,17.965,27.5375,45.504999999999995,11.7425,20.8675,0.7225,18.415,0.4325,,,,0.2925,0.11499999999999999,15.7075,100.0,0.09,161.3025,0.0,0.0,,750.0,
2023-11-13 02:00:00,273.61749999999995,331.015,13.3075,20.400000000000002,33.7075,11.1575,20.0875,0.61,19.2425,0.365,,,,0.2475,0.095,15.42,100.0,0.155,257.5425,0.0,0.0,,750.0,
2023-11-13 03:00:00,189.73250000000002,242.6625,10.85,16.6325,27.48,10.8125,19.5225,0.545,18.685,0.33,,,,0.2225,0.0875,15.25,100.0,0.15,255.375,0.0,0.0,,750.0,
2023-11-13 04:00:00,176.655,215.8575,9.485,14.54,24.0275,10.49,19.072499999999998,0.49,21.07,0.2925,,,,0.1975,0.0775,15.015,100.0,0.1475,258.1625,0.0,0.0,,750.0,
2023-11-13 05:00:00,109.89,147.235,8.842500000000001,13.555,22.4,10.4125,19.0,0.43,23.68,0.2575,,,,0.175,0.07,14.6925,100.0,0.1525,252.8725,0.0,0.0,,750.0,
2023-11-13 06:00:00,73.48750000000001,104.7525,8.395,12.865,21.2625,10.285,18.6825,0.4225,22.04,0.2575,,,,0.17,0.07,14.557500000000001,100.0,0.1525,258.1025,0.0,0.0,2.905,750.0,
2023-11-13 07:00:00,69.5675,99.76249999999999,7.725,11.84,19.565,10.69,17.7375,0.4425,19.0025,0.265,,,,0.18,0.07,15.625,100.0,0.1375,228.375,0.0,0.0,16.4425,750.0,
2023-11-13 08:00:00,67.2625,102.8875,9.2025,14.105,23.3075,10.4,18.355,0.4325,29.8575,0.2575,,,,0.175,0.07,17.945,100.0,0.125,196.77,0.0,0.0,34.975,750.0,
2023-11-13 09:00:00,43.7675,98.73750000000001,11.475,17.59,29.0675,10.885,18.7875,0.415,40.365,0.245,,,,0.1675,0.0675,20.0825,97.275,0.0825,120.585,0.0,0.0,72.9975,750.0,
2023-11-13 10:00:00,41.1925,103.135,9.805,15.032499999999999,24.8375,10.695,19.14,0.3475,47.5275,0.2075,,,,0.1375,0.057499999999999996,27.85,60.84,0.0825,100.8025,0.0175,0.0175,260.78,750.0,
2023-11-13 11:00:00,31.852500000000003,83.66499999999999,9.0275,13.835,22.8625,10.375,19.7175,0.265,52.06,0.1575,,,,0.1075,0.04,31.68,45.9675,0.19999999999999998,158.3225,0.0125,0.0125,265.4975,750.0,
2023-11-13 12:00:00,21.685000000000002,64.0875,7.9875,12.2425,20.232499999999998,10.1625,19.6975,0.255,56.89,0.155,,,,0.10500000000000001,0.04,32.292500000000004,44.17,0.185,166.9075,0.0,0.0,240.4125,750.0,
2023-11-13 13:00:00,20.4725,69.2175,7.9275,12.145,20.072499999999998,9.9975,19.71,0.2725,56.9675,0.165,,,,0.1075,0.04,32.395,45.4,0.1275,139.945,0.0,0.0,187.28,750.0,
2023-11-13 14:00:00,23.7,74.455,7.7325,11.852500000000001,19.5875,10.0425,19.3675,0.275,54.4325,0.1675,,,,0.1075,0.04,29.21,54.9375,0.125,172.5525,0.0,0.0,64.0025,750.0,
2023-11-13 15:00:00,23.715,74.04,7.3975,11.3425,18.7425,9.92,20.0225,0.2425,49.2125,0.14750000000000002,,,,0.0975,0.04,26.18,68.5275,0.0925,131.325,0.0,0.0,33.0725,750.0,
2023-11-13 16:00:00,23.9125,71.25,7.1575,10.9675,18.125,9.9675,20.1525,0.235,43.7025,0.14250000000000002,,,,0.095,0.04,23.28,81.1225,0.1225,198.44,0.0,0.0,11.0125,750.0,
2023-11-13 17:00:00,23.37,74.105,7.092499999999999,10.8725,17.965,9.8675,19.515,0.27,43.9825,0.165,,,,0.1125,0.0425,19.900000000000002,88.765,0.1325,212.1725,0.0,0.0,0.15,750.0,
2023-11-13 18:00:00,27.7075,68.9925,8.055,12.3475,20.3975,9.99,19.155,0.34,38.6975,0.20500000000000002,,,,0.14,0.052500000000000005,18.1,94.2925,0.155,253.875,0.0,0.0,,750.0,
2023-11-13 19:00:00,34.59,84.8475,11.307500000000001,17.3325,28.6425,10.39,18.9775,0.51,28.955,0.3125,,,,0.21,0.0825,17.465,97.1625,0.1575,259.365,0.0,0.0,,750.0,
2023-11-13 20:00:00,93.71000000000001,161.48250000000002,18.0375,27.6475,45.6875,11.5725,18.990000000000002,0.815,22.6925,0.495,,,,0.33999999999999997,0.1325,17.1875,98.71,0.14750000000000002,245.85250000000002,0.0,0.0,,750.0,
2023-11-13 21:00:00,237.245,312.47249999999997,20.6375,31.634999999999998,52.269999999999996,12.1125,19.31,1.025,22.197499999999998,0.615,,,,0.415,0.165,16.835,99.5175,0.16,249.65,0.0,0.0,,750.0,
2023-11-13 22:00:00,278.0825,379.355,22.4225,34.3675,56.79,12.5475,19.2775,1.105,23.735,0.6625000000000001,,,,0.4475,0.1775,16.335,99.9825,0.175,238.985,0.0,0.0,,750.0,
2023-11-13 23:00:00,349.35,435.6775,17.1075,26.2275,43.335,11.8025,18.455,0.9675,24.1875,0.575,,,,0.3925,0.155,15.9475,100.0,0.07,125.5675,0.0,0.0,,750.0,
2023-11-14 00:00:00,278.53,349.59000000000003,14.225,21.799999999999997,36.0225,11.342500000000001,18.17,0.8775000000000001,24.515,0.5225,,,,0.3575,0.14250000000000002,15.8325,100.0,0.075,126.88250000000001,0.0,0.0,,750.0,
2023-11-14 01:00:00,221.155,283.6575,10.805,16.5625,27.372500000000002,10.7875,17.9525,0.7050000000000001,26.9925,0.42,,,,0.2875,0.11,15.45,100.0,0.1525,259.4525,0.0,0.0,,750.0,
2023-11-14 02:00:00,141.255,197.555,8.825,13.5275,22.355,10.435,17.9525,0.55,27.4825,0.3275,,,,0.2175,0.08499999999999999,15.14,100.0,0.1475,249.04500000000002,0.0,0.0,,750.0,
2023-11-14 03:00:00,89.38499999999999,145.0925,7.7925,11.942499999999999,19.732499999999998,10.2325,18.04,0.4425,30.9375,0.265,,,,0.1775,0.07,14.675,100.0,0.15,244.0075,0.0,0.0,,750.0,
2023-11-14 04:00:00,55.2275,103.8225,7.4775,11.4575,18.935000000000002,10.165,17.9425,0.4,27.705,0.24,,,,0.16,0.06,14.4925,100.0,0.1625,252.795,0.0,0.0,,750.0,
2023-11-14 05:00:00,48.765,95.07000000000001,7.415,11.36,18.7775,10.059999999999999,17.5825,0.4025,24.2525,0.2425,,,,0.1625,0.0625,14.4975,100.0,0.1475,247.82000000000002,0.0,0.0,,750.0,
2023-11-14 06:00:00,47.7125,92.8375,7.04,10.79,17.8325,10.025,18.1175,0.405,24.0375,0.2425,,,,0.165,0.065,14.4275,100.0,0.1525,254.1325,0.0,0.0,2.9899999999999998,750.0,
2023-11-14 07:00:00,46.4275,90.9175,7.0425,10.7975,17.845,9.9675,17.857499999999998,0.39,21.6825,0.2275,,,,0.1575,0.06,15.3475,100.0,0.10750000000000001,204.625,0.0,0.0,14.445,750.0,
2023-11-14 08:00:00,36.6025,84.15,7.4375,11.4025,18.8375,10.1075,17.91,0.4125,30.3025,0.2525,,,,0.165,0.0675,17.759999999999998,100.0,0.1225,195.585,0.0,0.0,33.1825,750.0,
2023-11-14 09:00:00,41.755,92.05250000000001,10.1875,15.6175,25.8075,10.47,18.16,0.43,44.1975,0.2575,,,,0.17250000000000001,0.07,19.9775,99.895,0.14,203.6625,0.0,0.0,71.9975,750.0,
2023-11-14 10:00:00,37.1,106.2375,8.8025,13.497499999999999,22.302500000000002,10.605,19.035,0.3725,44.245000000000005,0.22,,,,0.15,0.06,25.9375,73.41499999999999,0.1225,157.24,0.0,0.0,171.2225,750.0,
2023-11-14 11:00:00,38.5775,96.4725,8.395,12.8675,21.2625,10.4025,19.93,0.3475,51.96,0.2075,,,,0.14,0.057499999999999996,29.2825,56.447500000000005,0.075,109.725,0.0,0.0,156.6925,750.0,
2023-11-14 12:00:00,33.4225,89.2875,8.055,12.355,20.4125,10.165,20.07,0.3275,55.667500000000004,0.2,,,,0.1325,0.05,29.85,51.394999999999996,0.1675,192.43,0.0,0.0,136.41500000000002,750.0,
2023-11-14 13:00:00,29.315,83.005,7.045,10.8,17.8425,10.1425,19.5125,0.3,55.2075,0.18,,,,0.1225,0.0475,30.3075,48.6375,0.24500000000000002,229.755,0.0,0.0,135.4525,750.0,
2023-11-14 14:00:00,27.965000000000003,76.76499999999999,6.140000000000001,9.412500000000001,15.55,9.8425,19.302500000000002,0.2525,48.295,0.1475,,,,0.1,0.04,28.235,57.6125,0.095,152.225,0.0,0.0,70.1075,750.0,
2023-11-14 15:00:00,20.9,76.5975,6.4625,9.905,16.365000000000002,9.7675,19.18,0.25,45.4625,0.155,,,,0.10500000000000001,0.04,25.79,69.345,0.13,190.49,0.0,0.0,39.4875,749.93,
2023-11-14 16:00:00,27.0625,76.3975,6.4225,9.844999999999999,16.2675,9.9425,19.555,0.2675,41.9125,0.1625,,,,0.11,0.04,23.017500000000002,79.91,0.0825,127.0625,0.0,0.0,11.1375,749.895,
2023-11-14 17:00:00,31.465,75.4325,6.8725,10.5325,17.4075,9.895,18.775,0.275,42.6,0.17,,,,0.11,0.0425,19.32,88.5925,0.12000000000000001,187.265,0.0,0.0,0.27,749.9975,
2023-11-14 18:00:00,31.5625,76.6425,9.73,14.9125,24.6425,10.075,18.3675,0.445,40.29,0.2675,,,,0.1825,0.0725,17.1525,93.385,0.1575,243.93,0.0,0.0,,750.0,
2023-11-14 19:00:00,45.205,98.7475,14.19,21.75,35.94,10.8525,17.915,0.7175,31.945,0.4325,,,,0.2975,0.115,16.4975,97.1525,0.17250000000000001,260.1875,0.0,0.0,,750.0,
2023-11-14 20:00:00,62.855000000000004,125.5675,20.134999999999998,30.86,50.995,11.7925,18.384999999999998,1.08,24.674999999999997,0.6575,,,,0.4475,0.1725,16.61,98.9825,0.1625,237.62,0.0,0.0,,750.0,
2023-11-14 21:00:00,104.30749999999999,169.7875,25.7375,39.455,65.1925,12.7275,18.32,1.4975,20.85,0.9025,,,,0.6125,0.24,16.439999999999998,99.8775,0.18,252.3275,0.0,0.0,,750.0,
2023-11-14 22:00:00,133.245,202.23499999999999,27.3675,41.9525,69.3225,13.3025,17.8325,1.7225,19.9375,1.0375,,,,0.7025,0.2775,16.0925,100.0,0.095,142.10500000000002,0.0,0.0,,750.0,
2023-11-14 23:00:00,161.945,236.07,25.16,38.565,63.72,13.2,18.3575,1.7725,19.415,1.06,,,,0.72,0.2825,15.825,100.0,0.11,194.1025,0.0,0.0,,750.0,
2023-11-15 00:00:00,184.1275,240.84,17.2775,26.485,43.76,11.935,18.545,1.29,24.68,0.765,,,,0.5175,0.2025,15.435,100.0,0.16,256.71500000000003,0.0,0.0,,750.0,
2023-11-15 01:00:00,117.12,176.16750000000002,11.93,18.285,30.22,10.9125,18.1525,0.895,25.0125,0.5325,,,,0.36,0.14250000000000002,15.092500000000001,100.0,0.1575,247.01,0.0,0.0,,750.0,
2023-11-15 02:00:00,90.28999999999999,143.3225,9.0725,13.9,22.97,10.469999999999999,18.3575,0.635,27.7675,0.38,,,,0.2575,0.10250000000000001,14.73,100.0,0.1575,253.5675,0.0,0.0,,750.0,
2023-11-15 03:00:00,63.5175,110.425,7.71,11.8175,19.5275,10.1975,18.134999999999998,0.515,26.235,0.31,,,,0.21,0.0825,14.43,100.0,0.1575,249.32999999999998,0.0,0.0,,750.0,
2023-11-15 04:00:00,56.89,102.545,7.425,11.385,18.8175,10.1175,17.705,0.4675,28.165,0.28500000000000003,,,,0.1925,0.07500000000000001,14.2625,100.0,0.1625,256.03,0.0,0.0,,750.0,
2023-11-15 05:00:00,53.2675,99.05499999999999,7.047499999999999,10.795,17.8425,10.075,18.39,0.45,23.9025,0.265,,,,0.18,0.07,13.98,100.0,0.165,262.15,0.0,0.0,,750.0,
2023-11-15 06:00:00,52.04,100.88250000000001,6.859999999999999,10.52,17.385,9.98,17.85,0.445,22.0275,0.2675,,,,0.1825,0.07,13.715,100.0,0.155,240.6575,0.0,0.0,2.5549999999999997,750.0,
2023-11-15 07:00:00,56.715,106.445,6.75,10.3525,17.105,10.0525,18.2975,0.475,22.645,0.2875,,,,0.1925,0.0775,14.7225,100.0,0.1175,193.57,0.0125,0.0125,14.5625,750.0,
2023-11-15 08:00:00,53.629999999999995,106.1925,8.1875,12.5525,20.74,10.155,18.1325,0.52,27.0325,0.31,,,,0.2125,0.08499999999999999,17.1775,100.0,0.0825,144.2075,0.017499999999999998,0.017499999999999998,30.5375,750.0,
2023-11-15 09:00:00,60.925000000000004,122.35249999999999,9.775,14.985,24.765,10.395,18.145,0.485,36.9225,0.2925,,,,0.1975,0.08,19.4675,99.4375,0.125,165.63,0.0,0.0,73.1175,750.0,
2023-11-15 10:00:00,41.7975,100.14500000000001,8.8325,13.54,22.375,10.2375,19.285,0.3675,44.567499999999995,0.2175,,,,0.1475,0.06,27.115000000000002,65.8525,0.0975,104.9075,0.0,0.0,265.4,750.0,
2023-11-15 11:00:00,33.4625,89.425,9.045,13.865,22.91,10.1675,19.47,0.345,53.26,0.20500000000000002,,,,0.14,0.055,31.66,49.39,0.14250000000000002,168.0325,0.0,0.0,261.015,750.0,
2023-11-15 12:00:00,33.325,89.7975,7.9025,12.11,20.015,10.105,19.715,0.31,58.09,0.1875,,,,0.125,0.05,31.700000000000003,45.7325,0.2575,177.83499999999998,0.0,0.0,236.2725,750.0,
2023-11-15 13:00:00,27.217499999999998,77.95750000000001,7.109999999999999,10.9,18.0125,9.9,19.475,0.285,56.027499999999996,0.17,,,,0.1175,0.0475,32.045,45.1175,0.1325,146.695,0.0,0.0,195.36249999999998,750.0,
2023-11-15 14:00:00,23.5775,69.295,6.5825,10.094999999999999,16.68,9.705,19.0075,0.2525,53.14,0.15,,,,0.10250000000000001,0.04,28.61,52.6,0.155,182.51,0.0,0.0,54.722500000000004,749.9875,
2023-11-15 15:00:00,19.939999999999998,69.75750000000001,6.6925,10.254999999999999,16.945,9.7675,19.46,0.25,50.972500000000004,0.1475,,,,0.1,0.04,26.0,63.4725,0.125,171.095,0.0,0.0,31.675,749.875,
2023-11-15 16:00:00,22.5325,67.44749999999999,6.8,10.4275,17.225,9.315,19.66,0.2275,44.6875,0.1375,,,,0.0925,0.04,22.8825,79.2175,0.10250000000000001,169.715,0.0075,0.0075,9.2925,749.8575000000001,
2023-11-15 17:00:00,26.6175,73.325,6.755,10.36,17.115000000000002,7.93,19.4,0.2375,42.3325,0.14500000000000002,,,,0.0975,0.04,19.552500000000002,89.18,0.12,195.995,0.0225,0.0225,0.3,749.99,
2023-11-15 18:00:00,29.634999999999998,74.9,8.3025,12.7275,21.03,8.0325,18.677500000000002,0.34,41.1625,0.20500000000000002,,,,0.1375,0.0525,17.447499999999998,94.105,0.14500000000000002,252.83999999999997,0.0,0.0,,750.0,
2023-11-15 19:00:00,33.7325,93.11,10.012500000000001,15.345,25.3575,8.3825,18.73,0.4425,33.125,0.2675,,,,0.1775,0.0675,16.68,96.81,0.1725,258.72249999999997,0.0,0.0,,750.0,
2023-11-15 20:00:00,50.6875,102.56,14.684999999999999,22.5125,37.2025,8.8225,18.2875,0.7175,27.7675,0.44,,,,0.2975,0.1175,16.2975,98.6,0.16,223.8825,0.0,0.0,,750.0,
2023-11-15 21:00:00,106.4575,162.005,23.5575,36.1075,59.6625,10.3625,18.475,1.18,26.6475,0.7124999999999999,,,,0.4825,0.19,15.9125,99.55,0.095,159.35000000000002,0.0,0.0,,750.0,
2023-11-15 22:00:00,121.25750000000001,180.57,21.5325,33.01,54.545,10.280000000000001,18.3575,1.2025,26.29,0.72,,,,0.4875,0.19,15.557500000000001,99.97749999999999,0.12000000000000001,209.53,0.01,0.01,,750.0,
2023-11-15 23:00:00,118.0175,177.425,17.855,27.369999999999997,45.225,9.73,18.375,1.1875,25.9125,0.71,,,,0.48,0.19,15.2775,100.0,0.15,239.89749999999998,0.01,0.01,,750.0,
2023-11-16 00:00:00,122.47,179.96,14.85,22.759999999999998,37.615,9.5075,18.4675,1.12,21.7125,0.67,,,,0.4525,0.1775,14.9225,100.0,0.1275,215.7875,0.0,0.0,,750.0,
2023-11-16 01:00:00,135.8025,191.815,12.3525,18.9325,31.285,8.98,18.6575,0.9575,22.0425,0.5700000000000001,,,,0.39,0.15,14.5325,100.0,0.135,231.6225,0.0,0.0,,750.0,
2023-11-16 02:00:00,123.6675,162.29,9.695,14.855,24.545,8.665,18.244999999999997,0.7825,23.0075,0.4675,,,,0.32,0.125,14.09,100.0,0.155,256.675,0.0,0.0,,750.0,
2023-11-16 03:00:00,92.555,136.81,8.82,13.52,22.34,8.4275,18.0225,0.6275,26.442500000000003,0.3775,,,,0.255,0.1,13.77,100.0,0.17,264.635,0.0,0.0,,750.0,
2023-11-16 04:00:00,73.1275,117.09,8.620000000000001,13.2125,21.8325,8.3025,18.5025,0.5325,26.1675,0.3225,,,,0.2175,0.08499999999999999,13.715,100.0,0.15,242.3575,0.0,0.0,,750.0,
2023-11-16 05:00:00,64.62,107.78,9.85,15.094999999999999,24.947499999999998,8.5875,18.27,0.5,24.7025,0.3,,,,0.2025,0.08,13.5975,100.0,0.1375,224.1325,0.0,0.0,,750.0,
2023-11-16 06:00:00,63.4525,108.535,9.2075,14.115,23.322499999999998,8.44,18.1025,0.4575,21.345,0.2775,,,,0.185,0.07250000000000001,13.3475,100.0,0.155,251.22,0.0,0.0,2.48,750.0,
2023-11-16 07:00:00,61.26,107.34,7.545,11.567499999999999,19.115,8.3,18.1075,0.435,18.575,0.26,,,,0.17250000000000001,0.07,14.0775,100.0,0.1575,255.785,0.0,0.0,15.6075,750.0,
2023-11-16 08:00:00,54.025,98.33500000000001,8.3325,12.7775,21.1175,8.24,18.1225,0.4425,24.9725,0.27,,,,0.18,0.07250000000000001,16.71,100.0,0.1075,187.6925,0.0,0.0,31.745,750.0,
2023-11-16 09:00:00,64.89750000000001,112.08,9.947500000000002,15.245000000000001,25.1875,8.56,18.325,0.5025,38.92,0.3,,,,0.2025,0.08,19.259999999999998,99.3225,0.11,155.29250000000002,0.0,0.0,75.815,750.0,
2023-11-16 10:00:00,65.85000000000001,126.32,9.5725,14.67,24.245,8.557500000000001,19.2675,0.4375,51.59,0.2625,,,,0.175,0.07,27.17,61.8125,0.155,163.6725,0.0,0.0,266.0775,750.0,
2023-11-16 11:00:00,56.4875,113.55,7.3675,11.2975,18.6675,8.39,18.3925,0.3425,52.0775,0.2,,,,0.135,0.052500000000000005,31.884999999999998,46.7225,0.12,156.5525,0.0,0.0,271.34,750.0,
2023-11-16 12:00:00,38.589999999999996,92.86,6.5375,10.022499999999999,16.557499999999997,7.970000000000001,17.37,0.29,55.16,0.17250000000000001,,,,0.1175,0.0475,32.457499999999996,43.885000000000005,0.12,154.7825,0.0,0.0,242.64,750.0,
2023-11-16 13:00:00,32.7425,84.85,6.7325,10.32,17.055,8.0025,16.705,0.275,56.1,0.165,,,,0.1125,0.0425,32.4525,43.035000000000004,0.20500000000000002,195.715,0.0,0.0,192.3475,750.0,
2023-11-16 14:00:00,31.4025,78.69500000000001,6.8925,10.5625,17.455,7.985,16.5775,0.2625,54.32,0.16,,,,0.1075,0.04,28.9025,53.8475,0.16,184.915,0.0,0.0,54.7825,750.0,
2023-11-16 15:00:00,28.525000000000002,78.975,7.305,11.1925,18.5,8.0825,16.8275,0.25,52.737500000000004,0.15,,,,0.10250000000000001,0.04,26.57,63.07,0.135,192.0325,0.0,0.0,33.3525,750.0,
2023-11-16 16:00:00,29.432499999999997,79.81,7.2425,11.1025,18.34,8.11,17.6025,0.2475,46.7525,0.14500000000000002,,,,0.1,0.04,23.4375,78.15,0.13,210.32666666666668,0.0,0.0,9.19,750.0,
2023-11-16 17:00:00,31.630000000000003,80.195,6.4275,9.8525,16.28,7.825,17.1625,0.235,38.3225,0.14250000000000002,,,,0.095,0.04,20.0475,91.4725,0.1325,204.95749999999998,0.0,0.0,0.03,750.0,
2023-11-16 18:00:00,29.28,78.07499999999999,6.77,10.375,17.14,7.9925,17.1675,0.2625,36.7325,0.1575,,,,0.10500000000000001,0.04,18.0,96.2275,0.135,238.835,0.0,0.0,,750.0,
2023-11-16 19:00:00,37.4925,82.85,7.2375,11.1,18.3425,8.125,17.84,0.315,31.7275,0.19,,,,0.13,0.05,17.135,98.1425,0.14500000000000002,251.0625,0.0,0.0,,750.0,
2023-11-16 20:00:00,48.870000000000005,97.92,6.9625,10.6725,17.6375,8.1325,16.9225,0.395,27.9325,0.235,,,,0.1575,0.065,16.745,99.32,0.14250000000000002,227.895,0.0,0.0,,750.0,
2023-11-16 21:00:00,66.35749999999999,106.07,8.3,12.72,21.015,8.3675,17.12,0.4675,31.072499999999998,0.27749999999999997,,,,0.19,0.07500000000000001,16.27,99.96,0.135,184.825,0.0,0.0,,750.0,
2023-11-16 22:00:00,66.9225,116.945,7.86,12.045,19.905,8.43,17.165,0.4625,31.61,0.28250000000000003,,,,0.19,0.07250000000000001,15.7925,100.0,0.0775,137.32999999999998,0.0,0.0,,750.0,
2023-11-16 23:00:00,62.06,105.13,6.967499999999999,10.68,17.65,8.092500000000001,16.2775,0.44,30.7075,0.26,,,,0.18,0.07,15.3575,100.0,0.125,222.22,0.0,0.0,,750.0,
2023-11-17 00:00:00,61.205,104.42,6.825,10.4625,17.285,8.120000000000001,16.115000000000002,0.4275,24.4225,0.2575,,,,0.175,0.07,15.24,100.0,0.155,262.48,0.0,0.0,,750.0,
2023-11-17 01:00:00,58.075,105.285,7.484999999999999,11.4725,18.9575,8.205,15.982499999999998,0.4575,23.375,0.2775,,,,0.185,0.07250000000000001,15.14,100.0,0.1375,233.4925,0.0,0.0,,750.0,
2023-11-17 02:00:00,62.3475,105.545,7.725,11.8375,19.5625,8.379999999999999,16.095,0.51,23.16,0.3075,,,,0.20750000000000002,0.0825,15.0975,100.0,0.15000000000000002,245.39,0.0,0.0,,750.0,
2023-11-17 03:00:00,67.5725,112.06,9.965,15.274999999999999,25.2375,8.6625,16.03,0.585,24.0625,0.35250000000000004,,,,0.24,0.095,15.105,100.0,0.135,230.4275,0.0,0.0,,750.0,
2023-11-17 04:00:00,75.995,125.69,9.925,15.215,25.1375,8.7625,16.2675,0.6025,22.6525,0.3625,,,,0.245,0.0975,14.9875,100.0,0.14250000000000002,208.5475,0.0,0.0,,750.0,
2023-11-17 05:00:00,73.9375,120.525,8.565,13.1275,21.695,8.51,16.05,0.5925,22.4875,0.355,,,,0.24,0.095,14.91,100.0,0.1375,205.92000000000002,0.0,0.0,,750.0,
2023-11-17 06:00:00,74.7275,125.185,8.17,12.52,20.689999999999998,8.48,16.02,0.6,22.3425,0.3575,,,,0.24,0.1,15.01,100.0,0.145,202.70499999999998,0.0,0.0,2.62,750.0,
2023-11-17 07:00:00,85.3575,133.575,7.7425,11.870000000000001,19.615000000000002,8.379999999999999,16.080000000000002,0.5825,22.1875,0.3525,,,,0.235,0.0925,15.875,100.0,0.1275,190.015,0.0,0.0,18.725,750.0,
2023-11-17 08:00:00,75.76,130.03,10.4775,16.067500000000003,26.5475,8.665000000000001,16.0875,0.585,29.0525,0.35,,,,0.2375,0.0925,18.37,100.0,0.1375,197.5475,0.0,0.0,39.3775,750.0,
2023-11-17 09:00:00,70.8,133.54500000000002,12.285,18.8325,31.115000000000002,9.030000000000001,16.7675,0.49,39.34,0.29000000000000004,,,,0.195,0.0775,20.6625,99.9075,0.08,118.7175,0.0,0.0,82.3925,750.0,
2023-11-17 10:00:00,53.5525,108.945,10.2925,15.7775,26.075,8.6675,17.38,0.3675,44.995,0.2175,,,,0.14500000000000002,0.055,27.78,67.9775,0.195,193.19,0.0,0.0,257.0775,750.0,
2023-11-17 11:00:00,35.235,90.45500000000001,8.0075,12.274999999999999,20.28,8.2075,17.775,0.345,50.225,0.195,,,,0.1325,0.05500000000000001,31.759999999999998,51.475,0.165,146.8725,0.0,0.0,269.175,750.0,
2023-11-17 12:00:00,89.32249999999999,110.045,6.88,10.55,17.43,7.9375,17.634999999999998,0.265,53.59,0.1575,,,,0.1075,0.0425,33.3625,44.3675,0.16499999999999998,146.6775,0.0,0.0,255.59,750.0,
2023-11-17 13:00:00,21.285,70.83,6.1725,9.4625,15.6375,7.725,17.335,0.185,52.4725,0.1125,,,,0.08,0.03,34.1625,40.8925,0.18,190.79250000000002,0.0,0.0,212.0725,750.0,
2023-11-17 14:00:00,2.67,52.025,6.045,9.2675,15.307500000000001,7.7325,17.5225,0.16,52.955,0.0975,,,,0.0675,0.0275,30.1625,48.2425,0.235,217.7875,0.0,0.0,52.2925,749.9775,
2023-11-17 15:00:00,3.3075,49.715,6.01,9.215,15.2225,7.7,17.48,0.155,50.19,0.095,,,,0.065,0.025,27.14,62.11,0.10250000000000001,152.3375,0.0,0.0,29.597499999999997,749.6925,
2023-11-17 16:00:00,6.0625,54.44,6.145,9.42,15.5625,7.7725,17.6425,0.1575,44.332499999999996,0.0925,,,,0.065,0.025,23.8125,78.59,0.125,205.2575,0.0,0.0,8.05,749.54,
2023-11-17 17:00:00,9.13,56.695,6.3125,9.6725,15.985,7.8075,17.247500000000002,0.175,43.7475,0.10250000000000001,,,,0.07,0.0275,20.475,86.8125,0.1475,223.46,0.0,0.0,0.14,749.755,
2023-11-17 18:00:00,10.455,56.71,8.33,12.77,21.1,7.9125,17.3975,0.265,33.3925,0.1625,,,,0.1075,0.045,18.67,94.755,0.12,197.4775,0.0,0.0,,750.0,
2023-11-17 19:00:00,19.14,80.035,11.5475,17.7025,29.25,8.4525,16.715,0.4375,28.1175,0.2675,,,,0.1775,0.07,17.7425,97.32249999999999,0.15,225.5375,0.0,0.0,,750.0,
2023-11-17 20:00:00,32.082499999999996,88.07,15.0075,23.002499999999998,38.0125,9.0425,17.6875,0.65,30.34,0.395,,,,0.27,0.10500000000000001,17.1475,98.6575,0.1575,233.6075,0.0,0.0,,750.0,
2023-11-17 21:00:00,47.67,101.55,14.11,21.6275,35.735,8.955,17.645,0.68,32.9975,0.4075,,,,0.2775,0.11,16.5675,99.0975,0.1775,255.9025,0.0,0.0,,750.0,
2023-11-17 22:00:00,48.769999999999996,106.84,11.5425,17.695,29.2375,8.8025,16.5475,0.6375,31.6175,0.3825,,,,0.26,0.10250000000000001,16.33,99.7625,0.1675,236.1225,0.0,0.0,,750.0,
2023-11-17 23:00:00,53.245,101.775,9.6325,14.76,24.3875,8.52,16.7975,0.5475,33.0025,0.33,,,,0.22,0.0875,15.969999999999999,100.0,0.12,171.75,0.0,0.0,,750.0,
2023-11-18 00:00:00,53.3425,101.88,7.915,12.1325,20.05,8.2225,16.9725,0.46749999999999997,30.43,0.2825,,,,0.19,0.0775,15.74,100.0,0.1075,178.7425,0.0,0.0,,750.0,
2023-11-18 01:00:00,49.965,99.84,7.255,11.12,18.3775,8.0425,16.575,0.4375,28.1075,0.26,,,,0.1775,0.07,15.3325,100.0,0.1275,219.1475,0.0,0.0,,750.0,
2023-11-18 02:00:00,52.2025,96.17,7.0075,10.7375,17.747500000000002,8.075,16.215,0.4275,29.3425,0.2575,,,,0.17250000000000001,0.07,15.0475,100.0,0.155,236.7375,0.0,0.0,,750.0,
2023-11-18 03:00:00,55.3275,97.59,7.02,10.765,17.7825,8.1375,16.1575,0.425,26.235,0.26,,,,0.17,0.07,14.8475,100.0,0.17250000000000001,260.2375,0.0,0.0,,750.0,
2023-11-18 04:00:00,48.42,97.785,6.995,10.725,17.7225,8.075,16.2,0.41000000000000003,24.39,0.2475,,,,0.165,0.065,14.8575,100.0,0.16,262.6575,0.0,0.0,,750.0,
2023-11-18 05:00:00,49.29333333333333,95.50999999999999,7.47,11.456666666666669,18.926666666666666,8.19,15.983333333333334,0.42,24.37,0.25333333333333335,,,,0.17,0.07,14.933333333333332,100.0,0.15,272.7633333333333,0.0,0.0,,750.0,
2023-11-18 06:00:00,,,,,,,,,,,,,,,,,,,,,0.0,,,
2023-11-18 07:00:00,,,,,,,,,,,,,,,,,,,,,0.0,,,
2023-11-18 08:00:00,,,,,,,,,,,,,,,,,,,,,0.0,,,
2023-11-18 09:00:00,49.35,95.27,7.17,10.99,9.08,8.26,12.53,0.16,39.27,0.105,,,,0.14,0.06,22.61,80.99,0.06,65.96,0.0,0.0,203.86,750.0,
2023-11-18 10:00:00,49.35,95.27,8.775,13.4525,22.2325,8.7225,15.72,0.3625,56.725,0.2175,,,,0.14750000000000002,0.057499999999999996,28.34,60.425,0.1275,119.98500000000001,0.0,0.0,266.245,750.0,
2023-11-18 11:00:00,,,7.46,11.4375,19.002499999999998,8.1425,17.68,0.32,63.7625,0.1925,,,,0.13,0.05,31.7475,46.6125,0.21250000000000002,161.665,0.0225,0.0225,266.9775,750.0,
2023-11-18 12:00:00,22.75,85.75,7.192500000000001,11.0225,18.18,8.085,18.1325,0.31,61.23,0.1875,,,,0.125,0.05,32.3425,41.519999999999996,0.2,171.82999999999998,0.0375,0.0375,242.885,750.0,
2023-11-18 13:00:00,30.625,82.14,6.795,10.4175,17.215,7.9675,19.625,0.3,57.4475,0.18,,,,0.12,0.05,32.5975,39.5075,0.19,201.6525,0.0,0.0,204.0675,749.84,
2023-11-18 14:00:00,27.625,86.22999999999999,6.720000000000001,10.305,17.0225,7.859999999999999,19.9125,0.2875,53.4075,0.175,,,,0.11499999999999999,0.045,28.98,49.480000000000004,0.20500000000000002,206.3375,0.0,0.0,55.0375,749.3475,
2023-11-18 15:00:00,41.75,82.5175,5.68,8.7025,14.3775,7.6975,18.215,0.2375,46.71,0.14750000000000002,,,,0.1,0.0375,25.9525,65.36,0.115,168.72,0.0,0.0,31.205000000000002,749.115,
2023-11-18 16:00:00,42.21,82.25,6.435,9.8675,16.3,7.8950000000000005,18.305,0.26,51.2675,0.155,,,,0.1075,0.04,22.7675,76.0325,0.0925,134.39,0.0,0.0,8.3025,749.14,
2023-11-18 17:00:00,,,6.8475,10.495,17.322499999999998,7.765000000000001,17.705,0.2925,69.4,0.175,,,,0.1175,0.0475,19.4675,86.525,0.1,168.9675,0.0,0.0,0.05,749.4325,
2023-11-18 18:00:00,49.63,85.33,7.834999999999999,12.0125,19.79,8.0325,17.455,0.325,73.9475,0.195,,,,0.1325,0.05,17.5375,92.75750000000001,0.155,234.69,0.0,0.0,,749.885,
2023-11-18 19:00:00,66.42999999999999,104.49249999999999,9.1975,14.1025,23.3025,8.1525,18.125,0.41500000000000004,73.3925,0.2475,,,,0.1675,0.065,16.765,95.60499999999999,0.1625,250.9975,0.0,0.0,,750.0,
2023-11-18 20:00:00,86.4025,134.25,9.8875,15.155000000000001,25.04,8.2,17.19,0.55,77.405,0.3325,,,,0.2225,0.09,16.197499999999998,97.2975,0.185,244.1125,0.0,0.0,,750.0,
2023-11-18 21:00:00,98.81,143.04,10.255,15.72,25.975,8.4125,17.6,0.6599999999999999,76.52,0.39749999999999996,,,,0.27,0.1075,15.942499999999999,98.61749999999999,0.0875,131.245,0.0,0.0,,750.0,
2023-11-18 22:00:00,90.17,131.2275,9.705,14.8725,24.535,8.33,17.845,0.7275,77.1575,0.435,,,,0.2975,0.11499999999999999,15.5475,99.2775,0.12,219.005,0.0,0.0,,750.0,
2023-11-18 23:00:00,93.9975,127.0875,9.1625,14.045,23.2925,8.1875,17.7275,0.77,77.9275,0.4575,,,,0.3125,0.12,15.23,99.8625,0.125,223.64249999999998,0.0,0.0,,750.0,
2023-11-19 00:00:00,91.045,122.82,8.7175,13.3575,22.072499999999998,8.205,17.8525,0.7675000000000001,78.435,0.4575,,,,0.3125,0.12,14.945,100.0,0.11,197.6425,0.0,0.0,,750.0,
2023-11-19 01:00:00,82.28999999999999,117.755,8.3575,12.8075,21.1625,8.11,17.7725,0.7375,79.575,0.435,,,,0.3025,0.12,14.495,100.0,0.1575,242.7725,0.0,0.0,,750.0,
2023-11-19 02:00:00,82.4425,110.305,8.4075,12.88,21.2825,8.1225,17.565,0.6924999999999999,80.185,0.415,,,,0.28500000000000003,0.11,14.26,100.0,0.14250000000000002,241.8425,0.0,0.0,,750.0,
2023-11-19 03:00:00,88.13,116.845,8.17,12.52,20.69,8.165,17.165,0.6575,79.53,0.395,,,,0.27,0.10500000000000001,14.0175,100.0,0.1625,253.2375,0.0,0.0,,750.0,
2023-11-19 04:00:00,82.3325,112.06,7.970000000000001,12.2125,20.1825,8.1025,17.3825,0.62,78.455,0.375,,,,0.255,0.1,13.93,100.0,0.145,249.645,0.0,0.0,,750.0,
2023-11-19 05:00:00,76.7775,107.815,7.8,11.955,19.76,7.9775,17.085,0.5925,78.8625,0.355,,,,0.2375,0.0925,13.955,100.0,0.155,262.625,0.0,0.0,,750.0,
2023-11-19 06:00:00,82.52,111.94,7.66,11.747499999999999,19.4075,7.915,17.2125,0.5725,79.17,0.3425,,,,0.23,0.09,13.91,100.0,0.1275,219.4375,0.0,0.0,2.19,750.0,
2023-11-19 07:00:00,77.8125,106.82000000000001,7.775,11.9225,19.6975,7.98,16.98,0.5475000000000001,78.505,0.33,,,,0.2225,0.09,14.745000000000001,100.0,0.1075,192.6375,0.0,0.0,18.1375,750.0,
2023-11-19 08:00:00,70.34,105.49000000000001,7.615,11.67,19.287499999999998,8.0,17.015,0.5375000000000001,79.9275,0.32,,,,0.2175,0.0875,17.2025,100.0,0.1325,204.22,0.0,0.0,40.7175,750.0,
2023-11-19 09:00:00,75.47,112.83000000000001,8.469999999999999,12.985,21.455,7.92,17.1325,0.535,81.255,0.32,,,,0.2125,0.0825,19.59,99.6075,0.10250000000000001,156.49,0.0,0.0,85.0975,750.0,
2023-11-19 10:00:00,79.72,119.05499999999999,7.7125,11.825,19.5425,7.7375,16.8,0.525,79.3225,0.315,,,,0.2125,0.0825,25.6775,70.315,0.16749999999999998,167.235,0.0,0.0,204.4375,750.0,
2023-11-19 11:00:00,75.88749999999999,114.16,6.9475,10.6525,17.6025,7.705,16.877499999999998,0.51,82.845,0.31,,,,0.20500000000000002,0.08,29.6275,55.125,0.12,153.4325,0.0,0.0,215.8025,750.0,
2023-11-19 12:00:00,73.445,107.835,6.4399999999999995,9.875,16.315,7.5675,17.2775,0.4975,84.2425,0.3025,,,,0.2025,0.08,31.009999999999998,49.6725,0.11,150.58249999999998,0.0,0.0,197.5675,750.0,
2023-11-19 13:00:00,72.82,107.50999999999999,6.15,9.4225,15.575,7.6625,17.47,0.495,82.945,0.2975,,,,0.2,0.08,30.9775,48.565,0.11,158.8725,0.0,0.0,159.425,750.0,
2023-11-19 14:00:00,76.64750000000001,113.175,6.484999999999999,9.94,16.425,7.6425,17.31,0.495,81.82,0.2975,,,,0.2025,0.08,28.67,57.0725,0.0925,127.64,0.0,0.0,62.345,750.0,
2023-11-19 15:00:00,75.575,113.80499999999999,6.3,9.6525,15.9475,7.655,17.4325,0.49,83.5975,0.295,,,,0.2,0.08,26.07,69.28999999999999,0.125,206.345,0.0,0.0,33.02,750.0,
2023-11-19 16:00:00,72.02,110.245,6.365,9.7575,16.119999999999997,7.6575,17.25,0.48,84.5625,0.29,,,,0.1975,0.0775,23.025,82.13,0.1075,184.07,0.0,0.0,9.5475,750.0,
2023-11-19 17:00:00,72.16,105.225,6.71,10.285,16.9925,7.715,17.150000000000002,0.475,86.5625,0.28500000000000003,,,,0.1925,0.07500000000000001,20.04,91.3675,0.12000000000000001,196.475,0.0,0.0,0.04,750.0,
2023-11-19 18:00:00,78.17750000000001,109.80000000000001,7.095,10.879999999999999,17.9775,7.890000000000001,17.0875,0.46499999999999997,85.9875,0.2825,,,,0.1875,0.07250000000000001,18.07,95.34,0.1375,232.29500000000002,0.0,0.0,,750.0,
2023-11-19 19:00:00,78.0625,114.535,7.715,11.8225,19.5425,7.9075,17.2525,0.4675,84.47,0.28500000000000003,,,,0.19,0.07500000000000001,17.080000000000002,96.77,0.16,256.8975,0.0,0.0,,750.0,
2023-11-19 20:00:00,76.6325,110.905,8.0325,12.315000000000001,20.3525,8.1025,17.455,0.4825,81.35499999999999,0.295,,,,0.1925,0.08,16.8425,98.325,0.1625,260.295,0.0,0.0,,750.0,
2023-11-19 21:00:00,95.4125,126.46000000000001,9.55,14.635,24.1825,8.3625,17.2425,0.64,78.9925,0.3875,,,,0.2625,0.10250000000000001,16.55,99.405,0.1725,267.3825,0.0,0.0,,750.0,
2023-11-19 22:00:00,157.13,201.32500000000002,11.3575,17.4075,28.7625,8.71,17.84,0.89,75.0,0.5375,,,,0.365,0.14500000000000002,16.3875,99.955,0.1725,270.7025,0.0,0.0,,750.0,
2023-11-19 23:00:00,180.18,222.32999999999998,11.105,17.0175,28.12,8.71,17.925,1.1025,76.5575,0.6699999999999999,,,,0.4525,0.1775,15.885,100.0,0.035,65.16499999999999,0.0,0.0,,750.0,
2023-11-20 00:00:00,154.5575,196.73,9.925,15.2125,25.1425,8.4025,17.4,1.1425,74.7925,0.685,,,,0.4625,0.185,15.620000000000001,100.0,0.09,167.29250000000002,0.0,0.0,,750.0,
2023-11-20 01:00:00,119.695,158.01,9.025,13.8325,22.86,8.315000000000001,17.544999999999998,1.0525,76.0225,0.63,,,,0.425,0.1675,15.1775,100.0,0.13,236.54,0.0,0.0,,750.0,
2023-11-20 02:00:00,105.14250000000001,139.395,8.782499999999999,13.4625,22.2425,8.285,17.625,0.935,79.505,0.5575,,,,0.38,0.1475,14.48,100.0,0.14,245.7175,0.0,0.0,,750.0,
2023-11-20 03:00:00,96.685,124.855,8.86,13.5775,22.4375,8.2925,17.64,0.8275,78.94,0.4925,,,,0.3375,0.1325,14.065,100.0,0.15,251.20749999999998,0.0,0.0,,750.0,
2023-11-20 04:00:00,93.15,124.41499999999999,8.815,13.515,22.33,8.2025,17.4975,0.7275,77.7125,0.4325,,,,0.3,0.1175,13.7075,100.0,0.1625,263.8425,0.0,0.0,,750.0,
2023-11-20 05:00:00,88.035,118.285,8.5725,13.145,21.72,8.23,17.2325,0.6525000000000001,77.64750000000001,0.39,,,,0.2675,0.1075,13.504999999999999,100.0,0.16,260.2525,0.0,0.0,,750.0,
2023-11-20 06:00:00,85.08250000000001,116.315,8.2925,12.7125,21.0025,8.165,16.955,0.6,77.225,0.36,,,,0.2425,0.0975,13.497499999999999,100.0,0.14250000000000002,238.5325,0.0,0.0,1.795,750.0,
2023-11-20 07:00:00,83.225,118.605,8.0925,12.4025,20.4975,8.075,17.052500000000002,0.5700000000000001,77.0125,0.3425,,,,0.23,0.09,14.3375,100.0,0.1275,222.985,0.0,0.0,16.7175,750.0,
2023-11-20 08:00:00,83.16,116.06,8.2875,12.705,20.9925,8.085,16.8875,0.56,77.1025,0.335,,,,0.225,0.09,16.8875,100.0,0.11,172.7275,0.0075,0.0075,36.552499999999995,750.0,
2023-11-20 09:00:00,97.605,156.02,8.9525,13.725,22.68,8.075,17.36,0.5625,76.2,0.3375,,,,0.2275,0.09,20.615000000000002,91.0875,0.1375,199.0775,0.0225,0.0225,84.1275,750.0,
2023-11-20 10:00:00,82.345,140.13,7.6675,11.7525,19.419999999999998,7.8575,17.3475,0.5375000000000001,77.34,0.32,,,,0.215,0.08499999999999999,27.555,58.3175,0.1225,146.1,0.0,0.0,249.265,750.0,
2023-11-20 11:00:00,70.825,114.22999999999999,7.37,11.3,18.6675,7.79,17.75,0.4975,73.905,0.295,,,,0.2,0.08,30.9575,45.7575,0.16,179.745,0.0,0.0,258.68,750.0,
2023-11-20 12:00:00,63.80500000000001,103.12,7.0075,10.7425,17.7475,8.055,18.8475,0.34500000000000003,58.5125,0.2025,,,,0.14,0.052500000000000005,31.3975,41.894999999999996,0.2525,207.97750000000002,0.0,0.0,242.1725,750.0,
2023-11-20 13:00:00,56.0,92.39999999999999,6.6825,10.24,16.9225,7.905,18.6075,0.32,58.6325,0.19,,,,0.13,0.05,30.9125,42.3875,0.23500000000000001,194.70999999999998,0.0,0.0,198.455,750.0,
2023-11-20 14:00:00,58.69,96.18,6.5475,10.035,16.580000000000002,7.93,18.66,0.32,58.29,0.1925,,,,0.1325,0.05,28.37,47.56,0.21000000000000002,196.54250000000002,0.0,0.0,59.415,750.0,
2023-11-20 15:00:00,60.150000000000006,103.29,6.745,10.3375,17.08,7.965,18.4575,0.2925,56.07,0.17500000000000002,,,,0.12,0.0475,26.185000000000002,53.082499999999996,0.2,217.9975,0.0,0.0,30.6875,750.0,
2023-11-20 16:00:00,55.2725,96.465,6.8725000000000005,10.535,17.405,7.9325,18.155,0.27,49.135,0.1625,,,,0.11,0.0425,22.56,70.285,0.14,213.86,0.0,0.0,8.6375,749.995,
2023-11-20 17:00:00,54.8875,92.845,8.3,12.719999999999999,21.02,8.0475,18.035,0.335,53.3075,0.20500000000000002,,,,0.135,0.052500000000000005,18.6225,83.33500000000001,0.1275,203.8975,0.0,0.0,0.07,750.0,
2023-11-20 18:00:00,65.68,100.865,8.5275,13.0725,21.5975,8.1025,17.564999999999998,0.395,70.03999999999999,0.235,,,,0.16,0.0625,16.509999999999998,91.3725,0.175,255.21,0.0,0.0,,750.0,
2023-11-20 19:00:00,82.41499999999999,130.035,10.3875,15.9175,26.305,8.2875,17.4425,0.52,72.585,0.315,,,,0.21,0.0825,15.74,95.8225,0.1475,234.985,0.0,0.0,,750.0,
2023-11-20 20:00:00,107.05,166.355,11.1325,17.07,28.205000000000002,8.5125,17.4675,0.6625,72.785,0.4,,,,0.2725,0.1075,15.2325,97.865,0.14500000000000002,228.0,0.0,0.0,,750.0,
2023-11-20 21:00:00,107.6025,159.815,11.1075,17.025,28.134999999999998,8.565,17.6575,0.7625,72.6625,0.4575,,,,0.31,0.1225,14.8225,99.1025,0.1475,217.45749999999998,0.0,0.0,,750.0,
2023-11-20 22:00:00,111.1,157.16,10.6175,16.2775,26.8925,8.432500000000001,17.6725,0.8075,72.9525,0.4825,,,,0.33,0.13,14.7025,99.9625,0.175,257.4925,0.0,0.0,,750.0,
2023-11-20 23:00:00,105.89750000000001,143.815,9.7275,14.9125,24.6425,8.2575,17.74,0.815,73.4825,0.4875,,,,0.3325,0.13,14.3625,100.0,0.1775,249.6725,0.0,0.0,,750.0,
2023-11-21 00:00:00,108.0625,144.035,9.355,14.3425,23.6975,8.235,16.8875,0.795,73.6425,0.4775,,,,0.325,0.1275,14.2675,100.0,0.1625,242.795,0.0,0.0,,750.0,
2023-11-21 01:00:00,107.07,138.41,8.940000000000001,13.705,22.645,8.1175,16.3675,0.745,74.85249999999999,0.445,,,,0.3075,0.1175,14.1875,100.0,0.155,238.815,0.0,0.0,,750.0,
2023-11-21 02:00:00,98.1875,137.905,8.5,13.030000000000001,21.5275,8.049999999999999,16.7125,0.6875,71.36,0.41000000000000003,,,,0.2825,0.1075,14.1875,100.0,0.1725,237.7425,0.0,0.0,,750.0,
2023-11-21 03:00:00,91.85249999999999,131.92000000000002,8.2225,12.6,20.8225,8.105,16.9175,0.635,73.11500000000001,0.3825,,,,0.2625,0.1,14.09,100.0,0.1825,246.9775,0.0,0.0,,750.0,
2023-11-21 04:00:00,88.12,132.24,8.14,12.4775,20.6175,8.06,17.015,0.5974999999999999,73.6275,0.36,,,,0.24,0.0975,13.85,100.0,0.16,247.42000000000002,0.0,0.0,,750.0,
2023-11-21 05:00:00,88.5975,126.385,7.930000000000001,12.155,20.0825,7.915,17.025,0.565,72.6075,0.345,,,,0.2275,0.09,13.595,100.0,0.1775,264.3275,0.0,0.0,,750.0,
2023-11-21 06:00:00,86.46,128.66,7.865,12.05,19.915,8.045,16.86,0.55,71.835,0.33,,,,0.22,0.09,13.467500000000001,100.0,0.195,264.355,0.0,0.0,1.76,750.0,
2023-11-21 07:00:00,89.08000000000001,131.79500000000002,7.922499999999999,12.1475,20.07,7.98,16.759999999999998,0.55,68.69749999999999,0.3325,,,,0.22,0.0875,14.475,100.0,0.145,216.33499999999998,0.0,0.0,15.094999999999999,750.0,
2023-11-21 08:00:00,94.85,143.655,8.645,13.2475,21.89,8.095,16.605,0.5825,68.5825,0.3525,,,,0.2375,0.095,16.2925,100.0,0.1725,230.16,0.0225,0.0225,32.105000000000004,750.0,
2023-11-21 09:00:00,99.85249999999999,160.865,8.925,13.682500000000001,22.6075,8.002500000000001,16.88,0.6074999999999999,75.5,0.365,,,,0.2475,0.1,19.4075,90.2675,0.15,185.4325,0.0075,0.0075,87.815,750.0,
2023-11-21 10:00:00,112.44999999999999,168.945,8.7275,13.3825,22.1125,7.885,17.625,0.6174999999999999,75.6625,0.375,,,,0.255,0.1,26.6325,58.435,0.2925,220.84,0.0,0.0,272.46000000000004,750.0,
2023-11-21 11:00:00,111.56,160.305,8.2125,12.59,20.8,8.31,18.3,0.5475,68.0475,0.3225,,,,0.22,0.09,29.28,48.9625,0.3225,246.0625,0.0,0.0,255.3275,750.0,
2023-11-21 12:00:00,95.85,140.685,8.045,12.33,20.377499999999998,8.59,18.455,0.46,63.2025,0.28,,,,0.1875,0.07,29.8525,45.7525,0.315,245.6725,0.0,0.0,228.9275,749.9175,
2023-11-21 13:00:00,89.2625,135.915,8.375,12.837499999999999,21.2125,8.64,19.345,0.45999999999999996,62.5025,0.2775,,,,0.185,0.07250000000000001,29.7125,46.51,0.3525,238.18,0.0,0.0,184.685,749.22,
2023-11-21 14:00:00,82.3575,143.32999999999998,7.6575,11.7375,19.395,8.5375,18.555,0.435,59.6225,0.26,,,,0.175,0.07,27.41,50.86,0.275,191.9275,0.0,0.0,61.3925,748.675,
2023-11-21 15:00:00,71.85,135.34,8.2075,12.58,20.7875,8.555,18.7825,0.42,58.575,0.2525,,,,0.17250000000000001,0.07,25.605,56.7525,0.28500000000000003,251.0575,0.0,0.0,33.02,748.435,
2023-11-21 16:00:00,75.115,142.025,9.475,14.5225,24.0,8.61,18.9375,0.47,57.037499999999994,0.28,,,,0.1875,0.07500000000000001,23.0875,64.9125,0.22499999999999998,168.39,0.0,0.0,9.262500000000001,748.4300000000001,
2023-11-21 17:00:00,84.97,149.28500000000003,10.3375,15.842500000000001,26.1825,8.7375,18.1875,0.52,59.04,0.315,,,,0.21,0.0825,19.275,80.66749999999999,0.1225,176.9325,0.0,0.0,,748.505,
2023-11-21 18:00:00,90.46000000000001,159.42,10.1025,15.485,25.59,8.275,17.365000000000002,0.5700000000000001,69.4625,0.3425,,,,0.23,0.0925,16.785,91.1475,0.165,234.5,0.0,0.0,,748.935,
2023-11-21 19:00:00,99.3575,168.22,10.14,15.545,25.685000000000002,8.425,17.447499999999998,0.615,74.35249999999999,0.3675,,,,0.25,0.1,16.0975,95.66,0.165,210.315,0.0,0.0,,749.3050000000001,
2023-11-21 20:00:00,100.4225,170.075,10.5375,16.1525,26.69,8.4375,17.8525,0.6875,72.15,0.4125,,,,0.28500000000000003,0.1125,15.85,97.82,0.10500000000000001,167.785,0.0,0.0,,749.4825000000001,
2023-11-21 21:00:00,110.98,177.32,9.9725,15.29,25.2625,8.27,17.6075,0.7375,70.70500000000001,0.4425,,,,0.305,0.12,15.92,99.2975,0.135,207.675,0.0,0.0,,749.5875,
2023-11-21 22:00:00,101.91999999999999,162.66,9.375,14.37,23.744999999999997,8.285,17.677500000000002,0.7275,72.845,0.4325,,,,0.2975,0.1175,15.78,99.9425,0.095,144.585,0.0,0.0,,749.54,
2023-11-21 23:00:00,91.2425,146.67000000000002,9.0325,13.84,22.8725,8.305,17.595,0.7075,71.025,0.425,,,,0.2925,0.1125,15.379999999999999,100.0,0.1325,186.5625,0.0,0.0,,749.2125,
2023-11-22 00:00:00,90.3875,142.47500000000002,8.805,13.4975,22.305,8.235,17.7175,0.6775,70.6175,0.4075,,,,0.2775,0.1075,15.190000000000001,100.0,0.14500000000000002,224.6975,0.0,0.0,,748.8625,
2023-11-22 01:00:00,83.89,140.68,8.535,13.0775,21.6125,8.15,17.68,0.6325000000000001,69.14750000000001,0.3825,,,,0.26,0.1,15.0075,100.0,0.17250000000000001,237.5025,0.0,0.0,,748.6324999999999,
2023-11-22 02:00:00,89.185,140.04,8.48,13.0,21.4775,8.1625,17.755000000000003,0.6,65.2625,0.3575,,,,0.2425,0.095,14.9325,100.0,0.1975,239.815,0.0,0.0,,748.3475000000001,
2023-11-22 03:00:00,83.18,143.83499999999998,8.16,12.5075,20.6675,8.120000000000001,17.61,0.5825,64.6875,0.3475,,,,0.235,0.09,14.725,100.0,0.18,231.97,0.0,0.0,,748.2,
2023-11-22 04:00:00,91.7925,142.895,8.2425,12.6325,20.8725,8.06,17.5,0.5775,67.8425,0.3475,,,,0.2325,0.09,14.3,100.0,0.16,223.20250000000001,0.0,0.0,,748.265,
2023-11-22 05:00:00,94.82,153.135,7.8825,12.0825,19.965,8.057500000000001,17.5075,0.565,64.16,0.34,,,,0.2275,0.09,14.025,100.0,0.2025,218.495,0.0,0.0,,748.7825,
2023-11-22 06:00:00,96.945,153.60500000000002,7.9799999999999995,12.2275,20.2075,8.1325,17.09,0.5675,63.795,0.3425,,,,0.23,0.09,13.75,100.0,0.1875,252.9775,0.0,0.0,1.67,749.36,
2023-11-22 07:00:00,101.475,161.705,8.0775,12.3825,20.46,8.07,16.88,0.5825,64.33500000000001,0.3475,,,,0.235,0.09,14.1325,100.0,0.1625,235.7475,0.0,0.0,16.8575,749.9125,
2023-11-22 08:00:00,107.9175,173.25,8.8625,13.5875,22.4475,8.1525,16.8575,0.62,65.08,0.375,,,,0.2525,0.1,16.1025,100.0,0.1625,226.7125,0.0,0.0,36.6125,750.0,
2023-11-22 09:00:00,126.1725,200.87,9.8,15.025,24.8225,8.0925,17.53,0.6825,65.5975,0.4125,,,,0.28,0.11,18.4625,92.015,0.235,227.70250000000001,0.0,0.0,88.55499999999999,750.0,
2023-11-22 10:00:00,141.175,213.1225,9.9825,15.3025,25.285,8.075,17.619999999999997,0.7024999999999999,68.0975,0.42,,,,0.2875,0.11,25.314999999999998,59.7825,0.2,216.4775,0.0,0.0,263.8175,750.0,
2023-11-22 11:00:00,99.0325,153.015,9.235,14.155,23.3975,8.08,17.4875,0.6749999999999999,70.865,0.40499999999999997,,,,0.27749999999999997,0.1075,29.165,46.71,0.225,214.02,0.0,0.0,261.02750000000003,749.9775,
2023-11-22 12:00:00,76.5425,125.5375,8.895,13.6375,22.5325,8.477500000000001,18.255,0.5175,60.095,0.31,,,,0.21000000000000002,0.0825,29.627499999999998,44.0025,0.25,215.6825,0.0,0.0,227.8825,749.4375,
2023-11-22 13:00:00,51.0725,99.99000000000001,8.125,12.455,20.58,8.435,19.285,0.4125,56.7825,0.25,,,,0.1675,0.0675,29.1925,43.2525,0.2725,213.655,0.0,0.0,189.1275,748.75,
2023-11-22 14:00:00,49.5225,94.81,8.5075,13.0425,21.552500000000002,8.375,18.9125,0.44,55.765,0.2625,,,,0.1775,0.07,26.9225,51.155,0.1825,189.8975,0.0,0.0,59.905,748.35,
2023-11-22 15:00:00,56.0775,108.0325,8.7025,13.3375,22.035,8.465,19.1475,0.4275,54.9925,0.2575,,,,0.17250000000000001,0.07,24.7875,58.25,0.165,160.95250000000001,0.0,0.0,31.127499999999998,748.1475,
2023-11-22 16:00:00,57.332499999999996,104.6225,8.625,13.22,21.8425,9.165,17.865000000000002,0.4225,50.1475,0.2575,,,,0.1675,0.07,21.572499999999998,71.11999999999999,0.09,118.545,0.0175,0.0175,8.6925,748.1525,
2023-11-22 17:00:00,53.4925,125.785,9.7825,14.9925,24.7775,7.495,17.2975,0.4625,58.5875,0.28,,,,0.1875,0.07500000000000001,17.8425,84.2925,0.115,142.26,0.0225,0.0225,0.03,748.4775,
2023-11-22 18:00:00,54.7875,113.2875,10.875,16.675,27.552500000000002,7.0675,17.11,0.5475,62.5475,0.3325,,,,0.2225,0.08499999999999999,15.76,91.84,0.0875,125.9925,0.0,0.0,,749.0075,
2023-11-22 19:00:00,72.13,123.0825,12.2875,18.830000000000002,31.1175,6.9125,17.134999999999998,0.66,64.8475,0.39749999999999996,,,,0.2725,0.1075,15.0825,95.1275,0.2125,247.4675,0.0,0.0,,749.42,
2023-11-22 20:00:00,87.62,150.01250000000002,13.3925,20.525,33.915,7.015000000000001,17.2125,0.815,65.5975,0.4925,,,,0.335,0.1325,14.635,97.01249999999999,0.18,215.9675,0.0,0.0,,749.6675,
2023-11-22 21:00:00,102.1725,159.1225,13.025,19.9675,32.9925,8.0075,17.1675,0.9225,65.6675,0.555,,,,0.3775,0.1475,14.1025,98.33,0.1975,239.04500000000002,0.0,0.0,,749.7525,
2023-11-22 22:00:00,100.1925,154.2575,12.4675,19.11,31.575,7.375,17.525,0.9675,65.0,0.5825,,,,0.395,0.1525,13.7275,99.41499999999999,0.23,233.15,0.0,0.0,,749.7075,
2023-11-22 23:00:00,102.965,146.895,11.355,17.4075,28.765,7.145,17.247500000000002,0.9724999999999999,66.165,0.58,,,,0.3975,0.16,13.35,99.95,0.225,276.0675,0.0,0.0,,749.3425,
2023-11-23 00:00:00,104.13,144.97750000000002,10.7225,16.4375,27.1625,7.1075,17.2175,0.94,64.895,0.5575,,,,0.3825,0.15,12.975,100.0,0.175,257.43,0.0,0.0,,749.1225,
2023-11-23 01:00:00,107.6225,147.5725,10.43,15.9825,26.41,7.1025,16.1175,0.9075,65.3175,0.5425,,,,0.37,0.14250000000000002,12.75,100.0,0.16,230.64249999999998,0.0,0.0,,748.8675,
2023-11-23 02:00:00,108.38749999999999,148.3475,10.1775,15.6025,25.78,7.1825,16.9125,0.8725,64.62,0.5225,,,,0.3575,0.14,12.432500000000001,100.0,0.1725,231.20749999999998,0.0,0.0,,748.64,
2023-11-23 03:00:00,105.33500000000001,148.5475,9.68,14.84,24.5225,7.205,17.25,0.83,62.765,0.495,,,,0.3375,0.1325,12.32,100.0,0.20750000000000002,279.685,0.0,0.0,,748.6725,
2023-11-23 04:00:00,99.6475,139.3125,9.155000000000001,14.0325,23.1875,7.4425,17.252499999999998,0.7875000000000001,62.0225,0.47,,,,0.3225,0.125,12.0075,100.0,0.1475,181.3225,0.0,0.0,,748.66,
2023-11-23 05:00:00,100.82000000000001,141.0975,8.565,13.122499999999999,21.685000000000002,7.32,17.33,0.75,62.0925,0.4475,,,,0.3075,0.12,11.7875,100.0,0.15000000000000002,169.995,0.0,0.0,,749.075,
2023-11-23 06:00:00,105.17,144.875,8.56,13.125,21.682499999999997,7.46,17.377499999999998,0.72,61.2825,0.435,,,,0.295,0.1175,11.712499999999999,100.0,0.19,223.8425,0.0,0.0,1.3800000000000001,749.6925,
2023-11-23 07:00:00,103.95,147.9075,8.775,13.455,22.23,7.2825,17.3425,0.7124999999999999,61.735,0.43,,,,0.2925,0.1125,12.432500000000001,100.0,0.17250000000000001,239.57,0.0,0.0,15.030000000000001,750.0,
2023-11-23 08:00:00,100.7175,152.2975,8.9225,13.6825,22.6075,7.345,17.3175,0.7275,63.1325,0.4325,,,,0.3,0.12,14.9825,100.0,0.11,158.7625,0.0,0.0,32.4775,750.0,
2023-11-23 09:00:00,114.495,171.10750000000002,9.41,14.4225,23.83,7.345000000000001,17.822499999999998,0.77,62.4375,0.4625,,,,0.315,0.1225,17.5575,99.9325,0.12,111.125,0.0,0.0,79.235,750.0,
2023-11-23 10:00:00,100.6325,167.83999999999997,12.505,19.1675,31.6725,7.592499999999999,18.42,0.7225,46.3625,0.43,,,,0.295,0.11499999999999999,24.8,67.01,0.21250000000000002,147.36,0.0,0.0,267.865,750.0,
2023-11-23 11:00:00,102.28,165.8925,10.8575,16.6475,27.505,7.7,18.9925,0.675,58.5325,0.40249999999999997,,,,0.275,0.1075,29.09,47.26,0.3325,178.92499999999998,0.0,0.0,250.54500000000002,749.9825,
2023-11-23 12:00:00,87.53000000000002,156.26999999999998,10.64,16.3075,26.945,7.7575,20.53,0.5974999999999999,52.815,0.36,,,,0.24,0.0975,30.105,41.4025,0.38,232.81,0.0,0.0,226.4875,749.395,
2023-11-23 13:00:00,86.79,124.95249999999999,10.0275,15.370000000000001,25.395,7.25,22.362499999999997,0.5425,52.412499999999994,0.32999999999999996,,,,0.22,0.08499999999999999,30.25,40.230000000000004,0.3425,180.39,0.0,0.0,187.3875,748.63,
2023-11-23 14:00:00,,105.7475,8.1125,12.432500000000001,20.5475,7.2825,22.595,0.41500000000000004,45.67,0.24,,,,0.1675,0.065,27.1525,49.0075,0.2525,154.7375,0.0,0.0,59.1275,748.0775,
2023-11-23 15:00:00,47.85,96.6875,7.2775,11.1575,18.4375,7.3475,19.4125,0.39,44.245000000000005,0.2325,,,,0.16,0.06,24.295,61.6225,0.195,167.3775,0.0,0.0,29.134999999999998,747.76,
2023-11-23 16:00:00,50.0775,95.4775,7.265,11.135,18.4,7.33,18.375,0.3825,43.5625,0.2275,,,,0.155,0.06,21.1375,76.3775,0.105,118.0025,0.0,0.0,8.31,747.73,
2023-11-23 17:00:00,47.885,89.44999999999999,8.0625,12.3625,20.425,7.3225,18.1325,0.395,57.8775,0.2375,,,,0.1625,0.065,17.4775,85.03999999999999,0.0775,109.26249999999999,0.0,0.0,0.08,747.9025,
2023-11-23 18:00:00,54.7425,100.43,9.03,13.8425,22.872500000000002,7.295,17.73,0.4525,61.56,0.28,,,,0.185,0.07500000000000001,15.46,91.59,0.12250000000000001,193.54,0.0,0.0,,748.2325,
2023-11-23 19:00:00,68.635,119.695,10.64,16.3075,26.945,7.645,17.8025,0.5725,60.245,0.34750000000000003,,,,0.23500000000000001,0.095,14.6125,95.69749999999999,0.135,214.43,0.0,0.0,,748.6600000000001,
2023-11-23 20:00:00,91.2025,144.0925,12.71,19.485,32.19,7.6375,17.955,0.8125,59.6375,0.49,,,,0.3375,0.13,14.1475,97.725,0.1525,217.6275,0.0,0.0,,749.075,
2023-11-23 21:00:00,109.995,160.67000000000002,15.055,23.0775,38.135,7.725,17.95,1.125,59.37,0.675,,,,0.45999999999999996,0.1825,13.907499999999999,99.1175,0.21,275.41499999999996,0.0,0.0,,749.5175,
2023-11-23 22:00:00,120.95,173.965,19.387500000000003,29.715,49.105,7.755,17.7925,1.545,58.26,0.935,,,,0.6375,0.2475,14.0825,99.925,0.2,243.40249999999997,0.0,0.0,,749.67,
2023-11-23 23:00:00,174.10500000000002,236.65,21.765,33.3625,55.1275,7.705,17.785,1.9475,59.192499999999995,1.17,,,,0.7975,0.315,13.77,100.0,0.1725,238.975,0.0,0.0,,749.5575,
2023-11-24 00:00:00,162.95499999999998,217.60000000000002,18.9225,29.0075,47.9275,7.755,17.799999999999997,2.0775,61.635000000000005,1.2475,,,,0.85,0.33,13.335,100.0,0.16999999999999998,233.89499999999998,0.0,0.0,,749.42,
2023-11-24 01:00:00,139.98250000000002,187.17000000000002,15.145,23.21,38.355000000000004,7.715,17.3625,1.98,63.3775,1.1824999999999999,,,,0.8075,0.315,12.8225,100.0,0.10750000000000001,181.82,0.0,0.0,,749.2825,
2023-11-24 02:00:00,115.3425,157.335,12.7325,19.52,32.2525,7.5425,17.305,1.7349999999999999,63.1975,1.0375,,,,0.7075,0.275,12.4875,100.0,0.1375,228.1875,0.0,0.0,,749.135,
2023-11-24 03:00:00,103.005,141.5775,11.4525,17.555,29.009999999999998,7.625,17.5575,1.5075,62.69,0.905,,,,0.61,0.2375,12.33,100.0,0.18,262.87,0.0,0.0,,749.0899999999999,
2023-11-24 04:00:00,98.385,136.035,10.5175,16.1225,26.64,7.6125,17.515,1.33,60.8025,0.7925,,,,0.5425,0.21,12.19,100.0,0.14250000000000002,207.15,0.0,0.0,,749.14,
2023-11-24 05:00:00,93.1975,134.51,10.4575,16.0275,26.485,7.55,17.6575,1.1775,60.465,0.705,,,,0.4775,0.19,12.14,100.0,0.1625,222.075,0.0,0.0,,749.5225,
2023-11-24 06:00:00,92.21000000000001,133.8625,9.955,15.2575,25.2125,7.465,17.605,1.05,60.28,0.63,,,,0.4275,0.1675,11.9125,100.0,0.2,276.7475,0.0,0.0,1.375,749.955,
2023-11-24 07:00:00,96.375,138.1575,9.775,14.985,24.765,7.4825,17.3075,0.9624999999999999,58.8875,0.575,,,,0.39,0.1525,12.605,100.0,0.125,221.24,0.0,0.0,13.705,750.0,
2023-11-24 08:00:00,92.86500000000001,135.9925,9.7775,14.987499999999999,24.7625,7.5425,17.075,0.92,59.5375,0.55,,,,0.375,0.15,15.1125,100.0,0.14250000000000002,204.9075,0.0,0.0,31.994999999999997,750.0,
2023-11-24 09:00:00,104.6675,163.8325,10.54,16.16,26.7,7.545,17.3,0.9075,59.72,0.5425,,,,0.37,0.14500000000000002,17.4375,99.6375,0.1925,159.4875,0.0,0.0,74.22,750.0,
2023-11-24 10:00:00,92.2175,149.1925,9.5175,14.59,24.11,7.495,17.552500000000002,0.87,63.295,0.5175000000000001,,,,0.355,0.14,24.635,67.8425,0.21250000000000002,149.435,0.0,0.0,264.045,750.0,
2023-11-24 11:00:00,68.51,115.465,8.4175,12.9,21.322499999999998,7.4350000000000005,17.8125,0.79,63.4725,0.46749999999999997,,,,0.3225,0.1275,28.89,51.5525,0.31,145.53750000000002,0.0,0.0,249.03,750.0,
2023-11-24 12:00:00,52.645,100.305,8.3275,12.7675,21.09,7.5625,18.555,0.5075000000000001,49.4725,0.3025,,,,0.20500000000000002,0.0825,30.1675,48.1525,0.3,147.075,0.0,0.0,208.655,749.985,
2023-11-24 13:00:00,54.0,97.9,7.875,12.0725,19.955000000000002,7.640000000000001,19.32,0.4625,49.135,0.275,,,,0.185,0.07250000000000001,30.482499999999998,47.76,0.235,173.0125,0.0,0.0,174.4725,749.6,
2023-11-24 14:00:00,51.254999999999995,96.415,7.6475,11.7225,19.3725,7.4675,19.43,0.4125,47.935,0.2475,,,,0.165,0.065,27.665,55.645,0.23750000000000002,168.555,0.0,0.0,57.665,749.2025,
2023-11-24 15:00:00,44.2075,87.925,7.0625,10.825,17.892500000000002,7.5600000000000005,19.072499999999998,0.37,46.182500000000005,0.2175,,,,0.15,0.06,24.927500000000002,65.2775,0.1375,140.25,0.0,0.0,28.285,749.0325,
2023-11-24 16:00:00,39.599999999999994,79.83250000000001,7.035,10.7875,17.817500000000003,7.465,19.0075,0.375,57.0275,0.2225,,,,0.1525,0.06,21.8375,80.42,0.1075,131.79,0.0,0.0,8.235,749.1125,
2023-11-24 17:00:00,41.08,84.8225,7.4025,11.3475,18.7525,7.4575,18.1375,0.4025,62.9925,0.24,,,,0.16,0.06,18.535,88.935,0.0925,141.8125,0.0,0.0,0.03,749.27,
2023-11-24 18:00:00,56.145,96.8375,8.719999999999999,13.375,22.0975,7.4775,18.380000000000003,0.4525,62.4525,0.275,,,,0.185,0.07250000000000001,16.6,94.8475,0.1725,259.795,0.0,0.0,,749.6875,
2023-11-24 19:00:00,80.0925,132.57,11.34,17.38,28.715,7.5725,19.012500000000003,0.645,61.205,0.39,,,,0.2625,0.105,15.967500000000001,97.5575,0.175,227.1375,0.0,0.0,,750.0,
2023-11-24 20:00:00,102.81,163.9975,15.3225,23.49,38.815,7.675000000000001,19.1375,0.9850000000000001,59.6075,0.5975,,,,0.405,0.1625,15.6325,98.965,0.14500000000000002,212.1625,0.0,0.0,,750.0,
2023-11-24 21:00:00,103.67750000000001,159.4225,16.5875,25.425,42.0125,7.67,18.247500000000002,1.28,58.075,0.7725,,,,0.5275,0.20750000000000002,15.415000000000001,99.78,0.1775,241.15999999999997,0.0,0.0,,750.0,
2023-11-24 22:00:00,115.2425,173.3025,17.107499999999998,26.2175,43.32,7.705,17.9175,1.5425,58.765,0.9299999999999999,,,,0.6325000000000001,0.2475,15.16,100.0,0.22999999999999998,271.1175,0.0,0.0,,750.0,
2023-11-24 23:00:00,118.11,170.9375,15.4525,23.6875,39.14,7.5875,17.7,1.645,60.332499999999996,0.9875,,,,0.6725000000000001,0.2625,14.635,100.0,0.2175,252.42000000000002,0.0,0.0,,750.0,
2023-11-25 00:00:00,111.30499999999999,164.0775,13.504999999999999,20.7025,34.207499999999996,7.5275,17.557499999999997,1.5750000000000002,60.847500000000004,0.9475,,,,0.6425000000000001,0.25,14.1125,100.0,0.2675,272.72,0.0,0.0,,750.0,
2023-11-25 01:00:00,98.9,145.695,12.8675,19.725,32.5925,7.54,18.252499999999998,1.4449999999999998,59.215,0.865,,,,0.5925,0.23,13.5525,100.0,0.1875,231.27499999999998,0.0,0.0,,750.0,
2023-11-25 02:00:00,99.78,142.2775,11.31,17.335,28.64,7.452500000000001,17.630000000000003,1.3025,57.76,0.7825,,,,0.53,0.21,13.11,100.0,0.21000000000000002,238.2625,0.0,0.0,,750.0,
2023-11-25 03:00:00,93.62,134.4125,10.155000000000001,15.565000000000001,25.72,7.415,17.4225,1.1675,57.0875,0.7,,,,0.475,0.185,12.8525,100.0,0.185,251.755,0.0,0.0,,750.0,
2023-11-25 04:00:00,92.38749999999999,132.23250000000002,9.629999999999999,14.76,24.39,7.525,16.3175,1.0475,55.879999999999995,0.625,,,,0.425,0.1675,12.7275,100.0,0.1925,257.75,0.0,0.0,,750.0,
2023-11-25 05:00:00,87.73,129.6575,9.057500000000001,13.8875,22.945,7.44,12.440000000000001,0.9575,55.7125,0.5725,,,,0.39,0.1525,12.5725,100.0,0.20750000000000002,276.395,0.0,0.0,,750.0,
2023-11-25 06:00:00,91.225,136.3125,8.955,13.735,22.689999999999998,7.54,13.3975,0.8875,54.71,0.525,,,,0.3625,0.14,12.3975,100.0,0.17250000000000001,249.28750000000002,0.0,0.0,0.995,750.0,
2023-11-25 07:00:00,94.85,141.08249999999998,8.725,13.3725,22.0975,7.407500000000001,15.137500000000001,0.8525,55.39,0.5125,,,,0.35,0.14,13.06,100.0,0.1375,226.04,0.0,0.0,12.18,750.0,
2023-11-25 08:00:00,86.82249999999999,131.4475,8.7175,13.365,22.085,7.5825,16.92,0.83,55.785,0.495,,,,0.3375,0.13,15.372499999999999,100.0,0.049999999999999996,62.870000000000005,0.0,0.0,28.615,750.0,
2023-11-25 09:00:00,90.6575,147.2275,8.9575,13.7325,22.69,7.405,17.1625,0.835,57.2425,0.495,,,,0.3425,0.13,17.8,99.18,0.15,101.945,0.0,0.0,69.6325,750.0,
2023-11-25 10:00:00,88.2075,162.6975,8.56,13.1225,21.685000000000002,7.475,17.74,0.825,61.665,0.49,,,,0.335,0.13,25.585,63.155,0.2175,173.745,0.0,0.0,256.62,750.0,
2023-11-25 11:00:00,77.455,131.82,8.1775,12.5375,20.7175,7.325,18.122500000000002,0.7975,63.61,0.475,,,,0.3275,0.1275,29.7025,46.3125,0.3925,198.185,0.0,0.0,242.1825,750.0,
2023-11-25 12:00:00,77.85,139.0075,8.06,12.3525,20.4125,7.4325,19.16,0.78,64.03,0.465,,,,0.3175,0.125,30.2425,43.8125,0.48250000000000004,235.425,0.0,0.0,202.5575,750.0,
2023-11-25 13:00:00,70.88,129.1375,7.6850000000000005,11.780000000000001,19.47,7.3925,19.134999999999998,0.7424999999999999,62.355000000000004,0.445,,,,0.3075,0.12,30.025,45.0275,0.40249999999999997,208.9625,0.0,0.0,165.45749999999998,750.0,
2023-11-25 14:00:00,59.114999999999995,111.41,6.9975000000000005,10.7275,17.725,7.445,18.884999999999998,0.7124999999999999,61.765,0.425,,,,0.295,0.1125,27.7325,51.29,0.2575,188.2825,0.0,0.0,57.8825,750.0,
2023-11-25 15:00:00,42.4525,88.9675,6.9775,10.695,17.6725,7.5,18.425,0.6675,59.56,0.4,,,,0.2725,0.1075,25.085,62.980000000000004,0.15,111.41,0.0,0.0,26.7725,750.0,
2023-11-25 16:00:00,39.6325,83.4575,6.9475,10.6525,17.6025,7.35,17.8875,0.6375,60.5025,0.38,,,,0.26,0.1,21.8525,76.2775,0.13333333333333333,143.45000000000002,0.0,0.0,7.6025,750.0,
2023-11-25 17:00:00,48.8275,91.3325,7.675,11.7675,19.445,7.4175,18.055,0.62,62.3825,0.375,,,,0.255,0.1,18.34,87.2975,0.05500000000000001,90.73,0.0,0.0,,750.0,
2023-11-25 18:00:00,68.64,122.965,8.6725,13.2925,21.965,7.365,18.27,0.6225,61.18,0.38,,,,0.26,0.1,16.335,92.6525,0.07,118.3975,0.0,0.0,,750.0,
2023-11-25 19:00:00,87.015,133.0575,8.9775,13.76,22.740000000000002,7.555,18.095,0.6325000000000001,59.6075,0.38,,,,0.26,0.1,15.407499999999999,96.39,0.1275,165.3675,0.0,0.0,,750.0,
2023-11-25 20:00:00,83.59,127.475,8.655000000000001,13.2625,21.915,7.4175,18.0775,0.635,58.16,0.3825,,,,0.26,0.1,14.7825,98.32499999999999,0.1725,250.25,0.0,0.0,,750.0,
2023-11-25 21:00:00,90.9125,130.51999999999998,9.809999999999999,15.0375,24.8475,7.53,17.715,0.735,56.69,0.4475,,,,0.305,0.11750000000000001,14.5,99.4225,0.1875,212.8625,0.0,0.0,,750.0,
2023-11-25 22:00:00,117.39,175.12,18.3525,28.1325,46.485,7.62,17.47,1.265,53.6825,0.7675,,,,0.5225,0.20500000000000002,14.6175,99.9975,0.175,246.58999999999997,0.0,0.0,,750.0,
2023-11-25 23:00:00,152.1975,213.315,21.665,33.207499999999996,54.875,7.6674999999999995,17.5325,1.74,52.84,1.05,,,,0.71,0.2825,14.350000000000001,100.0,0.2,258.6,0.0,0.0,,750.0,
2023-11-26 00:00:00,143.055,202.35000000000002,19.91,30.515,50.4275,7.615,17.322499999999998,1.9949999999999999,53.82,1.2,,,,0.815,0.32,13.985,100.0,0.135,202.92000000000002,0.0,0.0,,750.0,
2023-11-26 01:00:00,134.60750000000002,192.16250000000002,16.9875,26.0425,43.0325,7.6875,17.94,2.0425,52.955,1.225,,,,0.8325,0.3275,13.530000000000001,100.0,0.18,244.71749999999997,0.0,0.0,,750.0,
2023-11-26 02:00:00,118.67,168.07,13.762500000000001,21.0975,34.8625,7.555,17.5425,1.9575,53.7625,1.1675,,,,0.7975,0.3125,13.205,100.0,0.165,222.32,0.0,0.0,,750.0,
2023-11-26 03:00:00,112.94,156.205,11.8825,18.2125,30.095,7.5649999999999995,17.0675,1.7825,53.8725,1.0675000000000001,,,,0.7224999999999999,0.28500000000000003,13.02,100.0,0.15,195.6525,0.0,0.0,,750.0,
2023-11-26 04:00:00,102.095,146.2375,10.7,16.4,27.1025,7.5600000000000005,17.3925,1.58,53.9325,0.9475,,,,0.64,0.2525,12.6625,100.0,0.14250000000000002,268.48,0.0,0.0,,750.0,
2023-11-26 05:00:00,99.685,140.6275,10.0825,15.455,25.54,7.5249999999999995,17.575,1.4125,53.4925,0.845,,,,0.5775,0.2225,12.47,100.0,0.155,273.7625,0.0,0.0,,750.0,
2023-11-26 06:00:00,91.7025,133.91750000000002,9.385,14.385,23.7725,7.55,17.35,1.2675,52.7175,0.76,,,,0.52,0.2025,12.3625,100.0,0.1375,237.9925,0.0,0.0,1.63,750.0,
2023-11-26 07:00:00,92.1525,137.4125,9.3975,14.4075,23.805,7.465,17.335,1.1475,52.425,0.6875,,,,0.46499999999999997,0.1825,12.9075,100.0,0.0975,148.195,0.0,0.0,11.945,750.0,
2023-11-26 08:00:00,88.42,136.235,8.9725,13.7525,22.73,7.4575,17.41,1.06,53.68,0.6375,,,,0.43,0.17,15.184999999999999,100.0,0.095,120.545,0.0,0.0,28.485,750.0,
2023-11-26 09:00:00,82.5425,131.7825,9.3175,14.2825,23.6025,7.547499999999999,18.0075,1.0075,53.79,0.605,,,,0.41,0.16,17.9875,100.0,0.10750000000000001,96.4125,0.0,0.0,66.485,750.0,
2023-11-26 10:00:00,110.3425,173.2825,9.81,15.04,24.8475,7.4825,18.1575,1.0,56.205,0.6,,,,0.405,0.16,23.869999999999997,77.6225,0.2525,196.82,0.0,0.0,246.81,750.0,
2023-11-26 11:00:00,106.125,166.7875,9.19,14.09,23.2875,7.4875,18.3525,0.945,59.2325,0.5625,,,,0.385,0.15,29.3,50.4175,0.28500000000000003,181.54500000000002,0.0,0.0,228.265,750.0,
2023-11-26 12:00:00,74.59,131.83249999999998,8.125,12.455,20.5825,7.5275,18.43,0.86,59.26,0.515,,,,0.355,0.1375,29.7525,48.0225,0.39749999999999996,188.07750000000001,0.0,0.0,185.235,750.0,
2023-11-26 13:00:00,46.4875,95.28750000000001,7.695,11.7975,19.494999999999997,7.5024999999999995,18.67,0.7975000000000001,57.6525,0.4725,,,,0.3225,0.125,29.6725,49.7825,0.33,176.21,0.0,0.0,142.14249999999998,750.0,
2023-11-26 14:00:00,39.385,88.4375,7.21,11.05,18.255,7.4675,18.4675,0.7424999999999999,57.695,0.445,,,,0.305,0.12,28.072499999999998,54.7875,0.3175,189.0025,0.0,0.0,64.185,750.0,
2023-11-26 15:00:00,37.25,85.25,6.93,10.6225,17.55,7.495,18.2175,0.7175,58.8125,0.4325,,,,0.2925,0.1175,25.5125,65.695,0.155,167.2775,0.0,0.0,27.8175,750.0,
2023-11-26 16:00:00,40.8925,82.43,6.8525,10.504999999999999,17.3575,7.3549999999999995,18.009999999999998,0.68,58.605000000000004,0.4125,,,,0.28250000000000003,0.11,22.3975,81.9,0.065,90.1375,0.0,0.0,9.6175,750.0,
2023-11-26 17:00:00,39.3325,81.5625,7.21,11.055,18.265,7.455,18.08,0.63,57.6625,0.38,,,,0.2575,0.1,19.2725,92.595,0.02,30.69,0.0,0.0,,750.0,
2023-11-26 18:00:00,37.36,75.845,7.8675,12.06,19.927500000000002,7.375,18.0975,0.5775,56.957499999999996,0.34750000000000003,,,,0.23,0.0925,17.72,95.44999999999999,0.065,112.27000000000001,0.0,0.0,,750.0,
2023-11-26 19:00:00,41.427499999999995,85.26249999999999,8.23,12.6175,20.85,7.3575,17.9925,0.5575000000000001,56.1575,0.335,,,,0.2275,0.09,17.292499999999997,97.355,0.135,168.39999999999998,0.0,0.0,,750.0,
2023-11-26 20:00:00,69.10000000000001,107.7775,8.3125,12.7425,21.055,7.5,18.1925,0.5774999999999999,55.7575,0.35,,,,0.2325,0.09,16.7675,98.5925,0.14,185.7625,0.0,0.0,,750.0,
2023-11-26 21:00:00,73.14750000000001,108.3275,9.985,15.302499999999998,25.2875,7.4975000000000005,18.34,0.6825,55.144999999999996,0.41000000000000003,,,,0.2825,0.11,16.395,99.3325,0.1325,179.56,0.0,0.0,,750.0,
2023-11-26 22:00:00,103.49,148.54,12.2125,18.7225,30.9325,7.5525,18.2675,0.885,53.9425,0.5325,,,,0.3625,0.14,16.2125,99.8925,0.21,257.595,0.0,0.0,,750.0,
2023-11-26 23:00:00,90.39750000000001,133.505,12.2925,18.845,31.14,7.575,18.1575,1.02,54.5325,0.6125,,,,0.415,0.165,16.23,100.0,0.195,218.51999999999998,0.0,0.0,,750.0,
2023-11-27 00:00:00,90.565,128.59,15.445,23.6825,39.129999999999995,7.6025,18.0375,1.225,53.595,0.7425,,,,0.505,0.2,16.1325,100.0,0.165,174.39249999999998,0.0,0.0,,750.0,
2023-11-27 01:00:00,100.34,144.8125,21.119999999999997,32.3725,53.4925,7.6725,17.98,1.5225,49.6225,0.915,,,,0.6225,0.2425,15.9075,100.0,0.165,163.1925,0.0,0.0,,750.0,
2023-11-27 02:00:00,104.2575,145.365,20.1425,30.880000000000003,51.02,7.7675,17.8275,1.64,51.295,0.985,,,,0.67,0.2625,14.9775,100.0,0.1375,191.5925,0.0,0.0,,749.845,
2023-11-27 03:00:00,98.4975,137.24,17.275,26.4825,43.76,7.77,18.07,1.68,49.4925,1.0075,,,,0.685,0.27,14.3925,100.0,0.2025,235.755,0.0,0.0,,749.635,
2023-11-27 04:00:00,91.86749999999999,129.0625,15.75,24.1425,39.89,7.5625,18.085,1.6575,50.1375,0.995,,,,0.675,0.265,14.735,100.0,0.14750000000000002,179.985,0.0,0.0,,750.0,
2023-11-27 05:00:00,91.9,131.135,18.8425,28.88,47.7225,7.6375,18.07,1.64,47.3275,0.9875,,,,0.67,0.2625,14.925,100.0,0.1825,236.105,0.0,0.0,,750.0,
2023-11-27 06:00:00,94.8225,139.8175,18.2675,28.0,46.2675,7.6125,17.775,1.61,50.2275,0.9675,,,,0.655,0.2575,14.6275,100.0,0.10750000000000001,163.595,0.0,0.0,1.25,750.0,
2023-11-27 07:00:00,89.25999999999999,127.4975,18.052500000000002,27.6725,45.72,7.6625,18.087500000000002,1.5675000000000001,48.11,0.9425,,,,0.6375,0.25,15.285,100.0,0.1575,277.6925,0.0,0.0,10.43,750.0,
2023-11-27 08:00:00,83.215,129.87,17.925,27.48,45.4075,7.7,17.9825,1.56,49.5075,0.9375,,,,0.635,0.25,16.74,100.0,0.11,146.36,0.0,0.0,23.485,750.0,
2023-11-27 09:00:00,93.655,137.64249999999998,17.2725,26.475,43.7475,7.6525,17.8975,1.54,49.175,0.925,,,,0.6275,0.2475,18.38,100.0,0.145,156.135,0.0,0.0,43.6775,750.0,
2023-11-27 10:00:00,97.185,137.60750000000002,20.1525,30.89,51.045,7.795,17.6725,1.3325,36.504999999999995,0.795,,,,0.54,0.2125,21.052500000000002,98.05250000000001,0.18,189.935,0.0,0.0,83.6075,750.0,
2023-11-27 11:00:00,104.62,159.77249999999998,18.27,28.0075,46.28,7.5575,18.5175,1.13,35.1075,0.675,,,,0.4575,0.18,23.8125,74.2025,0.185,182.145,0.0,0.0,71.755,750.0,
2023-11-27 12:00:00,103.405,154.63750000000002,13.475,20.6525,34.1225,7.495,19.03,1.065,38.35,0.635,,,,0.4325,0.1675,23.91,73.135,0.1825,172.6475,0.0,0.0,44.2625,750.0,
2023-11-27 13:00:00,94.3825,156.1525,10.3575,15.8725,26.23,7.58,19.05,0.8275,31.71,0.495,,,,0.3375,0.13,22.4125,81.8475,0.1375,121.9725,0.0,0.0,18.7875,750.0,
2023-11-27 14:00:00,99.72999999999999,146.04999999999998,10.145,15.55,25.697499999999998,7.6975,18.865000000000002,0.76,28.235,0.4525,,,,0.31,0.12,21.415,84.54,0.1575,194.815,0.0,0.0,27.745,750.0,
2023-11-27 15:00:00,110.23,159.3,10.1875,15.6175,25.805,7.5375,18.6425,0.77,36.2475,0.46,,,,0.315,0.12,22.48,82.685,0.17,145.0875,0.0,0.0,19.0425,749.75,
2023-11-27 16:00:00,96.1275,145.7725,9.895,15.1725,25.067500000000003,7.51,18.6175,0.7275,35.115,0.4325,,,,0.2975,0.11499999999999999,20.98,84.60249999999999,0.6025,197.8425,0.0,0.0,3.585,748.7925,
2023-11-27 17:00:00,79.245,128.055,9.685,14.844999999999999,16.356666666666666,7.495,18.605,0.41333333333333333,37.825,0.25,,,,0.255,0.1,19.715,88.69999999999999,0.305,239.485,0.0,0.0,,749.4000000000001,
2023-11-27 18:00:00,77.99,125.29,8.105,12.42,20.83,7.3675,17.975,0.6475,33.589999999999996,0.39,,,,0.265,0.10500000000000001,17.8475,96.995,0.17,203.94,0.0,0.0,,749.585,
2023-11-27 19:00:00,,,9.93,15.219999999999999,25.2675,7.4825,20.21,0.665,40.620000000000005,0.3975,,,,0.2725,0.1075,16.97,99.1175,0.2675,198.0025,0.0,0.0,,749.985,
2023-11-27 20:00:00,,,10.5,16.0925,26.4175,7.4475,21.6175,0.765,43.035,0.4625,,,,0.315,0.1225,16.415,99.985,0.23500000000000001,201.51999999999998,0.0,0.0,,750.0,
2023-11-27 21:00:00,109.07,149.27,11.8575,18.1725,30.0225,7.4275,21.435000000000002,0.895,43.5275,0.5325,,,,0.365,0.14500000000000002,15.66,100.0,0.16,188.4625,0.0,0.0,,750.0,
2023-11-27 22:00:00,107.3075,143.4475,16.259999999999998,24.925,41.1875,7.6625,22.2775,1.005,41.3875,0.6,,,,0.41000000000000003,0.1625,14.9025,100.0,0.1875,261.9975,0.0,0.0,,750.0,
2023-11-27 23:00:00,106.505,144.4475,23.86,36.5775,60.44,7.72,22.73,1.125,36.9525,0.6825,,,,0.46,0.18,14.2475,100.0,0.16749999999999998,217.3375,0.0,0.0,,750.0,
2023-11-28 00:00:00,119.7875,162.7775,34.2025,52.43,86.6325,8.045,23.372500000000002,1.3175,32.31,0.795,,,,0.54,0.21,13.91,100.0,0.1075,156.14249999999998,0.0,0.0,,750.0,
2023-11-28 01:00:00,128.35,168.26500000000001,40.365,61.875,102.2425,8.2325,23.735,1.4675,28.54,0.885,,,,0.6,0.235,13.335,100.0,0.20249999999999999,263.445,0.0,0.0,,749.9,
2023-11-28 02:00:00,122.07249999999999,159.285,41.425,63.5,104.9225,8.2975,24.107499999999998,1.5,26.9175,0.9,,,,0.6125,0.24,13.3125,100.0,0.16499999999999998,193.29500000000002,0.0,0.0,,749.61,
2023-11-28 03:00:00,122.3025,160.7625,39.817499999999995,61.035,100.8475,8.24,24.0625,1.4775,25.8925,0.8875,,,,0.6074999999999999,0.2375,13.68,100.0,0.22,239.345,0.0,0.0,,749.49,
2023-11-28 04:00:00,95.16499999999999,125.95,36.94,56.6225,93.565,8.225,24.009999999999998,1.3975,24.3025,0.84,,,,0.57,0.2225,13.2875,100.0,0.20750000000000002,196.01,0.0,0.0,,749.485,
2023-11-28 05:00:00,82.0675,112.8325,30.8375,47.269999999999996,78.11,7.9475,23.23,1.26,24.3525,0.75,,,,0.51,0.2025,14.26,100.0,0.27,197.20749999999998,0.0,0.0,,749.615,
2023-11-28 06:00:00,67.9375,97.33,26.38,40.435,66.8125,7.8225,22.302500000000002,1.1575,27.115000000000002,0.69,,,,0.47250000000000003,0.185,14.95,100.0,0.24250000000000002,222.2775,0.0,0.0,0.25,749.95,
2023-11-28 07:00:00,66.02,97.9825,23.252499999999998,35.645,44.05,7.71,20.502499999999998,1.0775000000000001,26.16,0.49,,,,0.44,0.17333333333333334,15.513333333333334,100.0,0.24,211.97,0.0,0.0,5.936666666666667,750.0,
2023-11-28 08:00:00,65.95,98.12,18.93,29.0125,48.48,7.8075,19.79,0.975,26.11,0.585,,,,0.395,0.1575,16.2375,100.0,0.28250000000000003,265.4825,0.0,0.0,30.302500000000002,750.0,
2023-11-28 09:00:00,,,17.32,26.55,43.739999999999995,7.8100000000000005,19.5,0.965,32.26,0.575,,,,0.395,0.155,17.119999999999997,100.0,0.25,198.29999999999998,0.0,0.0,61.095,750.0,
2023-11-28 10:00:00,,,10.79,16.545,18.223333333333333,7.51,16.41,0.5366666666666666,14.91,0.32,,,,0.32999999999999996,0.13,22.729999999999997,90.32499999999999,0.24000000000000002,149.25,0.0,0.0,229.45,750.0,
2023-11-28 11:00:00,,,13.0125,19.95,33.160000000000004,7.8025,17.785,0.7275,28.085,0.435,,,,0.2975,0.11750000000000001,26.0075,69.4675,0.41000000000000003,173.6975,0.0,0.0,220.4775,750.0,
2023-11-28 12:00:00,,,9.1975,14.1,23.3775,7.595,19.54,0.5375,34.8375,0.325,,,,0.2175,0.08499999999999999,28.0625,58.785,0.4525,193.8025,0.0,0.0,184.48000000000002,749.8075,
2023-11-28 13:00:00,71.39,114.84,9.035,13.8525,22.8675,7.5875,23.3375,0.485,36.0125,0.29,,,,0.1975,0.0775,28.29,56.1775,0.515,188.8375,0.0,0.0,159.515,749.0875,
2023-11-28 14:00:00,67.98,114.58749999999999,8.8375,13.5475,22.3875,7.7575,29.805,0.4475,36.8275,0.2675,,,,0.18,0.07,26.542499999999997,60.23,0.35250000000000004,211.0625,0.0,0.0,57.5325,748.785,
2023-11-28 15:00:00,62.647499999999994,110.135,8.4725,12.9875,21.4575,8.6975,28.68,0.45,30.84,0.2675,,,,0.1825,0.07,24.795,69.27000000000001,0.1775,133.89249999999998,0.0,0.0,32.245,748.7574999999999,
2023-11-28 16:00:00,62.48,113.8625,8.504999999999999,13.032499999999999,21.64,7.965,21.2875,0.44,28.6725,0.265,,,,0.1775,0.07,21.765,81.6475,0.08333333333333333,88.71,0.0,0.0,7.4525,748.7149999999999,
2023-11-28 17:00:00,,115.92999999999999,8.4975,13.0225,21.52,7.7,19.0475,0.4675,35.4325,0.28,,,,0.19,0.07500000000000001,18.7075,91.065,0.05666666666666667,69.76666666666667,0.0,0.0,,748.7725,
2023-11-28 18:00:00,,125.49000000000001,8.8275,13.53,22.335,7.8925,17.0475,0.51,41.3725,0.3025,,,,0.20500000000000002,0.08,17.447499999999998,95.485,0.0575,93.3325,0.0075,0.0075,,749.0925,
2023-11-28 19:00:00,90.2,139.16,10.004999999999999,15.3425,25.35,7.4725,17.4125,0.61,42.4325,0.3625,,,,0.2475,0.0975,16.802500000000002,97.275,0.0625,90.5575,0.0025,0.0025,,749.325,
2023-11-28 20:00:00,116.365,169.16750000000002,10.905,16.715,27.6175,7.297499999999999,17.955,0.79,40.93,0.475,,,,0.3275,0.125,16.2725,98.75999999999999,0.12,122.67,0.0,0.0,,749.54,
2023-11-28 21:00:00,153.2275,203.5375,10.6925,16.3875,27.4375,7.29,17.97,0.9225,41.63,0.5525,,,,0.3775,0.1475,15.9175,99.78999999999999,0.16,223.83999999999997,0.0,0.0,,749.66,
2023-11-28 22:00:00,126.00999999999999,176.2525,10.1125,15.5,25.634999999999998,7.335,18.035,0.9425,40.93,0.5625,,,,0.3825,0.15,15.6725,100.0,0.15000000000000002,196.6225,0.0,0.0,,749.5025,
2023-11-28 23:00:00,111.3475,164.60500000000002,9.8575,15.11,24.955,7.445,17.9075,0.9475,43.042500000000004,0.565,,,,0.385,0.15,15.807500000000001,100.0,0.0975,139.8875,0.0,0.0,,749.295,
2023-11-29 00:00:00,116.225,155.9925,9.4225,14.445,23.8675,7.3625,17.9275,0.935,42.955,0.56,,,,0.385,0.15,15.3525,100.0,0.135,164.875,0.0,0.0,,749.1899999999999,
2023-11-29 01:00:00,116.015,154.405,9.0625,13.885,22.945,7.3125,17.947499999999998,0.9375,43.6325,0.555,,,,0.38,0.15,14.6775,100.0,0.14500000000000002,217.405,0.0,0.0,,749.185,
2023-11-29 02:00:00,107.4075,148.2025,8.765,13.440000000000001,22.205,7.38,17.7575,0.9175,42.915,0.55,,,,0.3725,0.1475,14.485,100.0,0.17,202.16750000000002,0.0,0.0,,749.35,
2023-11-29 03:00:00,104.4875,140.57999999999998,8.5525,13.1075,21.66,7.4425,17.52,0.9125000000000001,43.97,0.545,,,,0.3725,0.14500000000000002,14.4925,100.0,0.1325,203.345,0.0,0.0,,749.4125,
2023-11-29 04:00:00,102.8,139.9825,8.39,12.86,21.25,7.3575,17.47,0.91,44.245,0.5475000000000001,,,,0.3725,0.1475,14.485,100.0,0.17750000000000002,243.895,0.0,0.0,,749.425,
2023-11-29 05:00:00,100.03999999999999,136.395,8.335,12.78,21.1125,7.3675,17.2025,0.9,44.475,0.54,,,,0.3625,0.14250000000000002,14.35,100.0,0.175,243.9475,0.0,0.0,,749.74,
2023-11-29 06:00:00,98.985,138.525,8.84,13.55,22.3875,7.4,17.1375,0.8875,44.275,0.53,,,,0.3625,0.14,14.3825,100.0,0.18,220.6625,0.0,0.0,0.8,750.0,
2023-11-29 07:00:00,100.06,140.0925,9.9575,15.265,25.225,7.445,17.245,0.9025000000000001,45.7825,0.54,,,,0.37,0.14250000000000002,14.657499999999999,100.0,0.1375,199.71,0.0,0.0,14.26,750.0,
2023-11-29 08:00:00,96.6575,138.0,10.4875,16.072499999999998,26.555,7.422499999999999,17.6275,0.9025000000000001,46.585,0.54,,,,0.365,0.14500000000000002,17.28,100.0,0.09000000000000001,140.1225,0.0,0.0,44.0775,750.0,
2023-11-29 09:00:00,91.0625,135.3775,10.434999999999999,15.9925,26.425,7.4350000000000005,18.127499999999998,0.905,46.8575,0.5425,,,,0.37,0.14500000000000002,20.285,99.5975,0.1675,137.53500000000003,0.0,0.0,67.85,750.0,
2023-11-29 10:00:00,95.5275,152.35,9.87,15.125,24.9925,7.54,18.42,0.8325,42.96,0.49750000000000005,,,,0.33999999999999997,0.1325,26.0675,67.93,0.26,156.5075,0.0,0.0,202.1375,750.0,
2023-11-29 11:00:00,99.55,146.98,10.835,16.61,27.442500000000003,7.675,19.9375,0.665,35.7725,0.39749999999999996,,,,0.2675,0.105,29.055,53.0025,0.3875,180.315,0.0,0.0,223.525,750.0,
2023-11-29 12:00:00,72.395,124.4225,8.07,12.365,20.4375,7.385,20.919999999999998,0.5025,38.81,0.305,,,,0.2025,0.0825,29.7125,49.285,0.4225,171.6075,0.0,0.0,190.6825,749.99,
2023-11-29 13:00:00,53.95333333333334,97.33,7.3933333333333335,11.336666666666668,18.733333333333334,7.423333333333333,19.813333333333333,0.48333333333333334,43.98,0.2866666666666667,,,,0.19666666666666668,0.08,30.55,45.63333333333333,0.34,176.84333333333333,0.0,0.0,170.8166666666667,749.6,
2023-11-29 14:00:00,,,,,,,,,,,,,,,,,,,,,0.0,,,
2023-11-29 15:00:00,,,,,,,,,,,,,,,,,,,,,0.0,,,
2023-11-29 16:00:00,,,,,,,,,,,,,,,,,,,,,0.0,,,
2023-11-29 17:00:00,53.08,94.66,3.7449999999999997,5.74,6.32,6.865,13.635,0.11666666666666665,20.99,0.08,,,,0.08,0.03,17.71,91.64,0.09,93.19999999999999,0.0,0.0,,749.475,
2023-11-29 18:00:00,53.08,94.66,8.92,13.6725,22.59,7.4325,16.2875,0.3875,40.8625,0.22999999999999998,,,,0.155,0.06,16.935000000000002,94.3575,0.10250000000000001,147.4675,0.0,0.0,,749.74,
2023-11-29 19:00:00,,,8.735,13.39,22.122500000000002,7.3100000000000005,17.4175,0.415,54.415,0.25,,,,0.17,0.0675,16.22,97.5025,0.16749999999999998,221.32250000000002,0.0,0.0,,750.0,
2023-11-29 20:00:00,54.62,96.42,8.5625,13.1275,21.7975,7.355,17.8525,0.435,54.0275,0.2625,,,,0.1775,0.07,15.7425,98.94,0.1625,255.01999999999998,0.0,0.0,,750.0,
2023-11-29 21:00:00,52.97,97.63,8.2775,12.69,20.935,7.3774999999999995,17.5825,0.45999999999999996,52.435,0.275,,,,0.185,0.07500000000000001,15.51,99.83,0.16999999999999998,205.625,0.0,0.0,,750.0,
2023-11-29 22:00:00,72.35000000000001,109.22749999999999,8.1475,12.49,20.6375,7.325,17.8825,0.495,53.542500000000004,0.3,,,,0.2025,0.0775,15.2825,100.0,0.1675,215.5875,0.0,0.0,,750.0,
2023-11-29 23:00:00,77.4275,114.595,7.89,12.09,19.985,7.375,17.6625,0.575,53.415,0.34750000000000003,,,,0.23249999999999998,0.0925,15.01,100.0,0.1125,167.18,0.0,0.0,,750.0,
2023-11-30 00:00:00,93.625,124.195,7.9625,12.2075,20.17,7.33,17.595,0.6475,52.305,0.3925,,,,0.265,0.10500000000000001,14.835,100.0,0.21250000000000002,190.93,0.0,0.0,,749.9925000000001,
2023-11-30 01:00:00,83.92999999999999,125.41999999999999,8.035,12.325,20.3625,7.422499999999999,17.9325,0.6825,53.5225,0.41,,,,0.2775,0.11,14.545,100.0,0.215,296.8775,0.0,0.0,,749.75,
2023-11-30 02:00:00,92.72,128.46749999999997,7.9475,12.182500000000001,20.135,7.5175,17.65,0.7024999999999999,52.0475,0.425,,,,0.2875,0.11,14.8725,100.0,0.2,249.2575,0.0,0.0,,749.5775,
2023-11-30 03:00:00,88.3925,131.7175,7.74,11.8625,19.6025,7.4425,17.65,0.7075,49.0725,0.4275,,,,0.29,0.11,15.7375,100.0,0.185,205.57999999999998,0.0,0.0,,749.7475,
2023-11-30 04:00:00,83.1875,125.35749999999999,8.315000000000001,12.7425,21.055,7.4325,17.8025,0.705,43.4875,0.4225,,,,0.29,0.1125,16.695,100.0,0.305,175.3025,0.1,0.1,,750.0,
2023-11-30 05:00:00,79.1725,128.175,8.65,13.2575,21.9025,7.4625,18.015,0.6875,48.38,0.4125,,,,0.2825,0.11,17.21,100.0,0.33,223.1925,0.29000000000000004,0.29000000000000004,,750.0,
2023-11-30 06:00:00,64.7675,105.345,8.15,12.4925,20.6425,7.56,18.07,0.6375,48.5525,0.3825,,,,0.26,0.10250000000000001,17.134999999999998,100.0,0.23750000000000002,160.37,0.0275,0.0275,0.62,750.0,
2023-11-30 07:00:00,48.33,86.2525,8.1775,12.535,20.7125,7.4625,18.150000000000002,0.6074999999999999,50.400000000000006,0.365,,,,0.245,0.0975,17.1625,100.0,0.29,206.16750000000002,0.0,0.0,9.08,750.0,
2023-11-30 08:00:00,46.3125,84.20500000000001,7.8725000000000005,12.0675,19.9425,7.5225,18.4075,0.58,49.650000000000006,0.35,,,,0.2325,0.09,18.419999999999998,100.0,0.21500000000000002,155.9925,0.0,0.0,34.5225,750.0,
2023-11-30 09:00:00,46.887499999999996,84.92,8.5875,13.1675,21.7575,7.545,18.1625,0.6025,51.31,0.36,,,,0.2425,0.095,19.1325,100.0,0.345,189.13,0.0,0.0,30.4175,750.0,
2023-11-30 10:00:00,58.105000000000004,94.99000000000001,9.695,14.86,24.5575,7.7425,18.2275,0.5925,39.935,0.3575,,,,0.2425,0.095,20.442500000000003,98.445,0.3175,235.4975,0.0,0.0,79.405,750.0,
2023-11-30 11:00:00,62.975,104.135,10.405000000000001,15.947499999999998,26.3525,7.797499999999999,18.4125,0.535,31.775,0.3275,,,,0.2175,0.0875,22.060000000000002,87.4025,0.38,200.7275,0.0,0.0,52.43,750.0,
2023-11-30 12:00:00,67.595,99.06,9.4225,14.445,23.8675,7.63,19.33,0.4525,34.11,0.2725,,,,0.1825,0.07,22.795,83.935,0.3075,185.35500000000002,0.0,0.0,40.7175,750.0,
2023-11-30 13:00:00,52.5925,84.6275,9.5075,14.5775,24.0875,7.49,19.3975,0.43,35.55,0.26,,,,0.17500000000000002,0.0675,22.48,86.8275,0.2925,176.6225,0.0,0.0,35.84,750.0,
2023-11-30 14:00:00,52.2425,83.95,11.1025,17.0175,28.12,7.7,19.1675,0.5375000000000001,31.6175,0.325,,,,0.2175,0.0875,22.935,84.24000000000001,0.21250000000000002,179.835,0.0,0.0,42.417500000000004,750.0,
2023-11-30 15:00:00,,,,,,,,,,,,,,,,,,,,,0.0,,,
2023-11-30 16:00:00,,,,,,,,,,,,,,,,,,,,,0.0,,,
2023-11-30 17:00:00,54.51,88.44,0.91,1.39,1.145,4.88,14.98,0.09,81.81,0.07,,,,0.1,0.04,17.41,99.17,0.15,171.81,0.0,0.0,,750.0,
2023-11-30 18:00:00,54.51,88.44,9.907499999999999,15.1875,25.0875,7.5325,17.5725,0.42,29.847499999999997,0.2575,,,,0.16999999999999998,0.0675,17.115000000000002,99.6125,0.1925,212.01999999999998,0.0,0.0,,750.0,
2023-11-30 19:00:00,,,9.695,14.855,24.5775,7.4475,19.4575,0.5125,53.5225,0.3075,,,,0.2075,0.08,16.3925,100.0,0.1975,206.29,0.0,0.0,,750.0,
2023-11-30 20:00:00,45.6,78.05,9.282499999999999,14.2325,23.5275,7.5625,20.57,0.54,53.7625,0.325,,,,0.2175,0.0875,16.04,100.0,0.21999999999999997,253.9375,0.0,0.0,,750.0,
2023-11-30 21:00:00,39.9525,74.075,10.1425,15.55,25.6875,7.6125,21.2375,0.665,55.1925,0.4,,,,0.27249999999999996,0.10250000000000001,15.9375,100.0,0.12,170.3125,0.0,0.0,,750.0,
2023-11-30 22:00:00,68.6475,99.9,10.8125,16.5725,27.384999999999998,7.6575,21.87,0.86,51.82,0.515,,,,0.35,0.1375,16.0325,100.0,0.105,157.3825,0.0,0.0,,750.0,
2023-11-30 23:00:00,69.8425,107.88499999999999,12.2275,18.745,30.9725,7.7875,22.835,0.9875,50.5525,0.5925,,,,0.40249999999999997,0.1575,15.84,100.0,0.1375,198.31750000000002,0.0,0.0,,750.0,
2023-12-01 00:00:00,73.245,106.5625,12.7775,19.5875,32.365,7.65,24.105,1.0575,47.905,0.6375,,,,0.4325,0.17,15.4075,100.0,0.1675,218.4475,0.0,0.0,,750.0,
2023-12-01 01:00:00,66.475,99.5875,13.2,20.23,33.43,7.79,24.2975,1.0550000000000002,47.4425,0.635,,,,0.43,0.17,15.127500000000001,100.0,0.17,212.5525,0.0,0.0,,750.0,
2023-12-01 02:00:00,61.8225,97.37,13.355,20.465,33.8175,7.8575,24.68,1.025,47.0475,0.615,,,,0.4175,0.165,15.27,100.0,0.2425,267.71,0.0,0.0,,750.0,
2023-12-01 03:00:00,57.89,94.0275,13.467500000000001,20.6425,34.1075,7.9675,24.71,0.9824999999999999,46.475,0.5874999999999999,,,,0.3975,0.1575,15.4025,100.0,0.1375,198.22250000000003,0.0,0.0,,750.0,
2023-12-01 04:00:00,51.28,88.31,13.3725,20.4975,33.8675,7.89,25.455,0.9349999999999999,44.2975,0.5575,,,,0.3825,0.1475,14.85,100.0,0.2025,221.8175,0.0,0.0,,750.0,
2023-12-01 05:00:00,50.2975,79.82000000000001,13.1075,20.0925,33.2,7.9025,24.695,0.865,42.332499999999996,0.5175000000000001,,,,0.35,0.14,14.7075,100.0,0.15999999999999998,197.5025,0.0,0.0,,750.0,
2023-12-01 06:00:00,51.707499999999996,81.19749999999999,12.72,19.4975,32.215,7.845,24.2325,0.81,43.144999999999996,0.4875,,,,0.33,0.13,14.91,100.0,0.17,234.96,0.0,0.0,0.71,750.0,
2023-12-01 07:00:00,48.7325,85.99249999999999,12.925,19.814999999999998,32.74,7.8549999999999995,22.4025,0.7975000000000001,42.57,0.4775,,,,0.3275,0.1275,15.7775,100.0,0.14500000000000002,216.585,0.0,0.0,14.497499999999999,750.0,
2023-12-01 08:00:00,44.54,75.9325,13.735,21.052500000000002,34.7875,7.92,21.525,0.795,42.4825,0.475,,,,0.3275,0.125,17.315,100.0,0.10750000000000001,100.92,0.0,0.0,34.225,750.0,
2023-12-01 09:00:00,61.6225,91.575,12.27,18.81,31.0825,7.8675,20.2325,0.7975,43.84,0.475,,,,0.325,0.1275,19.3525,100.0,0.2025,142.62,0.0,0.0,61.730000000000004,750.0,
2023-12-01 10:00:00,,,,,0.0,,,0.0,,0.0,,,,,,,,,,0.0,0.0,,,
2023-12-01 11:00:00,47.08,86.62,5.2525,8.0525,13.3125,7.3025,17.1325,0.3825,25.7075,0.23,,,,0.155,0.0625,28.495,60.4,0.36,148.25,0.0,0.0,235.2375,750.0,
2023-12-01 12:00:00,47.08,86.62,6.5825000000000005,10.092500000000001,16.655,7.7825,20.314999999999998,0.365,35.04,0.215,,,,0.15,0.06,30.135,54.83,0.355,183.1225,0.0,0.0,199.23,750.0,
2023-12-01 13:00:00,,,6.52,9.995000000000001,16.3075,7.675,23.02,0.345,32.7575,0.21,,,,0.14250000000000002,0.05500000000000001,29.4175,58.13,0.2325,144.81,0.0,0.0,96.6075,749.9025,
2023-12-01 14:00:00,31.13,64.19,6.44,9.8725,16.310000000000002,7.73,24.2075,0.2775,29.2,0.1675,,,,0.1125,0.0425,27.43,65.0275,0.19,139.635,0.0,0.0,54.335,749.4475,
2023-12-01 15:00:00,27.1875,59.4925,6.7375,10.3275,17.0675,7.720000000000001,23.4525,0.29000000000000004,29.4675,0.175,,,,0.1175,0.045,25.89,70.1175,0.2,172.265,0.0,0.0,34.2675,749.2475,
2023-12-01 16:00:00,34.519999999999996,69.0325,6.87,10.532499999999999,17.295,7.7225,20.9325,0.31,27.98,0.1875,,,,0.125,0.05,22.95,82.225,0.14500000000000002,150.7125,0.0,0.0,5.390000000000001,749.435,
2023-12-01 17:00:00,37.75,69.9025,8.817499999999999,13.515,22.2725,7.7175,19.3725,0.36,34.1725,0.215,,,,0.14500000000000002,0.055,20.985,90.3,0.105,97.5025,0.0,0.0,,749.5325,
2023-12-01 18:00:00,34.34,72.1225,8.1525,12.495000000000001,20.6475,7.609999999999999,18.892500000000002,0.41500000000000004,50.4075,0.2475,,,,0.1675,0.065,19.115000000000002,95.9175,0.0975,146.7975,0.015,0.015,,749.8575,
2023-12-01 19:00:00,47.5275,82.17,8.1275,12.4575,20.585,7.57,18.7375,0.4575,52.6175,0.275,,,,0.185,0.07250000000000001,18.28,98.545,0.135,163.3725,0.005,0.005,,750.0,
2023-12-01 20:00:00,63.5175,100.67,8.6975,13.3275,22.0275,7.6075,18.97,0.5525,47.957499999999996,0.3325,,,,0.2225,0.09,17.9,99.86,0.26,190.315,0.0,0.0,,750.0,
2023-12-01 21:00:00,72.1775,114.75,9.32,14.2875,23.59,7.5225,18.555,0.7025,53.22,0.42,,,,0.2875,0.1125,17.7025,100.0,0.17,161.3975,0.0,0.0,,750.0,
2023-12-01 22:00:00,90.075,129.325,10.3275,15.8275,26.035,7.605,18.815,0.885,55.3975,0.53,,,,0.3625,0.14500000000000002,17.255000000000003,100.0,0.1925,241.02249999999998,0.0,0.0,,750.0,
2023-12-01 23:00:00,83.31,123.125,11.29,17.305,28.595,7.71,18.3825,1.0875,57.535,0.655,,,,0.4475,0.1725,16.8625,100.0,0.165,243.46499999999997,0.0,0.0,,750.0,
2023-12-02 00:00:00,79.81,120.765,12.45,19.0875,31.5375,7.675,18.915,1.2875,53.2,0.775,,,,0.5275000000000001,0.205,16.677500000000002,100.0,0.1725,179.8675,0.0,0.0,,750.0,
2023-12-02 01:00:00,83.8275,125.625,11.5075,17.6325,29.14,7.715,18.9375,1.385,56.055,0.8325,,,,0.5675,0.22,16.365,100.0,0.20500000000000002,220.975,0.0,0.0,,750.0,
2023-12-02 02:00:00,74.4325,110.8375,10.9225,16.7475,27.6725,7.5975,19.11,1.3875,54.9375,0.8325,,,,0.565,0.225,16.105,100.0,0.23,242.49,0.0,0.0,,750.0,
2023-12-02 03:00:00,67.13749999999999,102.27000000000001,9.7825,14.997499999999999,24.7775,7.6225000000000005,18.775,1.3025,59.085,0.7825,,,,0.5325,0.21,15.889999999999999,100.0,0.1625,244.48,0.0,0.0,,750.0,
2023-12-02 04:00:00,55.0,91.5875,8.6675,13.2825,21.9525,7.5325,18.6575,1.1400000000000001,57.9825,0.6825,,,,0.45999999999999996,0.18,15.9,100.0,0.175,186.18,0.0,0.0,,750.0,
2023-12-02 05:00:00,44.165,80.03,7.9275,12.145,20.072499999999998,7.6,18.7225,0.985,60.3025,0.585,,,,0.4,0.1575,15.6975,100.0,0.1825,229.905,0.0,0.0,,750.0,
2023-12-02 06:00:00,41.495,76.60000000000001,7.84,12.0125,19.855,7.6125,18.6575,0.845,59.1175,0.5025,,,,0.3425,0.135,16.0475,100.0,0.175,228.2525,0.0,0.0,2.625,750.0,
2023-12-02 07:00:00,41.6325,79.1025,7.8525,12.0375,19.8925,7.6175,18.62,0.74,55.39,0.4375,,,,0.3025,0.12,16.7425,100.0,0.22,210.9675,0.0,0.0,14.795,750.0,
2023-12-02 08:00:00,45.7775,83.805,7.942500000000001,12.18,20.1225,7.640000000000001,18.8325,0.6875,57.6075,0.415,,,,0.28500000000000003,0.11,18.3575,100.0,0.1225,154.905,0.0,0.0,29.1325,750.0,
2023-12-02 09:00:00,45.9775,86.09,7.7425,11.8675,19.615000000000002,7.4350000000000005,18.2575,0.645,57.480000000000004,0.3875,,,,0.2625,0.10250000000000001,19.4025,99.7475,0.2725,136.91750000000002,0.0,0.0,47.64,750.0,
2023-12-02 10:00:00,33.4625,77.1025,6.99,10.7175,17.71,7.55,18.75,0.5225,52.6025,0.3075,,,,0.2075,0.08,25.689999999999998,70.88499999999999,0.3625,157.35,0.0,0.0,226.4275,750.0,
2023-12-02 11:00:00,27.0125,69.2975,7.045,10.7975,17.845,7.57,19.035,0.3275,40.1975,0.2,,,,0.135,0.05,29.565,54.9925,0.4675,201.615,0.0,0.0,230.1625,750.0,
2023-12-02 12:00:00,27.262500000000003,65.9925,6.9125,10.595,17.505,7.4575,19.095,0.33999999999999997,43.31,0.2025,,,,0.135,0.055,30.57,51.5775,0.435,226.425,0.0,0.0,178.53,750.0,
2023-12-02 13:00:00,27.175,65.1675,6.6125,10.14,16.75,7.4725,19.6225,0.33,41.37,0.1975,,,,0.13,0.05,30.427500000000002,52.0625,0.345,173.435,0.0,0.0,150.8525,749.9925000000001,
2023-12-02 14:00:00,26.8525,65.89,6.7524999999999995,10.3525,17.105,7.4975000000000005,19.86,0.32,42.025,0.195,,,,0.13,0.05,28.3475,58.230000000000004,0.3675,213.23,0.0,0.0,45.6075,749.785,
2023-12-02 15:00:00,28.22,66.46000000000001,6.865,10.5175,17.3825,7.4975000000000005,19.5625,0.315,41.3925,0.19,,,,0.1275,0.05,26.0275,68.1075,0.2,155.4375,0.0,0.0,27.135,749.6025,
2023-12-02 16:00:00,22.6475,63.027499999999996,6.305,9.67,15.977500000000001,7.4725,19.435,0.2825,37.335,0.1675,,,,0.11499999999999999,0.0475,23.1375,81.575,0.135,162.2575,0.0,0.0,6.3775,749.615,
2023-12-02 17:00:00,27.802500000000002,62.0925,6.63,10.157499999999999,16.7875,7.535,19.552500000000002,0.2725,37.635000000000005,0.1625,,,,0.11,0.04,20.115000000000002,91.16499999999999,0.1475,177.6275,0.0,0.0,,749.675,
2023-12-02 18:00:00,33.245,67.9175,7.72,11.8325,19.555,7.43,18.975,0.3575,52.6175,0.215,,,,0.14250000000000002,0.0575,18.5075,95.1225,0.1725,175.545,0.0,0.0,,749.9825,
2023-12-02 19:00:00,45.214999999999996,91.8075,9.035,13.844999999999999,22.87,7.53,19.1525,0.465,58.0925,0.28500000000000003,,,,0.1875,0.07500000000000001,17.932499999999997,97.61250000000001,0.1825,223.215,0.0,0.0,,750.0,
2023-12-02 20:00:00,58.06,109.6,10.3325,15.837499999999999,26.17,7.5125,19.5175,0.6475,58.185,0.3925,,,,0.2675,0.10250000000000001,17.5775,99.22749999999999,0.2275,259.455,0.0,0.0,,750.0,
2023-12-02 21:00:00,68.1725,118.22999999999999,10.6675,16.35,27.017500000000002,7.6,19.380000000000003,0.8674999999999999,58.325,0.525,,,,0.36,0.14,17.245,99.94,0.21500000000000002,251.0475,0.0,0.0,,750.0,
2023-12-02 22:00:00,72.51249999999999,123.39750000000001,10.2575,15.719999999999999,25.975,7.535,19.095,1.01,59.0325,0.6074999999999999,,,,0.4125,0.1625,16.9625,100.0,0.2275,244.45250000000001,0.0,0.0,,750.0,
2023-12-02 23:00:00,69.6325,113.3325,9.35,14.3325,23.685,7.529999999999999,19.345,1.0625,57.6675,0.64,,,,0.4325,0.17,17.48,100.0,0.21750000000000003,220.18,0.0,0.0,,750.0,
2023-12-03 00:00:00,60.8225,104.87,8.3425,12.785,21.125,7.49,19.215,1.02,59.3975,0.605,,,,0.415,0.165,17.5875,100.0,0.1925,214.16750000000002,0.0,0.0,,750.0,
2023-12-03 01:00:00,55.832499999999996,101.17,7.755,11.885,19.634999999999998,7.5525,18.815,0.9225,59.4225,0.5475,,,,0.375,0.14750000000000002,17.067500000000003,100.0,0.1925,183.70999999999998,0.0,0.0,,750.0,
2023-12-03 02:00:00,54.55,99.8075,7.494999999999999,11.495,18.9975,7.6175,19.19,0.8275,58.480000000000004,0.4925,,,,0.3375,0.1325,16.7425,100.0,0.20500000000000002,182.8375,0.0,0.0,,750.0,
2023-12-03 03:00:00,62.04,102.83,7.7375,11.86,19.6025,7.52,19.1425,0.7525,58.9475,0.4475,,,,0.31,0.12,16.197499999999998,100.0,0.185,184.8075,0.0,0.0,,750.0,
2023-12-03 04:00:00,62.2625,104.8625,7.595,11.6425,19.24,7.5125,18.9875,0.69,59.2,0.415,,,,0.2825,0.1075,15.435,100.0,0.2,203.56,0.0,0.0,,750.0,
2023-12-03 05:00:00,59.2425,91.3125,7.71,11.817499999999999,19.525,7.45,19.075,0.6325000000000001,57.785000000000004,0.38,,,,0.26,0.1,15.35,100.0,0.2625,232.0025,0.0,0.0,,750.0,
2023-12-03 06:00:00,55.417500000000004,92.35000000000001,7.745,11.870000000000001,19.615,7.605,19.025,0.5925,59.6525,0.3575,,,,0.24,0.0975,14.715,100.0,0.245,271.7525,0.0,0.0,0.71,750.0,
2023-12-03 07:00:00,51.2975,87.765,7.69,11.79,19.4825,7.4275,18.677500000000002,0.5625,58.7675,0.3375,,,,0.2275,0.09,14.8975,100.0,0.1775,198.43,0.0,0.0,7.045,750.0,
2023-12-03 08:00:00,45.2675,82.0875,7.89,12.094999999999999,19.9875,7.4675,18.6425,0.5375000000000001,54.8025,0.32,,,,0.215,0.0875,16.6625,100.0,0.235,183.1,0.0,0.0,16.3325,750.0,
2023-12-03 09:00:00,37.095,82.4425,7.605,11.655000000000001,19.265,7.6175,18.6675,0.495,55.1375,0.2975,,,,0.1975,0.08,19.625,90.3925,0.1975,133.16500000000002,0.0,0.0,30.3525,750.0,
2023-12-03 10:00:00,24.8625,59.825,7.0600000000000005,10.82,17.88,7.52,19.2725,0.4575,58.58,0.275,,,,0.1825,0.07500000000000001,28.7175,53.8525,0.275,151.9975,0.0,0.0,277.2175,750.0,
2023-12-03 11:00:00,18.055,57.2625,5.9825,9.17,15.1475,7.4275,18.93,0.405,58.4225,0.24,,,,0.1625,0.0625,32.9225,39.8925,0.36,142.2225,0.0,0.0,273.1375,750.0,
2023-12-03 12:00:00,2.55,34.32,5.765000000000001,8.842500000000001,14.6075,7.455,19.3175,0.3775,61.105000000000004,0.2225,,,,0.1525,0.06,33.9025,36.4425,0.4175,181.3825,0.0,0.0,191.2225,750.0,
2023-12-03 13:00:00,,36.2925,5.575,8.545,14.12,7.36,19.1825,0.365,61.36,0.22,,,,0.14500000000000002,0.06,33.255,37.035,0.345,177.7775,0.0,0.0,161.95749999999998,750.0,
2023-12-03 14:00:00,,41.585,5.6875,8.7175,14.4025,7.422499999999999,19.32,0.345,62.114999999999995,0.205,,,,0.1375,0.057499999999999996,29.765,45.3875,0.245,144.76,0.0,0.0,41.2475,749.8824999999999,
2023-12-03 15:00:00,,42.88,5.640000000000001,8.6425,14.2775,7.4925,18.8425,0.3275,60.7925,0.1975,,,,0.135,0.05,26.365,59.0525,0.225,188.8775,0.0,0.0,23.8125,749.4875,
2023-12-03 16:00:00,0.6375,44.129999999999995,5.9525,9.125,15.08,7.4825,18.8525,0.31,62.41,0.185,,,,0.125,0.05,23.262500000000003,72.075,0.1325,124.2025,0.0,0.0,3.4899999999999998,749.2774999999999,
2023-12-03 17:00:00,2.6275000000000004,41.11,6.4075,9.8225,16.2325,7.33,18.5775,0.31,68.4075,0.19,,,,0.125,0.05,20.17,82.195,0.0925,126.0875,0.0,0.0,,749.5275,
2023-12-03 18:00:00,8.745000000000001,55.0125,7.047499999999999,10.8,17.845,7.4775,18.165,0.33,65.2375,0.1975,,,,0.13,0.052500000000000005,19.3975,89.21000000000001,0.115,131.2825,0.0,0.0,,749.825,
2023-12-03 19:00:00,18.835,71.17,8.52,13.057500000000001,21.572499999999998,7.3725,18.5,0.3775,64.52000000000001,0.2275,,,,0.15000000000000002,0.06,18.692500000000003,90.64750000000001,0.14750000000000002,200.155,0.0,0.0,,750.0,
2023-12-03 20:00:00,28.9575,80.24249999999999,9.6475,14.7875,24.4375,7.5025,18.7175,0.515,66.08250000000001,0.315,,,,0.2125,0.085,18.785,92.22749999999999,0.115,177.47,0.0,0.0,,750.0,
2023-12-03 21:00:00,43.795,100.9725,11.059999999999999,16.9525,28.0125,7.5375,18.855,0.6799999999999999,62.1475,0.4125,,,,0.28,0.11,18.975,92.6375,0.1275,149.0625,0.0,0.0,,750.0,
2023-12-03 22:00:00,43.587500000000006,101.35000000000001,10.1175,15.502500000000001,25.6225,7.58,18.465,0.7575000000000001,63.02,0.455,,,,0.3075,0.12,19.134999999999998,91.095,0.265,228.2775,0.0,0.0,,750.0,
2023-12-03 23:00:00,33.222500000000004,83.9975,8.805,13.4975,22.305,7.465,18.7825,0.7224999999999999,63.42,0.43,,,,0.2925,0.11499999999999999,19.3825,89.1375,0.23750000000000002,216.7575,0.0,0.0,,750.0,
2023-12-04 00:00:00,34.2675,74.545,7.785,11.935,19.725,7.455,18.555,0.67,65.7675,0.4,,,,0.2725,0.11,19.855,85.0775,0.2225,251.6225,0.0,0.0,,749.9875,
2023-12-04 01:00:00,30.82,76.575,7.495,11.49,18.985,7.54,18.655,0.6,65.4075,0.36,,,,0.245,0.095,19.77,85.9225,0.19999999999999998,196.9525,0.0,0.0,,749.9200000000001,
2023-12-04 02:00:00,31.1725,70.855,7.4425,11.407499999999999,18.85,7.43,18.82,0.545,59.385,0.325,,,,0.22,0.08499999999999999,19.5825,85.77,0.4225,244.1275,0.0475,0.0475,,749.9225,
2023-12-04 03:00:00,36.599999999999994,78.925,7.26,11.1275,18.3875,7.36,18.75,0.49,57.8675,0.2975,,,,0.1975,0.08,18.065,93.2025,0.3125,223.70499999999998,0.1525,0.1525,,749.4825,
2023-12-04 04:00:00,30.2225,65.9025,6.8325,10.475,17.31,7.415,18.935,0.4575,59.5625,0.28,,,,0.19,0.07250000000000001,17.5325,97.65,0.2475,193.6325,0.0,0.0,,749.4675,
2023-12-04 05:00:00,23.5575,58.5175,7.055,10.815,17.8675,7.3725,18.7375,0.41500000000000004,55.75,0.245,,,,0.1675,0.065,17.9475,94.54,0.55,239.7875,0.0,0.0,,749.95,
2023-12-04 06:00:00,25.605,56.849999999999994,6.7625,10.3675,17.130000000000003,7.3475,18.75,0.375,58.61,0.22749999999999998,,,,0.1525,0.057499999999999996,18.009999999999998,89.27,0.33,231.3125,0.0,0.0,,750.0,
2023-12-04 07:00:00,12.055,43.072500000000005,6.5375,10.0225,16.5575,7.4625,18.44,0.32,55.145,0.19,,,,0.1275,0.052500000000000005,17.635,90.41499999999999,0.455,215.98,0.025,0.025,0.345,750.0,
2023-12-04 08:00:00,8.7925,39.5225,6.845,10.4925,17.335,7.4025,18.3375,0.2875,52.56,0.1725,,,,0.1175,0.0475,16.9825,95.9125,0.40249999999999997,232.7725,0.1125,0.1125,1.7575,750.0,
2023-12-04 09:00:00,13.04,44.074999999999996,6.9275,10.625,17.552500000000002,7.4399999999999995,18.785,0.28,53.8725,0.1675,,,,0.1125,0.045,16.95,98.0375,0.43,195.685,1.1125,1.1125,3.685,750.0,
2023-12-04 10:00:00,14.85,45.2575,7.195,11.025,18.22,7.415,18.7725,0.2825,53.0775,0.17,,,,0.11499999999999999,0.045,17.3325,99.6575,0.33999999999999997,202.43,2.08,2.08,18.095,750.0,
2023-12-04 11:00:00,15.065000000000001,48.69,7.8999999999999995,12.11,20.009999999999998,7.47,19.115000000000002,0.2925,42.0325,0.1775,,,,0.1175,0.0475,17.415,99.73,0.48,213.95,1.17,1.17,4.6725,750.0,
2023-12-04 12:00:00,19.5825,52.932500000000005,9.015,13.82,22.835,7.335,18.7875,0.3325,32.2,0.2,,,,0.1375,0.05,17.5075,100.0,0.40249999999999997,183.14749999999998,1.205,1.205,4.365,750.0,
2023-12-04 13:00:00,19.7975,54.522499999999994,8.3,12.7175,21.02,7.4350000000000005,19.215,0.3025,24.025,0.185,,,,0.1225,0.0475,17.8475,100.0,0.315,174.5875,0.1925,0.1925,8.2575,750.0,
2023-12-04 14:00:00,15.085,46.8575,7.745,11.870000000000001,19.6125,7.4,18.93,0.28500000000000003,31.87,0.175,,,,0.11499999999999999,0.0475,17.815,100.0,0.3625,208.5125,1.1400000000000001,1.1400000000000001,2.4725,750.0,
2023-12-04 15:00:00,15.015,47.224999999999994,8.4325,12.9225,21.357499999999998,7.52,19.7575,0.305,25.067500000000003,0.185,,,,0.1225,0.0475,17.855,100.0,0.3575,219.61499999999998,0.77,0.77,1.7449999999999999,750.0,
2023-12-04 16:00:00,14.325000000000001,44.2825,10.615,16.27,26.8825,7.4399999999999995,18.4625,0.36,24.47,0.215,,,,0.14500000000000002,0.06,17.8975,100.0,0.20500000000000002,162.385,0.48,0.48,0.14,750.0,
2023-12-04 17:00:00,17.3275,46.510000000000005,9.035,13.8475,22.8825,7.342499999999999,18.372500000000002,0.385,43.495,0.23,,,,0.1575,0.06,17.8125,100.0,0.23,181.9525,0.1375,0.1375,,750.0,
2023-12-04 18:00:00,12.3975,42.8175,8.1675,12.515,20.6825,7.2875,18.8675,0.4025,44.707499999999996,0.2425,,,,0.165,0.0625,17.8175,100.0,0.315,189.96499999999997,0.027500000000000004,0.027500000000000004,,750.0,
2023-12-04 19:00:00,20.4725,51.1825,7.7425,11.8675,19.6125,7.3875,18.9175,0.41,49.0975,0.2475,,,,0.165,0.0675,17.8825,100.0,0.335,172.0825,0.035,0.035,,750.0,
2023-12-04 20:00:00,18.125,50.625,7.0675,10.835,17.9075,7.355,19.215,0.3825,50.275,0.2275,,,,0.1575,0.06,17.435000000000002,100.0,0.3125,203.7625,0.175,0.175,,750.0,
2023-12-04 21:00:00,6.745,36.7775,6.76,10.3675,17.197499999999998,7.3825,19.247500000000002,0.36,55.2375,0.2175,,,,0.1475,0.06,16.6175,100.0,0.225,213.98250000000002,0.0,0.0,,750.0,
2023-12-04 22:00:00,4.9375,27.8475,6.695,10.2625,16.9175,7.3075,19.23,0.335,50.595,0.2,,,,0.1325,0.05,17.3,100.0,0.315,258.65500000000003,0.0,0.0,,750.0,
2023-12-04 23:00:00,3.81,32.7425,6.7775,10.39,17.17,7.4275,19.34,0.3125,52.5475,0.19,,,,0.1275,0.05,17.5825,100.0,0.33,230.0925,0.0,0.0,,750.0,
2023-12-05 00:00:00,3.0549999999999997,37.7075,6.7425,10.335,17.0775,7.3225,19.1925,0.2925,51.6775,0.1775,,,,0.1175,0.0475,17.4,100.0,0.3025,228.1025,0.0,0.0,,750.0,
2023-12-05 01:00:00,5.835,39.082499999999996,6.7575,10.36,17.115000000000002,7.45,19.3675,0.28,51.25,0.1675,,,,0.11499999999999999,0.0425,16.965,100.0,0.255,199.95000000000002,0.0,0.0,,749.9175,
2023-12-05 02:00:00,8.38,32.3725,6.695,10.265,16.9575,7.4175,19.225,0.265,52.495000000000005,0.16,,,,0.1075,0.0425,16.705,100.0,0.1975,200.16,0.0,0.0,,749.6675,
2023-12-05 03:00:00,5.8175,27.6625,6.5725,10.0725,16.642500000000002,7.324999999999999,19.3975,0.25,51.66,0.15,,,,0.1,0.04,16.5775,100.0,0.325,253.21249999999998,0.0,0.0,,749.5425,
2023-12-05 04:00:00,2.2775,31.165,6.8100000000000005,10.44,17.25,7.31,19.085,0.2325,51.31,0.14,,,,0.0925,0.04,16.51,100.0,0.255,201.92000000000002,0.005,0.005,,749.4625000000001,
2023-12-05 05:00:00,0.31,27.1225,6.6575,10.2025,16.86,7.285,19.035,0.225,51.2325,0.1375,,,,0.095,0.0375,16.5375,100.0,0.255,206.10500000000002,0.005,0.005,,749.655,
2023-12-05 06:00:00,,31.2275,6.8725,10.532499999999999,17.41,7.33,19.1575,0.2175,52.1975,0.135,,,,0.0925,0.035,16.4625,100.0,0.24,214.76,0.0,0.0,,749.8775,
2023-12-05 07:00:00,,30.9575,6.705,10.2775,16.9825,7.275,18.9725,0.2175,49.6075,0.135,,,,0.0925,0.035,16.7,100.0,0.2725,221.655,0.0,0.0,4.63,749.9825,
2023-12-05 08:00:00,0.425,31.115,7.055,10.8125,17.8675,7.3950000000000005,19.185000000000002,0.2375,50.1675,0.14500000000000002,,,,0.0975,0.04,17.6025,100.0,0.2225,176.16,0.0,0.0,35.3975,750.0,
2023-12-05 09:00:00,7.710000000000001,36.9975,7.2725,11.1525,18.425,7.3375,19.2125,0.2675,52.1,0.1675,,,,0.1125,0.0425,18.66,100.0,0.2475,224.0325,0.0,0.0,37.4725,750.0,
2023-12-05 10:00:00,5.165,38.3775,8.03,12.31,20.3375,7.2675,19.2925,0.3025,43.0675,0.1825,,,,0.1225,0.0475,21.0525,95.97,0.305,196.325,0.0,0.0,117.7225,750.0,
2023-12-05 11:00:00,7.452500000000001,37.3725,7.5424999999999995,11.56,19.105,7.3875,18.9,0.22999999999999998,23.765,0.14,,,,0.0975,0.0375,25.5725,68.4075,0.3225,203.8775,0.0,0.0,134.13,750.0,
2023-12-05 12:00:00,7.54,32.545,7.365,11.2875,18.6575,7.3875,20.2,0.2225,25.54,0.13,,,,0.09,0.035,25.465,66.9325,0.4225,233.3725,0.0,0.0,99.4375,749.6525,
2023-12-05 13:00:00,,24.055,5.9475,9.1175,15.065,7.2700000000000005,21.915,0.1725,30.7925,0.10250000000000001,,,,0.07,0.0275,28.55,55.5025,0.415,226.315,0.0,0.0,107.785,748.865,
2023-12-05 14:00:00,,23.122500000000002,6.9775,10.695,17.675,7.3075,24.6175,0.1575,31.84,0.0975,,,,0.065,0.025,25.715,62.1025,0.495,247.9675,0.0,0.0,47.3125,748.245,
2023-12-05 15:00:00,,19.4225,5.2325,8.0225,13.2625,7.1675,23.965,0.1325,26.685000000000002,0.08,,,,0.05500000000000001,0.0225,23.7975,70.7075,0.28,190.9225,0.0,0.0,21.72,748.0425,
2023-12-05 16:00:00,,19.5475,5.7625,8.8325,14.592500000000001,7.305,18.8525,0.0825,25.1725,0.05,,,,0.0375,0.0125,21.0425,82.755,0.18,177.9125,0.0,0.0,8.1,748.1949999999999,
2023-12-05 17:00:00,1.06,20.1475,8.085,12.39,20.475,7.345,18.06,0.1875,25.2325,0.11499999999999999,,,,0.0775,0.03,18.0075,90.1525,0.15,182.8625,0.0,0.0,0.39,748.3425,
2023-12-05 18:00:00,7.2525,32.085,9.99,15.315,25.3075,7.3100000000000005,17.955,0.315,39.3475,0.1925,,,,0.1275,0.05,16.5975,96.53,0.16249999999999998,182.2875,0.0,0.0,,748.8475,
2023-12-05 19:00:00,15.2225,42.602500000000006,10.747499999999999,16.475,27.2225,7.27,18.205,0.45,47.025,0.27,,,,0.185,0.07250000000000001,16.295,98.9,0.2525,261.1925,0.0,0.0,,749.3625,
2023-12-05 20:00:00,19.4925,52.43,12.045,18.465,30.5075,7.4125,18.5,0.6525,47.9775,0.395,,,,0.2675,0.105,16.305,99.8825,0.21500000000000002,221.07,0.0,0.0,,749.8,
2023-12-05 21:00:00,44.4025,69.32499999999999,11.8125,18.105,29.9175,7.43,18.755000000000003,0.8300000000000001,48.56,0.5,,,,0.3425,0.1325,16.447499999999998,100.0,0.245,258.1,0.0,0.0,,750.0,
2023-12-05 22:00:00,36.0925,61.935,10.8425,16.615000000000002,27.4575,7.4075,18.6875,0.9275,50.4975,0.5549999999999999,,,,0.3775,0.1475,16.3625,100.0,0.2525,254.2625,0.0,0.0,,750.0,
2023-12-05 23:00:00,38.614999999999995,59.125,9.56,14.647499999999999,24.2075,7.415,18.677500000000002,0.9125000000000001,52.35,0.5475000000000001,,,,0.3775,0.1475,16.585,100.0,0.20500000000000002,206.4625,0.0,0.0,,750.0,
2023-12-06 00:00:00,36.4925,59.47,8.89,13.620000000000001,22.5125,7.305,18.8825,0.8125,52.805,0.485,,,,0.325,0.13,17.07,100.0,0.2175,223.9475,0.0,0.0,,750.0,
2023-12-06 01:00:00,36.94,57.2625,8.19,12.5525,20.735,7.4,18.7675,0.6950000000000001,51.745000000000005,0.415,,,,0.28250000000000003,0.1125,17.4575,100.0,0.305,258.3725,0.0,0.0,,750.0,
2023-12-06 02:00:00,32.93,53.515,7.8775,12.0725,19.9525,7.3325,18.9575,0.5974999999999999,51.8875,0.36,,,,0.2425,0.0975,17.1875,100.0,0.2525,220.90249999999997,0.0,0.0,,749.98,
2023-12-06 03:00:00,33.3675,54.7725,7.609999999999999,11.665000000000001,19.2725,7.28,18.78,0.525,50.0775,0.3125,,,,0.21,0.08,16.5625,100.0,0.26749999999999996,222.735,0.0,0.0,,749.7225000000001,
2023-12-06 04:00:00,28.0875,52.290000000000006,7.62,11.6775,19.2975,7.359999999999999,18.795,0.46499999999999997,52.2125,0.28500000000000003,,,,0.19,0.07250000000000001,15.934999999999999,100.0,0.1625,163.4525,0.0,0.0,,749.825,
2023-12-06 05:00:00,32.18000000000001,49.7875,7.5625,11.59,19.1525,7.265,18.7175,0.425,54.1325,0.26,,,,0.17250000000000001,0.07,15.405,100.0,0.135,184.60999999999999,0.0,0.0,,749.9475,
2023-12-06 06:00:00,33.72,50.379999999999995,7.505,11.502500000000001,19.01,7.327500000000001,18.7975,0.3875,51.0375,0.23249999999999998,,,,0.1575,0.0625,15.1325,100.0,0.2025,214.65,0.0,0.0,,750.0,
2023-12-06 07:00:00,32.815,51.87,7.432499999999999,11.39,18.825,7.3325,18.3625,0.37,51.94,0.2225,,,,0.1475,0.06,15.4125,100.0,0.165,187.91,0.0,0.0,11.865,750.0,
2023-12-06 08:00:00,33.58,55.2475,7.5075,11.5125,19.02,7.28,18.5025,0.3775,51.51,0.2225,,,,0.1525,0.06,17.67,100.0,0.16,197.975,0.0,0.0,43.6,750.0,
2023-12-06 09:00:00,39.965,61.322500000000005,8.51,13.0425,21.549999999999997,7.41,18.615000000000002,0.415,54.135,0.2475,,,,0.1675,0.065,19.65,100.0,0.165,183.3525,0.0,0.0,62.287499999999994,750.0,
2023-12-06 10:00:00,44.9825,74.9375,8.0825,12.39,20.475,7.35,18.6925,0.3925,41.5875,0.235,,,,0.1575,0.0625,24.675,74.705,0.275,191.595,0.0,0.0,204.75,750.0,
2023-12-06 11:00:00,31.737499999999997,60.1725,7.7525,11.885,19.635,7.495,18.72,0.3125,33.475,0.185,,,,0.1275,0.0475,28.932499999999997,55.504999999999995,0.22,138.1925,0.0,0.0,213.95,750.0,
2023-12-06 12:00:00,26.630000000000003,48.5975,6.4475,9.8775,16.325000000000003,7.3149999999999995,18.5125,0.24,36.0575,0.14500000000000002,,,,0.1,0.04,27.9675,58.230000000000004,0.255,168.15,0.0,0.0,93.85,750.0,
2023-12-06 13:00:00,23.49,49.89,6.7325,10.3225,17.055,7.305,18.72,0.2775,42.4,0.1675,,,,0.1125,0.0425,26.575,64.525,0.2325,212.65,0.0,0.0,62.8325,749.995,
2023-12-06 14:00:00,28.4125,46.837500000000006,6.8625,10.52,17.3825,7.26,19.2375,0.2575,35.0275,0.155,,,,0.10250000000000001,0.0425,25.6625,68.8225,0.2375,178.3175,0.0,0.0,51.5225,749.6225,
2023-12-06 15:00:00,26.3725,43.47,6.327500000000001,9.705,16.0375,7.3149999999999995,19.0075,0.20500000000000002,34.15,0.125,,,,0.08499999999999999,0.0325,24.497500000000002,73.8425,0.16,149.23749999999998,0.0,0.0,30.66,749.4975,
2023-12-06 16:00:00,27.1975,43.8425,6.425,9.8525,16.28,7.359999999999999,18.8975,0.215,31.5475,0.135,,,,0.0875,0.035,22.005,86.345,0.125,145.6125,0.0,0.0,8.1125,749.4625,
2023-12-06 17:00:00,25.262500000000003,41.3925,6.695,10.2625,16.9575,7.42,18.9625,0.2175,35.5425,0.135,,,,0.0875,0.035,19.1575,94.7325,0.1175,136.6375,0.0,0.0,,749.6825,
2023-12-06 18:00:00,23.549999999999997,40.995,7.165,10.98,18.15,7.3774999999999995,19.2025,0.24,46.9475,0.14750000000000002,,,,0.10250000000000001,0.04,17.7575,97.93,0.125,133.17,0.0,0.0,,749.985,
2023-12-06 19:00:00,30.645,54.1,7.435,11.4,18.8375,7.2325,18.675,0.27,52.019999999999996,0.1625,,,,0.1075,0.04,17.205,99.2975,0.145,199.5325,0.0,0.0,,750.0,
2023-12-06 20:00:00,31.817500000000003,53.5775,7.6875,11.780000000000001,19.4675,7.3,18.95,0.2875,50.695,0.1725,,,,0.11499999999999999,0.045,16.86,99.9375,0.0925,137.82,0.0,0.0,,750.0,
2023-12-06 21:00:00,32.5925,51.9275,7.565,11.6,19.165,7.3,19.1425,0.31,51.21,0.185,,,,0.1275,0.0475,16.61,100.0,0.135,203.64749999999998,0.0,0.0,,750.0,
2023-12-06 22:00:00,41.5775,54.875,7.9875,12.24,20.232499999999998,7.3774999999999995,19.1,0.38,51.8825,0.2325,,,,0.155,0.0625,16.525,100.0,0.155,206.04,0.0,0.0,,750.0,
2023-12-06 23:00:00,58.302499999999995,74.7675,8.225,12.6075,20.835,7.31,19.197499999999998,0.495,51.18,0.2975,,,,0.2,0.0775,16.5325,100.0,0.175,204.1825,0.0,0.0,,750.0,
2023-12-07 00:00:00,56.5175,78.07249999999999,7.9624999999999995,12.2,20.1575,7.345,18.8525,0.5700000000000001,53.0475,0.3425,,,,0.22999999999999998,0.09,16.185,100.0,0.17,241.6275,0.0,0.0,,750.0,
2023-12-07 01:00:00,57.915,76.2225,8.4025,12.8825,21.2825,7.3175,18.994999999999997,0.63,52.855000000000004,0.38,,,,0.2575,0.10250000000000001,15.9875,100.0,0.11,169.505,0.0,0.0,,750.0,
2023-12-07 02:00:00,65.6075,82.4025,8.530000000000001,13.0775,21.6125,7.3575,19.03,0.6725,53.8825,0.40249999999999997,,,,0.275,0.1075,15.8525,100.0,0.155,244.80499999999998,0.0,0.0,,749.9549999999999,
2023-12-07 03:00:00,57.355,74.82000000000001,8.282499999999999,12.6975,20.98,7.31,18.990000000000002,0.67,54.2725,0.4075,,,,0.2775,0.1075,15.52,100.0,0.16999999999999998,207.215,0.0,0.0,,749.73,
2023-12-07 04:00:00,52.9525,75.9825,8.225,12.6075,20.8375,7.205,18.8875,0.665,54.8175,0.4,,,,0.275,0.1075,15.1525,100.0,0.1675,230.01749999999998,0.0,0.0,,749.51,
2023-12-07 05:00:00,54.2375,73.205,8.0925,12.405000000000001,20.497500000000002,7.3375,18.5825,0.6525000000000001,54.8775,0.39,,,,0.265,0.1,14.7275,100.0,0.1375,170.58,0.0,0.0,,749.5375,
2023-12-07 06:00:00,54.29,74.42,8.065,12.3625,20.4225,7.335,18.3175,0.625,53.99,0.3775,,,,0.2575,0.1,14.6025,100.0,0.165,196.22750000000002,0.0,0.0,,749.9625,
2023-12-07 07:00:00,60.489999999999995,74.9375,7.9,12.1075,20.0125,7.295,18.455,0.605,54.65,0.365,,,,0.245,0.1,14.5825,100.0,0.20750000000000002,233.965,0.0,0.0,8.1075,750.0,
2023-12-07 08:00:00,58.3375,71.5425,8.2075,12.5775,20.79,7.1675,18.18,0.5925,53.82,0.3575,,,,0.2375,0.095,16.66,100.0,0.18,206.74,0.0,0.0,26.0275,750.0,
2023-12-07 09:00:00,66.2525,88.44,8.8325,13.54,22.375,7.33,18.43,0.615,49.302499999999995,0.37,,,,0.25,0.0975,19.1,100.0,0.22,173.4425,0.0,0.0,55.777499999999996,750.0,
2023-12-07 10:00:00,76.6275,104.72749999999999,11.407499999999999,17.485,28.9,7.53,18.605,0.5825,36.0025,0.345,,,,0.23500000000000001,0.095,21.7525,91.7825,0.5175,179.4,0.0,0.0,201.38,750.0,
2023-12-07 11:00:00,60.9825,86.315,10.785,16.5275,27.310000000000002,7.407500000000001,19.1025,0.4575,37.29,0.275,,,,0.1825,0.07250000000000001,25.865000000000002,70.5475,0.61,216.9325,0.0,0.0,220.225,750.0,
2023-12-07 12:00:00,44.902499999999996,67.9575,9.395,14.4,23.7975,7.3325,19.5175,0.48,42.31,0.29,,,,0.195,0.08,28.3875,61.58,0.39249999999999996,190.595,0.0,0.0,167.77,749.7575,
2023-12-07 13:00:00,44.755,72.0275,8.84,13.55,22.39,7.285,19.11,0.49,42.325,0.2925,,,,0.1975,0.08,28.38,60.9825,0.3425,184.1575,0.0,0.0,114.99,748.9275,
2023-12-07 14:00:00,41.645,66.8675,8.3025,12.725,21.0275,7.26,19.535,0.455,41.8125,0.2775,,,,0.185,0.07250000000000001,26.3575,64.2375,0.4275,222.0525,0.0,0.0,49.225,748.3725,
2023-12-07 15:00:00,31.560000000000002,56.94,7.53,11.5375,19.0675,7.285,19.295,0.41500000000000004,42.4625,0.245,,,,0.1675,0.065,24.6,69.835,0.3875,218.23250000000002,0.0,0.0,23.96,748.1724999999999,
2023-12-07 16:00:00,21.372500000000002,44.4175,6.9625,10.6725,17.635,7.2075,19.572499999999998,0.265,35.3675,0.1575,,,,0.10750000000000001,0.0425,21.794999999999998,81.8275,0.21250000000000002,196.5875,0.0,0.0,6.6325,748.1575,
2023-12-07 17:00:00,24.4625,46.212500000000006,7.7075000000000005,11.8125,19.515,7.305,19.115000000000002,0.295,28.545,0.1775,,,,0.1225,0.05,18.745,92.1275,0.1725,169.1275,0.0,0.0,0.01,748.47,
2023-12-07 18:00:00,36.625,46.42,8.8375,13.55,22.3875,7.3925,19.0875,0.355,40.47,0.21,,,,0.14250000000000002,0.057499999999999996,17.575,97.38,0.17,174.3875,0.0,0.0,,749.0625,
2023-12-07 19:00:00,37.707499999999996,,9.7225,14.8975,24.62,7.3175,19.1075,0.4575,47.1375,0.275,,,,0.1875,0.07250000000000001,17.115000000000002,99.1825,0.20500000000000002,185.2625,0.0,0.0,,749.6775,
2023-12-07 20:00:00,52.262499999999996,80.14,10.182500000000001,15.61,25.7925,7.2275,19.23,0.6125,48.9525,0.3675,,,,0.25,0.0975,17.0175,99.945,0.1925,192.3225,0.0,0.0,,750.0,
2023-12-07 21:00:00,62.135,91.6275,12.1975,18.7,30.8975,7.34,19.3175,0.85,48.635000000000005,0.5125,,,,0.35,0.14,17.04,100.0,0.22,219.8175,0.0,0.0,,750.0,
2023-12-07 22:00:00,69.5375,99.35249999999999,13.175,20.195,33.3675,7.3475,19.3575,1.0275,49.09,0.62,,,,0.4225,0.1675,16.9725,100.0,0.225,181.4525,0.0,0.0,,750.0,
2023-12-07 23:00:00,67.83250000000001,91.6075,12.0975,18.545,30.6425,7.3100000000000005,19.3775,1.1375,50.145,0.6825,,,,0.4625,0.18,16.885,100.0,0.16,147.62,0.0,0.0,,750.0,
2023-12-08 00:00:00,64.365,90.1525,11.085,16.9875,28.075,7.355,19.225,1.1824999999999999,50.269999999999996,0.7075,,,,0.48,0.19,16.3575,100.0,0.21,228.8875,0.0,0.0,,749.8975,
2023-12-08 01:00:00,66.2075,90.4975,11.385,17.455,28.8375,7.4075,19.15,1.1475,48.4825,0.6875,,,,0.46499999999999997,0.18,16.294999999999998,100.0,0.2575,218.9625,0.0,0.0,,749.645,
2023-12-08 02:00:00,55.9325,79.145,11.695,17.93,29.625,7.3825,19.067500000000003,1.0725,50.95,0.6425000000000001,,,,0.435,0.17,16.0375,100.0,0.1975,184.26749999999998,0.0,0.0,,749.3575000000001,
2023-12-08 03:00:00,43.987500000000004,69.02250000000001,11.615,17.805,29.42,7.4525,18.945,0.9824999999999999,51.43,0.5875,,,,0.4,0.1575,15.575,100.0,0.1925,208.9625,0.0,0.0,,749.08,
2023-12-08 04:00:00,40.86,64.78999999999999,11.3,17.32,28.62,7.395,18.8925,0.8825000000000001,51.4375,0.5275000000000001,,,,0.36,0.14,15.2575,100.0,0.2675,262.175,0.0,0.0,,749.17,
2023-12-08 05:00:00,37.945,62.727500000000006,10.23,15.6775,25.905,7.2625,18.6675,0.7775000000000001,50.8475,0.4625,,,,0.32,0.125,15.48,100.0,0.255,252.0825,0.0,0.0,,749.595,
2023-12-08 06:00:00,40.975,63.05500000000001,9.105,13.95,23.055,7.3075,18.6475,0.6975,52.985,0.42,,,,0.2875,0.11,15.075,100.0,0.1925,257.8575,0.0,0.0,0.6,749.975,
2023-12-08 07:00:00,46.864999999999995,64.1125,8.57,13.1375,21.71,7.4025,18.585,0.6275,51.555,0.375,,,,0.2575,0.1,14.995000000000001,100.0,0.215,226.3725,0.0,0.0,9.53,750.0,
2023-12-08 08:00:00,50.0025,72.66749999999999,8.497499999999999,13.03,21.53,7.245,18.4875,0.5974999999999999,49.75,0.3575,,,,0.2425,0.095,16.61,100.0,0.2025,193.5425,0.0,0.0,24.365000000000002,750.0,
2023-12-08 09:00:00,52.4925,83.33,8.8575,13.58,22.4375,7.327500000000001,18.560000000000002,0.595,49.295,0.355,,,,0.2425,0.095,17.8175,100.0,0.34,245.33499999999998,0.0,0.0,46.3775,750.0,
2023-12-08 10:00:00,49.5625,83.84,9.83,15.065,24.9,7.3425,18.8275,0.5325,41.89,0.3175,,,,0.215,0.0825,22.0925,81.105,0.675,255.9325,0.0,0.0,262.765,750.0,
2023-12-08 11:00:00,53.53,82.08250000000001,9.2225,14.1375,23.36,7.4475,18.560000000000002,0.42,36.254999999999995,0.25,,,,0.1725,0.065,26.745,56.475,0.6675,261.5,0.0,0.0,244.775,750.0,
2023-12-08 12:00:00,46.51333333333334,74.845,8.165,12.5175,20.682499999999997,7.385,18.8325,0.37,34.730000000000004,0.22,,,,0.15,0.06,27.84,51.5975,0.7125,241.51,0.0,0.0,171.1025,749.8050000000001,
2023-12-08 13:00:00,46.09,72.0,8.3225,12.755,21.0775,7.38,19.8825,0.365,36.3625,0.2175,,,,0.1475,0.06,28.165,50.9875,0.615,264.195,0.0,0.0,134.0725,749.2075,
2023-12-08 14:00:00,,74.3825,8.8125,13.504999999999999,22.314999999999998,7.4075,20.6775,0.3575,36.095,0.215,,,,0.1475,0.06,26.39,57.769999999999996,0.395,229.2,0.0,0.0,50.6325,748.675,
2023-12-08 15:00:00,55.33,81.6275,8.1225,12.4475,20.57,7.2775,19.2525,0.35,38.185,0.21,,,,0.14250000000000002,0.057499999999999996,23.9675,68.22749999999999,0.2075,153.3775,0.0,0.0,25.3125,748.275,
2023-12-08 16:00:00,51.8875,81.45500000000001,8.595,13.175,21.77,7.4275,19.259999999999998,0.3975,29.65,0.24,,,,0.1625,0.0625,21.16,81.14500000000001,0.20500000000000002,177.41,0.0,0.0,7.3825,748.11,
2023-12-08 17:00:00,60.3525,89.73,10.7675,16.505,27.2725,7.4775,19.025,0.5075000000000001,33.675,0.3125,,,,0.21,0.08,18.065,91.215,0.1975,205.0075,0.0,0.0,,748.415,
2023-12-08 18:00:00,65.7025,111.9675,10.685,16.375,27.052500000000002,7.3825,18.509999999999998,0.5974999999999999,44.8575,0.36,,,,0.2425,0.095,16.965,96.8275,0.205,192.51,0.0,0.0,,748.855,
2023-12-08 19:00:00,75.3775,117.77250000000001,10.3025,15.795,26.0975,7.3025,18.5425,0.645,46.665,0.3925,,,,0.2675,0.10250000000000001,16.4575,98.8575,0.17250000000000001,149.57,0.0,0.0,,749.2175,
2023-12-08 20:00:00,75.57499999999999,114.5625,10.0975,15.4825,25.580000000000002,7.3425,18.77,0.6925,47.597500000000004,0.415,,,,0.28500000000000003,0.11,15.842500000000001,99.85499999999999,0.20750000000000002,182.4825,0.0,0.0,,749.52,
2023-12-08 21:00:00,68.57,108.9325,10.067499999999999,15.4325,25.502499999999998,7.24,18.75,0.7124999999999999,45.2575,0.4275,,,,0.2925,0.11499999999999999,15.5725,100.0,0.2275,195.6325,0.0,0.0,,749.845,
2023-12-08 22:00:00,66.8825,107.035,9.469999999999999,14.5175,23.990000000000002,7.2275,18.805,0.705,45.0025,0.4225,,,,0.29,0.11,15.5925,100.0,0.2425,155.96,0.0,0.0,,749.9975,
2023-12-08 23:00:00,71.60249999999999,112.94749999999999,9.1275,13.99,23.1175,7.3675,18.9175,0.6825,46.6,0.415,,,,0.2825,0.11,15.15,100.0,0.25,222.6325,0.0,0.0,,749.9075,
2023-12-09 00:00:00,79.4175,113.7725,8.9225,13.682500000000001,22.6075,7.2825,18.7425,0.6575,48.615,0.3925,,,,0.2675,0.10500000000000001,14.48,100.0,0.235,216.60500000000002,0.0,0.0,,749.7974999999999,
2023-12-09 01:00:00,73.22,109.30499999999999,8.5925,13.1675,21.7575,7.279999999999999,18.6325,0.6225,48.815,0.3725,,,,0.2525,0.1,14.125,100.0,0.225,199.1325,0.0,0.0,,749.75,
2023-12-09 02:00:00,73.8375,106.2475,8.28,12.69,20.97,7.29,18.442500000000003,0.585,48.9525,0.35,,,,0.235,0.095,14.004999999999999,100.0,0.185,182.39999999999998,0.0,0.0,,749.5899999999999,
2023-12-09 03:00:00,69.52,102.0575,8.022499999999999,12.2925,20.314999999999998,7.2475000000000005,18.43,0.545,48.1175,0.3275,,,,0.22,0.0875,13.6075,100.0,0.2175,213.4775,0.0,0.0,,749.5375,
2023-12-09 04:00:00,70.41,98.89,8.084999999999999,12.3875,20.4725,7.255,18.2175,0.5175000000000001,48.14,0.31,,,,0.20750000000000002,0.0825,13.1975,100.0,0.2425,214.2425,0.0,0.0,,749.6949999999999,
2023-12-09 05:00:00,61.28,96.07000000000001,8.06,12.3525,20.4125,7.2875,18.1425,0.475,46.725,0.28500000000000003,,,,0.195,0.07500000000000001,13.1375,100.0,0.265,186.715,0.0,0.0,,749.955,
2023-12-09 06:00:00,62.1075,94.9975,8.0975,12.4125,20.5075,7.3825,18.4725,0.47,49.15,0.2825,,,,0.19,0.0775,12.6475,100.0,0.1725,178.3875,0.0,0.0,0.37,750.0,
2023-12-09 07:00:00,63.480000000000004,99.3775,8.1675,12.5225,20.6875,7.2925,18.1575,0.455,48.1025,0.2775,,,,0.1875,0.07,13.01,100.0,0.2025,192.825,0.0,0.0,8.66,750.0,
2023-12-09 08:00:00,67.88000000000001,108.14250000000001,8.56,13.1225,21.685,7.255,17.8075,0.4975,45.51,0.3025,,,,0.2,0.08,14.0925,100.0,0.34750000000000003,204.1525,0.0,0.0,22.27,750.0,
2023-12-09 09:00:00,65.33,120.695,9.145,14.0175,23.165,7.18,17.8875,0.53,44.935,0.3175,,,,0.2125,0.0825,16.05,94.36500000000001,0.5,250.245,0.0,0.0,44.72,750.0,
2023-12-09 10:00:00,59.8775,115.5275,8.4525,12.9525,21.405,7.265,18.6425,0.51,48.2925,0.3075,,,,0.2075,0.08,23.03,61.3525,0.6425,241.88,0.0,0.0,286.4425,750.0,
2023-12-09 11:00:00,59.785,100.4075,7.855,12.0425,19.905,7.1975,19.435,0.48,49.35,0.2875,,,,0.1925,0.0775,25.75,51.1275,0.9925,269.8325,0.0,0.0,268.92,750.0,
2023-12-09 12:00:00,48.334999999999994,84.21,7.2775,11.157499999999999,18.44,7.175,20.1775,0.445,49.81,0.2675,,,,0.1775,0.07,27.0,45.17,0.9,266.0,0.0,0.0,187.7625,750.0,
2023-12-09 13:00:00,32.895,75.695,6.890000000000001,10.565000000000001,17.4575,7.217499999999999,20.865000000000002,0.4,48.57,0.24,,,,0.1625,0.065,27.3575,42.2325,0.8574999999999999,264.7375,0.0,0.0,143.0125,750.0,
2023-12-09 14:00:00,27.4125,65.78,7.2225,11.07,18.2925,7.18,20.5875,0.36,47.8125,0.22,,,,0.1475,0.06,25.425,46.087500000000006,0.7275,234.6825,0.0,0.0,47.0875,749.8675000000001,
2023-12-09 15:00:00,25.85,68.18,8.09,12.4,20.4875,7.2524999999999995,24.035,0.29000000000000004,40.25,0.18,,,,0.11750000000000001,0.0425,23.7725,49.192499999999995,0.5,225.4875,0.0,0.0,23.7125,749.5,
2023-12-09 16:00:00,26.330000000000002,65.9225,8.48,12.9975,21.48,7.255,19.5,0.275,39.4,0.165,,,,0.11499999999999999,0.045,20.497500000000002,65.955,0.2175,150.3825,0.0,0.0,6.35,749.235,
2023-12-09 17:00:00,31.3825,71.19,11.505,17.634999999999998,29.14,7.237500000000001,18.9575,0.35,32.85,0.21,,,,0.14500000000000002,0.055,16.2875,80.7275,0.1925,209.20749999999998,0.0,0.0,0.02,749.065,
2023-12-09 18:00:00,44.0375,95.1575,12.73,19.509999999999998,32.239999999999995,7.45,17.955,0.4375,40.9,0.265,,,,0.18,0.07250000000000001,14.23,90.625,0.2175,206.67,0.0,0.0,,749.1625,
2023-12-09 19:00:00,53.94,104.2675,12.3425,18.9175,31.2625,7.3175,17.6525,0.51,45.515,0.3075,,,,0.20750000000000002,0.0825,13.7025,94.05,0.1925,176.64249999999998,0.0,0.0,,749.325,
2023-12-09 20:00:00,58.427499999999995,104.9875,11.755,18.015,29.7725,7.275,17.8675,0.565,46.065,0.3375,,,,0.23,0.0925,13.41,96.0925,0.2125,184.78,0.0,0.0,,749.47,
2023-12-09 21:00:00,61.5975,106.5775,11.4825,17.595,29.08,7.29,17.6625,0.61,45.425,0.3725,,,,0.2525,0.1,13.4,97.4325,0.23,185.94,0.0,0.0,,749.4775,
2023-12-09 22:00:00,65.21000000000001,104.555,10.73,16.445,27.1725,7.295,17.564999999999998,0.6275,49.3725,0.38,,,,0.26,0.1,13.1425,98.895,0.24500000000000002,250.75,0.0,0.0,,749.435,
2023-12-09 23:00:00,64.76249999999999,100.9175,10.055,15.415000000000001,25.47,7.195,17.465,0.615,47.88,0.375,,,,0.2525,0.1,12.935,99.895,0.2325,214.35,0.0,0.0,,749.265,
2023-12-10 00:00:00,58.425,97.9375,9.55,14.64,24.195,7.3075,17.425,0.6,48.645,0.3625,,,,0.245,0.095,12.6475,100.0,0.1925,214.0775,0.0,0.0,,748.955,
2023-12-10 01:00:00,56.0675,93.96000000000001,9.18,14.07,23.25,7.3,17.1875,0.5625,49.2875,0.3375,,,,0.225,0.09,12.5525,100.0,0.14,147.70749999999998,0.0,0.0,,748.605,
2023-12-10 02:00:00,49.152499999999996,90.6525,8.7275,13.3775,22.1075,7.1625,17.425,0.5125,48.0325,0.3075,,,,0.20750000000000002,0.0825,12.4125,100.0,0.22499999999999998,208.7625,0.0,0.0,,748.4025,
2023-12-10 03:00:00,46.615,84.19,8.4375,12.932500000000001,21.3675,7.265,17.73,0.4675,45.9225,0.28500000000000003,,,,0.1925,0.0775,12.045,100.0,0.23,189.47,0.0,0.0,,748.155,
2023-12-10 04:00:00,47.6475,80.645,8.32,12.75,21.064999999999998,7.1675,17.737499999999997,0.445,43.0275,0.2675,,,,0.175,0.07,11.7925,100.0,0.2575,187.2925,0.0,0.0,,748.0174999999999,
2023-12-10 05:00:00,50.285000000000004,85.88,8.29,12.705,20.994999999999997,7.2075,17.5775,0.4325,43.25,0.26,,,,0.17250000000000001,0.07,11.335,100.0,0.2625,193.78,0.0,0.0,,748.315,
2023-12-10 06:00:00,53.9875,90.385,8.2475,12.64,20.884999999999998,7.2524999999999995,17.29,0.4275,42.480000000000004,0.2575,,,,0.17,0.07,11.057500000000001,100.0,0.2725,225.8575,0.0,0.0,0.27,748.76,
2023-12-10 07:00:00,54.707499999999996,90.0325,8.365,12.825,21.1875,7.195,17.5875,0.4375,41.802499999999995,0.26,,,,0.1775,0.07,11.2475,100.0,0.295,211.745,0.0,0.0,7.055,749.2925,
2023-12-10 08:00:00,58.5475,95.6525,9.0975,13.945,23.045,7.1475,17.3575,0.4525,41.575,0.275,,,,0.1825,0.07,12.655000000000001,99.8375,0.5575,217.05,0.0,0.0,18.6575,749.9075,
2023-12-10 09:00:00,60.2225,105.9425,9.0825,13.9225,23.0075,7.1775,17.96,0.4625,41.61,0.28250000000000003,,,,0.19,0.07500000000000001,16.23,80.64,0.6125,228.7975,0.0,0.0,42.8525,750.0,
2023-12-10 10:00:00,60.81,106.3475,8.772499999999999,13.4425,22.22,7.205,18.3725,0.4575,43.269999999999996,0.2775,,,,0.185,0.07250000000000001,22.225,59.620000000000005,0.675,260.75,0.0,0.0,282.87,750.0,
2023-12-10 11:00:00,54.3125,98.455,7.835,12.0075,19.845,7.1075,18.975,0.45,45.125,0.265,,,,0.1825,0.07,25.095,48.8275,0.8,238.055,0.0,0.0,270.525,749.9975,
2023-12-10 12:00:00,41.9775,82.67750000000001,7.0725,10.8425,17.92,7.1875,20.065,0.4275,45.8075,0.255,,,,0.1725,0.0675,25.947499999999998,45.03,0.8425,262.14,0.0,0.0,189.29500000000002,749.4925000000001,
2023-12-10 13:00:00,33.41,77.99,6.9825,10.7025,17.6875,7.1325,20.564999999999998,0.3875,45.095,0.23249999999999998,,,,0.155,0.06,26.2725,40.9275,0.9475,268.39750000000004,0.0,0.0,138.6575,748.885,
2023-12-10 14:00:00,24.200000000000003,68.5725,6.855,10.505,17.36,7.18,20.085,0.3525,44.865,0.21,,,,0.145,0.057499999999999996,24.49,44.129999999999995,0.9550000000000001,250.9325,0.0,0.0,48.8075,748.525,
2023-12-10 15:00:00,20.3225,65.1575,6.7175,10.2975,17.0175,7.105,19.7025,0.3375,45.3925,0.2,,,,0.1375,0.05,23.2725,46.8125,0.77,226.47,0.0,0.0,24.995,748.2,
2023-12-10 16:00:00,23.1025,69.1925,6.9625,10.675,17.6375,7.1375,18.4525,0.3325,46.004999999999995,0.2,,,,0.13,0.05,20.645,60.46249999999999,0.3125,155.505,0.0,0.0,6.9325,748.155,
2023-12-10 17:00:00,20.665,64.775,7.82,11.985,19.805,7.0725,17.735,0.3375,48.3325,0.2,,,,0.1375,0.05,16.535,79.85,0.16999999999999998,159.1975,0.0,0.0,0.06,748.425,
2023-12-10 18:00:00,24.387500000000003,70.0175,8.97,13.75,22.715,7.1899999999999995,17.8475,0.365,48.1875,0.215,,,,0.14750000000000002,0.057499999999999996,14.34,88.9025,0.17250000000000001,159.6575,0.0,0.0,,748.89,
2023-12-10 19:00:00,35.985,82.0475,9.717500000000001,14.89,24.6075,7.2675,17.982499999999998,0.4225,48.0475,0.255,,,,0.1725,0.065,13.3225,94.07,0.21,217.55,0.0,0.0,,749.2375,
2023-12-10 20:00:00,49.08,92.5975,10.532499999999999,16.1475,26.6775,7.28,17.9525,0.51,48.155,0.31,,,,0.21000000000000002,0.0825,12.5975,96.3075,0.1775,227.67000000000002,0.0,0.0,,749.5775,
2023-12-10 21:00:00,66.58,107.0275,10.370000000000001,15.8975,26.265,7.1725,17.7025,0.595,47.7725,0.36,,,,0.245,0.095,12.2075,98.355,0.18,225.92749999999998,0.0,0.0,,749.8025,
2023-12-10 22:00:00,69.8625,111.44999999999999,10.42,15.975,26.4,7.3375,17.5625,0.66,47.9125,0.3975,,,,0.2725,0.10500000000000001,11.91,99.72,0.1925,221.565,0.0,0.0,,749.89,
2023-12-10 23:00:00,69.42999999999999,114.9775,10.4875,16.075,26.555,7.275,17.39,0.6975,48.477500000000006,0.4175,,,,0.28500000000000003,0.11,11.455,100.0,0.17,205.92,0.0,0.0,,749.7325000000001,
2023-12-11 00:00:00,72.0125,115.5825,10.532499999999999,16.145,26.68,7.17,16.9625,0.71,47.8125,0.43,,,,0.29,0.11,11.1625,100.0,0.20750000000000002,246.125,0.0,0.0,,749.395,
2023-12-11 01:00:00,69.295,118.8325,10.6175,16.2775,26.895,7.27,17.3425,0.705,46.7475,0.425,,,,0.29,0.11,10.9175,100.0,0.22,239.15500000000003,0.0,0.0,,749.38,
2023-12-11 02:00:00,67.2325,107.4825,10.2275,15.677499999999998,25.905,7.2575,17.5225,0.68,45.6925,0.41,,,,0.28,0.11,10.7275,100.0,0.24000000000000002,260.2525,0.0,0.0,,749.3199999999999,
2023-12-11 03:00:00,65.25,99.95,9.682500000000001,14.8375,24.52,7.2475000000000005,17.064999999999998,0.6475,45.147499999999994,0.385,,,,0.265,0.1,10.4275,100.0,0.2675,276.8925,0.0,0.0,,749.105,
2023-12-11 04:00:00,58.0625,94.3875,9.3225,14.290000000000001,23.615000000000002,7.1975,17.275,0.61,45.239999999999995,0.365,,,,0.2475,0.1,10.2225,100.0,0.21250000000000002,258.595,0.0,0.0,,749.19,
2023-12-11 05:00:00,60.78,87.9175,8.945,13.71,22.655,7.07,17.0875,0.5725,43.725,0.3425,,,,0.23,0.09,9.8575,100.0,0.215,268.8125,0.0,0.0,,749.51,
2023-12-11 06:00:00,57.65,87.0975,8.925,13.68,22.6075,7.2325,17.46,0.5425,43.2725,0.3225,,,,0.22,0.09,9.657499999999999,100.0,0.1575,186.5775,0.0,0.0,0.27,749.9375,
2023-12-11 07:00:00,56.9525,90.59,8.9075,13.655000000000001,22.5575,7.1625,17.255,0.53,41.96,0.315,,,,0.2125,0.0825,10.0075,100.0,0.215,234.19,0.0,0.0,7.955,750.0,
2023-12-11 08:00:00,56.66,92.3375,8.8525,13.57,22.425,7.2025,17.0775,0.5325,42.785,0.3225,,,,0.215,0.08499999999999999,12.17,100.0,0.2125,224.9725,0.0,0.0,20.8975,750.0,
2023-12-11 09:00:00,67.63250000000001,107.98500000000001,10.16,15.5725,25.7325,7.205,17.4225,0.585,42.3475,0.3525,,,,0.2375,0.0925,13.9275,100.0,0.2625,188.53750000000002,0.0,0.0,42.125,750.0,
2023-12-11 10:00:00,63.5275,124.5025,11.6375,17.84,29.48,7.1825,17.9925,0.625,42.099999999999994,0.3775,,,,0.2575,0.1,20.447499999999998,71.225,0.42,224.14499999999998,0.0,0.0,298.755,750.0,
2023-12-11 11:00:00,67.285,127.62,10.6075,16.255,26.8625,7.285,18.4825,0.6025,45.1325,0.365,,,,0.245,0.0975,26.4,41.9475,0.3775,195.76,0.0,0.0,271.155,750.0,
2023-12-11 12:00:00,48.7625,98.66,8.7875,13.477500000000001,22.2675,7.165,19.985,0.565,47.255,0.34,,,,0.2275,0.0925,26.605,38.15,0.6375,238.4425,0.0,0.0,190.66750000000002,750.0,
2023-12-11 13:00:00,41.4925,92.2775,8.185,12.5425,20.7275,7.255,19.5125,0.545,46.27,0.325,,,,0.2175,0.08499999999999999,26.8375,41.04,0.5975,232.33,0.0,0.0,132.9375,749.9475,
2023-12-11 14:00:00,40.6725,89.1,7.63,11.7,19.335,7.2075,19.4075,0.5025,45.9,0.3025,,,,0.2025,0.08,24.515,46.985,0.395,185.215,0.0,0.0,49.4675,749.585,
2023-12-11 15:00:00,32.85,85.35249999999999,7.63,11.695,19.325,7.1075,18.615,0.475,46.665,0.28500000000000003,,,,0.1925,0.0775,22.1875,58.11,0.2225,156.93,0.0,0.0,25.3375,749.2775,
2023-12-11 16:00:00,30.65,78.45,7.6850000000000005,11.78,19.465,7.23,17.985,0.445,47.1625,0.2675,,,,0.18,0.07,18.755,74.0625,0.1475,145.025,0.0,0.0,7.2325,749.2574999999999,
2023-12-11 17:00:00,25.7,70.075,8.18,12.5375,20.7175,7.2,17.439999999999998,0.43,48.6475,0.2575,,,,0.175,0.07,14.905000000000001,83.9925,0.1125,164.24,0.0,0.0,0.05,749.35,
2023-12-11 18:00:00,32.84,77.4375,9.45,14.49,23.939999999999998,7.275,17.572499999999998,0.445,47.33,0.27,,,,0.18,0.07250000000000001,12.715,91.705,0.14,207.53,0.0,0.0,,749.6725,
2023-12-11 19:00:00,56.1275,105.7775,11.695,17.93,29.622500000000002,7.1825,17.57,0.5975,45.900000000000006,0.36,,,,0.245,0.095,11.9375,96.28999999999999,0.195,240.7,0.0,0.0,,749.9275,
2023-12-11 20:00:00,80.635,133.3425,13.3375,20.447499999999998,33.7825,7.2725,17.475,0.7825,44.957499999999996,0.47,,,,0.325,0.125,11.665000000000001,98.83,0.23750000000000002,263.61,0.0,0.0,,750.0,
2023-12-11 21:00:00,98.5875,146.5925,14.2925,21.9025,36.195,7.3225,17.5925,0.98,45.2325,0.59,,,,0.4,0.1575,11.45,99.83500000000001,0.20750000000000002,279.24,0.0,0.0,,750.0,
2023-12-11 22:00:00,107.34,152.10250000000002,14.7225,22.5625,37.287499999999994,7.2375,17.9175,1.1625,45.715,0.7,,,,0.4775,0.1875,11.1125,100.0,0.1975,262.47,0.0,0.0,,750.0,
2023-12-11 23:00:00,108.17,152.60750000000002,13.67,20.9525,34.620000000000005,7.3475,17.67,1.2525,44.55,0.755,,,,0.5125,0.2,10.8175,100.0,0.1825,265.2875,0.0,0.0,,750.0,
2023-12-12 00:00:00,102.675,141.95,11.7025,17.9325,29.6375,7.1425,17.2425,1.2225,44.667500000000004,0.73,,,,0.4975,0.195,10.35,100.0,0.185,245.8625,0.0,0.0,,749.9325,
2023-12-12 01:00:00,81.88250000000001,120.655,10.3725,15.8975,26.265,7.06,17.7775,1.09,45.4075,0.6525,,,,0.4425,0.1725,9.89,100.0,0.17,263.115,0.0,0.0,,749.6875,
2023-12-12 02:00:00,74.02250000000001,106.155,9.6125,14.73,24.3425,7.1875,17.6025,0.94,43.8625,0.56,,,,0.3825,0.15,9.344999999999999,100.0,0.21000000000000002,297.57,0.0,0.0,,749.3824999999999,
2023-12-12 03:00:00,70.8375,106.89750000000001,9.17,14.055,23.2225,7.2325,17.525,0.8325,43.415,0.495,,,,0.3375,0.1325,8.9625,100.0,0.2025,266.3275,0.0,0.0,,749.0975,
2023-12-12 04:00:00,70.51750000000001,104.635,8.959999999999999,13.735,22.6925,7.2775,17.87,0.74,42.295,0.445,,,,0.3025,0.1175,8.43,100.0,0.16749999999999998,252.96749999999997,0.0,0.0,,748.8625,
2023-12-12 05:00:00,74.1175,107.6175,8.8225,13.5275,22.35,7.3525,17.3425,0.6799999999999999,40.5325,0.4075,,,,0.2775,0.1075,7.9925,100.0,0.1925,266.4625,0.0,0.0,,749.0925,
2023-12-12 06:00:00,78.0675,106.0225,8.3975,12.875,21.2725,7.095000000000001,17.315,0.6525000000000001,39.7675,0.3925,,,,0.27,0.1,7.6325,100.0,0.2025,236.67000000000002,0.0,0.0,0.21,749.5375,
2023-12-12 07:00:00,75.8775,107.31,8.2375,12.6325,20.875,7.1675,17.54,0.65,39.195,0.39,,,,0.27,0.10250000000000001,8.122499999999999,100.0,0.2175,292.93,0.0,0.0,8.3875,749.9525,
2023-12-12 08:00:00,83.745,115.1275,8.842500000000001,13.5525,22.4,7.1325,17.53,0.69,39.0875,0.4175,,,,0.28250000000000003,0.11,10.675,100.0,0.0925,160.2375,0.0,0.0,22.5625,750.0,
2023-12-12 09:00:00,108.33,143.605,9.41,14.425,23.8325,7.2125,17.415,0.7525,39.845,0.4525,,,,0.3075,0.12,13.9325,100.0,0.1375,182.1125,0.0,0.0,42.995,750.0,
2023-12-12 10:00:00,118.565,163.57,9.4125,14.4275,23.845,7.202500000000001,17.7825,0.7825,41.7025,0.46499999999999997,,,,0.32,0.125,19.6025,87.225,0.235,174.45,0.0,0.0,278.0675,750.0,
2023-12-12 11:00:00,101.9375,143.24,9.8775,15.139999999999999,25.02,7.175,18.1925,0.785,44.625,0.47,,,,0.3225,0.125,25.63,49.705,0.3825,190.725,0.0,0.0,245.1575,749.96,
2023-12-12 12:00:00,87.685,145.60999999999999,9.6375,14.775,24.412499999999998,7.1925,18.927500000000002,0.75,45.315,0.445,,,,0.305,0.1175,26.6275,40.205,0.455,173.745,0.0,0.0,167.115,749.4275,
2023-12-12 13:00:00,49.042500000000004,98.8775,7.9475,12.185,20.135,7.115,18.9225,0.6275,43.725,0.38,,,,0.2575,0.10250000000000001,26.8975,37.56,0.585,206.7175,0.0,0.0,132.0275,748.6800000000001,
2023-12-12 14:00:00,24.244999999999997,68.9625,7.125,10.9225,18.05,7.055,18.85,0.5775,43.675,0.345,,,,0.23,0.09,24.2175,45.6325,0.445,243.625,0.0,0.0,49.3975,748.24,
2023-12-12 15:00:00,29.05,68.7225,6.955,10.6675,17.625,7.135,18.3375,0.52,44.0,0.315,,,,0.21000000000000002,0.0825,21.9975,53.7975,0.2575,198.8425,0.0,0.0,23.825,747.98,
2023-12-12 16:00:00,19.7125,57.625,7.17,10.99,18.1625,7.1175,18.0275,0.4875,46.3425,0.2925,,,,0.195,0.08,18.41,71.47,0.14666666666666667,140.86666666666667,0.0,0.0,6.4325,747.9525,
2023-12-12 17:00:00,19.3125,56.917500000000004,8.195,12.5575,20.752499999999998,7.1575,18.005,0.4475,46.585,0.27,,,,0.1825,0.07250000000000001,14.5025,83.3175,0.1475,183.95999999999998,0.0,0.0,0.05,748.1375,
2023-12-12 18:00:00,31.557499999999997,75.4075,9.8975,15.172500000000001,25.0675,7.255,18.08,0.475,44.04,0.2875,,,,0.195,0.07500000000000001,12.48,91.2325,0.165,207.09,0.0,0.0,,748.3050000000001,
2023-12-12 19:00:00,54.8725,109.47,12.36,18.9475,31.310000000000002,7.21,17.805,0.6175,42.025,0.375,,,,0.2525,0.1,11.925,96.3675,0.2525,258.8325,0.0,0.0,,748.5699999999999,
2023-12-12 20:00:00,73.27,125.77,13.1025,20.085,33.1875,7.2675,17.71,0.7575000000000001,42.6625,0.45499999999999996,,,,0.3125,0.12,11.4125,98.41749999999999,0.1975,211.16,0.0,0.0,,749.035,
2023-12-12 21:00:00,81.18,124.89,12.575,19.2775,31.8525,7.2975,17.6,0.84,42.6075,0.5025,,,,0.345,0.135,11.1875,99.5925,0.215,268.39750000000004,0.0,0.0,,749.4125,
2023-12-12 22:00:00,75.0375,117.7475,11.3325,17.37,28.7025,7.3149999999999995,17.355,0.84,42.2725,0.5025,,,,0.3425,0.1325,11.120000000000001,99.995,0.2,172.3975,0.0,0.0,,749.73,
2023-12-12 23:00:00,67.27,110.515,9.7925,15.0075,24.8,7.1675,17.2325,0.7875000000000001,43.465,0.47250000000000003,,,,0.3225,0.125,10.7775,100.0,0.14500000000000002,185.43,0.0,0.0,,749.6625,
2023-12-13 00:00:00,66.5175,106.42500000000001,9.0,13.7975,22.8,7.195,17.7675,0.7324999999999999,42.905,0.4375,,,,0.3,0.1175,10.3225,100.0,0.225,229.9325,0.0,0.0,,749.4825000000001,
2023-12-13 01:00:00,75.0925,110.8475,8.522499999999999,13.065,21.5875,7.085,17.5925,0.6875,42.6075,0.4125,,,,0.28250000000000003,0.11,10.04,100.0,0.195,197.41,0.0,0.0,,749.4475,
2023-12-13 02:00:00,82.41,118.155,8.595,13.175,21.7675,7.21,17.945,0.67,42.265,0.405,,,,0.275,0.11,9.63,100.0,0.21000000000000002,258.985,0.0,0.0,,749.1825,
2023-12-13 03:00:00,84.6275,122.265,8.585,13.1575,21.745,7.0325,17.4625,0.65,40.795,0.39,,,,0.27,0.1,9.23,100.0,0.2225,269.8825,0.0,0.0,,749.1,
2023-12-13 04:00:00,91.015,124.025,9.120000000000001,13.9825,23.105,7.175,17.5375,0.6625000000000001,40.6075,0.4,,,,0.2725,0.1075,8.9925,100.0,0.255,264.825,0.0,0.0,,749.1575,
2023-12-13 05:00:00,96.2825,127.35249999999999,9.0575,13.89,22.945,7.175,17.215,0.665,39.75,0.4,,,,0.27,0.11,8.695,100.0,0.20500000000000002,271.71999999999997,0.0,0.0,,749.6775,
2023-12-13 06:00:00,92.9125,126.375,8.9775,13.7625,22.74,7.1275,17.655,0.6725000000000001,38.2525,0.4025,,,,0.2775,0.11,8.3925,100.0,0.2525,267.58000000000004,0.0,0.0,0.23,750.0,
2023-12-13 07:00:00,88.44,121.8425,8.7,13.335,22.0375,7.1225000000000005,17.96,0.6675,37.8425,0.4025,,,,0.2725,0.11,8.99,100.0,0.2225,274.57,0.0,0.0,10.3025,750.0,
2023-12-13 08:00:00,87.055,121.6475,8.7675,13.44,22.205,7.1575,17.95,0.685,37.6875,0.4125,,,,0.2825,0.11,11.2,100.0,0.2475,257.6625,0.0,0.0,29.3675,750.0,
2023-12-13 09:00:00,97.1925,136.26749999999998,10.28,15.755,26.035,7.225,17.775,0.755,36.155,0.4525,,,,0.31,0.1225,13.6975,99.9225,0.415,260.6575,0.0,0.0,54.1075,750.0,
2023-12-13 10:00:00,88.505,150.725,11.26,17.259999999999998,28.5225,7.1625,18.7225,0.785,38.2,0.4675,,,,0.3225,0.125,19.27,71.52,0.5,229.5225,0.0,0.0,252.22,750.0,
2023-12-13 11:00:00,90.445,147.8125,9.8825,15.145,25.0325,7.13,19.36,0.715,40.145,0.4275,,,,0.295,0.11499999999999999,23.515,55.875,0.6475,211.2775,0.0,0.0,240.2225,750.0,
2023-12-13 12:00:00,76.1525,124.2225,8.5575,13.115,21.675,7.335,19.8375,0.6625000000000001,40.9875,0.39749999999999996,,,,0.2725,0.1075,24.8975,52.23,0.62,237.37,0.0,0.0,174.7825,750.0,
2023-12-13 13:00:00,68.31,111.965,7.9725,12.2225,20.195,7.1025,19.4725,0.6,40.7625,0.3625,,,,0.2425,0.095,25.04,50.155,0.72,257.66499999999996,0.0,0.0,123.2875,749.8775,
2023-12-13 14:00:00,60.45,100.23,7.6975,11.7975,19.495,7.125,19.21,0.555,39.77,0.3325,,,,0.2225,0.09,23.6875,52.8625,0.565,243.33749999999998,0.0,0.0,53.832499999999996,749.3975,
2023-12-13 15:00:00,54.9725,100.31,7.6775,11.7675,19.4425,7.09,18.9525,0.5225,39.01,0.3125,,,,0.2125,0.08,21.9825,58.545,0.51,241.53,0.0,0.0,27.2325,749.15,
2023-12-13 16:00:00,49.11,98.95,8.4975,13.0275,21.5275,7.275,18.6875,0.4825,35.935,0.29000000000000004,,,,0.1925,0.0775,18.8675,74.87,0.1575,155.4475,0.0,0.0,8.4525,749.13,
2023-12-13 17:00:00,52.4475,101.495,10.0975,15.4775,25.5775,7.215,18.42,0.46,37.83,0.28,,,,0.19,0.07250000000000001,15.21,87.895,0.1425,175.95499999999998,0.0,0.0,0.13,749.51,
2023-12-13 18:00:00,63.0325,111.7575,10.27,15.7425,26.009999999999998,7.2475000000000005,18.130000000000003,0.5175000000000001,42.8075,0.31,,,,0.20750000000000002,0.0825,13.165,94.255,0.15,178.49,0.0,0.0,,749.9225,
2023-12-13 19:00:00,79.0025,131.73250000000002,11.5275,17.67,29.2,7.2575,18.18,0.6425,43.8,0.3875,,,,0.265,0.10250000000000001,12.34,97.5775,0.1575,199.2425,0.0,0.0,,750.0,
2023-12-13 20:00:00,97.6125,143.935,12.135,18.605,30.740000000000002,7.285,17.8375,0.7875,43.557500000000005,0.47,,,,0.3275,0.125,11.8975,99.175,0.2,240.4425,0.0,0.0,,750.0,
2023-12-13 21:00:00,101.1525,139.1975,11.895,18.23,30.122500000000002,7.2225,17.75,0.8825000000000001,43.855000000000004,0.5275000000000001,,,,0.36,0.14,11.8825,99.975,0.1625,184.64749999999998,0.0,0.0,,750.0,
2023-12-13 22:00:00,86.35249999999999,126.56,10.785,16.535,27.32,7.3,18.12,0.9,44.4125,0.535,,,,0.3675,0.14250000000000002,11.78,100.0,0.20500000000000002,245.84,0.0,0.0,,750.0,
2023-12-13 23:00:00,87.8725,122.91749999999999,10.2075,15.645,25.8525,7.2475000000000005,17.8075,0.86,43.567499999999995,0.5125,,,,0.35,0.1375,11.555,100.0,0.2625,269.2475,0.0,0.0,,750.0,
2023-12-14 00:00:00,79.30000000000001,121.02,9.795,15.015,24.8175,7.1675,17.82,0.815,42.805,0.485,,,,0.3325,0.13,11.5025,100.0,0.21000000000000002,206.0025,0.0,0.0,,750.0,
2023-12-14 01:00:00,76.7525,117.11,9.280000000000001,14.2225,23.505,7.2275,17.990000000000002,0.74,41.78,0.4425,,,,0.305,0.1175,11.5275,100.0,0.23500000000000001,235.25,0.0,0.0,,750.0,
2023-12-14 02:00:00,73.0625,108.705,9.120000000000001,13.98,23.1025,7.13,17.8,0.66,40.379999999999995,0.395,,,,0.27,0.10500000000000001,11.6025,100.0,0.3,230.3275,0.0,0.0,,749.9475,
2023-12-14 03:00:00,63.4425,103.075,9.0425,13.8675,22.91,7.1525,17.677500000000002,0.6125,39.5225,0.365,,,,0.2475,0.0975,11.42,100.0,0.27,225.1275,0.0,0.0,,749.905,
2023-12-14 04:00:00,62.985,98.5475,8.635000000000002,13.24,21.8825,7.125,18.0325,0.5725,40.045,0.33999999999999997,,,,0.2275,0.09,11.1275,100.0,0.2375,195.3125,0.0,0.0,,749.9625000000001,
2023-12-14 05:00:00,55.71,95.67750000000001,8.39,12.8625,21.247500000000002,7.1225,17.83,0.5225,39.8,0.315,,,,0.215,0.08499999999999999,10.565,100.0,0.175,199.60500000000002,0.0,0.0,,750.0,
2023-12-14 06:00:00,56.6075,89.965,8.24,12.629999999999999,20.87,7.1775,18.052500000000002,0.5,37.845,0.3025,,,,0.2025,0.08,10.344999999999999,100.0,0.2575,220.9475,0.0,0.0,0.46,750.0,
2023-12-14 07:00:00,53.8925,89.1875,8.1975,12.565,20.765,7.16,17.8325,0.4825,36.677499999999995,0.29,,,,0.2,0.08,11.025,100.0,0.25,188.8925,0.0,0.0,8.9725,750.0,
2023-12-14 08:00:00,58.5625,96.97,9.2025,14.105,23.310000000000002,7.15,18.0975,0.5275000000000001,37.375,0.32,,,,0.215,0.08499999999999999,12.6325,100.0,0.1775,155.755,0.0,0.0,26.072499999999998,750.0,
2023-12-14 09:00:00,68.23750000000001,112.2775,10.7025,16.41,27.1125,7.1875,18.06,0.585,36.980000000000004,0.355,,,,0.235,0.095,13.782499999999999,100.0,0.28500000000000003,201.11,0.0,0.0,49.195,750.0,
2023-12-14 10:00:00,68.9075,123.3725,10.719999999999999,16.432499999999997,27.1525,7.1825,18.6175,0.61,37.3775,0.37,,,,0.25,0.1,18.38,83.84,0.5025,220.66250000000002,0.0,0.0,274.53499999999997,750.0,
2023-12-14 11:00:00,66.48,116.5825,9.4925,14.555,24.0475,7.08,19.8975,0.58,39.33,0.345,,,,0.23,0.09,24.130000000000003,51.8675,0.56,241.3125,0.0,0.0,268.325,750.0,
2023-12-14 12:00:00,51.165,97.355,8.317499999999999,12.7475,21.0675,7.1875,19.9775,0.5225,40.325,0.3125,,,,0.2125,0.08499999999999999,25.415,44.365,0.72,212.485,0.0,0.0,188.2975,750.0,
2023-12-14 13:00:00,30.0225,73.505,7.4275,11.385,18.814999999999998,7.075,19.5175,0.4575,39.6925,0.2775,,,,0.185,0.07250000000000001,25.31,41.8,0.7175,234.1125,0.0,0.0,119.5,750.0,
2023-12-14 14:00:00,18.5475,65.80000000000001,6.9875,10.71,17.6975,7.1625,19.1,0.415,39.67,0.25,,,,0.1675,0.065,23.7325,44.447500000000005,0.5800000000000001,215.5675,0.0,0.0,48.7725,750.0,
2023-12-14 15:00:00,15.1325,59.415,7.0125,10.745000000000001,17.7575,7.0225,18.729999999999997,0.3825,39.2325,0.225,,,,0.155,0.06,22.1,47.59,0.49,212.95,0.0,0.0,25.95,750.0,
2023-12-14 16:00:00,14.065,58.04,7.225,11.07,18.295,7.1325,18.43,0.3625,41.49,0.215,,,,0.15,0.06,18.965,61.425,0.285,162.46499999999997,0.0,0.0,8.0625,750.0,
2023-12-14 17:00:00,13.5475,57.97,8.3225,12.7575,21.08,7.115,18.395,0.365,42.68,0.215,,,,0.14500000000000002,0.06,14.95,78.35,0.12000000000000001,108.8575,0.0,0.0,0.54,750.0,
2023-12-14 18:00:00,26.635,76.86749999999999,9.6575,14.805,24.4625,7.155,18.0825,0.405,41.695,0.2425,,,,0.1675,0.0625,12.7075,89.22,0.1275,145.24,0.0,0.0,,750.0,
2023-12-14 19:00:00,48.4875,99.4075,10.945,16.775,27.72,7.0675,18.0675,0.5,40.565,0.305,,,,0.20750000000000002,0.08,11.587499999999999,94.3575,0.1675,190.07,0.0,0.0,,750.0,
2023-12-14 20:00:00,68.43,117.3825,12.325,18.887500000000003,31.2125,7.075,17.8975,0.64,39.714999999999996,0.39,,,,0.2675,0.10250000000000001,11.0025,96.595,0.2475,253.54000000000002,0.0,0.0,,750.0,
2023-12-14 21:00:00,77.78,128.5475,12.835,19.6725,32.5075,7.1775,17.5775,0.7725,39.7375,0.4625,,,,0.32,0.1225,10.535,98.6575,0.22749999999999998,231.5475,0.0,0.0,,750.0,
2023-12-14 22:00:00,84.0975,133.4425,13.5525,20.7725,34.33,7.135,17.9725,0.8975,39.135,0.54,,,,0.3675,0.14500000000000002,10.28,99.815,0.2475,238.72,0.0,0.0,,750.0,
2023-12-14 23:00:00,89.50750000000001,131.16,12.525,19.197499999999998,31.72,7.17,17.845,0.9475,39.455,0.5675,,,,0.3875,0.15,10.0975,100.0,0.245,249.975,0.0,0.0,,750.0,
2023-12-15 00:00:00,79.2075,118.09,11.782499999999999,18.060000000000002,29.8425,7.1125,17.9375,0.94,38.519999999999996,0.5625,,,,0.3825,0.15,9.825,100.0,0.2,270.885,0.0,0.0,,750.0,
2023-12-15 01:00:00,79.35000000000001,116.98750000000001,11.37,17.43,28.799999999999997,7.2524999999999995,18.12,0.905,38.9875,0.54,,,,0.3675,0.14500000000000002,9.497499999999999,100.0,0.225,269.2,0.0,0.0,,750.0,
2023-12-15 02:00:00,77.4025,116.88749999999999,10.9,16.71,27.612499999999997,7.1375,17.759999999999998,0.8474999999999999,39.0775,0.505,,,,0.34750000000000003,0.135,9.282499999999999,100.0,0.23,267.945,0.0,0.0,,750.0,
2023-12-15 03:00:00,78.2375,120.5575,10.7,16.4025,27.105,7.1075,17.9125,0.775,38.505,0.46499999999999997,,,,0.3175,0.125,9.245000000000001,100.0,0.245,265.52,0.0,0.0,,750.0,
2023-12-15 04:00:00,71.8475,113.69,9.9675,15.2775,25.247500000000002,7.1125,18.14,0.7075,37.777499999999996,0.425,,,,0.2875,0.1125,9.129999999999999,100.0,0.2575,260.47,0.0,0.0,,750.0,
2023-12-15 05:00:00,70.92500000000001,108.79499999999999,9.31,14.2675,23.575,7.0875,17.68,0.645,37.63,0.3875,,,,0.265,0.10250000000000001,9.0175,100.0,0.23,268.78,0.0,0.0,,750.0,
2023-12-15 06:00:00,66.4925,106.575,9.275,14.212499999999999,23.490000000000002,7.172499999999999,18.0275,0.6074999999999999,37.3025,0.3675,,,,0.25,0.0975,8.469999999999999,100.0,0.2425,277.7125,0.0,0.0,0.11,750.0,
2023-12-15 07:00:00,75.24,108.825,8.98,13.7625,22.74,7.16,17.82,0.585,35.805,0.35,,,,0.2325,0.09,8.765,100.0,0.23500000000000001,257.4125,0.0,0.0,7.7075000000000005,750.0,
2023-12-15 08:00:00,77.9025,112.4825,9.094999999999999,13.945,23.045,7.05,17.947499999999998,0.5925,36.365,0.3575,,,,0.2425,0.095,11.025,100.0,0.2,216.8525,0.0,0.0,21.2625,750.0,
2023-12-15 09:00:00,91.095,134.5075,10.23,15.682500000000001,25.9175,7.125,18.2875,0.6575,37.82,0.395,,,,0.2675,0.1075,13.555,100.0,0.1675,203.9375,0.0,0.0,39.675,750.0,
2023-12-15 10:00:00,69.46000000000001,133.9875,10.977500000000001,16.8275,27.802500000000002,7.2425,19.5825,0.69,37.915,0.415,,,,0.28500000000000003,0.11,19.5425,77.2375,0.2875,178.59,0.0,0.0,298.04499999999996,750.0,
2023-12-15 11:00:00,68.215,128.9625,10.782499999999999,16.5275,27.310000000000002,7.2625,21.5525,0.5650000000000001,34.105000000000004,0.33999999999999997,,,,0.2275,0.09,25.5825,41.31,0.5325,225.585,0.0,0.0,272.46500000000003,750.0,
2023-12-15 12:00:00,59.985,113.325,9.7925,15.004999999999999,24.7975,7.49,22.9175,0.42,31.3925,0.2525,,,,0.1675,0.07,26.645,38.4525,0.4675,223.8625,0.0,0.0,192.73499999999999,750.0,
2023-12-15 13:00:00,43.345,95.5475,8.395,12.864999999999998,21.259999999999998,7.2325,21.5125,0.375,31.5125,0.225,,,,0.155,0.06,26.64,37.845,0.55,224.43,0.0,0.0,126.46000000000001,750.0,
2023-12-15 14:00:00,32.2875,82.06,8.6275,13.2275,21.855,7.0675,19.43,0.36,31.4375,0.22,,,,0.15,0.06,24.337500000000002,42.2425,0.4375,203.8125,0.0,0.0,51.57,750.0,
2023-12-15 15:00:00,26.9725,73.72,8.2875,12.705,20.9925,7.135,19.315,0.3475,30.9375,0.20500000000000002,,,,0.14250000000000002,0.055,21.87,50.9425,0.235,168.73,0.0,0.0,23.35,750.0,
2023-12-15 16:00:00,22.595,68.915,7.867500000000001,12.067499999999999,19.94,7.1525,18.74,0.305,28.9375,0.1825,,,,0.125,0.05,18.3325,67.38,0.1425,121.0525,0.0,0.0,6.422499999999999,750.0,
2023-12-15 17:00:00,20.0,65.3675,8.5325,13.0775,21.6125,7.1125,18.355,0.305,36.337500000000006,0.1825,,,,0.1225,0.0475,14.2125,79.1725,0.1175,146.1725,0.0,0.0,0.12,750.0,
2023-12-15 18:00:00,31.2125,85.1875,10.355,15.872500000000002,26.23,7.2225,18.355,0.39749999999999996,39.3775,0.24000000000000002,,,,0.1625,0.065,12.0275,87.9175,0.2225,249.72750000000002,0.0,0.0,,750.0,
2023-12-15 19:00:00,53.635000000000005,114.1125,12.74,19.525,32.265,7.26,18.21,0.5725,39.34,0.35,,,,0.23750000000000002,0.095,11.2525,93.675,0.21,225.845,0.0,0.0,,750.0,
2023-12-15 20:00:00,97.255,151.0975,14.41,22.090000000000003,36.4975,7.18,17.9,0.785,39.7225,0.47250000000000003,,,,0.3225,0.125,10.9025,96.655,0.2525,264.7075,0.0,0.0,,750.0,
2023-12-15 21:00:00,98.2525,148.525,13.7625,21.0975,34.86,7.21,17.96,0.8875,40.0125,0.5325,,,,0.3625,0.14250000000000002,10.719999999999999,98.675,0.2025,183.535,0.0,0.0,,750.0,
2023-12-15 22:00:00,95.53,141.3775,13.075,20.04,33.115,7.25,18.12,0.9275,40.6275,0.5525,,,,0.3775,0.15,10.525,99.755,0.305,265.255,0.0,0.0,,750.0,
2023-12-15 23:00:00,90.02,129.3175,11.5075,17.64,29.155,7.0425,18.1875,0.9225000000000001,41.902499999999996,0.55,,,,0.375,0.15,10.175,100.0,0.27,262.47,0.0,0.0,,750.0,
2023-12-16 00:00:00,90.35000000000001,128.01250000000002,10.57,16.2025,26.7725,7.1875,18.0875,0.8825000000000001,41.595,0.525,,,,0.36,0.14,9.8675,100.0,0.1875,244.0525,0.0,0.0,,750.0,
2023-12-16 01:00:00,82.945,117.1625,9.57,14.67,24.2425,7.1575,17.92,0.8025,41.94,0.48,,,,0.325,0.1275,9.7375,100.0,0.17,215.2425,0.0,0.0,,750.0,
2023-12-16 02:00:00,79.16,113.8775,9.155000000000001,14.032499999999999,23.1875,7.1225000000000005,17.795,0.7175,42.575,0.4325,,,,0.2975,0.11499999999999999,9.559999999999999,100.0,0.20500000000000002,259.97,0.0,0.0,,750.0,
2023-12-16 03:00:00,80.9975,115.63,8.9575,13.735,22.69,7.1225000000000005,18.005000000000003,0.665,42.692499999999995,0.3975,,,,0.2725,0.10500000000000001,9.2575,100.0,0.225,255.51999999999998,0.0,0.0,,750.0,
2023-12-16 04:00:00,75.8725,108.9375,8.73,13.3775,22.105,7.175,17.997500000000002,0.6074999999999999,42.245000000000005,0.3675,,,,0.2475,0.0975,8.8575,100.0,0.225,249.055,0.0,0.0,,750.0,
2023-12-16 05:00:00,73.3475,108.615,8.39,12.8575,21.247500000000002,7.105,17.7625,0.57,42.1,0.34,,,,0.2275,0.09,8.675,100.0,0.225,299.1875,0.0,0.0,,750.0,
2023-12-16 06:00:00,71.1975,106.5325,8.365,12.8225,21.1875,7.1274999999999995,17.927500000000002,0.5575000000000001,40.8425,0.335,,,,0.225,0.09,8.3425,100.0,0.23750000000000002,264.4275,0.0,0.0,0.19,750.0,
2023-12-16 07:00:00,93.5,123.2225,8.3775,12.8375,21.2125,7.08,17.87,0.5675,41.2225,0.34,,,,0.23,0.09,8.6225,100.0,0.21,254.89499999999998,0.0,0.0,8.005,750.0,
2023-12-16 08:00:00,81.1775,111.9575,7.99,12.25,20.2425,7.125,17.77,0.5725,41.99,0.35,,,,0.23,0.09,10.7725,100.0,0.1875,191.5275,0.0,0.0,23.225,750.0,
2023-12-16 09:00:00,78.1925,118.5475,9.025,13.8325,22.8575,7.23,18.415,0.6125,39.185,0.3675,,,,0.2525,0.0975,13.8575,99.8875,0.33999999999999997,192.6325,0.0,0.0,43.8425,750.0,
2023-12-16 10:00:00,79.16,139.41,9.23,14.1525,23.38,7.13,20.415,0.5975,39.24,0.3575,,,,0.24,0.095,19.439999999999998,73.59,0.615,246.8325,0.0,0.0,278.9575,750.0,
2023-12-16 11:00:00,75.7475,129.6775,10.182500000000001,15.6125,25.7925,7.685,25.3075,0.5025,32.795,0.305,,,,0.2025,0.08,24.585,52.18,0.6,246.2375,0.0225,0.0225,261.15999999999997,750.0,
2023-12-16 12:00:00,73.4025,127.94749999999999,9.1325,13.9975,23.127499999999998,7.53,25.455,0.45499999999999996,33.8575,0.2775,,,,0.1825,0.07250000000000001,25.6425,44.6025,0.6425,256.81,0.0075,0.0075,188.68,750.0,
2023-12-16 13:00:00,62.442499999999995,109.69749999999999,8.4025,12.8825,21.2825,7.44,23.4225,0.375,33.3475,0.2225,,,,0.1525,0.06,26.3975,40.35,0.53,215.8375,0.0,0.0,120.1175,750.0,
2023-12-16 14:00:00,46.2825,91.0275,8.1325,12.465,20.595,7.2925,24.23,0.3725,35.6125,0.22,,,,0.1525,0.057499999999999996,24.105,43.3925,0.5875,258.165,0.0,0.0,53.025000000000006,749.725,
2023-12-16 15:00:00,43.53,87.50750000000001,7.7875,11.934999999999999,19.7225,7.3275,23.845,0.325,31.83,0.195,,,,0.13,0.05,21.9725,50.56,0.245,178.73,0.0,0.0,25.3275,749.405,
2023-12-16 16:00:00,35.552499999999995,81.4725,8.38,12.844999999999999,21.225,7.26,20.6075,0.3675,29.6725,0.2175,,,,0.15000000000000002,0.057499999999999996,18.6625,67.7875,0.18,155.26999999999998,0.0,0.0,7.8425,749.37,
2023-12-16 17:00:00,42.8975,88.0675,9.8925,15.16,25.057499999999997,7.3175,18.87,0.4225,38.0,0.2525,,,,0.17,0.0675,14.9075,80.9825,0.16,169.8825,0.0,0.0,0.05,749.455,
2023-12-16 18:00:00,54.0475,108.7775,10.7025,16.405,27.1025,7.245,18.6825,0.5,50.13,0.3,,,,0.2025,0.08,12.72,88.685,0.12,153.27,0.0,0.0,,749.8475,
2023-12-16 19:00:00,79.695,135.095,11.17,17.12,28.2925,7.2175,18.580000000000002,0.615,54.254999999999995,0.3725,,,,0.25,0.1,11.9175,92.97749999999999,0.1925,203.115,0.0,0.0,,750.0,
2023-12-16 20:00:00,93.03999999999999,145.5325,10.9875,16.8425,27.8325,7.255,18.22,0.7224999999999999,58.932500000000005,0.435,,,,0.295,0.11499999999999999,11.21,94.6125,0.21000000000000002,252.3425,0.0,0.0,,750.0,
2023-12-16 21:00:00,95.04249999999999,143.8975,11.0975,17.0125,28.11,7.28,18.572499999999998,0.8275,62.29,0.4975,,,,0.335,0.1325,10.627500000000001,97.11,0.2,248.2625,0.0,0.0,,750.0,
2023-12-16 22:00:00,99.7675,144.5825,10.6775,16.365000000000002,27.04,7.29,18.405,0.92,64.0625,0.5475000000000001,,,,0.375,0.1475,10.22,98.74000000000001,0.20500000000000002,228.72,0.0,0.0,,750.0,
2023-12-16 23:00:00,94.6375,133.72,9.717500000000001,14.8975,24.619999999999997,7.23,18.61,0.9075,67.435,0.5425,,,,0.37,0.14500000000000002,9.9,99.685,0.1825,223.71,0.0,0.0,,750.0,
2023-12-17 00:00:00,85.4725,123.4825,8.9775,13.76,22.7375,7.3125,18.17,0.87,68.44,0.5175000000000001,,,,0.355,0.14,9.48,100.0,0.2,273.3775,0.0,0.0,,750.0,
2023-12-17 01:00:00,82.86500000000001,120.26249999999999,8.79,13.4775,22.2675,7.1125,18.4675,0.84,71.0575,0.5025,,,,0.345,0.135,9.195,100.0,0.2175,266.6675,0.0,0.0,,750.0,
2023-12-17 02:00:00,80.3875,120.07,8.245000000000001,12.6375,20.884999999999998,7.2025,18.1275,0.795,71.14750000000001,0.475,,,,0.325,0.1275,8.68,100.0,0.2175,255.42249999999999,0.0,0.0,,750.0,
2023-12-17 03:00:00,77.225,112.15,7.94,12.17,20.11,7.2,18.0375,0.735,72.5925,0.4375,,,,0.3,0.1175,8.555,100.0,0.2725,269.205,0.0,0.0,,750.0,
2023-12-17 04:00:00,75.0475,108.93,7.5424999999999995,11.5625,19.107499999999998,7.095,17.9775,0.6775,72.3675,0.41,,,,0.28,0.11,8.555,100.0,0.2875,267.7775,0.0,0.0,,750.0,
2023-12-17 05:00:00,74.6525,108.8875,7.4725,11.46,18.935000000000002,7.095,18.134999999999998,0.6475,74.03,0.385,,,,0.265,0.1,8.3025,100.0,0.23500000000000001,279.565,0.0,0.0,,750.0,
2023-12-17 06:00:00,76.8675,112.735,6.9575,10.6675,17.625,7.005,18.2075,0.635,74.095,0.38,,,,0.26,0.1,7.6325,100.0,0.2375,254.2075,0.0,0.0,0.02,750.0,
2023-12-17 07:00:00,93.9225,127.57999999999998,6.3575,9.7475,16.11,7.13,18.0975,0.6375,72.235,0.3825,,,,0.2625,0.1,7.9825,100.0,0.27,249.2775,0.0,0.0,7.1625,750.0,
2023-12-17 08:00:00,87.1725,124.875,6.547499999999999,10.035,16.58,7.09,18.0025,0.6625000000000001,72.21000000000001,0.4,,,,0.2725,0.1075,10.2625,100.0,0.1925,206.4725,0.0,0.0,18.3975,750.0,
2023-12-17 09:00:00,94.3825,137.905,7.217499999999999,11.0625,18.28,7.05,18.55,0.7024999999999999,74.7775,0.425,,,,0.2875,0.11,12.705,100.0,0.175,131.975,0.0,0.0,36.04,750.0,
2023-12-17 10:00:00,92.8475,147.0,7.215,11.0575,18.2675,7.1025,19.177500000000002,0.69,74.4875,0.415,,,,0.2825,0.11,19.305,69.7225,0.22,140.3525,0.0,0.0,291.9275,750.0,
2023-12-17 11:00:00,61.97,118.8725,7.0424999999999995,10.7975,17.8425,7.1225000000000005,19.9675,0.67,73.1575,0.4,,,,0.2725,0.1075,25.330000000000002,41.385000000000005,0.475,213.59,0.0,0.0,266.9725,750.0,
2023-12-17 12:00:00,68.3125,119.1125,6.2575,9.594999999999999,15.8525,7.1025,21.3,0.605,74.2425,0.36,,,,0.2475,0.095,26.192500000000003,36.387499999999996,0.6174999999999999,237.125,0.0,0.0,196.4275,750.0,
2023-12-17 13:00:00,44.405,88.60249999999999,5.78,8.865,14.6425,7.0225,21.365000000000002,0.5525,74.7475,0.3325,,,,0.2225,0.09,26.355,34.1425,0.5925,213.035,0.0,0.0,127.2575,750.0,
2023-12-17 14:00:00,27.8125,73.835,5.6775,8.7025,14.375,7.1225,20.785,0.505,74.36,0.3025,,,,0.20500000000000002,0.0825,23.9175,38.0725,0.49,215.53,0.0,0.0,53.3975,750.0,
2023-12-17 15:00:00,25.4275,66.7525,5.5,8.4275,13.9275,7.0925,19.79,0.465,76.735,0.28250000000000003,,,,0.1875,0.07250000000000001,21.5625,45.99,0.245,184.0,0.0,0.0,25.0125,750.0,
2023-12-17 16:00:00,23.45,68.4725,5.58,8.5525,14.1325,7.075,18.93,0.435,81.325,0.2625,,,,0.175,0.07,18.16,61.769999999999996,0.13999999999999999,106.66749999999999,0.0,0.0,7.55,750.0,
2023-12-17 17:00:00,16.8025,62.6125,6.445,9.8825,16.3275,7.075,18.2025,0.4125,88.315,0.2525,,,,0.17,0.07,13.945,75.0225,0.1225,154.45999999999998,0.0,0.0,0.49,750.0,
2023-12-17 18:00:00,23.82,73.1825,7.2375,11.0975,18.3425,7.172499999999999,17.275,0.4475,83.5,0.27,,,,0.18,0.07250000000000001,11.307500000000001,84.6025,0.21,259.6875,0.0,0.0,,750.0,
2023-12-17 19:00:00,45.045,106.67,9.3475,14.3275,23.6725,7.202500000000001,18.0475,0.62,83.56,0.3775,,,,0.2575,0.1,10.254999999999999,90.2475,0.2275,227.11,0.0,0.0,,750.0,
2023-12-17 20:00:00,86.87,145.385,10.149999999999999,15.5575,25.7075,7.157500000000001,18.03,0.835,83.05,0.5,,,,0.3425,0.1325,9.870000000000001,94.325,0.20750000000000002,193.54,0.0,0.0,,750.0,
2023-12-17 21:00:00,81.225,127.0825,9.24,14.165,23.4075,7.2175,18.7225,0.915,85.30000000000001,0.5475000000000001,,,,0.375,0.1475,9.6925,96.36,0.175,219.9875,0.0,0.0,,750.0,
2023-12-17 22:00:00,76.5625,120.7625,8.48,12.997499999999999,21.4825,7.1875,18.4225,0.905,88.045,0.54,,,,0.3675,0.14250000000000002,9.5525,98.02499999999999,0.185,223.81,0.0,0.0,,750.0,
2023-12-17 23:00:00,71.0375,110.2325,7.609999999999999,11.6625,19.275,7.1425,17.830000000000002,0.855,88.1625,0.51,,,,0.34750000000000003,0.135,9.47,99.3375,0.16,195.38,0.0,0.0,,750.0,
2023-12-18 00:00:00,69.8375,110.1175,7.365,11.29,18.655,7.1425,18.627499999999998,0.7875,88.0625,0.47,,,,0.32,0.125,9.192499999999999,99.955,0.23750000000000002,232.3125,0.0,0.0,,750.0,
2023-12-18 01:00:00,70.06,107.765,6.925,10.6175,17.54,7.1325,17.84,0.7175,83.14750000000001,0.4275,,,,0.2925,0.11499999999999999,9.005,100.0,0.275,258.37,0.0,0.0,,750.0,
2023-12-18 02:00:00,68.5375,107.58,6.8325,10.475,17.31,7.1325,18.0775,0.6575,84.9225,0.395,,,,0.27,0.10500000000000001,8.8625,100.0,0.2825,262.39750000000004,0.0,0.0,,750.0,
2023-12-18 03:00:00,70.38,110.3375,6.3475,9.725,16.072499999999998,7.07,18.1325,0.6125,83.2875,0.37,,,,0.25,0.1,8.8225,100.0,0.29,258.35249999999996,0.0,0.0,,750.0,
2023-12-18 04:00:00,69.5525,107.44,6.2175,9.5275,15.745000000000001,7.0075,18.2225,0.5874999999999999,80.715,0.35,,,,0.2375,0.09,8.557500000000001,100.0,0.25,250.42000000000002,0.0,0.0,,750.0,
2023-12-18 05:00:00,76.52,111.0825,6.0725,9.309999999999999,15.379999999999999,7.0925,18.5825,0.5625,82.2375,0.345,,,,0.23,0.09,8.2525,100.0,0.2975,239.68,0.0,0.0,,750.0,
2023-12-18 06:00:00,75.72,111.89,5.925,9.085,15.005,7.0225,18.052500000000002,0.56,80.30250000000001,0.335,,,,0.2275,0.09,8.07,100.0,0.255,248.26,0.0,0.0,0.02,750.0,
2023-12-18 07:00:00,78.33250000000001,116.47,6.1775,9.47,15.6475,7.095,18.34,0.58,78.5325,0.3475,,,,0.235,0.09,8.425,100.0,0.3025,236.995,0.0,0.0,6.5675,750.0,
2023-12-18 08:00:00,82.2475,121.5175,7.75,11.885,19.634999999999998,7.0925,18.6975,0.675,68.945,0.405,,,,0.28,0.11,10.68,100.0,0.5175,256.59250000000003,0.0,0.0,19.4,750.0,
2023-12-18 09:00:00,106.4675,156.5075,8.3325,12.7725,21.1,7.155,19.2325,0.7424999999999999,66.45,0.445,,,,0.305,0.12,13.41,89.46000000000001,0.6675,274.595,0.0,0.0,35.4125,750.0,
2023-12-18 10:00:00,96.1175,152.53,8.1275,12.4575,20.585,7.1925,19.322499999999998,0.7424999999999999,70.5375,0.445,,,,0.305,0.12,19.73,66.1925,0.6375,249.47750000000002,0.0,0.0,275.42,750.0,
2023-12-18 11:00:00,83.985,131.4425,7.6,11.6475,19.252499999999998,7.155,19.0875,0.6275,58.195,0.375,,,,0.2525,0.1,24.08,50.47,0.765,268.7625,0.0,0.0,273.555,750.0,
2023-12-18 12:00:00,53.0025,99.4675,6.202500000000001,9.5075,15.71,7.175000000000001,21.94,0.3625,49.425,0.215,,,,0.14250000000000002,0.055,25.505000000000003,40.825,0.8574999999999999,261.2525,0.0,0.0,201.615,750.0,
2023-12-18 13:00:00,27.84,73.08,6.265000000000001,9.6025,15.865,7.1825,26.12,0.28250000000000003,45.307500000000005,0.17,,,,0.115,0.0425,26.165,37.3075,0.9,242.4075,0.0,0.0,124.95500000000001,750.0,
2023-12-18 14:00:00,16.1875,61.5275,5.6025,8.59,14.19,6.9625,22.5225,0.2625,53.055,0.1625,,,,0.11,0.04,23.9975,39.67,0.645,242.2225,0.0,0.0,49.730000000000004,750.0,
2023-12-18 15:00:00,15.0475,57.0475,5.4399999999999995,8.34,13.782499999999999,7.0175,20.9875,0.2575,56.1325,0.16,,,,0.11,0.04,22.4775,43.61,0.5675,247.8125,0.0,0.0,24.1,750.0,
2023-12-18 16:00:00,16.130000000000003,58.45,5.6625,8.68,14.34,6.995,19.8625,0.22,46.6175,0.135,,,,0.0925,0.04,19.3575,58.9475,0.20500000000000002,181.7525,0.0,0.0,9.0775,750.0,
2023-12-18 17:00:00,8.745000000000001,55.302499999999995,6.83,10.467500000000001,17.2975,7.1475,19.2675,0.2625,58.0125,0.16,,,,0.1075,0.04,15.2125,76.80250000000001,0.1775,174.48250000000002,0.0,0.0,0.6,750.0,
2023-12-18 18:00:00,17.805,66.4425,7.2924999999999995,11.182500000000001,18.475,7.045,18.667499999999997,0.3225,75.62,0.1925,,,,0.13,0.052500000000000005,12.74,85.63250000000001,0.155,168.17,0.0,0.0,,750.0,
2023-12-18 19:00:00,37.620000000000005,90.19999999999999,7.7175,11.8325,19.55,7.15,18.535,0.4325,79.75,0.265,,,,0.1775,0.07,11.8525,91.46000000000001,0.1775,174.1625,0.0,0.0,,750.0,
2023-12-18 20:00:00,52.177499999999995,99.6775,8.0425,12.33,20.375,7.035,18.4875,0.56,82.64500000000001,0.3375,,,,0.225,0.09,11.185,94.47,0.225,199.0875,0.0,0.0,,750.0,
2023-12-18 21:00:00,56.46,105.4225,7.9175,12.1325,20.05,7.29,18.375,0.6475,86.7625,0.3925,,,,0.27,0.10500000000000001,10.5275,96.7125,0.20750000000000002,193.8275,0.0,0.0,,750.0,
2023-12-18 22:00:00,60.4675,102.03999999999999,7.575,11.6125,19.19,7.15,18.7125,0.69,85.99,0.41,,,,0.28,0.11,10.2325,98.36,0.23500000000000001,212.3675,0.0,0.0,,750.0,
2023-12-18 23:00:00,53.1375,94.2925,7.0249999999999995,10.7675,17.7975,7.065,18.205,0.6725,86.0025,0.40249999999999997,,,,0.275,0.11,10.1225,99.2325,0.21000000000000002,207.29250000000002,0.0,0.0,,750.0,
2023-12-19 00:00:00,51.4225,89.94,6.7775,10.395,17.177500000000002,7.115,18.625,0.6375,82.7675,0.3825,,,,0.2625,0.1,10.01,99.975,0.23500000000000001,196.60500000000002,0.0,0.0,,750.0,
2023-12-19 01:00:00,48.775,87.71000000000001,6.5525,10.0425,16.595,7.205,18.93,0.605,82.0475,0.3625,,,,0.2475,0.095,9.635,100.0,0.2425,228.065,0.0,0.0,,750.0,
2023-12-19 02:00:00,49.625,83.1675,6.4375,9.8675,16.3,7.13,18.3,0.565,81.0575,0.33999999999999997,,,,0.225,0.09,9.4975,100.0,0.1675,189.145,0.0,0.0,,750.0,
2023-12-19 03:00:00,48.870000000000005,87.325,5.9575000000000005,9.1325,15.09,7.1,18.535,0.53,80.7225,0.3175,,,,0.215,0.08499999999999999,9.59,100.0,0.195,166.78,0.0,0.0,,750.0,
2023-12-19 04:00:00,53.5075,97.32749999999999,6.1625,9.4475,15.61,7.2575,18.715,0.5125,79.69,0.31,,,,0.2075,0.08,9.795,100.0,0.23750000000000002,205.28,0.0,0.0,,750.0,
2023-12-19 05:00:00,56.2825,100.36250000000001,6.14,9.4125,15.55,7.112500000000001,18.37,0.5,80.3925,0.3,,,,0.2,0.08,9.915,100.0,0.29500000000000004,240.04500000000002,0.0,0.0,,750.0,
2023-12-19 06:00:00,57.3825,104.375,6.1899999999999995,9.495000000000001,15.682500000000001,7.0725,18.6125,0.5075000000000001,83.32499999999999,0.3075,,,,0.2075,0.08,9.5875,100.0,0.21,198.64,0.0,0.0,,750.0,
2023-12-19 07:00:00,67.6025,110.5375,6.1875,9.485,15.6725,7.135,18.485,0.535,77.1625,0.32,,,,0.215,0.08499999999999999,9.855,100.0,0.33499999999999996,253.195,0.0,0.0,8.7,750.0,
2023-12-19 08:00:00,78.27000000000001,119.9325,7.2875,11.1725,18.4625,7.105,18.91,0.5925,69.6675,0.36,,,,0.245,0.095,11.415000000000001,97.56,0.4875,264.86,0.0,0.0,26.185000000000002,750.0,
2023-12-19 09:00:00,83.21,135.7375,7.805,11.9625,19.7675,7.1475,19.127499999999998,0.6425000000000001,72.23,0.39,,,,0.265,0.10500000000000001,14.5775,83.2825,0.51,256.805,0.0,0.0,55.635000000000005,750.0,
2023-12-19 10:00:00,95.155,145.0625,7.3725,11.2975,18.665,7.2225,19.12,0.6675,76.025,0.40249999999999997,,,,0.275,0.1075,19.965,65.19,0.4975,205.5225,0.0,0.0,247.98250000000002,750.0,
2023-12-19 11:00:00,85.8325,140.6375,6.8525,10.5025,17.36,7.135,20.5175,0.64,78.97,0.3875,,,,0.265,0.1,24.01,51.1575,0.615,224.9075,0.0,0.0,269.275,750.0,
2023-12-19 12:00:00,56.724999999999994,111.855,5.945,9.1125,15.055,7.15,20.682499999999997,0.59,82.3075,0.3525,,,,0.24,0.0925,24.927500000000002,45.81,0.7575000000000001,231.1875,0.0,0.0,204.76250000000002,750.0,
2023-12-19 13:00:00,37.945,82.965,5.3575,8.217500000000001,13.5775,7.1225,20.44,0.5275000000000001,81.7,0.3175,,,,0.215,0.0825,25.1125,43.004999999999995,0.6275,245.98250000000002,0.0,0.0,113.8775,750.0,
2023-12-19 14:00:00,28.5925,75.8025,5.095,7.8125,12.91,7.015000000000001,19.91,0.49,82.11500000000001,0.2925,,,,0.1975,0.08,23.3575,47.8625,0.525,238.7775,0.0,0.0,61.2325,750.0,
2023-12-19 15:00:00,33.525,73.3575,4.9825,7.635,12.620000000000001,6.92,19.4975,0.46749999999999997,90.425,0.28250000000000003,,,,0.19,0.07500000000000001,21.1675,57.435,0.3325,204.29,0.0,0.0,27.7,750.0,
2023-12-19 16:00:00,32.34,71.7225,4.9225,7.55,12.475,7.0825,19.314999999999998,0.45,104.5775,0.27,,,,0.18,0.07,17.9125,70.2525,0.1375,137.7025,0.0,0.0,11.622499999999999,750.0,
2023-12-19 17:00:00,23.8525,63.1875,5.575,8.55,14.1225,7.165,19.5475,0.44,105.19,0.2625,,,,0.1775,0.07,14.035,82.915,0.185,179.1525,0.0,0.0,,750.0,
2023-12-19 18:00:00,39.769999999999996,92.31,6.525,10.0,16.52,7.1,19.175,0.505,100.3925,0.3075,,,,0.20750000000000002,0.08,12.3,92.2125,0.1925,197.2,0.0,0.0,,750.0,
2023-12-19 19:00:00,71.1875,122.1325,7.5075,11.51,19.0225,7.1475,18.975,0.6325000000000001,97.4,0.3825,,,,0.26,0.1,11.7,95.9675,0.23,246.38500000000002,0.0,0.0,,750.0,
2023-12-19 20:00:00,81.28750000000001,134.0,7.52,11.5225,19.0425,7.1175,18.580000000000002,0.7675000000000001,100.2775,0.4625,,,,0.315,0.125,11.2075,97.5425,0.165,218.9425,0.0,0.0,,750.0,
2023-12-19 21:00:00,95.0325,143.125,7.2524999999999995,11.115,18.365,7.13,18.564999999999998,0.8875,103.14,0.5325,,,,0.3625,0.14,10.4875,98.6975,0.20249999999999999,238.435,0.0,0.0,,750.0,
2023-12-19 22:00:00,105.13499999999999,145.405,7.4675,11.445,18.9125,7.1325,18.765,1.0350000000000001,100.1625,0.6225,,,,0.4225,0.165,10.295,99.7675,0.2475,240.51999999999998,0.0,0.0,,750.0,
2023-12-19 23:00:00,106.2325,142.46499999999997,6.91,10.592500000000001,17.5025,7.1575,19.0025,1.065,106.35,0.645,,,,0.4375,0.17,10.3875,100.0,0.2625,251.42000000000002,0.0,0.0,,750.0,
2023-12-20 00:00:00,90.61,124.7175,6.615,10.14,16.752499999999998,7.1,18.7575,1.02,,0.61,,,,0.415,0.1625,10.06,100.0,0.1825,226.99,0.0,0.0,,750.0,
2023-12-20 01:00:00,79.5875,115.245,6.609999999999999,10.129999999999999,16.740000000000002,7.165,18.63,0.9299999999999999,,0.5525,,,,0.3775,0.1475,9.7975,100.0,0.20750000000000002,279.11,0.0,0.0,,750.0,
2023-12-20 02:00:00,75.7475,113.0875,6.4275,9.8525,16.2775,7.0425,18.4975,0.85,,0.5075000000000001,,,,0.345,0.1325,9.495000000000001,100.0,0.225,255.4175,0.0,0.0,,750.0,
2023-12-20 03:00:00,75.89,110.0075,5.8175,8.92,14.7375,7.0649999999999995,18.5425,0.7625,,0.455,,,,0.31,0.1225,9.0775,100.0,0.23249999999999998,245.41,0.0,0.0,,750.0,
2023-12-20 04:00:00,70.1725,105.6475,5.71,8.754999999999999,14.46,7.035,18.525,0.705,,0.4225,,,,0.29,0.1125,8.82,100.0,0.2225,225.3725,0.0,0.0,,750.0,
2023-12-20 05:00:00,71.02000000000001,103.89,5.295,8.12,13.42,7.085,18.8525,0.6575,,0.395,,,,0.27,0.10500000000000001,8.5875,100.0,0.1575,215.14,0.0,0.0,,750.0,
2023-12-20 06:00:00,70.53,101.0775,5.23,8.02,13.2525,7.085,18.555,0.6225,,0.375,,,,0.255,0.1,8.282499999999999,100.0,0.19,265.48,0.0,0.0,0.04,750.0,
2023-12-20 07:00:00,71.735,104.5475,4.9350000000000005,7.5625,12.5,6.9825,18.875,0.6025,,0.36,,,,0.2425,0.1,8.969999999999999,100.0,0.165,250.08500000000004,0.0,0.0,17.17,750.0,
2023-12-20 08:00:00,68.06750000000001,102.3325,5.0975,7.8149999999999995,12.9125,7.095,18.5075,0.6,,0.36,,,,0.245,0.095,11.99,100.0,0.195,237.9175,0.0,0.0,40.6075,750.0,
2023-12-20 09:00:00,74.5075,120.8325,6.0125,9.2125,15.225,7.1775,19.1125,0.65,77.055,0.39749999999999996,,,,0.27,0.10500000000000001,13.445,99.1925,0.30500000000000005,175.64,0.0,0.0,52.89,750.0,
2023-12-20 10:00:00,85.4625,144.64000000000001,6.01,9.215,15.225,7.1274999999999995,19.1175,0.6825,90.8875,0.41,,,,0.28,0.11,18.625,76.7025,0.28,166.845,0.0,0.0,207.3325,750.0,
2023-12-20 11:00:00,84.8475,133.3325,7.4075,11.355,18.762500000000003,7.2375,20.045,0.635,50.85,0.38,,,,0.26,0.1,23.21,58.565,0.4375,205.4675,0.0,0.0,188.91750000000002,750.0,
2023-12-20 12:00:00,77.28,121.9675,6.615,10.14,16.755,7.25,20.3475,0.5175000000000001,55.0325,0.315,,,,0.21,0.08,24.65,50.0,0.44999999999999996,195.5925,0.0,0.0,144.3175,750.0,
2023-12-20 13:00:00,59.7675,108.3475,6.44,9.875,16.3125,7.2075,19.48,0.495,76.775,0.295,,,,0.2,0.08,24.5,47.66,0.4025,206.91500000000002,0.0,0.0,107.615,750.0,
2023-12-20 14:00:00,42.1,91.38,6.0375,9.2575,15.295,7.2175,19.3875,0.4775,83.255,0.2875,,,,0.195,0.0775,24.0775,47.37,0.31,185.34,0.0,0.0,63.975,750.0,
2023-12-20 15:00:00,44.335,86.78,6.1825,9.48,15.66,7.2175,19.09,0.4,60.68,0.235,,,,0.16,0.0625,21.564999999999998,55.0125,0.24500000000000002,165.2025,0.0,0.0,29.314999999999998,750.0,
2023-12-20 16:00:00,23.3325,63.129999999999995,5.78,8.865,14.6425,7.0625,19.1275,0.365,58.8725,0.215,,,,0.14500000000000002,0.06,17.775,70.42,0.0925,101.7925,0.0,0.0,7.56,750.0,
2023-12-20 17:00:00,16.0325,55.4525,6.0675,9.3025,15.3675,7.1575,18.6625,0.3325,61.309999999999995,0.2025,,,,0.1325,0.052500000000000005,14.0275,85.28,0.1225,171.25,0.0,0.0,0.55,750.0,
2023-12-20 18:00:00,29.26,73.2825,6.842499999999999,10.4925,17.3325,7.0600000000000005,18.307499999999997,0.43,80.18,0.2575,,,,0.175,0.0675,12.1625,92.95,0.2175,232.2575,0.0,0.0,,750.0,
2023-12-20 19:00:00,72.555,128.9825,7.824999999999999,11.995000000000001,19.8175,7.2775,18.41,0.6725,86.6325,0.41000000000000003,,,,0.2825,0.1075,11.5625,96.91,0.2025,233.76,0.0,0.0,,750.0,
2023-12-20 20:00:00,121.13,175.4375,8.3225,12.754999999999999,21.0775,7.1850000000000005,18.7475,0.9725,89.07249999999999,0.585,,,,0.39749999999999996,0.1575,11.1725,98.93,0.1975,208.975,0.0,0.0,,750.0,
2023-12-20 21:00:00,124.25,167.2025,7.555,11.5875,19.1425,7.1625000000000005,18.4775,1.08,88.91,0.65,,,,0.44,0.17250000000000001,10.8975,99.7875,0.235,220.8175,0.0,0.0,,750.0,
2023-12-20 22:00:00,108.8725,151.055,6.7625,10.3625,17.1275,7.1475,18.335,1.0925,92.845,0.655,,,,0.445,0.175,10.559999999999999,100.0,0.245,243.04,0.0,0.0,,750.0,
2023-12-20 23:00:00,101.19250000000001,142.73000000000002,6.6899999999999995,10.254999999999999,16.947499999999998,7.15,18.635,1.0475,91.1225,0.625,,,,0.4275,0.1675,10.1425,100.0,0.2075,208.0575,0.0,0.0,,750.0,
2023-12-21 00:00:00,103.8425,143.2475,6.29,9.6375,15.925,7.2075,18.6775,0.99,87.8325,0.5874999999999999,,,,0.4,0.1575,9.975,100.0,0.2275,232.2575,0.0,0.0,,750.0,
2023-12-21 01:00:00,104.645,141.9475,5.985,9.175,15.1625,7.0875,18.2925,0.9275,86.4525,0.555,,,,0.3775,0.1475,9.86,100.0,0.21750000000000003,234.565,0.0,0.0,,750.0,
2023-12-21 02:00:00,105.6725,141.4875,5.5475,8.51,14.06,7.105,18.5225,0.8725,86.53,0.5225,,,,0.355,0.14,9.780000000000001,100.0,0.2225,208.2375,0.0,0.0,,750.0,
2023-12-21 03:00:00,108.42,143.9675,5.7325,8.7875,14.522499999999999,7.1,18.415,0.8425,86.6075,0.5025,,,,0.3425,0.1325,9.4875,100.0,0.2125,232.82999999999998,0.0,0.0,,750.0,
2023-12-21 04:00:00,112.6,146.965,5.545,8.504999999999999,14.0475,7.0325,18.535,0.81,81.105,0.4875,,,,0.33,0.13,9.4875,100.0,0.24,214.745,0.0,0.0,,750.0,
2023-12-21 05:00:00,110.205,142.175,5.4025,8.282499999999999,13.6875,7.035,18.4525,0.795,82.8975,0.475,,,,0.3275,0.13,9.2675,100.0,0.2525,230.60750000000002,0.0,0.0,,750.0,
2023-12-21 06:00:00,119.5025,155.17,5.3425,8.195,13.54,7.145,18.619999999999997,0.7925,83.33,0.475,,,,0.3225,0.13,8.9325,100.0,0.22749999999999998,235.6575,0.0,0.0,0.59,750.0,
2023-12-21 07:00:00,118.78999999999999,151.8625,5.2925,8.1125,13.407499999999999,7.115,18.365000000000002,0.79,81.68,0.475,,,,0.325,0.13,9.370000000000001,100.0,0.2,215.2,0.0,0.0,11.805,750.0,
2023-12-21 08:00:00,115.5675,152.6525,5.2875,8.105,13.3925,7.140000000000001,18.5075,0.81,81.20750000000001,0.485,,,,0.3325,0.13,11.1375,100.0,0.14500000000000002,140.48,0.0,0.0,29.1175,750.0,
2023-12-21 09:00:00,120.27250000000001,164.3275,5.970000000000001,9.145,15.1175,7.1425,18.92,0.8625,81.83,0.515,,,,0.3525,0.1375,13.485,100.0,0.2275,184.76999999999998,0.0,0.0,54.7375,750.0,
2023-12-21 10:00:00,117.7975,185.5475,6.2924999999999995,9.6475,15.94,7.215,19.605,0.8875,85.56,0.5325,,,,0.36,0.14,17.185,87.4,0.2625,134.915,0.0,0.0,205.2725,750.0,
2023-12-21 11:00:00,109.215,177.4075,6.137499999999999,9.41,15.55,7.262499999999999,19.835,0.8625,81.8,0.51,,,,0.3525,0.14,21.73,60.1275,0.33499999999999996,179.17000000000002,0.0,0.0,150.22,750.0,
2023-12-21 12:00:00,106.99000000000001,164.245,5.96,9.14,15.1025,7.13,19.9025,0.845,80.02250000000001,0.5075000000000001,,,,0.3475,0.1375,22.855,54.45,0.5375,237.715,0.0,0.0,147.9375,750.0,
2023-12-21 13:00:00,108.08749999999999,165.5925,6.1775,9.4725,15.647499999999999,7.1325,20.560000000000002,0.825,86.6075,0.4925,,,,0.3375,0.13,23.985,50.16,0.36250000000000004,206.825,0.0,0.0,100.175,750.0,
2023-12-21 14:00:00,93.7625,150.4025,5.6274999999999995,8.6275,14.254999999999999,7.07,19.6875,0.8,92.8375,0.4825,,,,0.33,0.13,22.8225,54.1175,0.2575,203.1225,0.0,0.0,56.714999999999996,749.865,
2023-12-21 15:00:00,84.52250000000001,134.3075,5.5125,8.45,13.9625,7.0825,19.377499999999998,0.775,96.1525,0.4625,,,,0.3175,0.125,20.677500000000002,62.0925,0.18,173.1875,0.0,0.0,30.16,749.795,
2023-12-21 16:00:00,81.5,129.9375,5.5024999999999995,8.4375,13.94,7.0675,19.5675,0.74,104.2575,0.4425,,,,0.305,0.12,17.8375,76.325,0.065,91.705,0.0,0.0,12.897499999999999,749.6525,
2023-12-21 17:00:00,76.685,121.315,5.535,8.4875,14.0225,7.1475,19.2225,0.71,101.09,0.43,,,,0.2925,0.1125,14.3775,86.6125,0.13,158.625,0.0,0.0,0.56,749.8824999999999,
2023-12-21 18:00:00,86.5775,136.2975,6.3525,9.74,16.0975,7.109999999999999,19.0075,0.76,96.7875,0.4575,,,,0.3125,0.1225,12.605,94.19749999999999,0.14250000000000002,190.985,0.0,0.0,,750.0,
2023-12-21 19:00:00,126.3125,182.2375,6.8675,10.525,17.395,7.2,18.9925,0.9,96.1275,0.5375,,,,0.3675,0.14500000000000002,11.8425,97.175,0.14500000000000002,222.04500000000002,0.0,0.0,,750.0,
2023-12-21 20:00:00,145.95749999999998,206.10750000000002,7.715,11.825,19.54,7.21,18.915,1.1475,95.685,0.6950000000000001,,,,0.47,0.185,11.29,98.695,0.1575,214.39249999999998,0.0,0.0,,750.0,
2023-12-21 21:00:00,184.44,233.52249999999998,8.342500000000001,12.7875,21.127499999999998,7.2475000000000005,18.9875,1.49,95.655,0.9,,,,0.6125,0.24,10.7425,99.715,0.21500000000000002,240.5175,0.0,0.0,,750.0,
2023-12-21 22:00:00,208.0675,253.85,9.015,13.82,22.84,7.29,19.1775,1.79,95.395,1.0775000000000001,,,,0.7324999999999999,0.28500000000000003,10.5125,100.0,0.19,233.485,0.0,0.0,,750.0,
2023-12-21 23:00:00,208.205,246.7825,8.1025,12.42,20.5225,7.235,19.235,1.935,97.42500000000001,1.165,,,,0.7925,0.31,10.285,100.0,0.135,185.015,0.0,0.0,,750.0,
2023-12-22 00:00:00,195.5,236.5275,7.69,11.7875,19.4825,7.22,19.28,1.9925,97.4125,1.1925,,,,0.815,0.32,10.115,100.0,0.16999999999999998,243.91000000000003,0.0,0.0,,750.0,
2023-12-22 01:00:00,189.245,232.8175,7.0525,10.815000000000001,17.8675,7.2375,18.955,1.9575,95.05,1.1724999999999999,,,,0.795,0.3125,10.225,100.0,0.1875,244.76749999999998,0.0,0.0,,750.0,
2023-12-22 02:00:00,170.5825,221.875,6.54,10.0175,16.5575,7.140000000000001,19.11,1.8,97.99000000000001,1.0750000000000002,,,,0.7324999999999999,0.28500000000000003,10.2775,100.0,0.165,232.185,0.0,0.0,,750.0,
2023-12-22 03:00:00,156.79500000000002,201.03,5.8825,9.015,14.895,7.1625,18.945,1.6025,93.8625,0.9625,,,,0.65,0.255,10.0725,100.0,0.1225,217.085,0.0,0.0,,750.0,
2023-12-22 04:00:00,142.26,186.0525,5.67,8.6925,14.3625,7.202500000000001,18.927500000000002,1.4024999999999999,93.8325,0.8375,,,,0.5700000000000001,0.2225,9.825000000000001,100.0,0.1725,279.755,0.0,0.0,,750.0,
2023-12-22 05:00:00,124.605,183.1825,5.3325000000000005,8.1725,13.5025,7.105,18.9525,1.2075,90.705,0.7224999999999999,,,,0.4925,0.1925,9.83,100.0,0.165,270.015,0.0,0.0,,750.0,
2023-12-22 06:00:00,122.38,178.09,5.2175,7.9925,13.215,7.1125,18.7,1.0625,86.14,0.6375,,,,0.4325,0.17,9.3925,100.0,0.1875,257.1575,0.0,0.0,0.25,750.0,
2023-12-22 07:00:00,124.9225,172.955,5.1675,7.925000000000001,13.092500000000001,7.1975,18.795,0.9775,85.05,0.585,,,,0.3975,0.155,9.7675,100.0,0.11,190.01999999999998,0.0,0.0,10.375,750.0,
2023-12-22 08:00:00,124.91499999999999,157.8825,5.17,7.92,13.09,7.195,18.7275,0.9275,86.24000000000001,0.555,,,,0.3775,0.15,11.1675,100.0,0.16749999999999998,236.8175,0.0,0.0,28.4325,750.0,
2023-12-22 09:00:00,115.9425,154.7075,5.0575,7.755000000000001,12.8125,7.06,19.175,0.9175,84.6325,0.55,,,,0.375,0.1475,13.83,100.0,0.1225,132.465,0.0,0.0,58.9775,750.0,
2023-12-22 10:00:00,128.55,175.6475,6.0225,9.235,15.26,7.1425,19.14,0.9299999999999999,82.0375,0.5575,,,,0.3775,0.1475,16.8875,95.4625,0.175,138.805,0.0,0.0,201.1825,750.0,
2023-12-22 11:00:00,96.4075,149.9425,6.585,10.094999999999999,16.68,7.3325,19.595,0.7925,51.5425,0.47,,,,0.3225,0.125,22.432499999999997,64.2525,0.255,155.985,0.0,0.0,184.17000000000002,750.0,
2023-12-22 12:00:00,90.80250000000001,130.0675,6.547499999999999,10.045,16.5925,7.465,20.045,0.6599999999999999,37.9925,0.395,,,,0.27,0.10250000000000001,24.4225,54.64,0.44,181.5775,0.0,0.0,137.98250000000002,750.0,
2023-12-22 13:00:00,81.6225,125.425,6.12,9.379999999999999,15.502500000000001,7.4625,20.5425,0.5675,35.0175,0.3425,,,,0.23,0.0925,24.4525,53.855000000000004,0.27749999999999997,204.855,0.0,0.0,92.1125,750.0,
2023-12-22 14:00:00,54.0225,91.96249999999999,6.65,10.1975,16.85,7.3475,20.6,0.6375,50.1025,0.3825,,,,0.2625,0.1,23.0375,57.9275,0.22,178.5925,0.0,0.0,55.1475,750.0,
2023-12-22 15:00:00,49.7825,83.3425,6.7925,10.42,17.2125,7.2725,20.47,0.6275,64.42750000000001,0.3775,,,,0.255,0.1,21.765,63.2425,0.16999999999999998,154.9275,0.0,0.0,36.08,749.995,
2023-12-22 16:00:00,52.995,88.4375,6.5175,9.99,16.5075,7.31,19.6625,0.59,42.072500000000005,0.355,,,,0.24,0.0925,19.0175,77.6125,0.1125,116.4125,0.0,0.0,10.030000000000001,749.975,
2023-12-22 17:00:00,59.2425,88.545,7.5,11.4975,18.997500000000002,7.395,19.067500000000003,0.69,59.575,0.4125,,,,0.28250000000000003,0.11,15.897499999999999,86.50999999999999,0.0625,96.4025,0.0,0.0,0.29,749.9975,
2023-12-22 18:00:00,65.98750000000001,99.55250000000001,6.8475,10.4975,17.345,7.1875,19.0475,0.7424999999999999,85.85,0.4525,,,,0.31,0.12,14.365,93.14500000000001,0.1825,218.08999999999997,0.0,0.0,,750.0,
2023-12-22 19:00:00,93.9725,128.7775,7.5325,11.545,19.08,7.24,18.9625,0.9550000000000001,87.7875,0.5800000000000001,,,,0.395,0.1575,13.682500000000001,96.8625,0.1625,174.9425,0.0,0.0,,750.0,
2023-12-22 20:00:00,121.75,162.605,8.165,12.5125,20.68,7.255,19.240000000000002,1.2725,92.5775,0.765,,,,0.52,0.20500000000000002,12.985,98.38,0.14500000000000002,211.7825,0.0,0.0,,750.0,
2023-12-22 21:00:00,124.39,162.18,8.0875,12.395,20.485,7.265,19.35,1.5175,93.56,0.9175,,,,0.62,0.245,12.5625,99.6825,0.155,181.3275,0.0,0.0,,750.0,
2023-12-22 22:00:00,118.26,154.08499999999998,9.295,14.245000000000001,23.54,7.3575,19.9175,1.8275,98.74,1.1025,,,,0.7525,0.29500000000000004,12.52,100.0,0.19,257.205,0.0,0.0,,750.0,
2023-12-22 23:00:00,152.29,196.305,11.4,17.475,28.8725,7.33,19.53,2.3325,95.10249999999999,1.4075,,,,0.96,0.375,12.309999999999999,100.0,0.20750000000000002,228.68,0.0,0.0,,750.0,
2023-12-23 00:00:00,178.515,219.76749999999998,10.530000000000001,16.14,26.6675,7.375,19.2025,2.6,99.8875,1.56,,,,1.0625,0.4175,11.775,100.0,0.14,171.425,0.0,0.0,,750.0,
2023-12-23 01:00:00,130.0775,167.055,7.725,11.84,19.564999999999998,7.2625,18.932499999999997,2.415,95.93,1.4449999999999998,,,,0.985,0.385,11.1275,100.0,0.225,186.84500000000003,0.0,0.0,,750.0,
2023-12-23 02:00:00,106.92,135.2825,6.8925,10.565000000000001,17.455,7.245,19.4525,2.2325,102.74,1.3375,,,,0.91,0.355,10.5725,100.0,0.13,166.55,0.0,0.0,,750.0,
2023-12-23 03:00:00,106.83500000000001,136.985,6.199999999999999,9.5075,15.7075,7.2025,19.285,2.025,96.1825,1.21,,,,0.825,0.3225,10.07,100.0,0.1775,265.1775,0.0,0.0,,750.0,
2023-12-23 04:00:00,103.66749999999999,136.8725,6.025,9.2375,15.26,7.2575,19.67,1.825,96.885,1.0925,,,,0.7424999999999999,0.2925,9.8775,100.0,0.1275,206.6825,0.0,0.0,,750.0,
2023-12-23 05:00:00,93.84,125.28750000000001,5.6675,8.6875,14.352500000000001,7.215,19.6525,1.6125,92.4625,0.9675,,,,0.6575,0.255,9.43,100.0,0.1775,238.3,0.0,0.0,,750.0,
2023-12-23 06:00:00,84.72500000000001,110.6575,5.4025,8.282499999999999,13.6875,7.0575,19.2825,1.4125,90.4675,0.8425,,,,0.5775,0.225,9.18,100.0,0.19,236.005,0.0,0.0,,750.0,
2023-12-23 07:00:00,78.35499999999999,99.6075,5.025,7.702500000000001,12.73,7.0075,19.1825,1.23,83.7375,0.7375,,,,0.5,0.1975,9.5775,100.0,0.155,177.12,0.0,0.0,6.9625,750.0,
2023-12-23 08:00:00,72.44999999999999,95.3475,4.86,7.4475,12.305,7.005,19.16,1.115,83.34,0.67,,,,0.455,0.175,11.56,100.0,0.19,187.47250000000003,0.0,0.0,23.2225,750.0,
2023-12-23 09:00:00,69.16499999999999,93.445,5.8475,8.9675,14.815,7.13,19.490000000000002,1.135,77.37,0.6849999999999999,,,,0.46499999999999997,0.1825,14.765,100.0,0.14750000000000002,109.795,0.0,0.0,43.3825,750.0,
2023-12-23 10:00:00,146.655,173.5475,6.195,9.5,15.697500000000002,7.1025,19.509999999999998,1.16,79.75750000000001,0.6975,,,,0.47,0.1875,19.072499999999998,91.345,0.315,207.285,0.0,0.0,219.7075,750.0,
2023-12-23 11:00:00,72.8025,118.7675,5.67,8.695,14.3675,7.1925,19.8575,1.0625,80.9975,0.63,,,,0.425,0.17,24.6125,55.845,0.365,152.555,0.0,0.0,208.79749999999999,750.0,
2023-12-23 12:00:00,64.8675,100.5975,4.945,7.5825,12.5375,7.092499999999999,20.7075,0.9575,82.13,0.5675,,,,0.3875,0.1525,26.2175,48.5075,0.3925,199.535,0.0,0.0,163.975,750.0,
2023-12-23 13:00:00,58.45,91.4625,4.9225,7.55,12.475,7.0575,20.0,0.88,86.8,0.5275000000000001,,,,0.3625,0.14,26.5275,45.725,0.375,211.5625,0.0,0.0,73.665,750.0,
2023-12-23 14:00:00,46.5225,80.55250000000001,4.7825,7.33,12.11,7.1225000000000005,20.125,0.8275,89.7075,0.4925,,,,0.3375,0.1325,24.502499999999998,52.435,0.23249999999999998,162.7175,0.0,0.0,54.955,750.0,
2023-12-23 15:00:00,42.5025,77.345,4.9225,7.55,12.4725,7.3575,19.877499999999998,0.4775,39.415,0.28,,,,0.19,0.07500000000000001,23.275,59.4325,0.14750000000000002,150.5275,0.0,0.0,30.33,750.0,
2023-12-23 16:00:00,44.4925,75.71249999999999,4.7225,7.24,11.965,7.3575,19.685000000000002,0.4275,36.5525,0.2575,,,,0.175,0.07,19.932499999999997,74.39,0.07333333333333335,83.52666666666666,0.0,0.0,8.4875,750.0,
2023-12-23 17:00:00,45.379999999999995,76.305,4.65,7.13,11.785,7.37,18.59,0.4375,33.775,0.26,,,,0.1775,0.07,16.2775,87.69749999999999,0.0875,129.545,0.0,0.0,0.24,750.0,
2023-12-23 18:00:00,47.347500000000004,74.1675,4.9875,7.645,12.6325,7.2025,18.580000000000002,0.44,75.87,0.2625,,,,0.1775,0.07,14.4625,95.09,0.11,150.0,0.0,0.0,,750.0,
2023-12-23 19:00:00,46.1375,77.7875,4.92,7.545,12.46,7.2,19.48,0.4825,88.5825,0.2925,,,,0.195,0.0775,13.5525,97.875,0.1775,241.85750000000002,0.0,0.0,,750.0,
2023-12-23 20:00:00,63.94,92.9,4.8774999999999995,7.475,12.352500000000001,6.995,19.095,0.5525,87.465,0.33,,,,0.22,0.0875,13.145,99.2475,0.165,202.495,0.0,0.0,,750.0,
2023-12-23 21:00:00,66.655,94.4475,4.8125,7.3725000000000005,12.1825,7.1275,19.165,0.63,87.54249999999999,0.3825,,,,0.26,0.10250000000000001,12.945,99.93,0.0925,169.47,0.0,0.0,,750.0,
2023-12-23 22:00:00,78.455,109.0775,4.585,7.0275,11.6125,7.0975,19.095,0.7375,86.8775,0.44,,,,0.305,0.1175,12.557500000000001,100.0,0.1525,236.2825,0.0,0.0,,750.0,
2023-12-23 23:00:00,85.5925,112.8,4.635,7.1075,11.747499999999999,7.0275,19.1875,0.855,81.48,0.5175000000000001,,,,0.35,0.135,12.0575,100.0,0.23750000000000002,266.59250000000003,0.0,0.0,,750.0,
2023-12-24 00:00:00,101.6725,127.56,5.045,7.7375,12.79,7.1775,19.4725,0.9825,81.695,0.5875,,,,0.40249999999999997,0.1575,11.762500000000001,100.0,0.22749999999999998,275.9525,0.0,0.0,,750.0,
2023-12-24 01:00:00,102.405,131.01999999999998,4.9175,7.54,12.4625,7.1775,19.235,1.045,81.58,0.6275,,,,0.4275,0.17,11.3525,100.0,0.1925,240.2575,0.0,0.0,,750.0,
2023-12-24 02:00:00,94.61,120.16749999999999,4.7625,7.297499999999999,12.0625,7.0425,19.0175,1.0575,81.3575,0.635,,,,0.43,0.17,11.057500000000001,100.0,0.235,263.9275,0.0,0.0,,750.0,
2023-12-24 03:00:00,93.61500000000001,118.72500000000001,4.745,7.2775,12.025,7.245,19.39,1.0575,82.6125,0.635,,,,0.43,0.17,10.84,100.0,0.23,270.055,0.0,0.0,,750.0,
2023-12-24 04:00:00,88.13250000000001,116.9725,4.61,7.0649999999999995,11.6725,7.1575,18.86,1.0325,80.3225,0.615,,,,0.42,0.165,10.61,100.0,0.245,271.6525,0.0,0.0,,750.0,
2023-12-24 05:00:00,86.39750000000001,114.3875,4.555,6.9825,11.540000000000001,7.135,18.830000000000002,0.9975,79.055,0.6,,,,0.41,0.16,10.4025,100.0,0.2125,242.91750000000002,0.0,0.0,,750.0,
2023-12-24 06:00:00,81.645,104.9875,4.71,7.220000000000001,11.9275,7.1175,19.03,0.9624999999999999,76.63,0.5725,,,,0.39,0.1525,10.1125,100.0,0.145,243.365,0.0,0.0,,750.0,
2023-12-24 07:00:00,79.965,107.2525,4.7075,7.2175,11.9275,7.075,19.1375,0.9225,75.2575,0.55,,,,0.375,0.1475,10.5075,100.0,0.24,299.6875,0.0,0.0,4.9399999999999995,750.0,
2023-12-24 08:00:00,78.56,107.1075,4.91,7.5275,12.435,7.1175,19.395,0.9075,77.7375,0.545,,,,0.37,0.1475,12.7025,100.0,0.165,199.815,0.0,0.0,15.342500000000001,750.0,
2023-12-24 09:00:00,84.8075,115.66,5.085,7.8,12.8875,7.105,19.285,0.8625,77.07,0.515,,,,0.35250000000000004,0.1375,15.69,100.0,0.13,121.2925,0.0,0.0,26.6875,750.0,
2023-12-24 10:00:00,33.2675,63.54,4.625,7.0875,11.71,7.05,19.4575,0.7424999999999999,73.94999999999999,0.445,,,,0.3075,0.12,21.695,83.2875,0.2675,171.69,0.0,0.0,252.005,750.0,
2023-12-24 11:00:00,18.6025,48.225,4.407500000000001,6.755,11.1625,7.1,19.81,0.63,71.14,0.3825,,,,0.2575,0.10250000000000001,27.2075,51.707499999999996,0.5725,240.87,0.0,0.0,245.4925,750.0,
2023-12-24 12:00:00,11.0125,42.9775,4.055,6.2125,10.265,7.13,20.1,0.56,71.5,0.3375,,,,0.2275,0.09,28.36,46.832499999999996,0.42,181.4025,0.0,0.0,189.16,750.0,
2023-12-24 13:00:00,6.17,39.855000000000004,3.8375,5.885,9.719999999999999,7.065,20.4525,0.505,70.1275,0.305,,,,0.20500000000000002,0.08,28.7575,45.2725,0.4425,192.755,0.0,0.0,100.9575,750.0,
2023-12-24 14:00:00,6.8475,39.4175,3.7425,5.7375,9.475,7.0625,20.6575,0.4525,69.005,0.275,,,,0.1825,0.07,26.255,50.6275,0.4525,218.6875,0.0,0.0,50.9425,750.0,
2023-12-24 15:00:00,8.2675,39.845,3.64,5.5825000000000005,9.22,7.0275,20.605,0.435,75.8075,0.26,,,,0.175,0.07,23.72,60.43,0.1875,143.97,0.0,0.0,20.71,750.0,
2023-12-24 16:00:00,7.297499999999999,38.0975,3.7525,5.7475000000000005,9.502500000000001,7.1425,20.192500000000003,0.405,78.83,0.24,,,,0.1625,0.0625,20.755,74.525,0.115,122.06,0.0,0.0,5.3325,750.0,
2023-12-24 17:00:00,6.855,33.725,3.8425000000000002,5.89,9.73,7.1025,19.41,0.3775,82.1925,0.22,,,,0.15,0.06,17.1625,87.1875,0.115,143.85500000000002,0.0,0.0,0.21,750.0,
2023-12-24 18:00:00,8.9325,33.92,4.135,6.3475,10.485,7.0725,19.78,0.34500000000000003,76.595,0.20500000000000002,,,,0.14250000000000002,0.052500000000000005,15.0775,93.75,0.1275,153.97250000000003,0.0,0.0,,750.0,
2023-12-24 19:00:00,16.1175,45.14,3.2625,5.0024999999999995,8.265,7.0649999999999995,19.6525,0.35,65.3775,0.21,,,,0.14250000000000002,0.057499999999999996,14.245000000000001,97.6725,0.1775,242.1375,0.0,0.0,,750.0,
2023-12-24 20:00:00,20.3725,50.197500000000005,1.72,2.6325,4.35,7.09,19.6575,0.49,34.9,0.3025,,,,0.2025,0.0825,13.83,99.0425,0.16,205.555,0.0,0.0,,750.0,
2023-12-24 21:00:00,75.59,113.255,2.5225,3.865,6.385,7.175,19.8975,0.895,13.215,0.5375,,,,0.3675,0.14250000000000002,13.96,99.9225,0.2025,200.965,0.0,0.0,,750.0,
2023-12-24 22:00:00,77.9675,112.025,2.575,3.9450000000000003,6.52,7.1575,19.75,1.0475,5.1825,0.63,,,,0.4275,0.17,14.1475,100.0,0.2275,229.07,0.0,0.0,,750.0,
2023-12-24 23:00:00,63.69,96.925,1.7425,2.67,4.4125,7.1875,19.487499999999997,1.0225,0.535,0.61,,,,0.4175,0.165,14.0375,100.0,0.265,257.8625,0.0,0.0,,750.0,
2023-12-25 00:00:00,56.7775,85.735,1.7000000000000002,2.6025,4.3,7.175,19.2725,0.95,,0.565,,,,0.385,0.1525,13.645,100.0,0.2425,256.6375,0.0,0.0,,750.0,
2023-12-25 01:00:00,52.074999999999996,77.68,1.77,2.715,4.4825,7.1725,19.405,0.8674999999999999,,0.515,,,,0.355,0.1375,13.08,100.0,0.195,280.42,0.0,0.0,,750.0,
2023-12-25 02:00:00,54.147499999999994,79.3125,2.2325,3.4275,5.66,7.13,19.692500000000003,0.7825,,0.47250000000000003,,,,0.32,0.125,12.5725,100.0,0.11,143.015,0.0,0.0,,750.0,
2023-12-25 03:00:00,51.2225,76.80499999999999,4.13,6.33,10.46,7.0825,19.372500000000002,0.725,5.762499999999999,0.435,,,,0.2975,0.11499999999999999,11.9775,100.0,0.16,218.5575,0.0,0.0,,750.0,
2023-12-25 04:00:00,51.1875,76.34,3.01,4.612500000000001,7.625,7.1875,19.79,0.6825,24.8275,0.41,,,,0.28,0.11,11.5025,100.0,0.1725,269.5025,0.0,0.0,,750.0,
2023-12-25 05:00:00,53.05,78.325,2.455,3.765,6.2175,7.2125,19.285,0.6525000000000001,4.78,0.3925,,,,0.2675,0.10500000000000001,11.2525,100.0,0.1875,240.8675,0.0,0.0,,750.0,
2023-12-25 06:00:00,50.6325,73.2425,1.8375000000000001,2.82,4.6525,6.9425,19.067500000000003,0.6225,0.135,0.3775,,,,0.2575,0.1,11.01,100.0,0.24,272.03,0.0,0.0,,750.0,
2023-12-25 07:00:00,50.212500000000006,75.44,1.7325,2.655,4.385,7.0600000000000005,19.5025,0.61,,0.37,,,,0.2475,0.1,11.32,100.0,0.175,238.6225,0.0,0.0,6.59,750.0,
2023-12-25 08:00:00,54.8875,80.3575,1.5875,2.435,4.0225,7.0325,19.0325,0.615,,0.375,,,,0.255,0.1,13.285,100.0,0.21250000000000002,251.3875,0.0,0.0,21.64,750.0,
2023-12-25 09:00:00,58.03,88.5575,1.7650000000000001,2.7075,4.4725,6.922499999999999,19.1925,0.64,0.645,0.38,,,,0.2625,0.1,15.96,100.0,0.1775,172.8,0.0,0.0,36.1925,750.0,
2023-12-25 10:00:00,45.209999999999994,82.39999999999999,1.8025,2.7675,4.57,6.97,20.2525,0.6025,14.1275,0.365,,,,0.245,0.0975,19.7775,82.4375,0.615,268.03,0.0,0.0,230.02249999999998,750.0,
2023-12-25 11:00:00,28.4525,63.7925,1.835,2.81,4.640000000000001,7.1274999999999995,20.34,0.5925,18.8875,0.36,,,,0.24,0.0925,24.905,60.13,0.55,227.725,0.0,0.0,228.9325,750.0,
2023-12-25 12:00:00,33.385000000000005,68.045,1.7025,2.6125,4.3175,7.09,20.6,0.5775,19.645,0.3475,,,,0.2275,0.09,26.525,54.585,0.5825,241.9375,0.0,0.0,177.2725,750.0,
2023-12-25 13:00:00,33.0025,69.8175,3.3025,5.0625,8.362499999999999,7.07,20.1625,0.545,24.314999999999998,0.325,,,,0.22,0.09,27.3325,52.025,0.5625,230.74,0.0,0.0,98.83,750.0,
2023-12-25 14:00:00,28.8425,63.085,1.77,2.7125000000000004,4.485,7.0925,20.3375,0.5275000000000001,19.08,0.315,,,,0.2125,0.0825,25.5925,57.065,0.3225,172.995,0.0,0.0,55.31,750.0,
2023-12-25 15:00:00,28.835,71.8825,1.705,2.61,4.3149999999999995,6.995,20.2725,0.505,14.1975,0.3025,,,,0.2,0.08,23.6675,63.12,0.22999999999999998,172.085,0.0,0.0,26.2825,750.0,
2023-12-25 16:00:00,28.405,61.792500000000004,1.9000000000000001,2.915,4.8125,6.99,20.16,0.495,2.2399999999999998,0.2975,,,,0.2,0.08,20.535,76.025,0.1125,116.47,0.0,0.0,8.495,750.0,
2023-12-25 17:00:00,32.815,62.595,1.8725,2.87,4.74,7.1425,20.1675,0.4775,0.83,0.2925,,,,0.195,0.08,16.9225,88.19,0.1325,158.375,0.0,0.0,0.49,750.0,
2023-12-25 18:00:00,39.875,75.015,1.8375,2.815,4.6525,7.1025,19.877499999999998,0.545,,0.33,,,,0.2225,0.0875,14.865,94.7025,0.195,248.28,0.0,0.0,,750.0,
2023-12-25 19:00:00,73.88,110.5775,1.89,2.8975,4.785,7.172499999999999,20.05,0.6975,,0.42,,,,0.29000000000000004,0.115,13.93,97.6625,0.21,254.79000000000002,0.0,0.0,,750.0,
2023-12-25 20:00:00,87.5125,126.35249999999999,1.6275,2.495,4.12,7.1225,19.855,0.89,,0.5375,,,,0.365,0.14250000000000002,13.559999999999999,99.2575,0.21250000000000002,239.20749999999998,0.0,0.0,,750.0,
2023-12-25 21:00:00,78.115,113.655,1.8225,2.795,4.6175,7.255,19.6725,1.005,,0.6025,,,,0.4075,0.1625,13.4275,100.0,0.23,250.9425,0.0,0.0,,750.0,
2023-12-25 22:00:00,71.405,104.5025,1.705,2.6174999999999997,4.325,7.06,19.549999999999997,1.0825,,0.6525000000000001,,,,0.44,0.17250000000000001,13.155000000000001,100.0,0.2175,235.0675,0.0,0.0,,750.0,
2023-12-25 23:00:00,72.82,109.11749999999999,1.6425,2.515,4.155,7.0024999999999995,19.535,1.11,,0.67,,,,0.45,0.18,13.095,100.0,0.19,215.9075,0.0,0.0,,750.0,
2023-12-26 00:00:00,64.27000000000001,100.235,1.7275,2.645,4.3725000000000005,7.115,19.72,1.07,,0.645,,,,0.4375,0.17250000000000001,12.8225,100.0,0.185,222.7825,0.0,0.0,,750.0,
2023-12-26 01:00:00,63.699999999999996,95.69500000000001,1.9224999999999999,2.94,4.8575,7.1375,19.93,1.0125,,0.6025,,,,0.41,0.1625,12.535,100.0,0.2125,253.5925,0.0,0.0,,750.0,
2023-12-26 02:00:00,63.652499999999996,90.795,1.8525,2.84,4.69,6.9925,19.71,0.9450000000000001,,0.565,,,,0.385,0.1525,12.1075,100.0,0.1575,199.8225,0.0,0.0,,750.0,
2023-12-26 03:00:00,59.802499999999995,86.6875,1.755,2.6925,4.45,7.08,19.6925,0.88,,0.5275000000000001,,,,0.36,0.14,11.465,100.0,0.2,261.755,0.0,0.0,,750.0,
2023-12-26 04:00:00,58.05,84.505,1.8900000000000001,2.9,4.7875,7.0675,20.060000000000002,0.8200000000000001,,0.49,,,,0.335,0.13,11.33,100.0,0.215,241.82750000000001,0.0,0.0,,750.0,
2023-12-26 05:00:00,55.975,81.7225,1.87,2.87,4.7375,7.0649999999999995,19.3225,0.7625,,0.4575,,,,0.3125,0.1225,11.26,100.0,0.28500000000000003,287.8375,0.0,0.0,,750.0,
2023-12-26 06:00:00,59.525,84.2675,1.8675,2.86,4.7275,6.9125,19.9475,0.7175,,0.43,,,,0.295,0.11499999999999999,11.057500000000001,100.0,0.2475,263.1775,0.0,0.0,,750.0,
2023-12-26 07:00:00,59.255,90.1625,1.65,2.5300000000000002,4.1825,6.89,19.005000000000003,0.7124999999999999,,0.43,,,,0.2925,0.1125,11.16,100.0,0.1875,222.53,0.0,0.0,7.0600000000000005,750.0,
2023-12-26 08:00:00,59.24,94.685,1.615,2.4775,4.095,7.03,19.52,0.72,,0.43,,,,0.3,0.12,12.85,100.0,0.1275,161.42,0.0,0.0,26.44,750.0,
2023-12-26 09:00:00,,99.68,1.8849999999999998,2.8899999999999997,4.7775,6.9825,19.16,0.7825,,0.4725,,,,0.32,0.1275,15.4825,100.0,0.1925,161.67,0.0,0.0,45.165,750.0,
2023-12-26 10:00:00,,130.60750000000002,1.8074999999999999,2.77,4.5825,7.255,22.1025,0.82,11.735,0.4875,,,,0.335,0.1275,18.7125,91.8875,0.3575,217.5175,0.0,0.0,212.89749999999998,750.0,
2023-12-26 11:00:00,,111.60249999999999,1.74,2.6675,4.41,7.845,27.415,0.905,41.4825,0.5475,,,,0.375,0.14500000000000002,23.9925,61.3875,0.385,202.2525,0.0,0.0,203.74,750.0,
2023-12-26 12:00:00,,128.29250000000002,1.825,2.7975,4.62,7.8100000000000005,30.0075,0.855,44.33,0.5075000000000001,,,,0.34750000000000003,0.135,24.9675,57.1525,0.5800000000000001,257.4725,0.0,0.0,157.22,750.0,
2023-12-26 13:00:00,,114.9925,2.165,3.32,5.485,7.865,27.567500000000003,0.9125,43.32,0.545,,,,0.37,0.1475,24.7325,60.0225,0.535,238.02249999999998,0.0,0.0,98.075,750.0,
2023-12-26 14:00:00,,113.84,1.7650000000000001,2.7025,4.465,7.47,25.33,0.7925,29.6325,0.475,,,,0.3275,0.125,24.185000000000002,61.665,0.505,253.2725,0.0,0.0,58.6525,750.0,
2023-12-26 15:00:00,,,1.635,2.51,4.282500000000001,7.1975,22.4675,0.7675000000000001,11.575,0.46,,,,0.315,0.12,22.6125,67.39,0.2,158.54,0.0,0.0,28.7225,750.0,
2023-12-26 16:00:00,66.84,101.44,1.73,2.6574999999999998,4.22,7.36,21.825,0.7424999999999999,7.05,0.4425,,,,0.305,0.11499999999999999,19.9975,81.7575,0.1,126.73500000000001,0.0,0.0,9.8,750.0,
2023-12-26 17:00:00,71.11,103.44,1.72,2.65,4.54,7.74,21.32,0.69,14.09,0.41,,,,0.28,0.11,17.86,89.28,0.05,96.86,0.0,0.0,0.54,750.0,
2023-12-26 18:00:00,,,,,,,,,,,,,,,,,,,,,0.0,,,
2023-12-26 19:00:00,,,,,,,,,,,,,,,,,,,,,0.0,,,
2023-12-26 20:00:00,,,,,,,,,,,,,,,,,,,,,0.0,,,
2023-12-26 21:00:00,,,,,,,,,,,,,,,,,,,,,0.0,,,
2023-12-26 22:00:00,,,,,,,,,,,,,,,,,,,,,0.0,,,
2023-12-26 23:00:00,,,,,,,,,,,,,,,,,,,,,0.0,,,
2023-12-27 00:00:00,,,,,,,,,,,,,,,,,,,,,0.0,,,
2023-12-27 01:00:00,,,,,,,,,,,,,,,,,,,,,0.0,,,
2023-12-27 02:00:00,,,,,,,,,,,,,,,,,,,,,0.0,,,
2023-12-27 03:00:00,,,,,,,,,,,,,,,,,,,,,0.0,,,
2023-12-27 04:00:00,,,,,,,,,,,,,,,,,,,,,0.0,,,
2023-12-27 05:00:00,,,,,,,,,,,,,,,,,,,,,0.0,,,
2023-12-27 06:00:00,,,,,,,,,,,,,,,,,,,,,0.0,,,
2023-12-27 07:00:00,,,,,,,,,,,,,,,,,,,,,0.0,,,
2023-12-27 08:00:00,,,,,,,,,,,,,,,,,,,,,0.0,,,
2023-12-27 09:00:00,72.54,104.64,1.25,1.92,3.17,6.49,19.51,0.92,0.57,0.61,,,,0.42,0.16,14.69,100.0,0.21,104.03,0.0,0.0,67.5,750.0,
2023-12-27 10:00:00,,104.64,1.9075,2.9275,4.835,7.735,24.1025,1.555,7.1450000000000005,0.9400000000000001,,,,0.6375,0.2475,17.3575,100.0,0.21,142.285,0.0,0.0,201.39,750.0,
2023-12-27 11:00:00,,,1.7425,2.6675,4.41,7.9725,27.072499999999998,1.6425,19.4325,0.985,,,,0.6675,0.265,21.7725,77.41499999999999,0.435,203.2375,0.0,0.0,189.5475,750.0,
2023-12-27 12:00:00,117.38,154.88,1.71,2.6225,4.34,7.805,23.1525,1.31,26.33,0.7849999999999999,,,,0.5349999999999999,0.21000000000000002,23.799999999999997,65.47749999999999,0.565,227.775,0.0,0.0,152.6675,750.0,
2023-12-27 13:00:00,88.81,130.85000000000002,1.72,2.635,4.35,7.5075,19.009999999999998,1.2,21.085,0.72,,,,0.4875,0.19,24.535,64.41,0.39749999999999996,208.5275,0.0,0.0,93.8925,750.0,
2023-12-27 14:00:00,80.86,121.435,1.685,2.58,4.265,7.3425,21.4975,1.1,18.86,0.6575,,,,0.445,0.1775,23.6025,67.3275,0.5125,242.51500000000001,0.0,0.0,59.2325,750.0,
2023-12-27 15:00:00,65.44,109.7025,1.7225,2.6399999999999997,4.3625,7.605,17.7425,0.8025,23.5675,0.475,,,,0.3275,0.1275,22.33,73.735,0.38,238.76749999999998,0.0,0.0,31.4025,750.0,
2023-12-27 16:00:00,69.46,107.6225,3.435,5.2675,8.7025,7.575,15.192499999999999,0.735,10.875,0.435,,,,0.3025,0.12,19.855,84.46000000000001,0.125,127.4675,0.0,0.0,9.9825,750.0,
2023-12-27 17:00:00,84.38,130.54500000000002,4.38,6.71,11.0875,7.5325,14.7,0.7525,5.16,0.4525,,,,0.31,0.12,16.46,93.3575,0.10500000000000001,143.445,0.0,0.0,0.26,750.0,
2023-12-27 18:00:00,85.5,127.99000000000001,4.345,6.6575,11.005,7.415,15.215,0.78,,0.4625,,,,0.32,0.1225,14.695,97.475,0.1575,256.25,0.0,0.0,,750.0,
2023-12-27 19:00:00,80.55,118.9325,4.282500000000001,6.5649999999999995,10.8475,7.235,15.425,0.835,,0.4975,,,,0.3425,0.1325,13.7175,99.2325,0.215,236.0825,0.0,0.0,,750.0,
2023-12-27 20:00:00,103.5,143.0925,4.18,6.4025,10.58,7.2175,15.3625,0.9475,,0.5700000000000001,,,,0.39,0.1525,13.23,99.9875,0.19,223.87,0.0,0.0,,750.0,
2023-12-27 21:00:00,112.64,153.83499999999998,4.3325,6.64,10.9725,7.0325,15.08,1.0750000000000002,,0.65,,,,0.44,0.175,12.8325,100.0,0.1775,241.9925,0.0,0.0,,750.0,
2023-12-27 22:00:00,102.83,144.79749999999999,4.42,6.7775,11.1975,7.11,16.0925,1.16,,0.6925,,,,0.4725,0.185,12.375,100.0,0.22749999999999998,234.68,0.0,0.0,,750.0,
2023-12-27 23:00:00,94.09,135.48250000000002,4.3675,6.695,11.0625,7.085,15.379999999999999,1.1949999999999998,,0.7175,,,,0.4875,0.19,12.692499999999999,100.0,0.215,249.1325,0.0,0.0,,750.0,
2023-12-28 00:00:00,89.55,135.58249999999998,4.385,6.7175,11.1025,7.155,14.9725,1.205,,0.725,,,,0.49,0.19,13.932500000000001,100.0,0.345,263.1925,0.0,0.0,,750.0,
2023-12-28 01:00:00,59.54,106.755,4.25,6.5125,10.76,7.065,14.432500000000001,1.2,,0.72,,,,0.4875,0.19,13.594999999999999,100.0,0.33,249.695,0.0,0.0,,750.0,
2023-12-28 02:00:00,50.31,91.125,4.217499999999999,6.46,10.675,7.1675,14.8975,1.1549999999999998,,0.6925,,,,0.46749999999999997,0.1875,12.92,100.0,0.3125,228.7725,0.0,0.0,,750.0,
2023-12-28 03:00:00,52.07,85.565,4.245,6.5075,10.745000000000001,7.0925,14.52,1.1175000000000002,,0.6725000000000001,,,,0.4525,0.18,12.11,100.0,0.435,257.9825,0.0,0.0,,750.0,
2023-12-28 04:00:00,37.58,68.435,4.234999999999999,6.487500000000001,10.7175,7.095,14.030000000000001,1.0825,,0.6525000000000001,,,,0.4425,0.17250000000000001,11.79,100.0,0.3625,232.72000000000003,0.0,0.0,,750.0,
2023-12-28 05:00:00,36.59,64.3925,4.255,6.52,10.775,7.0275,13.3075,1.07,,0.645,,,,0.44,0.17,11.4675,100.0,0.4225,255.5075,0.0,0.0,,750.0,
2023-12-28 06:00:00,33.3,63.195,4.2725,6.55,10.82,7.0825,13.5675,1.07,,0.65,,,,0.44,0.17,11.2525,100.0,0.3775,249.5575,0.0,0.0,,750.0,
2023-12-28 07:00:00,30.38,57.83,4.2825,6.5649999999999995,10.8475,7.045,13.5225,1.06,,0.6375,,,,0.43,0.17,11.2375,100.0,0.4175,227.1525,0.0,0.0,2.6999999999999997,750.0,
2023-12-28 08:00:00,30.92,56.88,4.365,6.6925,11.0575,7.1475,13.92,1.0475,,0.6275,,,,0.4275,0.17,11.4825,100.0,0.3375,236.24,0.0,0.0,14.295,750.0,
2023-12-28 09:00:00,32.67,64.9,4.0925,6.2725,10.365,7.08,14.1025,1.0750000000000002,,0.65,,,,0.44,0.17250000000000001,12.3025,100.0,0.35250000000000004,228.0425,0.0,0.0,29.072499999999998,750.0,
2023-12-28 10:00:00,47.21,93.42500000000001,4.36,6.675,11.03,7.115,13.445,1.1324999999999998,,0.6825,,,,0.4625,0.1825,13.137500000000001,100.0,0.3975,216.145,0.0,0.0,42.0425,750.0,
2023-12-28 11:00:00,53.91,106.15,4.3075,6.5975,10.9025,7.205,13.9575,1.18,4.0,0.71,,,,0.4825,0.19,14.5525,96.695,0.4175,268.57000000000005,0.0,0.0,68.2875,750.0,
2023-12-28 12:00:00,61.29,112.5925,4.2525,6.52,10.7775,7.2,13.567499999999999,1.24,2.8649999999999998,0.74,,,,0.5025,0.2,17.575,81.88,0.6475,242.515,0.0,0.0,135.1,750.0,
2023-12-28 13:00:00,85.32,127.1775,4.3075,6.5975,10.9025,7.3325,13.71,1.2925,7.7325,0.7775000000000001,,,,0.53,0.2075,19.0975,75.8175,0.715,275.66499999999996,0.0,0.0,103.515,750.0,
2023-12-28 14:00:00,96.66,140.4975,4.300000000000001,6.5925,10.8875,7.3774999999999995,13.8275,1.3075,11.16,0.785,,,,0.5325,0.2075,18.4625,77.97749999999999,0.5575,244.0925,0.0,0.0,60.9875,750.0,
2023-12-28 15:00:00,86.76,135.54000000000002,4.4425,6.805,11.2425,7.36,13.715,1.18,9.08,0.7025,,,,0.47750000000000004,0.1875,16.965,83.815,0.5075000000000001,247.39749999999998,0.0,0.0,33.6625,750.0,
2023-12-28 16:00:00,84.91,129.7425,4.2675,6.54,10.8025,7.4925,12.205,0.985,7.6875,0.585,,,,0.3975,0.16,15.342500000000001,89.8075,0.245,207.08500000000004,0.0,0.0,11.6925,750.0,
2023-12-28 17:00:00,79.52,122.36,4.305,6.6,10.9025,7.38,12.695,0.91,2.1975000000000002,0.545,,,,0.3725,0.14250000000000002,13.5825,95.44,0.11,124.11000000000001,0.0,0.0,0.33,750.0,
2023-12-28 18:00:00,81.0,120.3725,4.28,6.5625,10.8475,7.2575,12.5375,0.915,0.47250000000000003,0.55,,,,0.375,0.1475,13.897499999999999,98.0975,0.215,185.4025,0.0,0.0,,750.0,
2023-12-28 19:00:00,82.22,129.835,4.2925,6.5825,10.875,7.1525,12.9675,0.945,0.1675,0.5675,,,,0.385,0.15,13.9225,97.9975,0.1975,149.5375,0.0,0.0,,750.0,
2023-12-28 20:00:00,93.56,137.14999999999998,4.140000000000001,6.3425,10.4775,7.1225000000000005,13.004999999999999,0.9675,0.3825,0.58,,,,0.3925,0.1525,13.6325,97.49,0.21,194.5275,0.0,0.0,,750.0,
2023-12-28 21:00:00,91.62,134.815,4.3100000000000005,6.6075,10.9175,7.125,12.7375,0.945,0.24,0.5675,,,,0.385,0.15,13.295,97.3075,0.23500000000000001,196.2275,0.0,0.0,,750.0,
2023-12-28 22:00:00,84.38,124.9725,4.275,6.555,10.83,7.215,12.370000000000001,0.92,0.5366666666666667,0.5525,,,,0.375,0.15,13.055,97.88499999999999,0.245,225.77,0.0,0.0,,750.0,
2023-12-28 23:00:00,81.72,124.02250000000001,4.215,6.46,10.675,7.2025,12.69,0.8875,0.785,0.5275000000000001,,,,0.3625,0.14,12.8875,98.2475,0.2075,146.4775,0.0,0.0,,750.0,
2023-12-29 00:00:00,74.79,123.85499999999999,4.3,6.59,10.8875,7.005,12.075,0.85,0.23666666666666666,0.5075000000000001,,,,0.345,0.135,12.7025,98.635,0.2825,241.1575,0.0,0.0,,750.0,
2023-12-29 01:00:00,74.11,120.545,4.445,6.8100000000000005,11.254999999999999,7.17,12.025,0.8175,0.3025,0.49,,,,0.335,0.13,12.5025,98.64,0.245,186.8625,0.0,0.0,,750.0,
2023-12-29 02:00:00,69.98,112.3975,4.3225,6.625,10.945,7.1875,12.5825,0.7525,1.1666666666666667,0.45,,,,0.31,0.12,12.3625,98.355,0.3225,241.9625,0.0,0.0,,750.0,
2023-12-29 03:00:00,62.51,106.10749999999999,4.38,6.71,11.085,7.215,12.0175,0.7075,0.47666666666666674,0.4225,,,,0.29,0.1125,12.192499999999999,98.25,0.28500000000000003,222.155,0.0,0.0,,750.0,
2023-12-29 04:00:00,59.76,107.91,4.09,6.2675,10.3475,7.0649999999999995,11.8325,0.6725,0.14333333333333334,0.40249999999999997,,,,0.2775,0.11,12.120000000000001,98.3875,0.25,220.7,0.0,0.0,,750.0,
2023-12-29 05:00:00,61.38,114.4675,4.3125,6.6075,10.9175,7.1225000000000005,12.192499999999999,0.6625000000000001,0.46,0.395,,,,0.27,0.1075,12.1875,98.2675,0.3,225.12,0.0,0.0,,750.0,
2023-12-29 06:00:00,67.5,126.2975,4.38,6.7124999999999995,11.085,7.109999999999999,11.97,0.6575,0.5975,0.3975,,,,0.27,0.1075,12.0625,97.7625,0.2875,205.69,0.0,0.0,,750.0,
2023-12-29 07:00:00,72.99,122.29499999999999,4.3025,6.6,10.9025,7.1975,11.635,0.645,0.75,0.3875,,,,0.2675,0.1,11.997499999999999,97.6425,0.1925,186.94,0.0,0.0,1.4166666666666667,750.0,
2023-12-29 08:00:00,62.77,111.655,4.305,6.6,10.9025,7.2325,12.3025,0.63,1.2225000000000001,0.38,,,,0.26,0.1,12.37,96.8025,0.3125,190.0325,0.0,0.0,7.1274999999999995,750.0,
2023-12-29 09:00:00,61.47,110.6725,4.1899999999999995,6.4275,10.62,7.205,11.99,0.655,0.71,0.3925,,,,0.2675,0.10500000000000001,13.157499999999999,94.6825,0.355,237.8925,0.0,0.0,16.3375,750.0,
2023-12-29 10:00:00,75.06,130.055,4.132499999999999,6.335,10.4625,7.1425,11.6975,0.7025,1.545,0.4225,,,,0.29000000000000004,0.1125,14.0975,91.455,0.435,195.505,0.0,0.0,25.195,750.0,
2023-12-29 11:00:00,86.94,138.0875,4.12,6.3175,10.434999999999999,7.155,11.5825,0.765,1.3250000000000002,0.455,,,,0.31,0.1225,14.8275,88.2025,0.4125,212.1825,0.0,0.0,38.455,750.0,
2023-12-29 12:00:00,85.32,124.9825,4.1325,6.335,10.4625,7.2625,11.715,0.84,2.74,0.5,,,,0.3425,0.1325,15.959999999999999,83.495,0.59,222.6175,0.0,0.0,59.075,750.0,
2023-12-29 13:00:00,95.54,138.535,4.2625,6.529999999999999,10.79,7.125,11.825,0.8975,5.59,0.5375000000000001,,,,0.37,0.14250000000000002,16.7625,80.17750000000001,0.5925,221.0725,0.0,0.0,66.1575,750.0,
2023-12-29 14:00:00,99.67,148.35,4.2875,6.5725,10.86,7.225,12.2,0.8975,6.365,0.5375000000000001,,,,0.3675,0.14,16.9875,79.03,0.5175,248.62,0.0,0.0,73.29,750.0,
2023-12-29 15:00:00,92.66,139.455,4.28,6.5575,10.8325,7.1575,12.067499999999999,0.8674999999999999,6.295,0.5175000000000001,,,,0.355,0.14,16.05,82.9925,0.51,257.8075,0.0,0.0,36.885,750.0,
2023-12-29 16:00:00,90.86,142.835,4.2875,6.5725,10.86,7.1125,12.115,0.84,1.825,0.5,,,,0.3425,0.1325,14.3975,88.695,0.18,230.3775,0.0,0.0,10.525,750.0,
2023-12-29 17:00:00,82.66,142.09,4.33,6.6425,10.9725,7.135,12.1175,0.7875000000000001,0.03,0.4675,,,,0.32,0.125,12.030000000000001,94.9725,0.09,119.60499999999999,0.0,0.0,1.04,750.0,
2023-12-29 18:00:00,67.09,118.6675,4.24,6.495,10.735,7.0525,11.905000000000001,0.735,0.43,0.44,,,,0.3,0.1175,12.1275,98.5225,0.2,210.68,0.0,0.0,,750.0,
2023-12-29 19:00:00,56.88,116.16499999999999,4.1975,6.4375,10.635,6.955,11.545,0.7075,0.2866666666666667,0.425,,,,0.2925,0.11,12.649999999999999,99.19,0.15,124.4175,0.0,0.0,,750.0,
2023-12-29 20:00:00,59.62,125.6825,4.35,6.665,11.015,7.125,11.79,0.6924999999999999,1.605,0.4125,,,,0.28250000000000003,0.11,12.4225,97.9075,0.35,214.33249999999998,0.0,0.0,,750.0,
2023-12-29 21:00:00,59.67,116.94749999999999,4.195,6.425,10.62,7.0024999999999995,11.8325,0.6675,1.215,0.4025,,,,0.2725,0.11,11.975,97.945,0.3425,163.63,0.0,0.0,,750.0,
2023-12-29 22:00:00,55.84,102.27000000000001,4.2925,6.5825,10.875,6.9875,11.442499999999999,0.665,1.91,0.4025,,,,0.2725,0.11,11.84,99.03999999999999,0.265,218.3025,0.0,0.0,,750.0,
2023-12-29 23:00:00,49.14,100.595,4.2375,6.4975,10.735,7.01,11.51,0.66,1.3125,0.395,,,,0.27,0.11,11.77,99.60249999999999,0.27,210.125,0.0,0.0,,750.0,
2023-12-30 00:00:00,46.76,94.5125,4.2325,6.487500000000001,10.72,7.0725,11.85,0.6575,1.53,0.395,,,,0.27,0.1075,11.620000000000001,99.895,0.27,222.54500000000002,0.0,0.0,,750.0,
2023-12-30 01:00:00,39.6,78.7725,4.3225,6.6225000000000005,10.9475,7.0625,11.74,0.675,0.40249999999999997,0.4075,,,,0.28,0.11,11.5975,100.0,0.1525,166.0625,0.0,0.0,,750.0,
2023-12-30 02:00:00,32.85,63.725,4.295,6.5825,10.8725,7.1025,11.530000000000001,0.6875,0.9450000000000001,0.41,,,,0.28,0.11,11.635,100.0,0.28500000000000003,199.2575,0.0,0.0,,750.0,
2023-12-30 03:00:00,26.68,57.78,4.4,6.745,11.145,7.1425,11.8525,0.6825,0.4625,0.41,,,,0.2775,0.11,11.5875,100.0,0.2825,207.995,0.0,0.0,,750.0,
2023-12-30 04:00:00,23.58,58.4125,4.1725,6.395,10.5625,7.11,11.3825,0.6725000000000001,0.295,0.4075,,,,0.275,0.11,11.567499999999999,100.0,0.215,183.9425,0.0,0.0,,750.0,
2023-12-30 05:00:00,26.78,63.625,4.217499999999999,6.4625,10.6775,7.047499999999999,11.4825,0.6525000000000001,0.9533333333333333,0.3925,,,,0.27,0.10500000000000001,11.53,100.0,0.27249999999999996,224.645,0.0,0.0,,750.0,
2023-12-30 06:00:00,31.09,72.2825,4.255,6.5225,10.775,7.0625,11.69,0.635,0.865,0.38,,,,0.26,0.1,11.3675,100.0,0.3175,234.35500000000002,0.0,0.0,,750.0,
2023-12-30 07:00:00,26.91,61.629999999999995,4.3775,6.7075,11.09,7.1575,11.52,0.61,1.08,0.37,,,,0.25,0.1,11.0625,100.0,0.3925,236.18,0.0,0.0,1.195,750.0,
2023-12-30 08:00:00,29.84,65.08,4.3375,6.6475,10.9875,7.0874999999999995,12.0125,0.61,1.305,0.37,,,,0.2475,0.1,11.175,99.5275,0.4325,247.94,0.0,0.0,6.1274999999999995,750.0,
2023-12-30 09:00:00,31.91,74.115,4.305,6.5975,10.9025,7.09,11.94,0.6174999999999999,1.26,0.3775,,,,0.2575,0.1,11.537500000000001,97.275,0.45,247.115,0.0,0.0,12.1,750.0,
2023-12-30 10:00:00,37.39,71.77000000000001,4.3025,6.5975,10.9025,7.0525,11.53,0.6375,1.1075,0.385,,,,0.265,0.1,12.225,93.9425,0.36,232.945,0.0,0.0,19.32,750.0,
2023-12-30 11:00:00,44.01,79.46,4.3,6.59,10.89,7.135,11.8225,0.6575,1.2775,0.395,,,,0.27,0.11,12.94,90.505,0.2775,226.62,0.0,0.0,31.29,750.0,
2023-12-30 12:00:00,44.19,74.2425,4.4175,6.7725,11.1875,6.995,11.7225,0.6775,1.92,0.405,,,,0.275,0.11,13.9,86.855,0.4225,150.7,0.0,0.0,47.5125,750.0,
2023-12-30 13:00:00,48.06,79.2225,4.1425,6.35,10.49,7.09,11.575,0.6875,2.3,0.415,,,,0.28500000000000003,0.11,14.595,84.2325,0.475,228.2475,0.0,0.0,39.885,750.0,
2023-12-30 14:00:00,45.18,82.995,4.2675,6.5375,10.8025,7.0525,11.465,0.69,1.855,0.4125,,,,0.2875,0.11,14.3375,85.99,0.315,218.945,0.0,0.0,28.675,750.0,
2023-12-30 15:00:00,39.56,77.5925,4.215,6.4625,10.6775,7.1875,11.4525,0.6799999999999999,1.7025,0.4075,,,,0.2775,0.11,14.0075,88.1575,0.4,187.9275,0.0,0.0,20.0675,750.0,
2023-12-30 16:00:00,36.99,72.7025,4.295,6.5825000000000005,10.872499999999999,7.08,11.535,0.66,1.105,0.4,,,,0.27,0.11,13.6,90.6975,0.35750000000000004,210.63,0.0,0.0,6.7175,750.0,
2023-12-30 17:00:00,39.6,73.5075,4.2425,6.505,10.745000000000001,6.9375,12.81,0.6325000000000001,1.27,0.38,,,,0.2625,0.1,12.945,93.825,0.275,207.065,0.0,0.0,0.3,750.0,
2023-12-30 18:00:00,34.97,67.17750000000001,4.2675,6.54,10.805,6.995,12.8275,0.6125,0.605,0.37,,,,0.2475,0.1,12.8025,96.00999999999999,0.215,177.47,0.0,0.0,,750.0,
2023-12-30 19:00:00,33.08,64.6,4.3675,6.6925,11.057500000000001,7.035,12.5175,0.59,0.75,0.3525,,,,0.2375,0.0925,12.74,96.375,0.2475,153.425,0.0,0.0,,750.0,
2023-12-30 20:00:00,34.47,69.38749999999999,4.1825,6.407500000000001,10.59,7.0925,12.58,0.5874999999999999,0.10333333333333333,0.35,,,,0.235,0.09,12.71,96.3425,0.23750000000000002,218.54500000000002,0.0,0.0,,750.0,
2023-12-30 21:00:00,32.89,70.7975,4.2675,6.54,10.805,6.9575,12.175,0.555,0.41000000000000003,0.3325,,,,0.225,0.09,12.5,96.105,0.16499999999999998,137.06,0.0,0.0,,750.0,
2023-12-30 22:00:00,28.39,60.26,4.1475,6.3625,10.504999999999999,7.105,12.715,0.5275000000000001,0.51,0.3175,,,,0.215,0.08499999999999999,12.365,96.5275,0.21,179.72,0.0,0.0,,750.0,
2023-12-30 23:00:00,27.63,62.005,4.1725,6.3950000000000005,10.565000000000001,7.1525,12.557500000000001,0.515,0.3675,0.31,,,,0.21,0.08,12.245,95.73,0.2325,200.8225,0.0,0.0,,750.0,
2023-12-31 00:00:00,27.45,60.3275,4.2975,6.5875,10.8875,7.047499999999999,11.9725,0.4925,0.33,0.295,,,,0.2,0.08,11.997499999999999,96.275,0.0775,69.1075,0.0,0.0,,750.0,
2023-12-31 01:00:00,25.25,57.135,4.29,6.5725,10.86,7.0375,12.05,0.48,0.3775,0.29,,,,0.195,0.08,11.6425,97.50999999999999,0.105,128.815,0.0,0.0,,750.0,
2023-12-31 02:00:00,23.94,60.832499999999996,4.2375,6.495,10.7325,7.0975,12.280000000000001,0.4775,0.2875,0.2875,,,,0.1925,0.08,11.682500000000001,98.0125,0.16,156.1325,0.0,0.0,,750.0,
2023-12-31 03:00:00,26.87,60.519999999999996,4.39,6.725,11.115,6.9625,12.2575,0.4725,0.31,0.29,,,,0.1925,0.08,11.76,97.935,0.1725,177.875,0.0,0.0,,750.0,
2023-12-31 04:00:00,25.74,61.2175,4.145,6.3500000000000005,10.4925,7.1225,12.07,0.4825,0.5249999999999999,0.29,,,,0.1975,0.08,11.7075,96.53,0.3,197.8625,0.0,0.0,,750.0,
2023-12-31 05:00:00,37.66,77.83,4.2775,6.5575,10.8325,7.145,12.1875,0.5,0.5175000000000001,0.2975,,,,0.2,0.08,11.62,94.7875,0.0925,71.5975,0.0,0.0,,750.0,
2023-12-31 06:00:00,42.48,79.27,4.25,6.5125,10.76,6.9725,12.2775,0.5,0.5075,0.2975,,,,0.2,0.08,11.4025,95.1575,0.14500000000000002,133.635,0.0,0.0,,750.0,
2023-12-31 07:00:00,38.38,75.89750000000001,4.4,6.7425,11.1425,7.07,11.8025,0.4875,0.725,0.2925,,,,0.2,0.08,11.335,94.5625,0.1975,177.46249999999998,0.0,0.0,2.9899999999999998,750.0,
2023-12-31 08:00:00,32.76,69.9525,4.355,6.675,11.03,7.0825,11.8425,0.4625,0.9624999999999999,0.2825,,,,0.19,0.07500000000000001,11.8975,90.22,0.3275,235.845,0.0,0.0,16.5125,750.0,
2023-12-31 09:00:00,26.1,59.83,4.2525,6.515,10.7625,7.035,12.22,0.4425,2.5549999999999997,0.2625,,,,0.1775,0.07,12.825,86.27250000000001,0.4575,205.3225,0.0,0.0,35.165,750.0,
2023-12-31 10:00:00,26.42,56.4775,4.1425,6.35,10.4925,7.2,11.8625,0.44,2.865,0.26,,,,0.18,0.07,14.585,80.2,0.40499999999999997,183.2875,0.0,0.0,78.46,750.0,
2023-12-31 11:00:00,25.47,57.595,4.21,6.45,10.66,7.0675,11.54,0.445,3.4475,0.265,,,,0.18,0.07,17.265,70.2825,0.395,119.83,0.0,0.0,193.3775,750.0,
2023-12-31 12:00:00,28.71,63.5925,4.295,6.5825,10.875,7.0475,11.8375,0.4475,5.42,0.27,,,,0.18,0.07,20.04,61.457499999999996,0.485,150.755,0.0,0.0,197.6975,750.0,
2023-12-31 13:00:00,28.35,65.1425,4.285,6.5625,10.8475,7.12,12.280000000000001,0.4475,5.635,0.27,,,,0.18,0.07,20.822499999999998,59.765,0.4575,167.8375,0.0,0.0,105.155,750.0,
2023-12-31 14:00:00,27.0,66.015,4.24,6.4975000000000005,10.7325,7.025,12.16,0.45,7.8025,0.2725,,,,0.1825,0.07,19.0975,65.3725,0.42,189.895,0.0,0.0,62.3025,750.0,
2023-12-31 15:00:00,28.62,64.17999999999999,4.282500000000001,6.5625,10.844999999999999,7.1075,12.33,0.46,4.4125,0.28,,,,0.19,0.07,16.915,74.1425,0.34249999999999997,208.345,0.0,0.0,26.4275,750.0,
2023-12-31 16:00:00,27.0,70.2825,4.285,6.575,10.86,7.03,11.9875,0.46,2.3425,0.28,,,,0.19,0.07,15.1175,82.1375,0.20750000000000002,115.61250000000001,0.0,0.0,8.9275,750.0,
2023-12-31 17:00:00,28.62,67.34,4.3175,6.615,10.93,7.09,11.905000000000001,0.47,0.535,0.29,,,,0.19,0.0775,12.2975,92.0825,0.1275,125.6575,0.0,0.0,0.41,750.0,
2023-12-31 18:00:00,29.84,66.91250000000001,4.255,6.5200000000000005,10.775,7.0425,11.735,0.4875,0.225,0.2925,,,,0.1975,0.08,10.7075,97.3425,0.1366666666666667,161.37666666666667,0.0,0.0,,750.0,
2023-12-31 19:00:00,36.81,74.7575,4.165,6.3875,10.55,6.9775,11.745000000000001,0.515,0.1225,0.315,,,,0.2075,0.0825,9.8025,99.1,0.1375,165.5075,0.0,0.0,,750.0,
2023-12-31 20:00:00,41.49,83.15,4.345,6.66,11.0025,7.0475,12.235,0.5625,0.03,0.33999999999999997,,,,0.2275,0.09,8.985,99.91749999999999,0.225,250.10500000000002,0.0,0.0,,750.0,
2023-12-31 21:00:00,45.13,86.375,4.165,6.3875,10.547500000000001,7.0425,11.940000000000001,0.5974999999999999,0.03,0.365,,,,0.245,0.0975,8.3225,100.0,0.15666666666666668,199.51999999999998,0.0,0.0,,750.0,
2023-12-31 22:00:00,46.17,86.2125,4.245,6.505,10.745000000000001,6.9975000000000005,11.7925,0.6425000000000001,0.03,0.39,,,,0.2675,0.10500000000000001,8.2875,100.0,0.13,184.68,0.0,0.0,,750.0,
2023-12-31 23:00:00,49.86,90.895,4.105,6.2925,10.3925,7.055,12.0375,0.695,0.10500000000000001,0.4175,,,,0.28500000000000003,0.11,8.225,100.0,0.215,275.49,0.0,0.0,,750.0,
